"source_entry_id","id_suffix","catalogue_line","record_type","legal_family","legacy_jurisdiction_reference","canonical_region_code","instrument_title","provision_or_citation","csv_canonical_entry_id","csv_duplicate_group_id","csv_duplicate_link_basis","derived_pair_group","derived_pair_anchor","identical_with","unresolved_with","distinct_relationship_count","citation_groups","row_identity_determination","row_identity_detail","removal_permitted","gate_5_1_effect"
"CRP-LSRC-0001","0001","101","AUTHORITY_RECORD","F2","US_FEDERAL","","Fair Credit Reporting Act (FCRA)","NOT RECORDED (registrar record, locatorPrefix `15 U.S.C. §`)","CRP-LSRC-0001","NONE","NO_REPEATED_STRING_MEASURED","","","","","0","","NOT_IN_ANY_DUPLICATE_GROUP","NO_DUPLICATE_RELATIONSHIP_RECORDED","NO","NO_DUPLICATE_RELATIONSHIP_RECORDED"
"CRP-LSRC-0002","0002","118","AUTHORITY_RECORD","F2","US_FEDERAL","","Regulation V — Fair Credit Reporting (12 C.F.R. part 1022)","NOT RECORDED (registrar record, locatorPrefix `12 CFR §`)","CRP-LSRC-0002","NONE","NO_REPEATED_STRING_MEASURED","","","","","0","","NOT_IN_ANY_DUPLICATE_GROUP","NO_DUPLICATE_RELATIONSHIP_RECORDED","NO","NO_DUPLICATE_RELATIONSHIP_RECORDED"
"CRP-LSRC-0003","0003","135","CONTENT_RULE","F1","US_FEDERAL","","Fair Credit Reporting Act (FCRA), 15 U.S.C. § 1681 et seq.","§ 605(a)(5) — 15 U.S.C. § 1681c(a)(5)","CRP-LSRC-0003","DUP-CITE-001","REPEATED_CITATION_ONLY","","","CRP-LSRC-0018","","0","DUP-CITE-001","IDENTICAL_PROVISION_AND_VERSION","SAME_RECORDED_PROVISION_AND_LOCATOR_INSTRUMENT_TITLE_VARIANT_ONLY","NO","DUPLICATE_LINK_EXPLICIT_IDENTITY_AS_RECORDED_ADJUDICATED_IDENTICAL"
"CRP-LSRC-0004","0004","152","CONTENT_RULE","F1","US_FEDERAL","","Fair Credit Reporting Act (FCRA), 15 U.S.C. § 1681 et seq.","§ 605(a)(1) — 15 U.S.C. § 1681c(a)(1)","CRP-LSRC-0004","DUP-CITE-002","REPEATED_CITATION_ONLY","","","CRP-LSRC-0014","","0","DUP-CITE-002","IDENTICAL_PROVISION_AND_VERSION","SAME_RECORDED_PROVISION_AND_LOCATOR_INSTRUMENT_TITLE_VARIANT_ONLY","NO","DUPLICATE_LINK_EXPLICIT_IDENTITY_AS_RECORDED_ADJUDICATED_IDENTICAL"
"CRP-LSRC-0005","0005","169","CONTENT_RULE","F1","US_FEDERAL","","Fair Credit Reporting Act (FCRA), 15 U.S.C. § 1681 et seq.","§ 605(a)(2) — 15 U.S.C. § 1681c(a)(2)","CRP-LSRC-0005","DUP-CITE-003","REPEATED_CITATION_ONLY","","","CRP-LSRC-0015","","0","DUP-CITE-003","IDENTICAL_PROVISION_AND_VERSION","SAME_RECORDED_PROVISION_AND_LOCATOR_INSTRUMENT_TITLE_VARIANT_ONLY","NO","DUPLICATE_LINK_EXPLICIT_IDENTITY_AS_RECORDED_ADJUDICATED_IDENTICAL"
"CRP-LSRC-0006","0006","186","CONTENT_RULE","F1","US_FEDERAL","","Fair Credit Reporting Act (FCRA), 15 U.S.C. § 1681 et seq.","§ 605(a)(3) — 15 U.S.C. § 1681c(a)(3)","CRP-LSRC-0006","DUP-CITE-004","REPEATED_CITATION_ONLY","","","CRP-LSRC-0016","","0","DUP-CITE-004","IDENTICAL_PROVISION_AND_VERSION","SAME_RECORDED_PROVISION_AND_LOCATOR_INSTRUMENT_TITLE_VARIANT_ONLY","NO","DUPLICATE_LINK_EXPLICIT_IDENTITY_AS_RECORDED_ADJUDICATED_IDENTICAL"
"CRP-LSRC-0007","0007","203","CONTENT_RULE","F1","US_FEDERAL","","Fair Credit Reporting Act (FCRA), 15 U.S.C. § 1681 et seq.","§ 605(a)(4) — 15 U.S.C. § 1681c(a)(4)","CRP-LSRC-0007","DUP-CITE-005","REPEATED_CITATION_ONLY","","","CRP-LSRC-0017","","0","DUP-CITE-005","IDENTICAL_PROVISION_AND_VERSION","SAME_RECORDED_PROVISION_AND_LOCATOR_INSTRUMENT_TITLE_VARIANT_ONLY","NO","DUPLICATE_LINK_EXPLICIT_IDENTITY_AS_RECORDED_ADJUDICATED_IDENTICAL"
"CRP-LSRC-0008","0008","220","CONTENT_RULE","F3","US_FEDERAL","","Fair Credit Reporting Act (FCRA), 15 U.S.C. § 1681 et seq.","§ 605(a)(6), (a)(7), (a)(8) — 15 U.S.C. § 1681c(a)(6)-(8)","CRP-LSRC-0008","NONE","NO_REPEATED_STRING_MEASURED","","","","","0","","NOT_IN_ANY_DUPLICATE_GROUP","NO_DUPLICATE_RELATIONSHIP_RECORDED","NO","NO_DUPLICATE_RELATIONSHIP_RECORDED"
"CRP-LSRC-0009","0009","237","CONTENT_RULE","F1","US_FEDERAL","","Fair Credit Reporting Act (FCRA), 15 U.S.C. § 1681 et seq.","§ 605(c) — 15 U.S.C. § 1681c(c)","CRP-LSRC-0009","NONE","NO_REPEATED_STRING_MEASURED","","","","","0","","NOT_IN_ANY_DUPLICATE_GROUP","NO_DUPLICATE_RELATIONSHIP_RECORDED","NO","NO_DUPLICATE_RELATIONSHIP_RECORDED"
"CRP-LSRC-0010","0010","254","CONTENT_RULE","F1","US_FEDERAL","","Fair Credit Reporting Act (FCRA), 15 U.S.C. § 1681 et seq.","§ 623(a)(5)(A) — 15 U.S.C. § 1681s-2(a)(5)(A)","CRP-LSRC-0010","DUP-CITE-006","REPEATED_CITATION_ONLY","","","CRP-LSRC-0053; CRP-LSRC-0054","","0","DUP-CITE-006","IDENTICAL_PROVISION_AND_VERSION","SAME_RECORDED_PROVISION_AND_LOCATOR_INSTRUMENT_TITLE_VARIANT_ONLY","NO","DUPLICATE_LINK_EXPLICIT_IDENTITY_AS_RECORDED_ADJUDICATED_IDENTICAL"
"CRP-LSRC-0011","0011","271","CONTENT_RULE","F5","US_FEDERAL","","Fair Credit Reporting Act (FCRA), 15 U.S.C. § 1681 et seq.","§ 609(a)(1) — 15 U.S.C. § 1681g(a)(1)","CRP-LSRC-0011","DUP-CITE-007","REPEATED_CITATION_ONLY","","","CRP-LSRC-0044","","0","DUP-CITE-007","IDENTICAL_PROVISION_AND_VERSION","SAME_RECORDED_PROVISION_AND_LOCATOR_INSTRUMENT_TITLE_VARIANT_ONLY","NO","DUPLICATE_LINK_EXPLICIT_IDENTITY_AS_RECORDED_ADJUDICATED_IDENTICAL"
"CRP-LSRC-0012","0012","288","CONTENT_RULE","F6","US_FEDERAL","","Fair Credit Reporting Act (FCRA), 15 U.S.C. § 1681 et seq.","§ 611(a)(1)(A) and (a)(5)(A) — 15 U.S.C. § 1681i(a)(1)(A), (a)(5)(A)","CRP-LSRC-0012","NONE","NO_REPEATED_STRING_MEASURED","","","","","0","","NOT_IN_ANY_DUPLICATE_GROUP","NO_DUPLICATE_RELATIONSHIP_RECORDED","NO","NO_DUPLICATE_RELATIONSHIP_RECORDED"
"CRP-LSRC-0013","0013","305","CONTENT_RULE","F4","US_FEDERAL","","Fair Credit Reporting Act (FCRA), 15 U.S.C. § 1681 et seq.","§ 607(b) — 15 U.S.C. § 1681e(b)","CRP-LSRC-0013","DUP-CITE-008","REPEATED_CITATION_ONLY","","","CRP-LSRC-0041; CRP-LSRC-0042","","0","DUP-CITE-008","IDENTICAL_PROVISION_AND_VERSION","SAME_RECORDED_PROVISION_AND_LOCATOR_INSTRUMENT_TITLE_VARIANT_ONLY","NO","DUPLICATE_LINK_EXPLICIT_IDENTITY_AS_RECORDED_ADJUDICATED_IDENTICAL"
"CRP-LSRC-0014","0014","322","CONTENT_RULE","F1","US_FEDERAL","","Fair Credit Reporting Act (FCRA)","§ 605(a)(1) — 15 U.S.C. § 1681c(a)(1)","CRP-LSRC-0004","DUP-CITE-002","REPEATED_CITATION_ONLY","","","CRP-LSRC-0004","","0","DUP-CITE-002","IDENTICAL_PROVISION_AND_VERSION","SAME_RECORDED_PROVISION_AND_LOCATOR_INSTRUMENT_TITLE_VARIANT_ONLY","NO","DUPLICATE_LINK_EXPLICIT_IDENTITY_AS_RECORDED_ADJUDICATED_IDENTICAL"
"CRP-LSRC-0015","0015","339","CONTENT_RULE","F1","US_FEDERAL","","Fair Credit Reporting Act (FCRA)","§ 605(a)(2) — 15 U.S.C. § 1681c(a)(2)","CRP-LSRC-0005","DUP-CITE-003","REPEATED_CITATION_ONLY","","","CRP-LSRC-0005","","0","DUP-CITE-003","IDENTICAL_PROVISION_AND_VERSION","SAME_RECORDED_PROVISION_AND_LOCATOR_INSTRUMENT_TITLE_VARIANT_ONLY","NO","DUPLICATE_LINK_EXPLICIT_IDENTITY_AS_RECORDED_ADJUDICATED_IDENTICAL"
"CRP-LSRC-0016","0016","356","CONTENT_RULE","F1","US_FEDERAL","","Fair Credit Reporting Act (FCRA)","§ 605(a)(3) — 15 U.S.C. § 1681c(a)(3)","CRP-LSRC-0006","DUP-CITE-004","REPEATED_CITATION_ONLY","","","CRP-LSRC-0006","","0","DUP-CITE-004","IDENTICAL_PROVISION_AND_VERSION","SAME_RECORDED_PROVISION_AND_LOCATOR_INSTRUMENT_TITLE_VARIANT_ONLY","NO","DUPLICATE_LINK_EXPLICIT_IDENTITY_AS_RECORDED_ADJUDICATED_IDENTICAL"
"CRP-LSRC-0017","0017","373","CONTENT_RULE","F1","US_FEDERAL","","Fair Credit Reporting Act (FCRA)","§ 605(a)(4) — 15 U.S.C. § 1681c(a)(4)","CRP-LSRC-0007","DUP-CITE-005","REPEATED_CITATION_ONLY","","","CRP-LSRC-0007","","0","DUP-CITE-005","IDENTICAL_PROVISION_AND_VERSION","SAME_RECORDED_PROVISION_AND_LOCATOR_INSTRUMENT_TITLE_VARIANT_ONLY","NO","DUPLICATE_LINK_EXPLICIT_IDENTITY_AS_RECORDED_ADJUDICATED_IDENTICAL"
"CRP-LSRC-0018","0018","390","CONTENT_RULE","F1","US_FEDERAL","","Fair Credit Reporting Act (FCRA)","§ 605(a)(5) — 15 U.S.C. § 1681c(a)(5)","CRP-LSRC-0003","DUP-CITE-001","REPEATED_CITATION_ONLY","","","CRP-LSRC-0003","","0","DUP-CITE-001","IDENTICAL_PROVISION_AND_VERSION","SAME_RECORDED_PROVISION_AND_LOCATOR_INSTRUMENT_TITLE_VARIANT_ONLY","NO","DUPLICATE_LINK_EXPLICIT_IDENTITY_AS_RECORDED_ADJUDICATED_IDENTICAL"
"CRP-LSRC-0019","0019","407","CONTENT_RULE","F3","US_FEDERAL","","Fair Credit Reporting Act (FCRA)","§ 605(a)(6) — 15 U.S.C. § 1681c(a)(6)","CRP-LSRC-0019","NONE","NO_REPEATED_STRING_MEASURED","","","","","0","","NOT_IN_ANY_DUPLICATE_GROUP","NO_DUPLICATE_RELATIONSHIP_RECORDED","NO","NO_DUPLICATE_RELATIONSHIP_RECORDED"
"CRP-LSRC-0020","0020","424","CONTENT_RULE","F3","US_FEDERAL","","Fair Credit Reporting Act (FCRA)","§ 605(a)(7) — 15 U.S.C. § 1681c(a)(7)","CRP-LSRC-0020","NONE","NO_REPEATED_STRING_MEASURED","","","","","0","","NOT_IN_ANY_DUPLICATE_GROUP","NO_DUPLICATE_RELATIONSHIP_RECORDED","NO","NO_DUPLICATE_RELATIONSHIP_RECORDED"
"CRP-LSRC-0021","0021","441","CONTENT_RULE","F3","US_FEDERAL","","Fair Credit Reporting Act (FCRA)","§ 605(a)(8) — 15 U.S.C. § 1681c(a)(8)","CRP-LSRC-0021","NONE","NO_REPEATED_STRING_MEASURED","","","","","0","","NOT_IN_ANY_DUPLICATE_GROUP","NO_DUPLICATE_RELATIONSHIP_RECORDED","NO","NO_DUPLICATE_RELATIONSHIP_RECORDED"
"CRP-LSRC-0022","0022","458","CONTENT_RULE","F1","US_FEDERAL","","Fair Credit Reporting Act (FCRA)","§ 605(b) — 15 U.S.C. § 1681c(b)","CRP-LSRC-0022","NONE","NO_REPEATED_STRING_MEASURED","","","","","0","","NOT_IN_ANY_DUPLICATE_GROUP","NO_DUPLICATE_RELATIONSHIP_RECORDED","NO","NO_DUPLICATE_RELATIONSHIP_RECORDED"
"CRP-LSRC-0023","0023","475","CONTENT_RULE","F1","US_FEDERAL","","Fair Credit Reporting Act (FCRA)","§ 605(c)(1) — 15 U.S.C. § 1681c(c)(1)","CRP-LSRC-0023","NONE","NO_REPEATED_STRING_MEASURED","","","","","0","","NOT_IN_ANY_DUPLICATE_GROUP","NO_DUPLICATE_RELATIONSHIP_RECORDED","NO","NO_DUPLICATE_RELATIONSHIP_RECORDED"
"CRP-LSRC-0024","0024","492","CONTENT_RULE","F1","US_FEDERAL","","Fair Credit Reporting Act (FCRA)","§ 605(c)(2) — 15 U.S.C. § 1681c(c)(2)","CRP-LSRC-0024","NONE","NO_REPEATED_STRING_MEASURED","","","","","0","","NOT_IN_ANY_DUPLICATE_GROUP","NO_DUPLICATE_RELATIONSHIP_RECORDED","NO","NO_DUPLICATE_RELATIONSHIP_RECORDED"
"CRP-LSRC-0025","0025","509","CONTENT_RULE","F7","US_FEDERAL","","Fair Credit Reporting Act (FCRA)","§ 605(d)(1) — 15 U.S.C. § 1681c(d)(1)","CRP-LSRC-0025","NONE","NO_REPEATED_STRING_MEASURED","","","","","0","","NOT_IN_ANY_DUPLICATE_GROUP","NO_DUPLICATE_RELATIONSHIP_RECORDED","NO","NO_DUPLICATE_RELATIONSHIP_RECORDED"
"CRP-LSRC-0026","0026","526","CONTENT_RULE","F10","US_FEDERAL","","Fair Credit Reporting Act (FCRA)","§ 605(d)(2) — 15 U.S.C. § 1681c(d)(2)","CRP-LSRC-0026","NONE","NO_REPEATED_STRING_MEASURED","","","","","0","","NOT_IN_ANY_DUPLICATE_GROUP","NO_DUPLICATE_RELATIONSHIP_RECORDED","NO","NO_DUPLICATE_RELATIONSHIP_RECORDED"
"CRP-LSRC-0027","0027","543","CONTENT_RULE","F10","US_FEDERAL","","Fair Credit Reporting Act (FCRA)","§ 605(e) — 15 U.S.C. § 1681c(e)","CRP-LSRC-0027","NONE","NO_REPEATED_STRING_MEASURED","","","","","0","","NOT_IN_ANY_DUPLICATE_GROUP","NO_DUPLICATE_RELATIONSHIP_RECORDED","NO","NO_DUPLICATE_RELATIONSHIP_RECORDED"
"CRP-LSRC-0028","0028","560","CONTENT_RULE","F6","US_FEDERAL","","Fair Credit Reporting Act (FCRA)","§ 605(f) — 15 U.S.C. § 1681c(f)","CRP-LSRC-0028","NONE","NO_REPEATED_STRING_MEASURED","","","","","0","","NOT_IN_ANY_DUPLICATE_GROUP","NO_DUPLICATE_RELATIONSHIP_RECORDED","NO","NO_DUPLICATE_RELATIONSHIP_RECORDED"
"CRP-LSRC-0029","0029","577","CONTENT_RULE","F10","US_FEDERAL","","Fair Credit Reporting Act (FCRA)","§ 605(h) — 15 U.S.C. § 1681c(h)","CRP-LSRC-0029","NONE","NO_REPEATED_STRING_MEASURED","","","","","0","","NOT_IN_ANY_DUPLICATE_GROUP","NO_DUPLICATE_RELATIONSHIP_RECORDED","NO","NO_DUPLICATE_RELATIONSHIP_RECORDED"
"CRP-LSRC-0030","0030","594","CONTENT_RULE","F8","US_FEDERAL","","Fair Credit Reporting Act (FCRA)","§ 604(a) — 15 U.S.C. § 1681b(a)","CRP-LSRC-0030","NONE","NO_REPEATED_STRING_MEASURED","","","","","0","","NOT_IN_ANY_DUPLICATE_GROUP","NO_DUPLICATE_RELATIONSHIP_RECORDED","NO","NO_DUPLICATE_RELATIONSHIP_RECORDED"
"CRP-LSRC-0031","0031","611","CONTENT_RULE","F8","US_FEDERAL","","Fair Credit Reporting Act (FCRA)","§ 604(b)(2) — 15 U.S.C. § 1681b(b)(2)","CRP-LSRC-0031","NONE","NO_REPEATED_STRING_MEASURED","","","","","0","","NOT_IN_ANY_DUPLICATE_GROUP","NO_DUPLICATE_RELATIONSHIP_RECORDED","NO","NO_DUPLICATE_RELATIONSHIP_RECORDED"
"CRP-LSRC-0032","0032","628","CONTENT_RULE","F9","US_FEDERAL","","Fair Credit Reporting Act (FCRA)","§ 605A(a) — 15 U.S.C. § 1681c-1(a)","CRP-LSRC-0032","NONE","NO_REPEATED_STRING_MEASURED","","","","","0","","NOT_IN_ANY_DUPLICATE_GROUP","NO_DUPLICATE_RELATIONSHIP_RECORDED","NO","NO_DUPLICATE_RELATIONSHIP_RECORDED"
"CRP-LSRC-0033","0033","645","CONTENT_RULE","F9","US_FEDERAL","","Fair Credit Reporting Act (FCRA)","§ 605A(b) — 15 U.S.C. § 1681c-1(b)","CRP-LSRC-0033","NONE","NO_REPEATED_STRING_MEASURED","","","","","0","","NOT_IN_ANY_DUPLICATE_GROUP","NO_DUPLICATE_RELATIONSHIP_RECORDED","NO","NO_DUPLICATE_RELATIONSHIP_RECORDED"
"CRP-LSRC-0034","0034","662","CONTENT_RULE","F9","US_FEDERAL","","Fair Credit Reporting Act (FCRA)","§ 605A(c) — 15 U.S.C. § 1681c-1(c)","CRP-LSRC-0034","NONE","NO_REPEATED_STRING_MEASURED","","","","","0","","NOT_IN_ANY_DUPLICATE_GROUP","NO_DUPLICATE_RELATIONSHIP_RECORDED","NO","NO_DUPLICATE_RELATIONSHIP_RECORDED"
"CRP-LSRC-0035","0035","679","CONTENT_RULE","F9","US_FEDERAL","","Fair Credit Reporting Act (FCRA)","§ 605A(i) — 15 U.S.C. § 1681c-1(i)","CRP-LSRC-0035","NONE","NO_REPEATED_STRING_MEASURED","","","","","0","","NOT_IN_ANY_DUPLICATE_GROUP","NO_DUPLICATE_RELATIONSHIP_RECORDED","NO","NO_DUPLICATE_RELATIONSHIP_RECORDED"
"CRP-LSRC-0036","0036","696","CONTENT_RULE","F9","US_FEDERAL","","Fair Credit Reporting Act (FCRA)","§ 605A(j) — 15 U.S.C. § 1681c-1(j)","CRP-LSRC-0036","NONE","NO_REPEATED_STRING_MEASURED","","","","","0","","NOT_IN_ANY_DUPLICATE_GROUP","NO_DUPLICATE_RELATIONSHIP_RECORDED","NO","NO_DUPLICATE_RELATIONSHIP_RECORDED"
"CRP-LSRC-0037","0037","713","CONTENT_RULE","F9","US_FEDERAL","","Fair Credit Reporting Act (FCRA)","§ 605A(k) — 15 U.S.C. § 1681c-1(k)","CRP-LSRC-0037","NONE","NO_REPEATED_STRING_MEASURED","","","","","0","","NOT_IN_ANY_DUPLICATE_GROUP","NO_DUPLICATE_RELATIONSHIP_RECORDED","NO","NO_DUPLICATE_RELATIONSHIP_RECORDED"
"CRP-LSRC-0038","0038","730","CONTENT_RULE","F9","US_FEDERAL","","Fair Credit Reporting Act (FCRA)","§ 605B(a) — 15 U.S.C. § 1681c-2(a)","CRP-LSRC-0038","NONE","NO_REPEATED_STRING_MEASURED","","","","","0","","NOT_IN_ANY_DUPLICATE_GROUP","NO_DUPLICATE_RELATIONSHIP_RECORDED","NO","NO_DUPLICATE_RELATIONSHIP_RECORDED"
"CRP-LSRC-0039","0039","747","CONTENT_RULE","F1","US_FEDERAL","","Fair Credit Reporting Act (FCRA)","§ 605C(b) — 15 U.S.C. § 1681c-3(b)","CRP-LSRC-0039","NONE","NO_REPEATED_STRING_MEASURED","","","","","0","","NOT_IN_ANY_DUPLICATE_GROUP","NO_DUPLICATE_RELATIONSHIP_RECORDED","NO","NO_DUPLICATE_RELATIONSHIP_RECORDED"
"CRP-LSRC-0040","0040","764","CONTENT_RULE","F8","US_FEDERAL","","Fair Credit Reporting Act (FCRA)","§ 607(a) — 15 U.S.C. § 1681e(a)","CRP-LSRC-0040","NONE","NO_REPEATED_STRING_MEASURED","","","","","0","","NOT_IN_ANY_DUPLICATE_GROUP","NO_DUPLICATE_RELATIONSHIP_RECORDED","NO","NO_DUPLICATE_RELATIONSHIP_RECORDED"
"CRP-LSRC-0041","0041","781","CONTENT_RULE","F4","US_FEDERAL","","Fair Credit Reporting Act (FCRA)","§ 607(b) — 15 U.S.C. § 1681e(b)","CRP-LSRC-0041","DUP-PAIR-001","IDENTICAL_ARTIFACT_AND_CITATION","DUP-PAIR-001","CRP-LSRC-0041","CRP-LSRC-0042; CRP-LSRC-0013","","0","DUP-CITE-008","IDENTICAL_PROVISION_AND_VERSION","ALL_RECORDED_FIELDS_IDENTICAL | SAME_RECORDED_PROVISION_AND_LOCATOR_INSTRUMENT_TITLE_VARIANT_ONLY","NO","DUPLICATE_LINK_EXPLICIT_IDENTITY_AS_RECORDED_ADJUDICATED_IDENTICAL"
"CRP-LSRC-0042","0042","798","CONTENT_RULE","F4","US_FEDERAL","","Fair Credit Reporting Act (FCRA)","§ 607(b) — 15 U.S.C. § 1681e(b)","CRP-LSRC-0041","DUP-PAIR-001","IDENTICAL_ARTIFACT_AND_CITATION","DUP-PAIR-001","CRP-LSRC-0041","CRP-LSRC-0041; CRP-LSRC-0013","","0","DUP-CITE-008","IDENTICAL_PROVISION_AND_VERSION","ALL_RECORDED_FIELDS_IDENTICAL | SAME_RECORDED_PROVISION_AND_LOCATOR_INSTRUMENT_TITLE_VARIANT_ONLY","NO","DUPLICATE_LINK_EXPLICIT_IDENTITY_AS_RECORDED_ADJUDICATED_IDENTICAL"
"CRP-LSRC-0043","0043","815","CONTENT_RULE","F5","US_FEDERAL","","Fair Credit Reporting Act (FCRA)","§ 609(a) — 15 U.S.C. § 1681g(a)","CRP-LSRC-0043","NONE","NO_REPEATED_STRING_MEASURED","","","","","0","","NOT_IN_ANY_DUPLICATE_GROUP","NO_DUPLICATE_RELATIONSHIP_RECORDED","NO","NO_DUPLICATE_RELATIONSHIP_RECORDED"
"CRP-LSRC-0044","0044","832","CONTENT_RULE","F10","US_FEDERAL","","Fair Credit Reporting Act (FCRA)","§ 609(a)(1) — 15 U.S.C. § 1681g(a)(1)","CRP-LSRC-0011","DUP-CITE-007","REPEATED_CITATION_ONLY","","","CRP-LSRC-0011","","0","DUP-CITE-007","IDENTICAL_PROVISION_AND_VERSION","SAME_RECORDED_PROVISION_AND_LOCATOR_INSTRUMENT_TITLE_VARIANT_ONLY","NO","DUPLICATE_LINK_EXPLICIT_IDENTITY_AS_RECORDED_ADJUDICATED_IDENTICAL"
"CRP-LSRC-0045","0045","849","CONTENT_RULE","F5","US_FEDERAL","","Fair Credit Reporting Act (FCRA)","§ 609(f) — 15 U.S.C. § 1681g(f)","CRP-LSRC-0045","NONE","NO_REPEATED_STRING_MEASURED","","","","","0","","NOT_IN_ANY_DUPLICATE_GROUP","NO_DUPLICATE_RELATIONSHIP_RECORDED","NO","NO_DUPLICATE_RELATIONSHIP_RECORDED"
"CRP-LSRC-0046","0046","866","CONTENT_RULE","F5","US_FEDERAL","","Fair Credit Reporting Act (FCRA)","§ 612(a)(1)(A) — 15 U.S.C. § 1681j(a)(1)(A)","CRP-LSRC-0046","NONE","NO_REPEATED_STRING_MEASURED","","","","","0","","NOT_IN_ANY_DUPLICATE_GROUP","NO_DUPLICATE_RELATIONSHIP_RECORDED","NO","NO_DUPLICATE_RELATIONSHIP_RECORDED"
"CRP-LSRC-0047","0047","883","CONTENT_RULE","F5","US_FEDERAL","","Fair Credit Reporting Act (FCRA)","§ 612(f)(1) — 15 U.S.C. § 1681j(f)(1)","CRP-LSRC-0047","NONE","NO_REPEATED_STRING_MEASURED","","","","","0","","NOT_IN_ANY_DUPLICATE_GROUP","NO_DUPLICATE_RELATIONSHIP_RECORDED","NO","NO_DUPLICATE_RELATIONSHIP_RECORDED"
"CRP-LSRC-0048","0048","900","CONTENT_RULE","F6","US_FEDERAL","","Fair Credit Reporting Act (FCRA)","§ 611(a)(1)(A) — 15 U.S.C. § 1681i(a)(1)(A)","CRP-LSRC-0048","NONE","NO_REPEATED_STRING_MEASURED","","","","","0","","NOT_IN_ANY_DUPLICATE_GROUP","NO_DUPLICATE_RELATIONSHIP_RECORDED","NO","NO_DUPLICATE_RELATIONSHIP_RECORDED"
"CRP-LSRC-0049","0049","917","CONTENT_RULE","F6","US_FEDERAL","","Fair Credit Reporting Act (FCRA)","§ 611(a)(5)(A) — 15 U.S.C. § 1681i(a)(5)(A)","CRP-LSRC-0049","NONE","NO_REPEATED_STRING_MEASURED","","","","","0","","NOT_IN_ANY_DUPLICATE_GROUP","NO_DUPLICATE_RELATIONSHIP_RECORDED","NO","NO_DUPLICATE_RELATIONSHIP_RECORDED"
"CRP-LSRC-0050","0050","934","CONTENT_RULE","F6","US_FEDERAL","","Fair Credit Reporting Act (FCRA)","§ 611(c) — 15 U.S.C. § 1681i(c)","CRP-LSRC-0050","NONE","NO_REPEATED_STRING_MEASURED","","","","","0","","NOT_IN_ANY_DUPLICATE_GROUP","NO_DUPLICATE_RELATIONSHIP_RECORDED","NO","NO_DUPLICATE_RELATIONSHIP_RECORDED"
"CRP-LSRC-0051","0051","951","CONTENT_RULE","F6","US_FEDERAL","","Fair Credit Reporting Act (FCRA)","§ 611(d) — 15 U.S.C. § 1681i(d)","CRP-LSRC-0051","NONE","NO_REPEATED_STRING_MEASURED","","","","","0","","NOT_IN_ANY_DUPLICATE_GROUP","NO_DUPLICATE_RELATIONSHIP_RECORDED","NO","NO_DUPLICATE_RELATIONSHIP_RECORDED"
"CRP-LSRC-0052","0052","968","CONTENT_RULE","F3","US_FEDERAL","","Fair Credit Reporting Act (FCRA)","§ 611(g) — 15 U.S.C. § 1681i(g)","CRP-LSRC-0052","NONE","NO_REPEATED_STRING_MEASURED","","","","","0","","NOT_IN_ANY_DUPLICATE_GROUP","NO_DUPLICATE_RELATIONSHIP_RECORDED","NO","NO_DUPLICATE_RELATIONSHIP_RECORDED"
"CRP-LSRC-0053","0053","985","CONTENT_RULE","F1","US_FEDERAL","","Fair Credit Reporting Act (FCRA)","§ 623(a)(5)(A) — 15 U.S.C. § 1681s-2(a)(5)(A)","CRP-LSRC-0053","DUP-PAIR-002","IDENTICAL_ARTIFACT_AND_CITATION","DUP-PAIR-002","CRP-LSRC-0053","CRP-LSRC-0054; CRP-LSRC-0010","","0","DUP-CITE-006","IDENTICAL_PROVISION_AND_VERSION","ALL_RECORDED_FIELDS_IDENTICAL | SAME_RECORDED_PROVISION_AND_LOCATOR_INSTRUMENT_TITLE_VARIANT_ONLY","NO","DUPLICATE_LINK_EXPLICIT_IDENTITY_AS_RECORDED_ADJUDICATED_IDENTICAL"
"CRP-LSRC-0054","0054","1002","CONTENT_RULE","F1","US_FEDERAL","","Fair Credit Reporting Act (FCRA)","§ 623(a)(5)(A) — 15 U.S.C. § 1681s-2(a)(5)(A)","CRP-LSRC-0053","DUP-PAIR-002","IDENTICAL_ARTIFACT_AND_CITATION","DUP-PAIR-002","CRP-LSRC-0053","CRP-LSRC-0053; CRP-LSRC-0010","","0","DUP-CITE-006","IDENTICAL_PROVISION_AND_VERSION","ALL_RECORDED_FIELDS_IDENTICAL | SAME_RECORDED_PROVISION_AND_LOCATOR_INSTRUMENT_TITLE_VARIANT_ONLY","NO","DUPLICATE_LINK_EXPLICIT_IDENTITY_AS_RECORDED_ADJUDICATED_IDENTICAL"
"CRP-LSRC-0055","0055","1019","CONTENT_RULE","F4","US_FEDERAL","","Fair Credit Reporting Act (FCRA)","§ 623(a)(7) — 15 U.S.C. § 1681s-2(a)(7)","CRP-LSRC-0055","NONE","NO_REPEATED_STRING_MEASURED","","","","","0","","NOT_IN_ANY_DUPLICATE_GROUP","NO_DUPLICATE_RELATIONSHIP_RECORDED","NO","NO_DUPLICATE_RELATIONSHIP_RECORDED"
"CRP-LSRC-0056","0056","1036","CONTENT_RULE","F10","US_FEDERAL","","Fair Credit Reporting Act (FCRA)","§ 623(a)(8) — 15 U.S.C. § 1681s-2(a)(8)","CRP-LSRC-0056","NONE","NO_REPEATED_STRING_MEASURED","","","","","0","","NOT_IN_ANY_DUPLICATE_GROUP","NO_DUPLICATE_RELATIONSHIP_RECORDED","NO","NO_DUPLICATE_RELATIONSHIP_RECORDED"
"CRP-LSRC-0057","0057","1053","CONTENT_RULE","F4","US_FEDERAL","","Fair Credit Reporting Act (FCRA)","§ 623(b)(1) — 15 U.S.C. § 1681s-2(b)(1)","CRP-LSRC-0057","NONE","NO_REPEATED_STRING_MEASURED","","","","","0","","NOT_IN_ANY_DUPLICATE_GROUP","NO_DUPLICATE_RELATIONSHIP_RECORDED","NO","NO_DUPLICATE_RELATIONSHIP_RECORDED"
"CRP-LSRC-0058","0058","1070","CONTENT_RULE","F4","US_FEDERAL","","Fair Credit Reporting Act (FCRA)","§ 623(e) — 15 U.S.C. § 1681s-2(e)","CRP-LSRC-0058","NONE","NO_REPEATED_STRING_MEASURED","","","","","0","","NOT_IN_ANY_DUPLICATE_GROUP","NO_DUPLICATE_RELATIONSHIP_RECORDED","NO","NO_DUPLICATE_RELATIONSHIP_RECORDED"
"CRP-LSRC-0059","0059","1087","CONTENT_RULE","F10","US_FEDERAL","","Fair Credit Reporting Act (FCRA)","§ 625 — 15 U.S.C. § 1681t","CRP-LSRC-0059","NONE","NO_REPEATED_STRING_MEASURED","","","","","0","","NOT_IN_ANY_DUPLICATE_GROUP","NO_DUPLICATE_RELATIONSHIP_RECORDED","NO","NO_DUPLICATE_RELATIONSHIP_RECORDED"
"CRP-LSRC-0060","0060","1104","CONTENT_RULE","F10","US_FEDERAL","","Fair Credit Reporting Act (FCRA)","§ 628 — 15 U.S.C. § 1681w","CRP-LSRC-0060","NONE","NO_REPEATED_STRING_MEASURED","","","","","0","","NOT_IN_ANY_DUPLICATE_GROUP","NO_DUPLICATE_RELATIONSHIP_RECORDED","NO","NO_DUPLICATE_RELATIONSHIP_RECORDED"
"CRP-LSRC-0061","0061","1121","CONTENT_RULE","F10","US_FEDERAL","","Fair Credit Reporting Act (FCRA)","§ 629 — 15 U.S.C. § 1681x","CRP-LSRC-0061","NONE","NO_REPEATED_STRING_MEASURED","","","","","0","","NOT_IN_ANY_DUPLICATE_GROUP","NO_DUPLICATE_RELATIONSHIP_RECORDED","NO","NO_DUPLICATE_RELATIONSHIP_RECORDED"
"CRP-LSRC-0062","0062","1138","CONTENT_RULE","F3","US_FEDERAL","","Regulation V — Fair Credit Reporting (12 C.F.R. part 1022)","§ 1022.38 — 12 CFR § 1022.38","CRP-LSRC-0062","NONE","NO_REPEATED_STRING_MEASURED","","","","","0","","NOT_IN_ANY_DUPLICATE_GROUP","NO_DUPLICATE_RELATIONSHIP_RECORDED","NO","NO_DUPLICATE_RELATIONSHIP_RECORDED"
"CRP-LSRC-0063","0063","1155","CONTENT_RULE","F9","US_FEDERAL","","Regulation V — Fair Credit Reporting (12 C.F.R. part 1022)","§ 1022.121 — 12 CFR § 1022.121","CRP-LSRC-0063","NONE","NO_REPEATED_STRING_MEASURED","","","","","0","","NOT_IN_ANY_DUPLICATE_GROUP","NO_DUPLICATE_RELATIONSHIP_RECORDED","NO","NO_DUPLICATE_RELATIONSHIP_RECORDED"
"CRP-LSRC-0064","0064","1172","CONTENT_RULE","F9","US_FEDERAL","","Regulation V — Fair Credit Reporting (12 C.F.R. part 1022)","§ 1022.123 — 12 CFR § 1022.123","CRP-LSRC-0064","NONE","NO_REPEATED_STRING_MEASURED","","","","","0","","NOT_IN_ANY_DUPLICATE_GROUP","NO_DUPLICATE_RELATIONSHIP_RECORDED","NO","NO_DUPLICATE_RELATIONSHIP_RECORDED"
"CRP-LSRC-0065","0065","1189","CONTENT_RULE","F5","US_FEDERAL","","Regulation V — Fair Credit Reporting (12 C.F.R. part 1022)","§ 1022.136 — 12 CFR § 1022.136","CRP-LSRC-0065","NONE","NO_REPEATED_STRING_MEASURED","","","","","0","","NOT_IN_ANY_DUPLICATE_GROUP","NO_DUPLICATE_RELATIONSHIP_RECORDED","NO","NO_DUPLICATE_RELATIONSHIP_RECORDED"
"CRP-LSRC-0066","0066","1206","CONTENT_RULE","F5","US_FEDERAL","","Regulation V — Fair Credit Reporting (12 C.F.R. part 1022)","§ 1022.137 — 12 CFR § 1022.137","CRP-LSRC-0066","NONE","NO_REPEATED_STRING_MEASURED","","","","","0","","NOT_IN_ANY_DUPLICATE_GROUP","NO_DUPLICATE_RELATIONSHIP_RECORDED","NO","NO_DUPLICATE_RELATIONSHIP_RECORDED"
"CRP-LSRC-0067","0067","1223","CONTENT_RULE","F5","US_FEDERAL","","Regulation V — Fair Credit Reporting (12 C.F.R. part 1022)","§ 1022.138 — 12 CFR § 1022.138","CRP-LSRC-0067","NONE","NO_REPEATED_STRING_MEASURED","","","","","0","","NOT_IN_ANY_DUPLICATE_GROUP","NO_DUPLICATE_RELATIONSHIP_RECORDED","NO","NO_DUPLICATE_RELATIONSHIP_RECORDED"
"CRP-LSRC-0068","0068","1240","CONTENT_RULE","F10","US_FEDERAL","","Regulation V — Fair Credit Reporting (12 C.F.R. part 1022)","§ 1022.140 — 12 CFR § 1022.140","CRP-LSRC-0068","NONE","NO_REPEATED_STRING_MEASURED","","","","","0","","NOT_IN_ANY_DUPLICATE_GROUP","NO_DUPLICATE_RELATIONSHIP_RECORDED","NO","NO_DUPLICATE_RELATIONSHIP_RECORDED"
"CRP-LSRC-0069","0069","1257","CONTENT_RULE","F5","US_FEDERAL","","Regulation V — Fair Credit Reporting (12 C.F.R. part 1022)","§ 1022.141 — 12 CFR § 1022.141","CRP-LSRC-0069","NONE","NO_REPEATED_STRING_MEASURED","","","","","0","","NOT_IN_ANY_DUPLICATE_GROUP","NO_DUPLICATE_RELATIONSHIP_RECORDED","NO","NO_DUPLICATE_RELATIONSHIP_RECORDED"
"CRP-LSRC-0070","0070","1274","CONTENT_RULE","F1","US_FEDERAL","","Regulation V — Fair Credit Reporting (12 C.F.R. part 1022)","§ 1022.142 — 12 CFR § 1022.142","CRP-LSRC-0070","NONE","NO_REPEATED_STRING_MEASURED","","","","","0","","NOT_IN_ANY_DUPLICATE_GROUP","NO_DUPLICATE_RELATIONSHIP_RECORDED","NO","NO_DUPLICATE_RELATIONSHIP_RECORDED"
"CRP-LSRC-0071","0071","1291","CONTENT_RULE","F10","US_FEDERAL","","Regulation V — Fair Credit Reporting (12 C.F.R. part 1022)","§ 1022.82 — 12 CFR § 1022.82","CRP-LSRC-0071","NONE","NO_REPEATED_STRING_MEASURED","","","","","0","","NOT_IN_ANY_DUPLICATE_GROUP","NO_DUPLICATE_RELATIONSHIP_RECORDED","NO","NO_DUPLICATE_RELATIONSHIP_RECORDED"
"CRP-LSRC-0072","0072","1308","CONTENT_RULE","F3","US_FEDERAL","","Regulation V — Fair Credit Reporting (12 C.F.R. part 1022)","§ 1022.30 — 12 CFR § 1022.30","CRP-LSRC-0072","NONE","NO_REPEATED_STRING_MEASURED","","","","","0","","NOT_IN_ANY_DUPLICATE_GROUP","NO_DUPLICATE_RELATIONSHIP_RECORDED","NO","NO_DUPLICATE_RELATIONSHIP_RECORDED"
"CRP-LSRC-0073","0073","1325","CONTENT_RULE","F4","US_FEDERAL","","Regulation V — Fair Credit Reporting (12 C.F.R. part 1022)","§ 1022.42 — 12 CFR § 1022.42","CRP-LSRC-0073","NONE","NO_REPEATED_STRING_MEASURED","","","","","0","","NOT_IN_ANY_DUPLICATE_GROUP","NO_DUPLICATE_RELATIONSHIP_RECORDED","NO","NO_DUPLICATE_RELATIONSHIP_RECORDED"
"CRP-LSRC-0074","0074","1342","CONTENT_RULE","F4","US_FEDERAL","","Regulation V — Fair Credit Reporting (12 C.F.R. part 1022)","§ 1022.43 — 12 CFR § 1022.43","CRP-LSRC-0074","NONE","NO_REPEATED_STRING_MEASURED","","","","","0","","NOT_IN_ANY_DUPLICATE_GROUP","NO_DUPLICATE_RELATIONSHIP_RECORDED","NO","NO_DUPLICATE_RELATIONSHIP_RECORDED"
"CRP-LSRC-0075","0075","1359","GAP","F10","US_FEDERAL","","(secondary-authority gap declaration, US federal) — No CFPB or FTC interpretive text was read, so no secondary-authority record exists for the federal corpus — PHASE5-001C owner amendment (this gap is closed as a scope decision, not as a statute; see CRP_GAP_REFUSAL_RESOLUTION_REGISTER.md): the scope of this review is strictly limited to primary statutory and regulatory authorities and does not account for non-binding administrative guidance, agency interpretive letters or secondary legal commentary. Non-binding guidance and commentary remain outside this review; no secondary-authority source is admitted and no authority record is created","NOT RECORDED","CRP-LSRC-0075","DUP-CITE-009","REPEATED_CITATION_ONLY","","","","","60","DUP-CITE-009","DISTINCT_PROVISION_OR_VERSION","EVERY RECORDED PAIRWISE RELATIONSHIP OF THIS RECORD DIFFERS ON THE RECORDED IDENTITY FIELDS","NO","DUPLICATE_LINK_EXPLICIT_IDENTITY_AS_RECORDED_ADJUDICATED_DISTINCT"
"CRP-LSRC-0076","0076","1376","GAP","F10","US_FEDERAL","","Fair Credit Reporting Act (FCRA) — Recorded `UNVERIFIED_GAPS` entry: these provisions are read and verified but unreachable from report evidence — recorded gap, no rule — PHASE5-001C owner amendment (disposition recorded; this gap is NOT closed; see CRP_GAP_REFUSAL_RESOLUTION_REGISTER.md): the named provisions remain read-and-verified but unreachable from report evidence, so no rule is entered. The owner document supplies a proposed fallback for a missing original date of first delinquency that rests on Equifax Notice to Furnishers guidance and general regulatory practice. That proposal is recorded as owner-supplied only: it is not a verified official quotation, its source carries no recorded locator or retrieval, it is not an admitted primary or secondary source, and it is not entered as a rule. No state content rule and no universal rule is created","§ 605(c) and § 623(a)(5)(A) (as named in the gap entry)","CRP-LSRC-0076","NONE","NO_REPEATED_STRING_MEASURED","","","","","0","","NOT_IN_ANY_DUPLICATE_GROUP","NO_DUPLICATE_RELATIONSHIP_RECORDED","NO","NO_DUPLICATE_RELATIONSHIP_RECORDED"
"CRP-LSRC-0077","0077","1393","GAP","F10","US_FEDERAL","","FCRA § 625(b)(1)(E) / state content rules — Recorded `UNVERIFIED_GAPS` entry: US state content rules surviving § 625(b)(1)(E) — only one state entered; the rest is a recorded gap — PHASE5-001C owner amendment (disposition recorded; this gap is NOT closed; see CRP_GAP_REFUSAL_RESOLUTION_REGISTER.md): the owner document supplies a single federal-baseline matrix (the FCRA § 605 recorded periods as owner-supplied figures: bankruptcies under chapter 7 or chapter 11 ten years, chapter 13 seven years, civil suits and judgments seven years, paid tax liens seven years, accounts placed for collection seven years, any other adverse information seven years) proposed to apply across all states under § 625(b)(1)(E). That proposal is recorded as owner-supplied only and is explicitly NOT adopted: no universal or all-states rule is created, and the state-by-state survival list remains incomplete because only one state was entered","§ 625(b)(1)(E) (as named in the gap entry)","CRP-LSRC-0077","NONE","NO_REPEATED_STRING_MEASURED","","","","","0","","NOT_IN_ANY_DUPLICATE_GROUP","NO_DUPLICATE_RELATIONSHIP_RECORDED","NO","NO_DUPLICATE_RELATIONSHIP_RECORDED"
"CRP-LSRC-0078","0078","1410","GAP","F1","US-*","","state/territory limitation statutes (varies by debt type and by state) — Recorded `SOL_GAPS` entry for `US-*` (read per unit; the wildcard token identifies no single unit) — PHASE5-001C owner amendment (wildcard preserved; this gap is NOT closed; see CRP_GAP_REFUSAL_RESOLUTION_REGISTER.md): the owner document supplies an ingestion and session-metadata design that would resolve US-* from the consumer session or account profile, with a fallback to session state where the wildcard persists. That design is recorded as owner-supplied only and is NOT adopted: it depends on off-report session and account-profile data, which is not consumer evidence under CRP-DIRECT-REPORT-CONTENT and must not be used to close a jurisdiction wildcard or to prove a finding. No exact US state or territory was supplied with a limitation period, so US-* remains an unresolved wildcard whose per-unit limitation law still varies by debt type and by state","NOT RECORDED","CRP-LSRC-0078","DUP-PAIR-003","IDENTICAL_ARTIFACT_AND_CITATION","DUP-PAIR-003","CRP-LSRC-0078","","","81","DUP-CITE-009","DISTINCT_PROVISION_OR_VERSION","EVERY RECORDED PAIRWISE RELATIONSHIP OF THIS RECORD DIFFERS ON THE RECORDED IDENTITY FIELDS","NO","DUPLICATE_LINK_EXPLICIT_IDENTITY_AS_RECORDED_ADJUDICATED_DISTINCT"
"CRP-LSRC-0079","0079","1427","LIMITATION_RECORD","F1","US-CA","US-CA","California Code of Civil Procedure","NOT RECORDED (locator names § 337)","CRP-LSRC-0079","NONE","NO_REPEATED_STRING_MEASURED","","","","","0","","NOT_IN_ANY_DUPLICATE_GROUP","NO_DUPLICATE_RELATIONSHIP_RECORDED","NO","NO_DUPLICATE_RELATIONSHIP_RECORDED"
"CRP-LSRC-0080","0080","1444","LIMITATION_RECORD","F1","US-CA","US-CA","California Code of Civil Procedure","NOT RECORDED (recorded note names the § 339(1) branch)","CRP-LSRC-0080","NONE","NO_REPEATED_STRING_MEASURED","","","","","0","","NOT_IN_ANY_DUPLICATE_GROUP","NO_DUPLICATE_RELATIONSHIP_RECORDED","NO","NO_DUPLICATE_RELATIONSHIP_RECORDED"
"CRP-LSRC-0081","0081","1461","LIMITATION_RECORD","F1","US-MA","US-MA","Massachusetts General Laws","NOT RECORDED (locator names ch. 260, § 2)","CRP-LSRC-0081","NONE","NO_REPEATED_STRING_MEASURED","","","","","0","","NOT_IN_ANY_DUPLICATE_GROUP","NO_DUPLICATE_RELATIONSHIP_RECORDED","NO","NO_DUPLICATE_RELATIONSHIP_RECORDED"
"CRP-LSRC-0082","0082","1478","LIMITATION_RECORD","F1","US-FL","US-FL","Florida Statutes","NOT RECORDED (locators name §§ 95.11 and 95.031)","CRP-LSRC-0082","NONE","NO_REPEATED_STRING_MEASURED","","","","","0","","NOT_IN_ANY_DUPLICATE_GROUP","NO_DUPLICATE_RELATIONSHIP_RECORDED","NO","NO_DUPLICATE_RELATIONSHIP_RECORDED"
"CRP-LSRC-0083","0083","1495","LIMITATION_RECORD","F1","US-FL","US-FL","Florida Statutes","NOT RECORDED (recorded note names § 95.11(4))","CRP-LSRC-0083","NONE","NO_REPEATED_STRING_MEASURED","","","","","0","","NOT_IN_ANY_DUPLICATE_GROUP","NO_DUPLICATE_RELATIONSHIP_RECORDED","NO","NO_DUPLICATE_RELATIONSHIP_RECORDED"
"CRP-LSRC-0084","0084","1512","LIMITATION_RECORD","F1","US-WA","US-WA","Revised Code of Washington","NOT RECORDED (locators name RCW 4.16.040 and 4.16.005)","CRP-LSRC-0084","NONE","NO_REPEATED_STRING_MEASURED","","","","","0","","NOT_IN_ANY_DUPLICATE_GROUP","NO_DUPLICATE_RELATIONSHIP_RECORDED","NO","NO_DUPLICATE_RELATIONSHIP_RECORDED"
"CRP-LSRC-0085","0085","1529","LIMITATION_RECORD","F1","US-MN","US-MN","Minnesota Statutes","NOT RECORDED (locators name §§ 541.05, 541.01, 541.07)","CRP-LSRC-0085","NONE","NO_REPEATED_STRING_MEASURED","","","","","0","","NOT_IN_ANY_DUPLICATE_GROUP","NO_DUPLICATE_RELATIONSHIP_RECORDED","NO","NO_DUPLICATE_RELATIONSHIP_RECORDED"
"CRP-LSRC-0086","0086","1546","LIMITATION_RECORD","F1","US-OR","US-OR","Oregon Revised Statutes","NOT RECORDED (locator names ORS chapter 12)","CRP-LSRC-0086","NONE","NO_REPEATED_STRING_MEASURED","","","","","0","","NOT_IN_ANY_DUPLICATE_GROUP","NO_DUPLICATE_RELATIONSHIP_RECORDED","NO","NO_DUPLICATE_RELATIONSHIP_RECORDED"
"CRP-LSRC-0087","0087","1563","LIMITATION_RECORD","F1","US-MI","US-MI","Michigan Compiled Laws","NOT RECORDED (locators name MCL 600.5807, 600.5827, 600.5836)","CRP-LSRC-0087","NONE","NO_REPEATED_STRING_MEASURED","","","","","0","","NOT_IN_ANY_DUPLICATE_GROUP","NO_DUPLICATE_RELATIONSHIP_RECORDED","NO","NO_DUPLICATE_RELATIONSHIP_RECORDED"
"CRP-LSRC-0088","0088","1580","LIMITATION_RECORD","F1","US-CO","US-CO","Colo. Rev. Stat.","§ 13-80-103.5(1)(a)","CRP-LSRC-0088","NONE","NO_REPEATED_STRING_MEASURED","","","","","0","","NOT_IN_ANY_DUPLICATE_GROUP","NO_DUPLICATE_RELATIONSHIP_RECORDED","NO","NO_DUPLICATE_RELATIONSHIP_RECORDED"
"CRP-LSRC-0089","0089","1597","LIMITATION_RECORD","F1","US-CT","US-CT","Conn. Gen. Stat.","§ 52-576(a)","CRP-LSRC-0089","NONE","NO_REPEATED_STRING_MEASURED","","","","","0","","NOT_IN_ANY_DUPLICATE_GROUP","NO_DUPLICATE_RELATIONSHIP_RECORDED","NO","NO_DUPLICATE_RELATIONSHIP_RECORDED"
"CRP-LSRC-0090","0090","1614","LIMITATION_RECORD","F1","US-DC","US-DC","D.C. Code","§ 12-301(7)","CRP-LSRC-0090","NONE","NO_REPEATED_STRING_MEASURED","","","","","0","","NOT_IN_ANY_DUPLICATE_GROUP","NO_DUPLICATE_RELATIONSHIP_RECORDED","NO","NO_DUPLICATE_RELATIONSHIP_RECORDED"
"CRP-LSRC-0091","0091","1631","LIMITATION_RECORD","F1","US-DE","US-DE","10 Del. C.","§ 8106(a)","CRP-LSRC-0091","NONE","NO_REPEATED_STRING_MEASURED","","","","","0","","NOT_IN_ANY_DUPLICATE_GROUP","NO_DUPLICATE_RELATIONSHIP_RECORDED","NO","NO_DUPLICATE_RELATIONSHIP_RECORDED"
"CRP-LSRC-0092","0092","1648","LIMITATION_RECORD","F1","US-DE","US-DE","10 Del. C.","§ 8109","CRP-LSRC-0092","NONE","NO_REPEATED_STRING_MEASURED","","","","","0","","NOT_IN_ANY_DUPLICATE_GROUP","NO_DUPLICATE_RELATIONSHIP_RECORDED","NO","NO_DUPLICATE_RELATIONSHIP_RECORDED"
"CRP-LSRC-0093","0093","1665","LIMITATION_RECORD","F1","US-GA","US-GA","O.C.G.A.","§ 9-3-25","CRP-LSRC-0093","NONE","NO_REPEATED_STRING_MEASURED","","","","","0","","NOT_IN_ANY_DUPLICATE_GROUP","NO_DUPLICATE_RELATIONSHIP_RECORDED","NO","NO_DUPLICATE_RELATIONSHIP_RECORDED"
"CRP-LSRC-0094","0094","1682","LIMITATION_RECORD","F1","US-GA","US-GA","O.C.G.A.","§ 9-3-24","CRP-LSRC-0094","NONE","NO_REPEATED_STRING_MEASURED","","","","","0","","NOT_IN_ANY_DUPLICATE_GROUP","NO_DUPLICATE_RELATIONSHIP_RECORDED","NO","NO_DUPLICATE_RELATIONSHIP_RECORDED"
"CRP-LSRC-0095","0095","1699","LIMITATION_RECORD","F1","US-HI","US-HI","Haw. Rev. Stat.","§ 657-1(1)","CRP-LSRC-0095","NONE","NO_REPEATED_STRING_MEASURED","","","","","0","","NOT_IN_ANY_DUPLICATE_GROUP","NO_DUPLICATE_RELATIONSHIP_RECORDED","NO","NO_DUPLICATE_RELATIONSHIP_RECORDED"
"CRP-LSRC-0096","0096","1716","LIMITATION_RECORD","F1","US-IA","US-IA","Iowa Code","§ 614.1(4)","CRP-LSRC-0096","NONE","NO_REPEATED_STRING_MEASURED","","","","","0","","NOT_IN_ANY_DUPLICATE_GROUP","NO_DUPLICATE_RELATIONSHIP_RECORDED","NO","NO_DUPLICATE_RELATIONSHIP_RECORDED"
"CRP-LSRC-0097","0097","1733","LIMITATION_RECORD","F1","US-IA","US-IA","Iowa Code","§ 614.1(5)(a)","CRP-LSRC-0097","NONE","NO_REPEATED_STRING_MEASURED","","","","","0","","NOT_IN_ANY_DUPLICATE_GROUP","NO_DUPLICATE_RELATIONSHIP_RECORDED","NO","NO_DUPLICATE_RELATIONSHIP_RECORDED"
"CRP-LSRC-0098","0098","1750","LIMITATION_RECORD","F1","US-ID","US-ID","Idaho Code","§ 5-217","CRP-LSRC-0098","NONE","NO_REPEATED_STRING_MEASURED","","","","","0","","NOT_IN_ANY_DUPLICATE_GROUP","NO_DUPLICATE_RELATIONSHIP_RECORDED","NO","NO_DUPLICATE_RELATIONSHIP_RECORDED"
"CRP-LSRC-0099","0099","1767","LIMITATION_RECORD","F1","US-ID","US-ID","Idaho Code","§ 5-216","CRP-LSRC-0099","NONE","NO_REPEATED_STRING_MEASURED","","","","","0","","NOT_IN_ANY_DUPLICATE_GROUP","NO_DUPLICATE_RELATIONSHIP_RECORDED","NO","NO_DUPLICATE_RELATIONSHIP_RECORDED"
"CRP-LSRC-0100","0100","1784","LIMITATION_RECORD","F1","US-IL","US-IL","735 ILCS","5/13-205","CRP-LSRC-0100","NONE","NO_REPEATED_STRING_MEASURED","","","","","0","","NOT_IN_ANY_DUPLICATE_GROUP","NO_DUPLICATE_RELATIONSHIP_RECORDED","NO","NO_DUPLICATE_RELATIONSHIP_RECORDED"
"CRP-LSRC-0101","0101","1801","LIMITATION_RECORD","F1","US-IL","US-IL","735 ILCS","5/13-206","CRP-LSRC-0101","NONE","NO_REPEATED_STRING_MEASURED","","","","","0","","NOT_IN_ANY_DUPLICATE_GROUP","NO_DUPLICATE_RELATIONSHIP_RECORDED","NO","NO_DUPLICATE_RELATIONSHIP_RECORDED"
"CRP-LSRC-0102","0102","1818","LIMITATION_RECORD","F1","US-IN","US-IN","Ind. Code","§ 34-11-2-9 and § 34-11-2-7","CRP-LSRC-0102","NONE","NO_REPEATED_STRING_MEASURED","","","","","0","","NOT_IN_ANY_DUPLICATE_GROUP","NO_DUPLICATE_RELATIONSHIP_RECORDED","NO","NO_DUPLICATE_RELATIONSHIP_RECORDED"
"CRP-LSRC-0103","0103","1835","LIMITATION_RECORD","F1","US-KY","US-KY","Ky. Rev. Stat.","§ 413.120(1)","CRP-LSRC-0103","NONE","NO_REPEATED_STRING_MEASURED","","","","","0","","NOT_IN_ANY_DUPLICATE_GROUP","NO_DUPLICATE_RELATIONSHIP_RECORDED","NO","NO_DUPLICATE_RELATIONSHIP_RECORDED"
"CRP-LSRC-0104","0104","1852","LIMITATION_RECORD","F1","US-KY","US-KY","Ky. Rev. Stat.","§ 413.160","CRP-LSRC-0104","NONE","NO_REPEATED_STRING_MEASURED","","","","","0","","NOT_IN_ANY_DUPLICATE_GROUP","NO_DUPLICATE_RELATIONSHIP_RECORDED","NO","NO_DUPLICATE_RELATIONSHIP_RECORDED"
"CRP-LSRC-0105","0105","1869","LIMITATION_RECORD","F1","US-KS","US-KS","Kan. Stat.","§ 60-512(1)","CRP-LSRC-0105","NONE","NO_REPEATED_STRING_MEASURED","","","","","0","","NOT_IN_ANY_DUPLICATE_GROUP","NO_DUPLICATE_RELATIONSHIP_RECORDED","NO","NO_DUPLICATE_RELATIONSHIP_RECORDED"
"CRP-LSRC-0106","0106","1886","LIMITATION_RECORD","F1","US-KS","US-KS","Kan. Stat.","§ 60-511(1)","CRP-LSRC-0106","NONE","NO_REPEATED_STRING_MEASURED","","","","","0","","NOT_IN_ANY_DUPLICATE_GROUP","NO_DUPLICATE_RELATIONSHIP_RECORDED","NO","NO_DUPLICATE_RELATIONSHIP_RECORDED"
"CRP-LSRC-0107","0107","1903","LIMITATION_RECORD","F1","US-LA","US-LA","La. Civ. Code","art. 3494","CRP-LSRC-0107","NONE","NO_REPEATED_STRING_MEASURED","","","","","0","","NOT_IN_ANY_DUPLICATE_GROUP","NO_DUPLICATE_RELATIONSHIP_RECORDED","NO","NO_DUPLICATE_RELATIONSHIP_RECORDED"
"CRP-LSRC-0108","0108","1920","LIMITATION_RECORD","F1","US-LA","US-LA","La. Civ. Code","art. 3499","CRP-LSRC-0108","NONE","NO_REPEATED_STRING_MEASURED","","","","","0","","NOT_IN_ANY_DUPLICATE_GROUP","NO_DUPLICATE_RELATIONSHIP_RECORDED","NO","NO_DUPLICATE_RELATIONSHIP_RECORDED"
"CRP-LSRC-0109","0109","1937","LIMITATION_RECORD","F1","US-LA","US-LA","La. Civ. Code","art. 3498","CRP-LSRC-0109","NONE","NO_REPEATED_STRING_MEASURED","","","","","0","","NOT_IN_ANY_DUPLICATE_GROUP","NO_DUPLICATE_RELATIONSHIP_RECORDED","NO","NO_DUPLICATE_RELATIONSHIP_RECORDED"
"CRP-LSRC-0110","0110","1954","LIMITATION_RECORD","F1","US-MD","US-MD","Md. Cts. & Jud. Proc. Code","§ 5-101","CRP-LSRC-0110","NONE","NO_REPEATED_STRING_MEASURED","","","","","0","","NOT_IN_ANY_DUPLICATE_GROUP","NO_DUPLICATE_RELATIONSHIP_RECORDED","NO","NO_DUPLICATE_RELATIONSHIP_RECORDED"
"CRP-LSRC-0111","0111","1971","LIMITATION_RECORD","F1","US-ME","US-ME","14 M.R.S.","§ 752","CRP-LSRC-0111","NONE","NO_REPEATED_STRING_MEASURED","","","","","0","","NOT_IN_ANY_DUPLICATE_GROUP","NO_DUPLICATE_RELATIONSHIP_RECORDED","NO","NO_DUPLICATE_RELATIONSHIP_RECORDED"
"CRP-LSRC-0112","0112","1988","LIMITATION_RECORD","F1","US-MI","US-MI","MCL","600.5807(9)","CRP-LSRC-0112","NONE","NO_REPEATED_STRING_MEASURED","","","","","0","","NOT_IN_ANY_DUPLICATE_GROUP","NO_DUPLICATE_RELATIONSHIP_RECORDED","NO","NO_DUPLICATE_RELATIONSHIP_RECORDED"
"CRP-LSRC-0113","0113","2005","LIMITATION_RECORD","F1","US-MO","US-MO","Mo. Rev. Stat.","§ 516.120(1)","CRP-LSRC-0113","NONE","NO_REPEATED_STRING_MEASURED","","","","","0","","NOT_IN_ANY_DUPLICATE_GROUP","NO_DUPLICATE_RELATIONSHIP_RECORDED","NO","NO_DUPLICATE_RELATIONSHIP_RECORDED"
"CRP-LSRC-0114","0114","2022","LIMITATION_RECORD","F1","US-MO","US-MO","Mo. Rev. Stat.","§ 516.110(1)","CRP-LSRC-0114","NONE","NO_REPEATED_STRING_MEASURED","","","","","0","","NOT_IN_ANY_DUPLICATE_GROUP","NO_DUPLICATE_RELATIONSHIP_RECORDED","NO","NO_DUPLICATE_RELATIONSHIP_RECORDED"
"CRP-LSRC-0115","0115","2039","LIMITATION_RECORD","F1","US-MS","US-MS","Miss. Code","§ 15-1-49 and § 15-1-29","CRP-LSRC-0115","NONE","NO_REPEATED_STRING_MEASURED","","","","","0","","NOT_IN_ANY_DUPLICATE_GROUP","NO_DUPLICATE_RELATIONSHIP_RECORDED","NO","NO_DUPLICATE_RELATIONSHIP_RECORDED"
"CRP-LSRC-0116","0116","2056","LIMITATION_RECORD","F1","US-MT","US-MT","Mont. Code","§ 27-2-202(2)","CRP-LSRC-0116","NONE","NO_REPEATED_STRING_MEASURED","","","","","0","","NOT_IN_ANY_DUPLICATE_GROUP","NO_DUPLICATE_RELATIONSHIP_RECORDED","NO","NO_DUPLICATE_RELATIONSHIP_RECORDED"
"CRP-LSRC-0117","0117","2073","LIMITATION_RECORD","F1","US-MT","US-MT","Mont. Code","§ 27-2-202(1)","CRP-LSRC-0117","NONE","NO_REPEATED_STRING_MEASURED","","","","","0","","NOT_IN_ANY_DUPLICATE_GROUP","NO_DUPLICATE_RELATIONSHIP_RECORDED","NO","NO_DUPLICATE_RELATIONSHIP_RECORDED"
"CRP-LSRC-0118","0118","2090","LIMITATION_RECORD","F1","US-NC","US-NC","N.C. Gen. Stat.","§ 1-52(1)","CRP-LSRC-0118","NONE","NO_REPEATED_STRING_MEASURED","","","","","0","","NOT_IN_ANY_DUPLICATE_GROUP","NO_DUPLICATE_RELATIONSHIP_RECORDED","NO","NO_DUPLICATE_RELATIONSHIP_RECORDED"
"CRP-LSRC-0119","0119","2107","LIMITATION_RECORD","F1","US-ND","US-ND","N.D. Cent. Code","§ 28-01-16(1)","CRP-LSRC-0119","NONE","NO_REPEATED_STRING_MEASURED","","","","","0","","NOT_IN_ANY_DUPLICATE_GROUP","NO_DUPLICATE_RELATIONSHIP_RECORDED","NO","NO_DUPLICATE_RELATIONSHIP_RECORDED"
"CRP-LSRC-0120","0120","2124","LIMITATION_RECORD","F1","US-NE","US-NE","Neb. Rev. Stat.","§ 25-206","CRP-LSRC-0120","NONE","NO_REPEATED_STRING_MEASURED","","","","","0","","NOT_IN_ANY_DUPLICATE_GROUP","NO_DUPLICATE_RELATIONSHIP_RECORDED","NO","NO_DUPLICATE_RELATIONSHIP_RECORDED"
"CRP-LSRC-0121","0121","2141","LIMITATION_RECORD","F1","US-NE","US-NE","Neb. Rev. Stat.","§ 25-205","CRP-LSRC-0121","NONE","NO_REPEATED_STRING_MEASURED","","","","","0","","NOT_IN_ANY_DUPLICATE_GROUP","NO_DUPLICATE_RELATIONSHIP_RECORDED","NO","NO_DUPLICATE_RELATIONSHIP_RECORDED"
"CRP-LSRC-0122","0122","2158","LIMITATION_RECORD","F1","US-NH","US-NH","N.H. Rev. Stat.","§ 508:4(I)","CRP-LSRC-0122","NONE","NO_REPEATED_STRING_MEASURED","","","","","0","","NOT_IN_ANY_DUPLICATE_GROUP","NO_DUPLICATE_RELATIONSHIP_RECORDED","NO","NO_DUPLICATE_RELATIONSHIP_RECORDED"
"CRP-LSRC-0123","0123","2175","LIMITATION_RECORD","F1","US-NJ","US-NJ","N.J.S.A.","2A:14-1","CRP-LSRC-0123","NONE","NO_REPEATED_STRING_MEASURED","","","","","0","","NOT_IN_ANY_DUPLICATE_GROUP","NO_DUPLICATE_RELATIONSHIP_RECORDED","NO","NO_DUPLICATE_RELATIONSHIP_RECORDED"
"CRP-LSRC-0124","0124","2192","LIMITATION_RECORD","F1","US-NM","US-NM","N.M.S.A.","§ 37-1-3(A)","CRP-LSRC-0124","NONE","NO_REPEATED_STRING_MEASURED","","","","","0","","NOT_IN_ANY_DUPLICATE_GROUP","NO_DUPLICATE_RELATIONSHIP_RECORDED","NO","NO_DUPLICATE_RELATIONSHIP_RECORDED"
"CRP-LSRC-0125","0125","2209","LIMITATION_RECORD","F1","US-NM","US-NM","N.M.S.A.","§ 37-1-4","CRP-LSRC-0125","NONE","NO_REPEATED_STRING_MEASURED","","","","","0","","NOT_IN_ANY_DUPLICATE_GROUP","NO_DUPLICATE_RELATIONSHIP_RECORDED","NO","NO_DUPLICATE_RELATIONSHIP_RECORDED"
"CRP-LSRC-0126","0126","2226","LIMITATION_RECORD","F1","US-NM","US-NM","N.M.S.A.","`§ 37-1-3(A)` (note branch)","CRP-LSRC-0126","NONE","NO_REPEATED_STRING_MEASURED","","","","","0","","NOT_IN_ANY_DUPLICATE_GROUP","NO_DUPLICATE_RELATIONSHIP_RECORDED","NO","NO_DUPLICATE_RELATIONSHIP_RECORDED"
"CRP-LSRC-0127","0127","2243","LIMITATION_RECORD","F1","US-NV","US-NV","Nev. Rev. Stat.","§ 11.190(2)(c)","CRP-LSRC-0127","NONE","NO_REPEATED_STRING_MEASURED","","","","","0","","NOT_IN_ANY_DUPLICATE_GROUP","NO_DUPLICATE_RELATIONSHIP_RECORDED","NO","NO_DUPLICATE_RELATIONSHIP_RECORDED"
"CRP-LSRC-0128","0128","2260","LIMITATION_RECORD","F1","US-NV","US-NV","Nev. Rev. Stat.","§ 11.190(1)(b)","CRP-LSRC-0128","NONE","NO_REPEATED_STRING_MEASURED","","","","","0","","NOT_IN_ANY_DUPLICATE_GROUP","NO_DUPLICATE_RELATIONSHIP_RECORDED","NO","NO_DUPLICATE_RELATIONSHIP_RECORDED"
"CRP-LSRC-0129","0129","2277","LIMITATION_RECORD","F1","US-NY","US-NY","N.Y. C.P.L.R.","§ 214-i","CRP-LSRC-0129","NONE","NO_REPEATED_STRING_MEASURED","","","","","0","","NOT_IN_ANY_DUPLICATE_GROUP","NO_DUPLICATE_RELATIONSHIP_RECORDED","NO","NO_DUPLICATE_RELATIONSHIP_RECORDED"
"CRP-LSRC-0130","0130","2294","LIMITATION_RECORD","F1","US-NY","US-NY","N.Y. C.P.L.R.","§ 213-d","CRP-LSRC-0130","NONE","NO_REPEATED_STRING_MEASURED","","","","","0","","NOT_IN_ANY_DUPLICATE_GROUP","NO_DUPLICATE_RELATIONSHIP_RECORDED","NO","NO_DUPLICATE_RELATIONSHIP_RECORDED"
"CRP-LSRC-0131","0131","2311","LIMITATION_RECORD","F1","US-OK","US-OK","Okla. Stat. tit. 12","§ 95(A)(2)","CRP-LSRC-0131","NONE","NO_REPEATED_STRING_MEASURED","","","","","0","","NOT_IN_ANY_DUPLICATE_GROUP","NO_DUPLICATE_RELATIONSHIP_RECORDED","NO","NO_DUPLICATE_RELATIONSHIP_RECORDED"
"CRP-LSRC-0132","0132","2328","LIMITATION_RECORD","F1","US-OK","US-OK","Okla. Stat. tit. 12","§ 95(A)(1)","CRP-LSRC-0132","NONE","NO_REPEATED_STRING_MEASURED","","","","","0","","NOT_IN_ANY_DUPLICATE_GROUP","NO_DUPLICATE_RELATIONSHIP_RECORDED","NO","NO_DUPLICATE_RELATIONSHIP_RECORDED"
"CRP-LSRC-0133","0133","2345","LIMITATION_RECORD","F1","US-PA","US-PA","42 Pa.C.S.","§ 5525","CRP-LSRC-0133","NONE","NO_REPEATED_STRING_MEASURED","","","","","0","","NOT_IN_ANY_DUPLICATE_GROUP","NO_DUPLICATE_RELATIONSHIP_RECORDED","NO","NO_DUPLICATE_RELATIONSHIP_RECORDED"
"CRP-LSRC-0134","0134","2362","LIMITATION_RECORD","F1","US-RI","US-RI","R.I. Gen. Laws","§ 9-1-13(a)","CRP-LSRC-0134","NONE","NO_REPEATED_STRING_MEASURED","","","","","0","","NOT_IN_ANY_DUPLICATE_GROUP","NO_DUPLICATE_RELATIONSHIP_RECORDED","NO","NO_DUPLICATE_RELATIONSHIP_RECORDED"
"CRP-LSRC-0135","0135","2379","LIMITATION_RECORD","F1","US-SC","US-SC","S.C. Code","§ 15-3-530(1)","CRP-LSRC-0135","NONE","NO_REPEATED_STRING_MEASURED","","","","","0","","NOT_IN_ANY_DUPLICATE_GROUP","NO_DUPLICATE_RELATIONSHIP_RECORDED","NO","NO_DUPLICATE_RELATIONSHIP_RECORDED"
"CRP-LSRC-0136","0136","2396","LIMITATION_RECORD","F1","US-SD","US-SD","S.D. Codified Laws","§ 15-2-13(1)","CRP-LSRC-0136","NONE","NO_REPEATED_STRING_MEASURED","","","","","0","","NOT_IN_ANY_DUPLICATE_GROUP","NO_DUPLICATE_RELATIONSHIP_RECORDED","NO","NO_DUPLICATE_RELATIONSHIP_RECORDED"
"CRP-LSRC-0137","0137","2413","LIMITATION_RECORD","F1","US-TN","US-TN","Tenn. Code","§ 28-3-109","CRP-LSRC-0137","NONE","NO_REPEATED_STRING_MEASURED","","","","","0","","NOT_IN_ANY_DUPLICATE_GROUP","NO_DUPLICATE_RELATIONSHIP_RECORDED","NO","NO_DUPLICATE_RELATIONSHIP_RECORDED"
"CRP-LSRC-0138","0138","2430","LIMITATION_RECORD","F1","US-UT","US-UT","Utah Code","§ 78B-2-307(1)(c)","CRP-LSRC-0138","NONE","NO_REPEATED_STRING_MEASURED","","","","","0","","NOT_IN_ANY_DUPLICATE_GROUP","NO_DUPLICATE_RELATIONSHIP_RECORDED","NO","NO_DUPLICATE_RELATIONSHIP_RECORDED"
"CRP-LSRC-0139","0139","2447","LIMITATION_RECORD","F1","US-UT","US-UT","Utah Code","§ 78B-2-309","CRP-LSRC-0139","NONE","NO_REPEATED_STRING_MEASURED","","","","","0","","NOT_IN_ANY_DUPLICATE_GROUP","NO_DUPLICATE_RELATIONSHIP_RECORDED","NO","NO_DUPLICATE_RELATIONSHIP_RECORDED"
"CRP-LSRC-0140","0140","2464","LIMITATION_RECORD","F1","US-VT","US-VT","12 V.S.A.","§ 511","CRP-LSRC-0140","NONE","NO_REPEATED_STRING_MEASURED","","","","","0","","NOT_IN_ANY_DUPLICATE_GROUP","NO_DUPLICATE_RELATIONSHIP_RECORDED","NO","NO_DUPLICATE_RELATIONSHIP_RECORDED"
"CRP-LSRC-0141","0141","2481","LIMITATION_RECORD","F1","US-VT","US-VT","9A V.S.A.","§ 3-118","CRP-LSRC-0141","NONE","NO_REPEATED_STRING_MEASURED","","","","","0","","NOT_IN_ANY_DUPLICATE_GROUP","NO_DUPLICATE_RELATIONSHIP_RECORDED","NO","NO_DUPLICATE_RELATIONSHIP_RECORDED"
"CRP-LSRC-0142","0142","2498","LIMITATION_RECORD","F1","US-WI","US-WI","Wis. Stat.","§ 893.43(1)","CRP-LSRC-0142","NONE","NO_REPEATED_STRING_MEASURED","","","","","0","","NOT_IN_ANY_DUPLICATE_GROUP","NO_DUPLICATE_RELATIONSHIP_RECORDED","NO","NO_DUPLICATE_RELATIONSHIP_RECORDED"
"CRP-LSRC-0143","0143","2515","LIMITATION_RECORD","F1","US-PR","US-PR","Puerto Rico — Civil Code of Puerto Rico (2020)","Art. 1203; 31 L.P.R.A. § 9495","CRP-LSRC-0143","NONE","NO_REPEATED_STRING_MEASURED","","","","","0","","NOT_IN_ANY_DUPLICATE_GROUP","NO_DUPLICATE_RELATIONSHIP_RECORDED","NO","NO_DUPLICATE_RELATIONSHIP_RECORDED"
"CRP-LSRC-0144","0144","2532","LIMITATION_RECORD","F1","US-GU","US-GU","7 GCA","§ 11303","CRP-LSRC-0144","NONE","NO_REPEATED_STRING_MEASURED","","","","","0","","NOT_IN_ANY_DUPLICATE_GROUP","NO_DUPLICATE_RELATIONSHIP_RECORDED","NO","NO_DUPLICATE_RELATIONSHIP_RECORDED"
"CRP-LSRC-0145","0145","2549","LIMITATION_RECORD","F1","US-VI","US-VI","5 V.I.C.","§ 31(a)(3)(A)","CRP-LSRC-0145","NONE","NO_REPEATED_STRING_MEASURED","","","","","0","","NOT_IN_ANY_DUPLICATE_GROUP","NO_DUPLICATE_RELATIONSHIP_RECORDED","NO","NO_DUPLICATE_RELATIONSHIP_RECORDED"
"CRP-LSRC-0146","0146","2566","LIMITATION_RECORD","F1","US-MP","US-MP","7 CMC","§ 2505","CRP-LSRC-0146","NONE","NO_REPEATED_STRING_MEASURED","","","","","0","","NOT_IN_ANY_DUPLICATE_GROUP","NO_DUPLICATE_RELATIONSHIP_RECORDED","NO","NO_DUPLICATE_RELATIONSHIP_RECORDED"
"CRP-LSRC-0147","0147","2583","LIMITATION_RECORD","F1","US-AS","US-AS","A.S.C.A.","§ 43.0120(3)","CRP-LSRC-0147","NONE","NO_REPEATED_STRING_MEASURED","","","","","0","","NOT_IN_ANY_DUPLICATE_GROUP","NO_DUPLICATE_RELATIONSHIP_RECORDED","NO","NO_DUPLICATE_RELATIONSHIP_RECORDED"
"CRP-LSRC-0148","0148","2600","LIMITATION_RECORD","F1","US-AS","US-AS","A.S.C.A.","§ 43.0120(5)","CRP-LSRC-0148","NONE","NO_REPEATED_STRING_MEASURED","","","","","0","","NOT_IN_ANY_DUPLICATE_GROUP","NO_DUPLICATE_RELATIONSHIP_RECORDED","NO","NO_DUPLICATE_RELATIONSHIP_RECORDED"
"CRP-LSRC-0149","0149","2617","LIMITATION_RECORD","F1","US-WV","US-WV","W. Va. Code","§ 55-2-6","CRP-LSRC-0149","DUP-PAIR-004","IDENTICAL_ARTIFACT_AND_CITATION","DUP-PAIR-004","CRP-LSRC-0149","","CRP-LSRC-0150","0","","IDENTITY_UNRESOLVED","SAME_RECORDED_PROVISION_AND_LOCATOR_CONFLICTING_RECORDED_CONTENT_YEARS","NO","DUPLICATE_LINK_EXPLICIT_IDENTITY_OPEN"
"CRP-LSRC-0150","0150","2634","LIMITATION_RECORD","F1","US-WV","US-WV","W. Va. Code","§ 55-2-6","CRP-LSRC-0149","DUP-PAIR-004","IDENTICAL_ARTIFACT_AND_CITATION","DUP-PAIR-004","CRP-LSRC-0149","","CRP-LSRC-0149","0","","IDENTITY_UNRESOLVED","SAME_RECORDED_PROVISION_AND_LOCATOR_CONFLICTING_RECORDED_CONTENT_YEARS","NO","DUPLICATE_LINK_EXPLICIT_IDENTITY_OPEN"
"CRP-LSRC-0151","0151","2651","LIMITATION_RECORD","F1","US-WY","US-WY","Wyo. Stat.","§ 1-3-105(a)(ii)(A)","CRP-LSRC-0151","NONE","NO_REPEATED_STRING_MEASURED","","","","","0","","NOT_IN_ANY_DUPLICATE_GROUP","NO_DUPLICATE_RELATIONSHIP_RECORDED","NO","NO_DUPLICATE_RELATIONSHIP_RECORDED"
"CRP-LSRC-0152","0152","2668","LIMITATION_RECORD","F1","US-WY","US-WY","Wyo. Stat.","§ 1-3-105(a)(i)","CRP-LSRC-0152","NONE","NO_REPEATED_STRING_MEASURED","","","","","0","","NOT_IN_ANY_DUPLICATE_GROUP","NO_DUPLICATE_RELATIONSHIP_RECORDED","NO","NO_DUPLICATE_RELATIONSHIP_RECORDED"
"CRP-LSRC-0153","0153","2685","LIMITATION_RECORD","F1","US-VA","US-VA","Va. Code","§ 8.01-246","CRP-LSRC-0153","NONE","NO_REPEATED_STRING_MEASURED","","","","","0","","NOT_IN_ANY_DUPLICATE_GROUP","NO_DUPLICATE_RELATIONSHIP_RECORDED","NO","NO_DUPLICATE_RELATIONSHIP_RECORDED"
"CRP-LSRC-0154","0154","2702","LIMITATION_RECORD","F1","US-VA","US-VA","Va. Code","§ 8.01-246(B)","CRP-LSRC-0154","NONE","NO_REPEATED_STRING_MEASURED","","","","","0","","NOT_IN_ANY_DUPLICATE_GROUP","NO_DUPLICATE_RELATIONSHIP_RECORDED","NO","NO_DUPLICATE_RELATIONSHIP_RECORDED"
"CRP-LSRC-0155","0155","2719","LIMITATION_RECORD","F1","US-AK","US-AK","Alaska Stat.","§ 09.10.053","CRP-LSRC-0155","NONE","NO_REPEATED_STRING_MEASURED","","","","","0","","NOT_IN_ANY_DUPLICATE_GROUP","NO_DUPLICATE_RELATIONSHIP_RECORDED","NO","NO_DUPLICATE_RELATIONSHIP_RECORDED"
"CRP-LSRC-0156","0156","2736","LIMITATION_RECORD","F1","US-AL","US-AL","Ala. Code","§ 6-2-37(1)","CRP-LSRC-0156","NONE","NO_REPEATED_STRING_MEASURED","","","","","0","","NOT_IN_ANY_DUPLICATE_GROUP","NO_DUPLICATE_RELATIONSHIP_RECORDED","NO","NO_DUPLICATE_RELATIONSHIP_RECORDED"
"CRP-LSRC-0157","0157","2753","LIMITATION_RECORD","F1","US-AL","US-AL","Ala. Code","§ 6-2-34","CRP-LSRC-0157","NONE","NO_REPEATED_STRING_MEASURED","","","","","0","","NOT_IN_ANY_DUPLICATE_GROUP","NO_DUPLICATE_RELATIONSHIP_RECORDED","NO","NO_DUPLICATE_RELATIONSHIP_RECORDED"
"CRP-LSRC-0158","0158","2770","LIMITATION_RECORD","F1","US-AL","US-AL","Ala. Code","§ 7-3-118(a)","CRP-LSRC-0158","NONE","NO_REPEATED_STRING_MEASURED","","","","","0","","NOT_IN_ANY_DUPLICATE_GROUP","NO_DUPLICATE_RELATIONSHIP_RECORDED","NO","NO_DUPLICATE_RELATIONSHIP_RECORDED"
"CRP-LSRC-0159","0159","2787","LIMITATION_RECORD","F1","US-AR","US-AR","Ark. Code","§ 16-56-105","CRP-LSRC-0159","NONE","NO_REPEATED_STRING_MEASURED","","","","","0","","NOT_IN_ANY_DUPLICATE_GROUP","NO_DUPLICATE_RELATIONSHIP_RECORDED","NO","NO_DUPLICATE_RELATIONSHIP_RECORDED"
"CRP-LSRC-0160","0160","2804","LIMITATION_RECORD","F1","US-AR","US-AR","Ark. Code","§ 16-56-111","CRP-LSRC-0160","NONE","NO_REPEATED_STRING_MEASURED","","","","","0","","NOT_IN_ANY_DUPLICATE_GROUP","NO_DUPLICATE_RELATIONSHIP_RECORDED","NO","NO_DUPLICATE_RELATIONSHIP_RECORDED"
"CRP-LSRC-0161","0161","2821","LIMITATION_RECORD","F1","US-AR","US-AR","Ark. Code","§ 16-56-106(b)","CRP-LSRC-0161","NONE","NO_REPEATED_STRING_MEASURED","","","","","0","","NOT_IN_ANY_DUPLICATE_GROUP","NO_DUPLICATE_RELATIONSHIP_RECORDED","NO","NO_DUPLICATE_RELATIONSHIP_RECORDED"
"CRP-LSRC-0162","0162","2838","LIMITATION_RECORD","F1","US-AZ","US-AZ","Ariz. Rev. Stat.","§ 12-548(A)(1)","CRP-LSRC-0162","NONE","NO_REPEATED_STRING_MEASURED","","","","","0","","NOT_IN_ANY_DUPLICATE_GROUP","NO_DUPLICATE_RELATIONSHIP_RECORDED","NO","NO_DUPLICATE_RELATIONSHIP_RECORDED"
"CRP-LSRC-0163","0163","2855","LIMITATION_RECORD","F1","US-OH","US-OH","Ohio Revised Code","NOT RECORDED (locator names §§ 2305.06 and 2305.07)","CRP-LSRC-0163","NONE","NO_REPEATED_STRING_MEASURED","","","","","0","","NOT_IN_ANY_DUPLICATE_GROUP","NO_DUPLICATE_RELATIONSHIP_RECORDED","NO","NO_DUPLICATE_RELATIONSHIP_RECORDED"
"CRP-LSRC-0164","0164","2872","LIMITATION_RECORD","F1","US-TX","US-TX","Texas Civil Practice and Remedies Code","NOT RECORDED (owner-supplied file names § 16.004)","CRP-LSRC-0164","NONE","NO_REPEATED_STRING_MEASURED","","","","","0","","NOT_IN_ANY_DUPLICATE_GROUP","NO_DUPLICATE_RELATIONSHIP_RECORDED","NO","NO_DUPLICATE_RELATIONSHIP_RECORDED"
"CRP-LSRC-0165","0165","2889","CONTENT_RULE","F1","`US-NY` (bare `NY` law const `NY_GBL`)","US-NY","Fair Credit Reporting Act (New York), Gen. Bus. Law art. 25","§ 380-j(f)(1)(ii)","CRP-LSRC-0165","DUP-PAIR-005","IDENTICAL_ARTIFACT_AND_CITATION","DUP-PAIR-005","CRP-LSRC-0165","","CRP-LSRC-0166","0","","IDENTITY_UNRESOLVED","SAME_RECORDED_PROVISION_AND_LOCATOR_CONFLICTING_RECORDED_CONTENT_START","NO","DUPLICATE_LINK_EXPLICIT_IDENTITY_OPEN"
"CRP-LSRC-0166","0166","2906","CONTENT_RULE","F1","US-NY","US-NY","Fair Credit Reporting Act (New York), Gen. Bus. Law art. 25","§ 380-j(f)(1)(ii)","CRP-LSRC-0165","DUP-PAIR-005","IDENTICAL_ARTIFACT_AND_CITATION","DUP-PAIR-005","CRP-LSRC-0165","","CRP-LSRC-0165","0","","IDENTITY_UNRESOLVED","SAME_RECORDED_PROVISION_AND_LOCATOR_CONFLICTING_RECORDED_CONTENT_START","NO","DUPLICATE_LINK_EXPLICIT_IDENTITY_OPEN"
"CRP-LSRC-0167","0167","2923","CONTENT_RULE","F1","US-NY","US-NY","Fair Credit Reporting Act (New York), Gen. Bus. Law art. 25","§ 380-j(f)(1)(iii)","CRP-LSRC-0167","NONE","NO_REPEATED_STRING_MEASURED","","","","","0","","NOT_IN_ANY_DUPLICATE_GROUP","NO_DUPLICATE_RELATIONSHIP_RECORDED","NO","NO_DUPLICATE_RELATIONSHIP_RECORDED"
"CRP-LSRC-0168","0168","2940","CONTENT_RULE","F1","US-NY","US-NY","Fair Credit Reporting Act (New York), Gen. Bus. Law art. 25","§ 380-j(f)(1)(i)","CRP-LSRC-0168","NONE","NO_REPEATED_STRING_MEASURED","","","","","0","","NOT_IN_ANY_DUPLICATE_GROUP","NO_DUPLICATE_RELATIONSHIP_RECORDED","NO","NO_DUPLICATE_RELATIONSHIP_RECORDED"
"CRP-LSRC-0169","0169","2957","CONTENT_RULE","F3","US-NY","US-NY","Fair Credit Reporting Act (New York), Gen. Bus. Law art. 25","§ 380-j(a)(3)","CRP-LSRC-0169","NONE","NO_REPEATED_STRING_MEASURED","","","","","0","","NOT_IN_ANY_DUPLICATE_GROUP","NO_DUPLICATE_RELATIONSHIP_RECORDED","NO","NO_DUPLICATE_RELATIONSHIP_RECORDED"
"CRP-LSRC-0170","0170","2974","CONTENT_RULE","F7","US-NY","US-NY","Fair Credit Reporting Act (New York), Gen. Bus. Law art. 25","§ 380-j(a)(1)","CRP-LSRC-0170","NONE","NO_REPEATED_STRING_MEASURED","","","","","0","","NOT_IN_ANY_DUPLICATE_GROUP","NO_DUPLICATE_RELATIONSHIP_RECORDED","NO","NO_DUPLICATE_RELATIONSHIP_RECORDED"
"CRP-LSRC-0171","0171","2991","CONTENT_RULE","F1","US-CA","US-CA","Consumer Credit Reporting Agencies Act (California), Civ. Code § 1785 et seq.","§ 1785.13(a)(1)","CRP-LSRC-0171","NONE","NO_REPEATED_STRING_MEASURED","","","","","0","","NOT_IN_ANY_DUPLICATE_GROUP","NO_DUPLICATE_RELATIONSHIP_RECORDED","NO","NO_DUPLICATE_RELATIONSHIP_RECORDED"
"CRP-LSRC-0172","0172","3008","CONTENT_RULE","F8","US_NEW_YORK","US-NY","Fair Credit Reporting Act (New York), Gen. Bus. Law art. 25, §§ 380–380-v","§ 380-b(a) — N.Y. Gen. Bus. Law § 380-b","CRP-LSRC-0172","NONE","NO_REPEATED_STRING_MEASURED","","","","","0","","NOT_IN_ANY_DUPLICATE_GROUP","NO_DUPLICATE_RELATIONSHIP_RECORDED","NO","NO_DUPLICATE_RELATIONSHIP_RECORDED"
"CRP-LSRC-0173","0173","3025","CONTENT_RULE","F8","US_NEW_YORK","US-NY","Fair Credit Reporting Act (New York), Gen. Bus. Law art. 25, §§ 380–380-v","§ 380-b(a)(3)(ii) — N.Y. Gen. Bus. Law § 380-b","CRP-LSRC-0173","NONE","NO_REPEATED_STRING_MEASURED","","","","","0","","NOT_IN_ANY_DUPLICATE_GROUP","NO_DUPLICATE_RELATIONSHIP_RECORDED","NO","NO_DUPLICATE_RELATIONSHIP_RECORDED"
"CRP-LSRC-0174","0174","3042","CONTENT_RULE","F8","US_NEW_YORK","US-NY","Fair Credit Reporting Act (New York), Gen. Bus. Law art. 25, §§ 380–380-v","§ 380-b(b)–(c) — N.Y. Gen. Bus. Law § 380-b","CRP-LSRC-0174","NONE","NO_REPEATED_STRING_MEASURED","","","","","0","","NOT_IN_ANY_DUPLICATE_GROUP","NO_DUPLICATE_RELATIONSHIP_RECORDED","NO","NO_DUPLICATE_RELATIONSHIP_RECORDED"
"CRP-LSRC-0175","0175","3059","CONTENT_RULE","F8","US_NEW_YORK","US-NY","Fair Credit Reporting Act (New York), Gen. Bus. Law art. 25, §§ 380–380-v","§ 380-b(d)–(e) — N.Y. Gen. Bus. Law § 380-b","CRP-LSRC-0175","NONE","NO_REPEATED_STRING_MEASURED","","","","","0","","NOT_IN_ANY_DUPLICATE_GROUP","NO_DUPLICATE_RELATIONSHIP_RECORDED","NO","NO_DUPLICATE_RELATIONSHIP_RECORDED"
"CRP-LSRC-0176","0176","3076","CONTENT_RULE","F5","US_NEW_YORK","US-NY","Fair Credit Reporting Act (New York), Gen. Bus. Law art. 25, §§ 380–380-v","§ 380-d(a)(1)–(2) — N.Y. Gen. Bus. Law § 380-d","CRP-LSRC-0176","NONE","NO_REPEATED_STRING_MEASURED","","","","","0","","NOT_IN_ANY_DUPLICATE_GROUP","NO_DUPLICATE_RELATIONSHIP_RECORDED","NO","NO_DUPLICATE_RELATIONSHIP_RECORDED"
"CRP-LSRC-0177","0177","3093","CONTENT_RULE","F5","US_NEW_YORK","US-NY","Fair Credit Reporting Act (New York), Gen. Bus. Law art. 25, §§ 380–380-v","§ 380-d(a)(3) — N.Y. Gen. Bus. Law § 380-d","CRP-LSRC-0177","NONE","NO_REPEATED_STRING_MEASURED","","","","","0","","NOT_IN_ANY_DUPLICATE_GROUP","NO_DUPLICATE_RELATIONSHIP_RECORDED","NO","NO_DUPLICATE_RELATIONSHIP_RECORDED"
"CRP-LSRC-0178","0178","3110","CONTENT_RULE","F5","US_NEW_YORK","US-NY","Fair Credit Reporting Act (New York), Gen. Bus. Law art. 25, §§ 380–380-v","§ 380-d(c) — N.Y. Gen. Bus. Law § 380-d","CRP-LSRC-0178","NONE","NO_REPEATED_STRING_MEASURED","","","","","0","","NOT_IN_ANY_DUPLICATE_GROUP","NO_DUPLICATE_RELATIONSHIP_RECORDED","NO","NO_DUPLICATE_RELATIONSHIP_RECORDED"
"CRP-LSRC-0179","0179","3127","CONTENT_RULE","F5","US_NEW_YORK","US-NY","Fair Credit Reporting Act (New York), Gen. Bus. Law art. 25, §§ 380–380-v","§ 380-e(a)–(d), (f) — N.Y. Gen. Bus. Law § 380-e","CRP-LSRC-0179","NONE","NO_REPEATED_STRING_MEASURED","","","","","0","","NOT_IN_ANY_DUPLICATE_GROUP","NO_DUPLICATE_RELATIONSHIP_RECORDED","NO","NO_DUPLICATE_RELATIONSHIP_RECORDED"
"CRP-LSRC-0180","0180","3144","CONTENT_RULE","F5","US_NEW_YORK","US-NY","Fair Credit Reporting Act (New York), Gen. Bus. Law art. 25, §§ 380–380-v","§ 380-e(e)(1)–(4) — N.Y. Gen. Bus. Law § 380-e","CRP-LSRC-0180","NONE","NO_REPEATED_STRING_MEASURED","","","","","0","","NOT_IN_ANY_DUPLICATE_GROUP","NO_DUPLICATE_RELATIONSHIP_RECORDED","NO","NO_DUPLICATE_RELATIONSHIP_RECORDED"
"CRP-LSRC-0181","0181","3161","CONTENT_RULE","F6","US_NEW_YORK","US-NY","Fair Credit Reporting Act (New York), Gen. Bus. Law art. 25, §§ 380–380-v","§ 380-f(a) — N.Y. Gen. Bus. Law § 380-f","CRP-LSRC-0181","NONE","NO_REPEATED_STRING_MEASURED","","","","","0","","NOT_IN_ANY_DUPLICATE_GROUP","NO_DUPLICATE_RELATIONSHIP_RECORDED","NO","NO_DUPLICATE_RELATIONSHIP_RECORDED"
"CRP-LSRC-0182","0182","3178","CONTENT_RULE","F6","US_NEW_YORK","US-NY","Fair Credit Reporting Act (New York), Gen. Bus. Law art. 25, §§ 380–380-v","§ 380-f(b) — N.Y. Gen. Bus. Law § 380-f","CRP-LSRC-0182","NONE","NO_REPEATED_STRING_MEASURED","","","","","0","","NOT_IN_ANY_DUPLICATE_GROUP","NO_DUPLICATE_RELATIONSHIP_RECORDED","NO","NO_DUPLICATE_RELATIONSHIP_RECORDED"
"CRP-LSRC-0183","0183","3195","CONTENT_RULE","F6","US_NEW_YORK","US-NY","Fair Credit Reporting Act (New York), Gen. Bus. Law art. 25, §§ 380–380-v","§ 380-f(c)–(d) — N.Y. Gen. Bus. Law § 380-f","CRP-LSRC-0183","NONE","NO_REPEATED_STRING_MEASURED","","","","","0","","NOT_IN_ANY_DUPLICATE_GROUP","NO_DUPLICATE_RELATIONSHIP_RECORDED","NO","NO_DUPLICATE_RELATIONSHIP_RECORDED"
"CRP-LSRC-0184","0184","3212","CONTENT_RULE","F7","US_NEW_YORK","US-NY","Fair Credit Reporting Act (New York), Gen. Bus. Law art. 25, §§ 380–380-v","§ 380-g(a)–(b) — N.Y. Gen. Bus. Law § 380-g","CRP-LSRC-0184","NONE","NO_REPEATED_STRING_MEASURED","","","","","0","","NOT_IN_ANY_DUPLICATE_GROUP","NO_DUPLICATE_RELATIONSHIP_RECORDED","NO","NO_DUPLICATE_RELATIONSHIP_RECORDED"
"CRP-LSRC-0185","0185","3229","CONTENT_RULE","F7","US_NEW_YORK","US-NY","Fair Credit Reporting Act (New York), Gen. Bus. Law art. 25, §§ 380–380-v","§ 380-g(c) — N.Y. Gen. Bus. Law § 380-g","CRP-LSRC-0185","NONE","NO_REPEATED_STRING_MEASURED","","","","","0","","NOT_IN_ANY_DUPLICATE_GROUP","NO_DUPLICATE_RELATIONSHIP_RECORDED","NO","NO_DUPLICATE_RELATIONSHIP_RECORDED"
"CRP-LSRC-0186","0186","3246","CONTENT_RULE","F7","US_NEW_YORK","US-NY","Fair Credit Reporting Act (New York), Gen. Bus. Law art. 25, §§ 380–380-v","§ 380-g(d) — N.Y. Gen. Bus. Law § 380-g","CRP-LSRC-0186","NONE","NO_REPEATED_STRING_MEASURED","","","","","0","","NOT_IN_ANY_DUPLICATE_GROUP","NO_DUPLICATE_RELATIONSHIP_RECORDED","NO","NO_DUPLICATE_RELATIONSHIP_RECORDED"
"CRP-LSRC-0187","0187","3263","CONTENT_RULE","F1","US_NEW_YORK","US-NY","Fair Credit Reporting Act (New York), Gen. Bus. Law art. 25, §§ 380–380-v","§ 380-h(a) — N.Y. Gen. Bus. Law § 380-h","CRP-LSRC-0187","NONE","NO_REPEATED_STRING_MEASURED","","","","","0","","NOT_IN_ANY_DUPLICATE_GROUP","NO_DUPLICATE_RELATIONSHIP_RECORDED","NO","NO_DUPLICATE_RELATIONSHIP_RECORDED"
"CRP-LSRC-0188","0188","3280","CONTENT_RULE","F1","US_NEW_YORK","US-NY","Fair Credit Reporting Act (New York), Gen. Bus. Law art. 25, §§ 380–380-v","§ 380-i(a)–(b) — N.Y. Gen. Bus. Law § 380-i","CRP-LSRC-0188","NONE","NO_REPEATED_STRING_MEASURED","","","","","0","","NOT_IN_ANY_DUPLICATE_GROUP","NO_DUPLICATE_RELATIONSHIP_RECORDED","NO","NO_DUPLICATE_RELATIONSHIP_RECORDED"
"CRP-LSRC-0189","0189","3297","CONTENT_RULE","F8","US_NEW_YORK","US-NY","Fair Credit Reporting Act (New York), Gen. Bus. Law art. 25, §§ 380–380-v","§ 380-i(c) — N.Y. Gen. Bus. Law § 380-i","CRP-LSRC-0189","NONE","NO_REPEATED_STRING_MEASURED","","","","","0","","NOT_IN_ANY_DUPLICATE_GROUP","NO_DUPLICATE_RELATIONSHIP_RECORDED","NO","NO_DUPLICATE_RELATIONSHIP_RECORDED"
"CRP-LSRC-0190","0190","3314","CONTENT_RULE","F10","US_NEW_YORK","US-NY","Fair Credit Reporting Act (New York), Gen. Bus. Law art. 25, §§ 380–380-v","§ 380-k — N.Y. Gen. Bus. Law § 380-k","CRP-LSRC-0190","NONE","NO_REPEATED_STRING_MEASURED","","","","","0","","NOT_IN_ANY_DUPLICATE_GROUP","NO_DUPLICATE_RELATIONSHIP_RECORDED","NO","NO_DUPLICATE_RELATIONSHIP_RECORDED"
"CRP-LSRC-0191","0191","3331","CONTENT_RULE","F3","US_NEW_YORK","US-NY","Fair Credit Reporting Act (New York), Gen. Bus. Law art. 25, §§ 380–380-v","§ 380-q — N.Y. Gen. Bus. Law § 380-q","CRP-LSRC-0191","NONE","NO_REPEATED_STRING_MEASURED","","","","","0","","NOT_IN_ANY_DUPLICATE_GROUP","NO_DUPLICATE_RELATIONSHIP_RECORDED","NO","NO_DUPLICATE_RELATIONSHIP_RECORDED"
"CRP-LSRC-0192","0192","3348","CONTENT_RULE","F1","US_NEW_YORK","US-NY","Fair Credit Reporting Act (New York), Gen. Bus. Law art. 25, §§ 380–380-v","§ 380-j(a)(1) — N.Y. Gen. Bus. Law § 380-j","CRP-LSRC-0192","NONE","NO_REPEATED_STRING_MEASURED","","","","","0","","NOT_IN_ANY_DUPLICATE_GROUP","NO_DUPLICATE_RELATIONSHIP_RECORDED","NO","NO_DUPLICATE_RELATIONSHIP_RECORDED"
"CRP-LSRC-0193","0193","3365","CONTENT_RULE","F1","US_NEW_YORK","US-NY","Fair Credit Reporting Act (New York), Gen. Bus. Law art. 25, §§ 380–380-v","§ 380-j(a)(2) — N.Y. Gen. Bus. Law § 380-j","CRP-LSRC-0193","NONE","NO_REPEATED_STRING_MEASURED","","","","","0","","NOT_IN_ANY_DUPLICATE_GROUP","NO_DUPLICATE_RELATIONSHIP_RECORDED","NO","NO_DUPLICATE_RELATIONSHIP_RECORDED"
"CRP-LSRC-0194","0194","3382","CONTENT_RULE","F3","US_NEW_YORK","US-NY","Fair Credit Reporting Act (New York), Gen. Bus. Law art. 25, §§ 380–380-v","§ 380-j(a)(3) — N.Y. Gen. Bus. Law § 380-j","CRP-LSRC-0194","NONE","NO_REPEATED_STRING_MEASURED","","","","","0","","NOT_IN_ANY_DUPLICATE_GROUP","NO_DUPLICATE_RELATIONSHIP_RECORDED","NO","NO_DUPLICATE_RELATIONSHIP_RECORDED"
"CRP-LSRC-0195","0195","3399","CONTENT_RULE","F4","US_NEW_YORK","US-NY","Fair Credit Reporting Act (New York), Gen. Bus. Law art. 25, §§ 380–380-v","§ 380-j(a)(4) (self-contradiction limb) — N.Y. Gen. Bus. Law § 380-j","CRP-LSRC-0195","NONE","NO_REPEATED_STRING_MEASURED","","","","","0","","NOT_IN_ANY_DUPLICATE_GROUP","NO_DUPLICATE_RELATIONSHIP_RECORDED","NO","NO_DUPLICATE_RELATIONSHIP_RECORDED"
"CRP-LSRC-0196","0196","3416","CONTENT_RULE","F4","US_NEW_YORK","US-NY","Fair Credit Reporting Act (New York), Gen. Bus. Law art. 25, §§ 380–380-v","§ 380-j(a)(4) (external-truth limb) — N.Y. Gen. Bus. Law § 380-j","CRP-LSRC-0196","NONE","NO_REPEATED_STRING_MEASURED","","","","","0","","NOT_IN_ANY_DUPLICATE_GROUP","NO_DUPLICATE_RELATIONSHIP_RECORDED","NO","NO_DUPLICATE_RELATIONSHIP_RECORDED"
"CRP-LSRC-0197","0197","3433","CONTENT_RULE","F1","US_NEW_YORK","US-NY","Fair Credit Reporting Act (New York), Gen. Bus. Law art. 25, §§ 380–380-v","§ 380-j(b) — N.Y. Gen. Bus. Law § 380-j","CRP-LSRC-0197","NONE","NO_REPEATED_STRING_MEASURED","","","","","0","","NOT_IN_ANY_DUPLICATE_GROUP","NO_DUPLICATE_RELATIONSHIP_RECORDED","NO","NO_DUPLICATE_RELATIONSHIP_RECORDED"
"CRP-LSRC-0198","0198","3450","CONTENT_RULE","F7","US_NEW_YORK","US-NY","Fair Credit Reporting Act (New York), Gen. Bus. Law art. 25, §§ 380–380-v","§ 380-j(c) — N.Y. Gen. Bus. Law § 380-j","CRP-LSRC-0198","NONE","NO_REPEATED_STRING_MEASURED","","","","","0","","NOT_IN_ANY_DUPLICATE_GROUP","NO_DUPLICATE_RELATIONSHIP_RECORDED","NO","NO_DUPLICATE_RELATIONSHIP_RECORDED"
"CRP-LSRC-0199","0199","3467","CONTENT_RULE","F1","US_NEW_YORK","US-NY","Fair Credit Reporting Act (New York), Gen. Bus. Law art. 25, §§ 380–380-v","§ 380-j(d) — N.Y. Gen. Bus. Law § 380-j","CRP-LSRC-0199","NONE","NO_REPEATED_STRING_MEASURED","","","","","0","","NOT_IN_ANY_DUPLICATE_GROUP","NO_DUPLICATE_RELATIONSHIP_RECORDED","NO","NO_DUPLICATE_RELATIONSHIP_RECORDED"
"CRP-LSRC-0200","0200","3484","CONTENT_RULE","F4","US_NEW_YORK","US-NY","Fair Credit Reporting Act (New York), Gen. Bus. Law art. 25, §§ 380–380-v","§ 380-j(e) — N.Y. Gen. Bus. Law § 380-j","CRP-LSRC-0200","NONE","NO_REPEATED_STRING_MEASURED","","","","","0","","NOT_IN_ANY_DUPLICATE_GROUP","NO_DUPLICATE_RELATIONSHIP_RECORDED","NO","NO_DUPLICATE_RELATIONSHIP_RECORDED"
"CRP-LSRC-0201","0201","3501","CONTENT_RULE","F1","US_NEW_YORK","US-NY","Fair Credit Reporting Act (New York), Gen. Bus. Law art. 25, §§ 380–380-v","§ 380-j(f)(1)(i) — N.Y. Gen. Bus. Law § 380-j","CRP-LSRC-0201","NONE","NO_REPEATED_STRING_MEASURED","","","","","0","","NOT_IN_ANY_DUPLICATE_GROUP","NO_DUPLICATE_RELATIONSHIP_RECORDED","NO","NO_DUPLICATE_RELATIONSHIP_RECORDED"
"CRP-LSRC-0202","0202","3518","CONTENT_RULE","F1","US_NEW_YORK","US-NY","Fair Credit Reporting Act (New York), Gen. Bus. Law art. 25, §§ 380–380-v","§ 380-j(f)(1)(ii) (first limb) — N.Y. Gen. Bus. Law § 380-j","CRP-LSRC-0202","NONE","NO_REPEATED_STRING_MEASURED","","","","","0","","NOT_IN_ANY_DUPLICATE_GROUP","NO_DUPLICATE_RELATIONSHIP_RECORDED","NO","NO_DUPLICATE_RELATIONSHIP_RECORDED"
"CRP-LSRC-0203","0203","3535","CONTENT_RULE","F1","US_NEW_YORK","US-NY","Fair Credit Reporting Act (New York), Gen. Bus. Law art. 25, §§ 380–380-v","§ 380-j(f)(1)(ii) (second limb) — N.Y. Gen. Bus. Law § 380-j","CRP-LSRC-0203","NONE","NO_REPEATED_STRING_MEASURED","","","","","0","","NOT_IN_ANY_DUPLICATE_GROUP","NO_DUPLICATE_RELATIONSHIP_RECORDED","NO","NO_DUPLICATE_RELATIONSHIP_RECORDED"
"CRP-LSRC-0204","0204","3552","CONTENT_RULE","F1","US_NEW_YORK","US-NY","Fair Credit Reporting Act (New York), Gen. Bus. Law art. 25, §§ 380–380-v","§ 380-j(f)(1)(iii) — N.Y. Gen. Bus. Law § 380-j","CRP-LSRC-0204","NONE","NO_REPEATED_STRING_MEASURED","","","","","0","","NOT_IN_ANY_DUPLICATE_GROUP","NO_DUPLICATE_RELATIONSHIP_RECORDED","NO","NO_DUPLICATE_RELATIONSHIP_RECORDED"
"CRP-LSRC-0205","0205","3569","CONTENT_RULE","F1","US_NEW_YORK","US-NY","Fair Credit Reporting Act (New York), Gen. Bus. Law art. 25, §§ 380–380-v","§ 380-j(f)(1)(iv) — N.Y. Gen. Bus. Law § 380-j","CRP-LSRC-0205","NONE","NO_REPEATED_STRING_MEASURED","","","","","0","","NOT_IN_ANY_DUPLICATE_GROUP","NO_DUPLICATE_RELATIONSHIP_RECORDED","NO","NO_DUPLICATE_RELATIONSHIP_RECORDED"
"CRP-LSRC-0206","0206","3586","CONTENT_RULE","F1","US_NEW_YORK","US-NY","Fair Credit Reporting Act (New York), Gen. Bus. Law art. 25, §§ 380–380-v","§ 380-j(f)(1)(v) — N.Y. Gen. Bus. Law § 380-j","CRP-LSRC-0206","NONE","NO_REPEATED_STRING_MEASURED","","","","","0","","NOT_IN_ANY_DUPLICATE_GROUP","NO_DUPLICATE_RELATIONSHIP_RECORDED","NO","NO_DUPLICATE_RELATIONSHIP_RECORDED"
"CRP-LSRC-0207","0207","3603","CONTENT_RULE","F1","US_NEW_YORK","US-NY","Fair Credit Reporting Act (New York), Gen. Bus. Law art. 25, §§ 380–380-v","§ 380-j(f)(1)(vi) — N.Y. Gen. Bus. Law § 380-j","CRP-LSRC-0207","NONE","NO_REPEATED_STRING_MEASURED","","","","","0","","NOT_IN_ANY_DUPLICATE_GROUP","NO_DUPLICATE_RELATIONSHIP_RECORDED","NO","NO_DUPLICATE_RELATIONSHIP_RECORDED"
"CRP-LSRC-0208","0208","3620","CONTENT_RULE","F1","US_NEW_YORK","US-NY","Fair Credit Reporting Act (New York), Gen. Bus. Law art. 25, §§ 380–380-v","§ 380-j(f)(1)(vii) — N.Y. Gen. Bus. Law § 380-j","CRP-LSRC-0208","NONE","NO_REPEATED_STRING_MEASURED","","","","","0","","NOT_IN_ANY_DUPLICATE_GROUP","NO_DUPLICATE_RELATIONSHIP_RECORDED","NO","NO_DUPLICATE_RELATIONSHIP_RECORDED"
"CRP-LSRC-0209","0209","3637","CONTENT_RULE","F3","US_NEW_YORK","US-NY","Fair Credit Reporting Act (New York), Gen. Bus. Law art. 25, §§ 380–380-v","§ 380-j(f)(1)(viii) — N.Y. Gen. Bus. Law § 380-j","CRP-LSRC-0209","NONE","NO_REPEATED_STRING_MEASURED","","","","","0","","NOT_IN_ANY_DUPLICATE_GROUP","NO_DUPLICATE_RELATIONSHIP_RECORDED","NO","NO_DUPLICATE_RELATIONSHIP_RECORDED"
"CRP-LSRC-0210","0210","3654","CONTENT_RULE","F1","US_NEW_YORK","US-NY","Fair Credit Reporting Act (New York), Gen. Bus. Law art. 25, §§ 380–380-v","§ 380-j(f)(1)(ix)-series limb (*provision token truncated in extraction; recorded as the ninth limb of § 380-j(f)(1)*) — N.Y. Gen. Bus. Law § 380-j","CRP-LSRC-0210","NONE","NO_REPEATED_STRING_MEASURED","","","","","0","","NOT_IN_ANY_DUPLICATE_GROUP","NO_DUPLICATE_RELATIONSHIP_RECORDED","NO","NO_DUPLICATE_RELATIONSHIP_RECORDED"
"CRP-LSRC-0211","0211","3671","CONTENT_RULE","F1","US_NEW_YORK","US-NY","Fair Credit Reporting Act (New York), Gen. Bus. Law art. 25, §§ 380–380-v","§ 380-j(f)(1) *(limb recorded with an effective window)* — N.Y. Gen. Bus. Law § 380-j","CRP-LSRC-0211","NONE","NO_REPEATED_STRING_MEASURED","","","","","0","","NOT_IN_ANY_DUPLICATE_GROUP","NO_DUPLICATE_RELATIONSHIP_RECORDED","NO","NO_DUPLICATE_RELATIONSHIP_RECORDED"
"CRP-LSRC-0212","0212","3688","CONTENT_RULE","F1","US_NEW_YORK","US-NY","Fair Credit Reporting Act (New York), Gen. Bus. Law art. 25, §§ 380–380-v","§ 380-j(f)(2) — N.Y. Gen. Bus. Law § 380-j","CRP-LSRC-0212","NONE","NO_REPEATED_STRING_MEASURED","","","","","0","","NOT_IN_ANY_DUPLICATE_GROUP","NO_DUPLICATE_RELATIONSHIP_RECORDED","NO","NO_DUPLICATE_RELATIONSHIP_RECORDED"
"CRP-LSRC-0213","0213","3705","CONTENT_RULE","F1","US_NEW_YORK","US-NY","Fair Credit Reporting Act (New York), Gen. Bus. Law art. 25, §§ 380–380-v","§ 380-j(g) — N.Y. Gen. Bus. Law § 380-j","CRP-LSRC-0213","NONE","NO_REPEATED_STRING_MEASURED","","","","","0","","NOT_IN_ANY_DUPLICATE_GROUP","NO_DUPLICATE_RELATIONSHIP_RECORDED","NO","NO_DUPLICATE_RELATIONSHIP_RECORDED"
"CRP-LSRC-0214","0214","3722","CONTENT_RULE","F1","US_NEW_YORK","US-NY","Fair Credit Reporting Act (New York), Gen. Bus. Law art. 25, §§ 380–380-v","§ 380-j(h) — N.Y. Gen. Bus. Law § 380-j","CRP-LSRC-0214","NONE","NO_REPEATED_STRING_MEASURED","","","","","0","","NOT_IN_ANY_DUPLICATE_GROUP","NO_DUPLICATE_RELATIONSHIP_RECORDED","NO","NO_DUPLICATE_RELATIONSHIP_RECORDED"
"CRP-LSRC-0215","0215","3739","CONTENT_RULE","F9","US_NEW_YORK","US-NY","Fair Credit Reporting Act (New York), Gen. Bus. Law art. 25, §§ 380–380-v","§ 380-t(a)–(b) — N.Y. Gen. Bus. Law § 380-t","CRP-LSRC-0215","NONE","NO_REPEATED_STRING_MEASURED","","","","","0","","NOT_IN_ANY_DUPLICATE_GROUP","NO_DUPLICATE_RELATIONSHIP_RECORDED","NO","NO_DUPLICATE_RELATIONSHIP_RECORDED"
"CRP-LSRC-0216","0216","3756","CONTENT_RULE","F9","US_NEW_YORK","US-NY","Fair Credit Reporting Act (New York), Gen. Bus. Law art. 25, §§ 380–380-v","§ 380-t(c), (j), (l) — N.Y. Gen. Bus. Law § 380-t","CRP-LSRC-0216","NONE","NO_REPEATED_STRING_MEASURED","","","","","0","","NOT_IN_ANY_DUPLICATE_GROUP","NO_DUPLICATE_RELATIONSHIP_RECORDED","NO","NO_DUPLICATE_RELATIONSHIP_RECORDED"
"CRP-LSRC-0217","0217","3773","CONTENT_RULE","F9","US_NEW_YORK","US-NY","Fair Credit Reporting Act (New York), Gen. Bus. Law art. 25, §§ 380–380-v","§ 380-t(d)–(i), (k), (m), (p) — N.Y. Gen. Bus. Law § 380-t","CRP-LSRC-0217","NONE","NO_REPEATED_STRING_MEASURED","","","","","0","","NOT_IN_ANY_DUPLICATE_GROUP","NO_DUPLICATE_RELATIONSHIP_RECORDED","NO","NO_DUPLICATE_RELATIONSHIP_RECORDED"
"CRP-LSRC-0218","0218","3790","CONTENT_RULE","F9","US_NEW_YORK","US-NY","Fair Credit Reporting Act (New York), Gen. Bus. Law art. 25, §§ 380–380-v","§ 380-t(n) — N.Y. Gen. Bus. Law § 380-t","CRP-LSRC-0218","NONE","NO_REPEATED_STRING_MEASURED","","","","","0","","NOT_IN_ANY_DUPLICATE_GROUP","NO_DUPLICATE_RELATIONSHIP_RECORDED","NO","NO_DUPLICATE_RELATIONSHIP_RECORDED"
"CRP-LSRC-0219","0219","3807","CONTENT_RULE","F9","US_NEW_YORK","US-NY","Fair Credit Reporting Act (New York), Gen. Bus. Law art. 25, §§ 380–380-v","§ 380-t(n)(3)(i)–(ii) — N.Y. Gen. Bus. Law § 380-t","CRP-LSRC-0219","NONE","NO_REPEATED_STRING_MEASURED","","","","","0","","NOT_IN_ANY_DUPLICATE_GROUP","NO_DUPLICATE_RELATIONSHIP_RECORDED","NO","NO_DUPLICATE_RELATIONSHIP_RECORDED"
"CRP-LSRC-0220","0220","3824","CONTENT_RULE","F9","US_NEW_YORK","US-NY","Fair Credit Reporting Act (New York), Gen. Bus. Law art. 25, §§ 380–380-v","§ 380-t(o) — N.Y. Gen. Bus. Law § 380-t","CRP-LSRC-0220","NONE","NO_REPEATED_STRING_MEASURED","","","","","0","","NOT_IN_ANY_DUPLICATE_GROUP","NO_DUPLICATE_RELATIONSHIP_RECORDED","NO","NO_DUPLICATE_RELATIONSHIP_RECORDED"
"CRP-LSRC-0221","0221","3841","CONTENT_RULE","F9","US_NEW_YORK","US-NY","Fair Credit Reporting Act (New York), Gen. Bus. Law art. 25, §§ 380–380-v","§ 380-t(q) — N.Y. Gen. Bus. Law § 380-t","CRP-LSRC-0221","NONE","NO_REPEATED_STRING_MEASURED","","","","","0","","NOT_IN_ANY_DUPLICATE_GROUP","NO_DUPLICATE_RELATIONSHIP_RECORDED","NO","NO_DUPLICATE_RELATIONSHIP_RECORDED"
"CRP-LSRC-0222","0222","3858","CONTENT_RULE","F9","US_NEW_YORK","US-NY","Fair Credit Reporting Act (New York), Gen. Bus. Law art. 25, §§ 380–380-v","§ 380-t(r) — N.Y. Gen. Bus. Law § 380-t","CRP-LSRC-0222","NONE","NO_REPEATED_STRING_MEASURED","","","","","0","","NOT_IN_ANY_DUPLICATE_GROUP","NO_DUPLICATE_RELATIONSHIP_RECORDED","NO","NO_DUPLICATE_RELATIONSHIP_RECORDED"
"CRP-LSRC-0223","0223","3875","CONTENT_RULE","F9","US_NEW_YORK","US-NY","Fair Credit Reporting Act (New York), Gen. Bus. Law art. 25, §§ 380–380-v","§ 380-u(a)–(g), (i)–(j) — N.Y. Gen. Bus. Law § 380-u","CRP-LSRC-0223","NONE","NO_REPEATED_STRING_MEASURED","","","","","0","","NOT_IN_ANY_DUPLICATE_GROUP","NO_DUPLICATE_RELATIONSHIP_RECORDED","NO","NO_DUPLICATE_RELATIONSHIP_RECORDED"
"CRP-LSRC-0224","0224","3892","CONTENT_RULE","F9","US_NEW_YORK","US-NY","Fair Credit Reporting Act (New York), Gen. Bus. Law art. 25, §§ 380–380-v","§ 380-u(h) — N.Y. Gen. Bus. Law § 380-u","CRP-LSRC-0224","NONE","NO_REPEATED_STRING_MEASURED","","","","","0","","NOT_IN_ANY_DUPLICATE_GROUP","NO_DUPLICATE_RELATIONSHIP_RECORDED","NO","NO_DUPLICATE_RELATIONSHIP_RECORDED"
"CRP-LSRC-0225","0225","3909","CONTENT_RULE","F10","US_NEW_YORK","US-NY","Fair Credit Reporting Act (New York), Gen. Bus. Law art. 25, §§ 380–380-v","§ 380-j (preemption interaction for the whole overlay) — N.Y. Gen. Bus. Law § 380-j","CRP-LSRC-0225","NONE","NO_REPEATED_STRING_MEASURED","","","","","0","","NOT_IN_ANY_DUPLICATE_GROUP","NO_DUPLICATE_RELATIONSHIP_RECORDED","NO","NO_DUPLICATE_RELATIONSHIP_RECORDED"
"CRP-LSRC-0226","0226","3926","CONTENT_RULE","F8","US_WASHINGTON","US-WA","Fair Credit Reporting Act, chapter 19.182 RCW","RCW 19.182.030 — RCW 19.182.030","CRP-LSRC-0226","NONE","NO_REPEATED_STRING_MEASURED","","","","","0","","NOT_IN_ANY_DUPLICATE_GROUP","NO_DUPLICATE_RELATIONSHIP_RECORDED","NO","NO_DUPLICATE_RELATIONSHIP_RECORDED"
"CRP-LSRC-0227","0227","3943","CONTENT_RULE","F1","US_WASHINGTON","US-WA","Fair Credit Reporting Act, chapter 19.182 RCW","RCW 19.182.040(1)(a) — RCW 19.182.040","CRP-LSRC-0227","NONE","NO_REPEATED_STRING_MEASURED","","","","","0","","NOT_IN_ANY_DUPLICATE_GROUP","NO_DUPLICATE_RELATIONSHIP_RECORDED","NO","NO_DUPLICATE_RELATIONSHIP_RECORDED"
"CRP-LSRC-0228","0228","3960","CONTENT_RULE","F1","US_WASHINGTON","US-WA","Fair Credit Reporting Act, chapter 19.182 RCW","RCW 19.182.040(1)(b) — RCW 19.182.040","CRP-LSRC-0228","NONE","NO_REPEATED_STRING_MEASURED","","","","","0","","NOT_IN_ANY_DUPLICATE_GROUP","NO_DUPLICATE_RELATIONSHIP_RECORDED","NO","NO_DUPLICATE_RELATIONSHIP_RECORDED"
"CRP-LSRC-0229","0229","3977","CONTENT_RULE","F1","US_WASHINGTON","US-WA","Fair Credit Reporting Act, chapter 19.182 RCW","RCW 19.182.040(1)(c) — RCW 19.182.040","CRP-LSRC-0229","NONE","NO_REPEATED_STRING_MEASURED","","","","","0","","NOT_IN_ANY_DUPLICATE_GROUP","NO_DUPLICATE_RELATIONSHIP_RECORDED","NO","NO_DUPLICATE_RELATIONSHIP_RECORDED"
"CRP-LSRC-0230","0230","3994","CONTENT_RULE","F1","US_WASHINGTON","US-WA","Fair Credit Reporting Act, chapter 19.182 RCW","RCW 19.182.040(1)(d) — RCW 19.182.040","CRP-LSRC-0230","NONE","NO_REPEATED_STRING_MEASURED","","","","","0","","NOT_IN_ANY_DUPLICATE_GROUP","NO_DUPLICATE_RELATIONSHIP_RECORDED","NO","NO_DUPLICATE_RELATIONSHIP_RECORDED"
"CRP-LSRC-0231","0231","4011","CONTENT_RULE","F1","US_WASHINGTON","US-WA","Fair Credit Reporting Act, chapter 19.182 RCW","RCW 19.182.040(1)(e) — RCW 19.182.040","CRP-LSRC-0231","NONE","NO_REPEATED_STRING_MEASURED","","","","","0","","NOT_IN_ANY_DUPLICATE_GROUP","NO_DUPLICATE_RELATIONSHIP_RECORDED","NO","NO_DUPLICATE_RELATIONSHIP_RECORDED"
"CRP-LSRC-0232","0232","4028","CONTENT_RULE","F1","US_WASHINGTON","US-WA","Fair Credit Reporting Act, chapter 19.182 RCW","RCW 19.182.040(1)(f) — RCW 19.182.040","CRP-LSRC-0232","NONE","NO_REPEATED_STRING_MEASURED","","","","","0","","NOT_IN_ANY_DUPLICATE_GROUP","NO_DUPLICATE_RELATIONSHIP_RECORDED","NO","NO_DUPLICATE_RELATIONSHIP_RECORDED"
"CRP-LSRC-0233","0233","4045","CONTENT_RULE","F3","US_WASHINGTON","US-WA","Fair Credit Reporting Act, chapter 19.182 RCW","RCW 19.182.040(1)(g) — RCW 19.182.040","CRP-LSRC-0233","NONE","NO_REPEATED_STRING_MEASURED","","","","","0","","NOT_IN_ANY_DUPLICATE_GROUP","NO_DUPLICATE_RELATIONSHIP_RECORDED","NO","NO_DUPLICATE_RELATIONSHIP_RECORDED"
"CRP-LSRC-0234","0234","4062","CONTENT_RULE","F1","US_WASHINGTON","US-WA","Fair Credit Reporting Act, chapter 19.182 RCW","RCW 19.182.040(1)(h) — RCW 19.182.040","CRP-LSRC-0234","NONE","NO_REPEATED_STRING_MEASURED","","","","","0","","NOT_IN_ANY_DUPLICATE_GROUP","NO_DUPLICATE_RELATIONSHIP_RECORDED","NO","NO_DUPLICATE_RELATIONSHIP_RECORDED"
"CRP-LSRC-0235","0235","4079","CONTENT_RULE","F8","US_WASHINGTON","US-WA","Fair Credit Reporting Act, chapter 19.182 RCW","RCW 19.182.040(2) — RCW 19.182.040","CRP-LSRC-0235","NONE","NO_REPEATED_STRING_MEASURED","","","","","0","","NOT_IN_ANY_DUPLICATE_GROUP","NO_DUPLICATE_RELATIONSHIP_RECORDED","NO","NO_DUPLICATE_RELATIONSHIP_RECORDED"
"CRP-LSRC-0236","0236","4096","CONTENT_RULE","F6","US_WASHINGTON","US-WA","Fair Credit Reporting Act, chapter 19.182 RCW","RCW 19.182.090(1) — RCW 19.182.090","CRP-LSRC-0236","NONE","NO_REPEATED_STRING_MEASURED","","","","","0","","NOT_IN_ANY_DUPLICATE_GROUP","NO_DUPLICATE_RELATIONSHIP_RECORDED","NO","NO_DUPLICATE_RELATIONSHIP_RECORDED"
"CRP-LSRC-0237","0237","4113","CONTENT_RULE","F6","US_WASHINGTON","US-WA","Fair Credit Reporting Act, chapter 19.182 RCW","RCW 19.182.090(2) — RCW 19.182.090","CRP-LSRC-0237","NONE","NO_REPEATED_STRING_MEASURED","","","","","0","","NOT_IN_ANY_DUPLICATE_GROUP","NO_DUPLICATE_RELATIONSHIP_RECORDED","NO","NO_DUPLICATE_RELATIONSHIP_RECORDED"
"CRP-LSRC-0238","0238","4130","CONTENT_RULE","F6","US_WASHINGTON","US-WA","Fair Credit Reporting Act, chapter 19.182 RCW","RCW 19.182.090(3)(b) — RCW 19.182.090","CRP-LSRC-0238","NONE","NO_REPEATED_STRING_MEASURED","","","","","0","","NOT_IN_ANY_DUPLICATE_GROUP","NO_DUPLICATE_RELATIONSHIP_RECORDED","NO","NO_DUPLICATE_RELATIONSHIP_RECORDED"
"CRP-LSRC-0239","0239","4147","CONTENT_RULE","F6","US_WASHINGTON","US-WA","Fair Credit Reporting Act, chapter 19.182 RCW","RCW 19.182.090(5)(b)(ii) — RCW 19.182.090","CRP-LSRC-0239","NONE","NO_REPEATED_STRING_MEASURED","","","","","0","","NOT_IN_ANY_DUPLICATE_GROUP","NO_DUPLICATE_RELATIONSHIP_RECORDED","NO","NO_DUPLICATE_RELATIONSHIP_RECORDED"
"CRP-LSRC-0240","0240","4164","CONTENT_RULE","F9","US_WASHINGTON","US-WA","Fair Credit Reporting Act, chapter 19.182 RCW","RCW 19.182.160(1) — RCW 19.182.160","CRP-LSRC-0240","NONE","NO_REPEATED_STRING_MEASURED","","","","","0","","NOT_IN_ANY_DUPLICATE_GROUP","NO_DUPLICATE_RELATIONSHIP_RECORDED","NO","NO_DUPLICATE_RELATIONSHIP_RECORDED"
"CRP-LSRC-0241","0241","4181","CONTENT_RULE","F9","US_WASHINGTON","US-WA","Fair Credit Reporting Act, chapter 19.182 RCW","RCW 19.182.170(3) — RCW 19.182.170","CRP-LSRC-0241","NONE","NO_REPEATED_STRING_MEASURED","","","","","0","","NOT_IN_ANY_DUPLICATE_GROUP","NO_DUPLICATE_RELATIONSHIP_RECORDED","NO","NO_DUPLICATE_RELATIONSHIP_RECORDED"
"CRP-LSRC-0242","0242","4198","CONTENT_RULE","F9","US_WASHINGTON","US-WA","Fair Credit Reporting Act, chapter 19.182 RCW","RCW 19.182.170(4) — RCW 19.182.170","CRP-LSRC-0242","NONE","NO_REPEATED_STRING_MEASURED","","","","","0","","NOT_IN_ANY_DUPLICATE_GROUP","NO_DUPLICATE_RELATIONSHIP_RECORDED","NO","NO_DUPLICATE_RELATIONSHIP_RECORDED"
"CRP-LSRC-0243","0243","4215","CONTENT_RULE","F9","US_WASHINGTON","US-WA","Fair Credit Reporting Act, chapter 19.182 RCW","RCW 19.182.170(6) — RCW 19.182.170","CRP-LSRC-0243","NONE","NO_REPEATED_STRING_MEASURED","","","","","0","","NOT_IN_ANY_DUPLICATE_GROUP","NO_DUPLICATE_RELATIONSHIP_RECORDED","NO","NO_DUPLICATE_RELATIONSHIP_RECORDED"
"CRP-LSRC-0244","0244","4232","CONTENT_RULE","F9","US_WASHINGTON","US-WA","Fair Credit Reporting Act, chapter 19.182 RCW","RCW 19.182.180 — RCW 19.182.180","CRP-LSRC-0244","NONE","NO_REPEATED_STRING_MEASURED","","","","","0","","NOT_IN_ANY_DUPLICATE_GROUP","NO_DUPLICATE_RELATIONSHIP_RECORDED","NO","NO_DUPLICATE_RELATIONSHIP_RECORDED"
"CRP-LSRC-0245","0245","4249","CONTENT_RULE","F9","US_WASHINGTON","US-WA","Fair Credit Reporting Act, chapter 19.182 RCW","RCW 19.182.230(3) — RCW 19.182.230","CRP-LSRC-0245","NONE","NO_REPEATED_STRING_MEASURED","","","","","0","","NOT_IN_ANY_DUPLICATE_GROUP","NO_DUPLICATE_RELATIONSHIP_RECORDED","NO","NO_DUPLICATE_RELATIONSHIP_RECORDED"
"CRP-LSRC-0246","0246","4266","CONTENT_RULE","F4","US_WASHINGTON","US-WA","Fair Credit Reporting Act, chapter 19.182 RCW","RCW 19.182.060(2) — RCW 19.182.060","CRP-LSRC-0246","NONE","NO_REPEATED_STRING_MEASURED","","","","","0","","NOT_IN_ANY_DUPLICATE_GROUP","NO_DUPLICATE_RELATIONSHIP_RECORDED","NO","NO_DUPLICATE_RELATIONSHIP_RECORDED"
"CRP-LSRC-0247","0247","4283","CONTENT_RULE","F10","US_WASHINGTON","US-WA","Fair Credit Reporting Act, chapter 19.182 RCW","RCW 19.182.110 — RCW 19.182.110","CRP-LSRC-0247","NONE","NO_REPEATED_STRING_MEASURED","","","","","0","","NOT_IN_ANY_DUPLICATE_GROUP","NO_DUPLICATE_RELATIONSHIP_RECORDED","NO","NO_DUPLICATE_RELATIONSHIP_RECORDED"
"CRP-LSRC-0248","0248","4300","CONTENT_RULE","F10","US_WASHINGTON","US-WA","Fair Credit Reporting Act, chapter 19.182 RCW","Chapter 19.182 RCW (preemption interaction for the whole overlay) — RCW 19.182.902","CRP-LSRC-0248","NONE","NO_REPEATED_STRING_MEASURED","","","","","0","","NOT_IN_ANY_DUPLICATE_GROUP","NO_DUPLICATE_RELATIONSHIP_RECORDED","NO","NO_DUPLICATE_RELATIONSHIP_RECORDED"
"CRP-LSRC-0249","0249","4317","CONTENT_RULE","F5","US_CALIFORNIA","US-CA","Consumer Credit Reporting Agencies Act (California), Civ. Code tit. 1.6, §§ 1785.1–1785.36","§ 1785.10(a)–(c) — Cal. Civ. Code § 1785.10","CRP-LSRC-0249","NONE","NO_REPEATED_STRING_MEASURED","","","","","0","","NOT_IN_ANY_DUPLICATE_GROUP","NO_DUPLICATE_RELATIONSHIP_RECORDED","NO","NO_DUPLICATE_RELATIONSHIP_RECORDED"
"CRP-LSRC-0250","0250","4334","CONTENT_RULE","F5","US_CALIFORNIA","US-CA","Consumer Credit Reporting Agencies Act (California), Civ. Code tit. 1.6, §§ 1785.1–1785.36","§ 1785.10(d)–(e) — Cal. Civ. Code § 1785.10","CRP-LSRC-0250","NONE","NO_REPEATED_STRING_MEASURED","","","","","0","","NOT_IN_ANY_DUPLICATE_GROUP","NO_DUPLICATE_RELATIONSHIP_RECORDED","NO","NO_DUPLICATE_RELATIONSHIP_RECORDED"
"CRP-LSRC-0251","0251","4351","CONTENT_RULE","F5","US_CALIFORNIA","US-CA","Consumer Credit Reporting Agencies Act (California), Civ. Code tit. 1.6, §§ 1785.1–1785.36","§ 1785.10.1(a) — Cal. Civ. Code § 1785.10.1","CRP-LSRC-0251","NONE","NO_REPEATED_STRING_MEASURED","","","","","0","","NOT_IN_ANY_DUPLICATE_GROUP","NO_DUPLICATE_RELATIONSHIP_RECORDED","NO","NO_DUPLICATE_RELATIONSHIP_RECORDED"
"CRP-LSRC-0252","0252","4368","CONTENT_RULE","F8","US_CALIFORNIA","US-CA","Consumer Credit Reporting Agencies Act (California), Civ. Code tit. 1.6, §§ 1785.1–1785.36","§ 1785.11(a) — Cal. Civ. Code § 1785.11","CRP-LSRC-0252","NONE","NO_REPEATED_STRING_MEASURED","","","","","0","","NOT_IN_ANY_DUPLICATE_GROUP","NO_DUPLICATE_RELATIONSHIP_RECORDED","NO","NO_DUPLICATE_RELATIONSHIP_RECORDED"
"CRP-LSRC-0253","0253","4385","CONTENT_RULE","F8","US_CALIFORNIA","US-CA","Consumer Credit Reporting Agencies Act (California), Civ. Code tit. 1.6, §§ 1785.1–1785.36","§ 1785.11(b), (d)–(f) — Cal. Civ. Code § 1785.11","CRP-LSRC-0253","NONE","NO_REPEATED_STRING_MEASURED","","","","","0","","NOT_IN_ANY_DUPLICATE_GROUP","NO_DUPLICATE_RELATIONSHIP_RECORDED","NO","NO_DUPLICATE_RELATIONSHIP_RECORDED"
"CRP-LSRC-0254","0254","4402","CONTENT_RULE","F10","US_CALIFORNIA","US-CA","Consumer Credit Reporting Agencies Act (California), Civ. Code tit. 1.6, §§ 1785.1–1785.36","§ 1785.11(c) — Cal. Civ. Code § 1785.11","CRP-LSRC-0254","NONE","NO_REPEATED_STRING_MEASURED","","","","","0","","NOT_IN_ANY_DUPLICATE_GROUP","NO_DUPLICATE_RELATIONSHIP_RECORDED","NO","NO_DUPLICATE_RELATIONSHIP_RECORDED"
"CRP-LSRC-0255","0255","4419","CONTENT_RULE","F9","US_CALIFORNIA","US-CA","Consumer Credit Reporting Agencies Act (California), Civ. Code tit. 1.6, §§ 1785.1–1785.36","§ 1785.11.1(a)–(f), (j) — Cal. Civ. Code § 1785.11.1","CRP-LSRC-0255","NONE","NO_REPEATED_STRING_MEASURED","","","","","0","","NOT_IN_ANY_DUPLICATE_GROUP","NO_DUPLICATE_RELATIONSHIP_RECORDED","NO","NO_DUPLICATE_RELATIONSHIP_RECORDED"
"CRP-LSRC-0256","0256","4436","CONTENT_RULE","F9","US_CALIFORNIA","US-CA","Consumer Credit Reporting Agencies Act (California), Civ. Code tit. 1.6, §§ 1785.1–1785.36","§ 1785.11.2(a)–(l) — Cal. Civ. Code § 1785.11.2","CRP-LSRC-0256","NONE","NO_REPEATED_STRING_MEASURED","","","","","0","","NOT_IN_ANY_DUPLICATE_GROUP","NO_DUPLICATE_RELATIONSHIP_RECORDED","NO","NO_DUPLICATE_RELATIONSHIP_RECORDED"
"CRP-LSRC-0257","0257","4453","CONTENT_RULE","F9","US_CALIFORNIA","US-CA","Consumer Credit Reporting Agencies Act (California), Civ. Code tit. 1.6, §§ 1785.1–1785.36","§ 1785.11.2(m) — Cal. Civ. Code § 1785.11.2","CRP-LSRC-0257","NONE","NO_REPEATED_STRING_MEASURED","","","","","0","","NOT_IN_ANY_DUPLICATE_GROUP","NO_DUPLICATE_RELATIONSHIP_RECORDED","NO","NO_DUPLICATE_RELATIONSHIP_RECORDED"
"CRP-LSRC-0258","0258","4470","CONTENT_RULE","F9","US_CALIFORNIA","US-CA","Consumer Credit Reporting Agencies Act (California), Civ. Code tit. 1.6, §§ 1785.1–1785.36","§ 1785.11.3(a)–(b) — Cal. Civ. Code § 1785.11.3","CRP-LSRC-0258","NONE","NO_REPEATED_STRING_MEASURED","","","","","0","","NOT_IN_ANY_DUPLICATE_GROUP","NO_DUPLICATE_RELATIONSHIP_RECORDED","NO","NO_DUPLICATE_RELATIONSHIP_RECORDED"
"CRP-LSRC-0259","0259","4487","CONTENT_RULE","F9","US_CALIFORNIA","US-CA","Consumer Credit Reporting Agencies Act (California), Civ. Code tit. 1.6, §§ 1785.1–1785.36","§ 1785.11.11(a)–(d), (g)–(i) — Cal. Civ. Code § 1785.11.11","CRP-LSRC-0259","NONE","NO_REPEATED_STRING_MEASURED","","","","","0","","NOT_IN_ANY_DUPLICATE_GROUP","NO_DUPLICATE_RELATIONSHIP_RECORDED","NO","NO_DUPLICATE_RELATIONSHIP_RECORDED"
"CRP-LSRC-0260","0260","4504","CONTENT_RULE","F9","US_CALIFORNIA","US-CA","Consumer Credit Reporting Agencies Act (California), Civ. Code tit. 1.6, §§ 1785.1–1785.36","§ 1785.12(b) — Cal. Civ. Code § 1785.12","CRP-LSRC-0260","NONE","NO_REPEATED_STRING_MEASURED","","","","","0","","NOT_IN_ANY_DUPLICATE_GROUP","NO_DUPLICATE_RELATIONSHIP_RECORDED","NO","NO_DUPLICATE_RELATIONSHIP_RECORDED"
"CRP-LSRC-0261","0261","4521","CONTENT_RULE","F1","US_CALIFORNIA","US-CA","Consumer Credit Reporting Agencies Act (California), Civ. Code tit. 1.6, §§ 1785.1–1785.36","§ 1785.13(a)(1) — Cal. Civ. Code § 1785.13","CRP-LSRC-0261","NONE","NO_REPEATED_STRING_MEASURED","","","","","0","","NOT_IN_ANY_DUPLICATE_GROUP","NO_DUPLICATE_RELATIONSHIP_RECORDED","NO","NO_DUPLICATE_RELATIONSHIP_RECORDED"
"CRP-LSRC-0262","0262","4538","CONTENT_RULE","F1","US_CALIFORNIA","US-CA","Consumer Credit Reporting Agencies Act (California), Civ. Code tit. 1.6, §§ 1785.1–1785.36","§ 1785.13(a)(2) — Cal. Civ. Code § 1785.13","CRP-LSRC-0262","NONE","NO_REPEATED_STRING_MEASURED","","","","","0","","NOT_IN_ANY_DUPLICATE_GROUP","NO_DUPLICATE_RELATIONSHIP_RECORDED","NO","NO_DUPLICATE_RELATIONSHIP_RECORDED"
"CRP-LSRC-0263","0263","4555","CONTENT_RULE","F1","US_CALIFORNIA","US-CA","Consumer Credit Reporting Agencies Act (California), Civ. Code tit. 1.6, §§ 1785.1–1785.36","§ 1785.13(a)(3) — Cal. Civ. Code § 1785.13","CRP-LSRC-0263","NONE","NO_REPEATED_STRING_MEASURED","","","","","0","","NOT_IN_ANY_DUPLICATE_GROUP","NO_DUPLICATE_RELATIONSHIP_RECORDED","NO","NO_DUPLICATE_RELATIONSHIP_RECORDED"
"CRP-LSRC-0264","0264","4572","CONTENT_RULE","F1","US_CALIFORNIA","US-CA","Consumer Credit Reporting Agencies Act (California), Civ. Code tit. 1.6, §§ 1785.1–1785.36","§ 1785.13(a)(4) — Cal. Civ. Code § 1785.13","CRP-LSRC-0264","NONE","NO_REPEATED_STRING_MEASURED","","","","","0","","NOT_IN_ANY_DUPLICATE_GROUP","NO_DUPLICATE_RELATIONSHIP_RECORDED","NO","NO_DUPLICATE_RELATIONSHIP_RECORDED"
"CRP-LSRC-0265","0265","4589","CONTENT_RULE","F1","US_CALIFORNIA","US-CA","Consumer Credit Reporting Agencies Act (California), Civ. Code tit. 1.6, §§ 1785.1–1785.36","§ 1785.13(a)(5) — Cal. Civ. Code § 1785.13","CRP-LSRC-0265","NONE","NO_REPEATED_STRING_MEASURED","","","","","0","","NOT_IN_ANY_DUPLICATE_GROUP","NO_DUPLICATE_RELATIONSHIP_RECORDED","NO","NO_DUPLICATE_RELATIONSHIP_RECORDED"
"CRP-LSRC-0266","0266","4606","CONTENT_RULE","F1","US_CALIFORNIA","US-CA","Consumer Credit Reporting Agencies Act (California), Civ. Code tit. 1.6, §§ 1785.1–1785.36","§ 1785.13(a)(6) — Cal. Civ. Code § 1785.13","CRP-LSRC-0266","NONE","NO_REPEATED_STRING_MEASURED","","","","","0","","NOT_IN_ANY_DUPLICATE_GROUP","NO_DUPLICATE_RELATIONSHIP_RECORDED","NO","NO_DUPLICATE_RELATIONSHIP_RECORDED"
"CRP-LSRC-0267","0267","4623","CONTENT_RULE","F3","US_CALIFORNIA","US-CA","Consumer Credit Reporting Agencies Act (California), Civ. Code tit. 1.6, §§ 1785.1–1785.36","§ 1785.13(a)(7) — Cal. Civ. Code § 1785.13","CRP-LSRC-0267","NONE","NO_REPEATED_STRING_MEASURED","","","","","0","","NOT_IN_ANY_DUPLICATE_GROUP","NO_DUPLICATE_RELATIONSHIP_RECORDED","NO","NO_DUPLICATE_RELATIONSHIP_RECORDED"
"CRP-LSRC-0268","0268","4640","CONTENT_RULE","F1","US_CALIFORNIA","US-CA","Consumer Credit Reporting Agencies Act (California), Civ. Code tit. 1.6, §§ 1785.1–1785.36","§ 1785.13(a)(8) — Cal. Civ. Code § 1785.13","CRP-LSRC-0268","NONE","NO_REPEATED_STRING_MEASURED","","","","","0","","NOT_IN_ANY_DUPLICATE_GROUP","NO_DUPLICATE_RELATIONSHIP_RECORDED","NO","NO_DUPLICATE_RELATIONSHIP_RECORDED"
"CRP-LSRC-0269","0269","4657","CONTENT_RULE","F1","US_CALIFORNIA","US-CA","Consumer Credit Reporting Agencies Act (California), Civ. Code tit. 1.6, §§ 1785.1–1785.36","§ 1785.13(b) — Cal. Civ. Code § 1785.13","CRP-LSRC-0269","NONE","NO_REPEATED_STRING_MEASURED","","","","","0","","NOT_IN_ANY_DUPLICATE_GROUP","NO_DUPLICATE_RELATIONSHIP_RECORDED","NO","NO_DUPLICATE_RELATIONSHIP_RECORDED"
"CRP-LSRC-0270","0270","4674","CONTENT_RULE","F7","US_CALIFORNIA","US-CA","Consumer Credit Reporting Agencies Act (California), Civ. Code tit. 1.6, §§ 1785.1–1785.36","§ 1785.13(c) — Cal. Civ. Code § 1785.13","CRP-LSRC-0270","NONE","NO_REPEATED_STRING_MEASURED","","","","","0","","NOT_IN_ANY_DUPLICATE_GROUP","NO_DUPLICATE_RELATIONSHIP_RECORDED","NO","NO_DUPLICATE_RELATIONSHIP_RECORDED"
"CRP-LSRC-0271","0271","4691","CONTENT_RULE","F1","US_CALIFORNIA","US-CA","Consumer Credit Reporting Agencies Act (California), Civ. Code tit. 1.6, §§ 1785.1–1785.36","§ 1785.13(d) — Cal. Civ. Code § 1785.13","CRP-LSRC-0271","NONE","NO_REPEATED_STRING_MEASURED","","","","","0","","NOT_IN_ANY_DUPLICATE_GROUP","NO_DUPLICATE_RELATIONSHIP_RECORDED","NO","NO_DUPLICATE_RELATIONSHIP_RECORDED"
"CRP-LSRC-0272","0272","4708","CONTENT_RULE","F4","US_CALIFORNIA","US-CA","Consumer Credit Reporting Agencies Act (California), Civ. Code tit. 1.6, §§ 1785.1–1785.36","§ 1785.13(e) — Cal. Civ. Code § 1785.13","CRP-LSRC-0272","NONE","NO_REPEATED_STRING_MEASURED","","","","","0","","NOT_IN_ANY_DUPLICATE_GROUP","NO_DUPLICATE_RELATIONSHIP_RECORDED","NO","NO_DUPLICATE_RELATIONSHIP_RECORDED"
"CRP-LSRC-0273","0273","4725","CONTENT_RULE","F3","US_CALIFORNIA","US-CA","Consumer Credit Reporting Agencies Act (California), Civ. Code tit. 1.6, §§ 1785.1–1785.36","§ 1785.13(f) — Cal. Civ. Code § 1785.13","CRP-LSRC-0273","NONE","NO_REPEATED_STRING_MEASURED","","","","","0","","NOT_IN_ANY_DUPLICATE_GROUP","NO_DUPLICATE_RELATIONSHIP_RECORDED","NO","NO_DUPLICATE_RELATIONSHIP_RECORDED"
"CRP-LSRC-0274","0274","4742","CONTENT_RULE","F4","US_CALIFORNIA","US-CA","Consumer Credit Reporting Agencies Act (California), Civ. Code tit. 1.6, §§ 1785.1–1785.36","§ 1785.13(g) — Cal. Civ. Code § 1785.13","CRP-LSRC-0274","NONE","NO_REPEATED_STRING_MEASURED","","","","","0","","NOT_IN_ANY_DUPLICATE_GROUP","NO_DUPLICATE_RELATIONSHIP_RECORDED","NO","NO_DUPLICATE_RELATIONSHIP_RECORDED"
"CRP-LSRC-0275","0275","4759","CONTENT_RULE","F8","US_CALIFORNIA","US-CA","Consumer Credit Reporting Agencies Act (California), Civ. Code tit. 1.6, §§ 1785.1–1785.36","§ 1785.14(a) — Cal. Civ. Code § 1785.14","CRP-LSRC-0275","NONE","NO_REPEATED_STRING_MEASURED","","","","","0","","NOT_IN_ANY_DUPLICATE_GROUP","NO_DUPLICATE_RELATIONSHIP_RECORDED","NO","NO_DUPLICATE_RELATIONSHIP_RECORDED"
"CRP-LSRC-0276","0276","4776","CONTENT_RULE","F4","US_CALIFORNIA","US-CA","Consumer Credit Reporting Agencies Act (California), Civ. Code tit. 1.6, §§ 1785.1–1785.36","§ 1785.14(b) (self-contradiction limb) — Cal. Civ. Code § 1785.14","CRP-LSRC-0276","NONE","NO_REPEATED_STRING_MEASURED","","","","","0","","NOT_IN_ANY_DUPLICATE_GROUP","NO_DUPLICATE_RELATIONSHIP_RECORDED","NO","NO_DUPLICATE_RELATIONSHIP_RECORDED"
"CRP-LSRC-0277","0277","4793","CONTENT_RULE","F4","US_CALIFORNIA","US-CA","Consumer Credit Reporting Agencies Act (California), Civ. Code tit. 1.6, §§ 1785.1–1785.36","§ 1785.14(b) (external-truth limb) — Cal. Civ. Code § 1785.14","CRP-LSRC-0277","NONE","NO_REPEATED_STRING_MEASURED","","","","","0","","NOT_IN_ANY_DUPLICATE_GROUP","NO_DUPLICATE_RELATIONSHIP_RECORDED","NO","NO_DUPLICATE_RELATIONSHIP_RECORDED"
"CRP-LSRC-0278","0278","4810","CONTENT_RULE","F10","US_CALIFORNIA","US-CA","Consumer Credit Reporting Agencies Act (California), Civ. Code tit. 1.6, §§ 1785.1–1785.36","§ 1785.14(d) — Cal. Civ. Code § 1785.14","CRP-LSRC-0278","NONE","NO_REPEATED_STRING_MEASURED","","","","","0","","NOT_IN_ANY_DUPLICATE_GROUP","NO_DUPLICATE_RELATIONSHIP_RECORDED","NO","NO_DUPLICATE_RELATIONSHIP_RECORDED"
"CRP-LSRC-0279","0279","4827","CONTENT_RULE","F5","US_CALIFORNIA","US-CA","Consumer Credit Reporting Agencies Act (California), Civ. Code tit. 1.6, §§ 1785.1–1785.36","§ 1785.15(a)–(b) — Cal. Civ. Code § 1785.15","CRP-LSRC-0279","NONE","NO_REPEATED_STRING_MEASURED","","","","","0","","NOT_IN_ANY_DUPLICATE_GROUP","NO_DUPLICATE_RELATIONSHIP_RECORDED","NO","NO_DUPLICATE_RELATIONSHIP_RECORDED"
"CRP-LSRC-0280","0280","4844","CONTENT_RULE","F5","US_CALIFORNIA","US-CA","Consumer Credit Reporting Agencies Act (California), Civ. Code tit. 1.6, §§ 1785.1–1785.36","§ 1785.15.1(a) — Cal. Civ. Code § 1785.15.1","CRP-LSRC-0280","NONE","NO_REPEATED_STRING_MEASURED","","","","","0","","NOT_IN_ANY_DUPLICATE_GROUP","NO_DUPLICATE_RELATIONSHIP_RECORDED","NO","NO_DUPLICATE_RELATIONSHIP_RECORDED"
"CRP-LSRC-0281","0281","4861","CONTENT_RULE","F5","US_CALIFORNIA","US-CA","Consumer Credit Reporting Agencies Act (California), Civ. Code tit. 1.6, §§ 1785.1–1785.36","§ 1785.15.2 — Cal. Civ. Code § 1785.15.2","CRP-LSRC-0281","NONE","NO_REPEATED_STRING_MEASURED","","","","","0","","NOT_IN_ANY_DUPLICATE_GROUP","NO_DUPLICATE_RELATIONSHIP_RECORDED","NO","NO_DUPLICATE_RELATIONSHIP_RECORDED"
"CRP-LSRC-0282","0282","4878","CONTENT_RULE","F9","US_CALIFORNIA","US-CA","Consumer Credit Reporting Agencies Act (California), Civ. Code tit. 1.6, §§ 1785.1–1785.36","§ 1785.15.3(a)–(b) — Cal. Civ. Code § 1785.15.3","CRP-LSRC-0282","NONE","NO_REPEATED_STRING_MEASURED","","","","","0","","NOT_IN_ANY_DUPLICATE_GROUP","NO_DUPLICATE_RELATIONSHIP_RECORDED","NO","NO_DUPLICATE_RELATIONSHIP_RECORDED"
"CRP-LSRC-0283","0283","4895","CONTENT_RULE","F6","US_CALIFORNIA","US-CA","Consumer Credit Reporting Agencies Act (California), Civ. Code tit. 1.6, §§ 1785.1–1785.36","§ 1785.16(a) — Cal. Civ. Code § 1785.16","CRP-LSRC-0283","NONE","NO_REPEATED_STRING_MEASURED","","","","","0","","NOT_IN_ANY_DUPLICATE_GROUP","NO_DUPLICATE_RELATIONSHIP_RECORDED","NO","NO_DUPLICATE_RELATIONSHIP_RECORDED"
"CRP-LSRC-0284","0284","4912","CONTENT_RULE","F6","US_CALIFORNIA","US-CA","Consumer Credit Reporting Agencies Act (California), Civ. Code tit. 1.6, §§ 1785.1–1785.36","§ 1785.16(b) — Cal. Civ. Code § 1785.16","CRP-LSRC-0284","NONE","NO_REPEATED_STRING_MEASURED","","","","","0","","NOT_IN_ANY_DUPLICATE_GROUP","NO_DUPLICATE_RELATIONSHIP_RECORDED","NO","NO_DUPLICATE_RELATIONSHIP_RECORDED"
"CRP-LSRC-0285","0285","4929","CONTENT_RULE","F6","US_CALIFORNIA","US-CA","Consumer Credit Reporting Agencies Act (California), Civ. Code tit. 1.6, §§ 1785.1–1785.36","§ 1785.16(f)–(g) — Cal. Civ. Code § 1785.16","CRP-LSRC-0285","NONE","NO_REPEATED_STRING_MEASURED","","","","","0","","NOT_IN_ANY_DUPLICATE_GROUP","NO_DUPLICATE_RELATIONSHIP_RECORDED","NO","NO_DUPLICATE_RELATIONSHIP_RECORDED"
"CRP-LSRC-0286","0286","4946","CONTENT_RULE","F9","US_CALIFORNIA","US-CA","Consumer Credit Reporting Agencies Act (California), Civ. Code tit. 1.6, §§ 1785.1–1785.36","§ 1785.16(k)–(l) — Cal. Civ. Code § 1785.16","CRP-LSRC-0286","NONE","NO_REPEATED_STRING_MEASURED","","","","","0","","NOT_IN_ANY_DUPLICATE_GROUP","NO_DUPLICATE_RELATIONSHIP_RECORDED","NO","NO_DUPLICATE_RELATIONSHIP_RECORDED"
"CRP-LSRC-0287","0287","4963","CONTENT_RULE","F10","US_CALIFORNIA","US-CA","Consumer Credit Reporting Agencies Act (California), Civ. Code tit. 1.6, §§ 1785.1–1785.36","§ 1785.16.1 — Cal. Civ. Code § 1785.16.1","CRP-LSRC-0287","NONE","NO_REPEATED_STRING_MEASURED","","","","","0","","NOT_IN_ANY_DUPLICATE_GROUP","NO_DUPLICATE_RELATIONSHIP_RECORDED","NO","NO_DUPLICATE_RELATIONSHIP_RECORDED"
"CRP-LSRC-0288","0288","4980","CONTENT_RULE","F7","US_CALIFORNIA","US-CA","Consumer Credit Reporting Agencies Act (California), Civ. Code tit. 1.6, §§ 1785.1–1785.36","§ 1785.18(a) — Cal. Civ. Code § 1785.18","CRP-LSRC-0288","NONE","NO_REPEATED_STRING_MEASURED","","","","","0","","NOT_IN_ANY_DUPLICATE_GROUP","NO_DUPLICATE_RELATIONSHIP_RECORDED","NO","NO_DUPLICATE_RELATIONSHIP_RECORDED"
"CRP-LSRC-0289","0289","4997","CONTENT_RULE","F8","US_CALIFORNIA","US-CA","Consumer Credit Reporting Agencies Act (California), Civ. Code tit. 1.6, §§ 1785.1–1785.36","§ 1785.19.5 — Cal. Civ. Code § 1785.19.5","CRP-LSRC-0289","NONE","NO_REPEATED_STRING_MEASURED","","","","","0","","NOT_IN_ANY_DUPLICATE_GROUP","NO_DUPLICATE_RELATIONSHIP_RECORDED","NO","NO_DUPLICATE_RELATIONSHIP_RECORDED"
"CRP-LSRC-0290","0290","5014","CONTENT_RULE","F4","US_CALIFORNIA","US-CA","Consumer Credit Reporting Agencies Act (California), Civ. Code tit. 1.6, §§ 1785.1–1785.36","§ 1785.25(a) — Cal. Civ. Code § 1785.25","CRP-LSRC-0290","NONE","NO_REPEATED_STRING_MEASURED","","","","","0","","NOT_IN_ANY_DUPLICATE_GROUP","NO_DUPLICATE_RELATIONSHIP_RECORDED","NO","NO_DUPLICATE_RELATIONSHIP_RECORDED"
"CRP-LSRC-0291","0291","5031","CONTENT_RULE","F4","US_CALIFORNIA","US-CA","Consumer Credit Reporting Agencies Act (California), Civ. Code tit. 1.6, §§ 1785.1–1785.36","§ 1785.25(b) — Cal. Civ. Code § 1785.25","CRP-LSRC-0291","NONE","NO_REPEATED_STRING_MEASURED","","","","","0","","NOT_IN_ANY_DUPLICATE_GROUP","NO_DUPLICATE_RELATIONSHIP_RECORDED","NO","NO_DUPLICATE_RELATIONSHIP_RECORDED"
"CRP-LSRC-0292","0292","5048","CONTENT_RULE","F4","US_CALIFORNIA","US-CA","Consumer Credit Reporting Agencies Act (California), Civ. Code tit. 1.6, §§ 1785.1–1785.36","§ 1785.25(c) — Cal. Civ. Code § 1785.25","CRP-LSRC-0292","NONE","NO_REPEATED_STRING_MEASURED","","","","","0","","NOT_IN_ANY_DUPLICATE_GROUP","NO_DUPLICATE_RELATIONSHIP_RECORDED","NO","NO_DUPLICATE_RELATIONSHIP_RECORDED"
"CRP-LSRC-0293","0293","5065","CONTENT_RULE","F4","US_CALIFORNIA","US-CA","Consumer Credit Reporting Agencies Act (California), Civ. Code tit. 1.6, §§ 1785.1–1785.36","§ 1785.25(d) — Cal. Civ. Code § 1785.25","CRP-LSRC-0293","NONE","NO_REPEATED_STRING_MEASURED","","","","","0","","NOT_IN_ANY_DUPLICATE_GROUP","NO_DUPLICATE_RELATIONSHIP_RECORDED","NO","NO_DUPLICATE_RELATIONSHIP_RECORDED"
"CRP-LSRC-0294","0294","5082","CONTENT_RULE","F1","US_CALIFORNIA","US-CA","Consumer Credit Reporting Agencies Act (California), Civ. Code tit. 1.6, §§ 1785.1–1785.36","§ 1785.25(e) — Cal. Civ. Code § 1785.25","CRP-LSRC-0294","NONE","NO_REPEATED_STRING_MEASURED","","","","","0","","NOT_IN_ANY_DUPLICATE_GROUP","NO_DUPLICATE_RELATIONSHIP_RECORDED","NO","NO_DUPLICATE_RELATIONSHIP_RECORDED"
"CRP-LSRC-0295","0295","5099","CONTENT_RULE","F4","US_CALIFORNIA","US-CA","Consumer Credit Reporting Agencies Act (California), Civ. Code tit. 1.6, §§ 1785.1–1785.36","§ 1785.25(f) — Cal. Civ. Code § 1785.25","CRP-LSRC-0295","NONE","NO_REPEATED_STRING_MEASURED","","","","","0","","NOT_IN_ANY_DUPLICATE_GROUP","NO_DUPLICATE_RELATIONSHIP_RECORDED","NO","NO_DUPLICATE_RELATIONSHIP_RECORDED"
"CRP-LSRC-0296","0296","5116","CONTENT_RULE","F4","US_CALIFORNIA","US-CA","Consumer Credit Reporting Agencies Act (California), Civ. Code tit. 1.6, §§ 1785.1–1785.36","§ 1785.26(b)–(c) — Cal. Civ. Code § 1785.26","CRP-LSRC-0296","NONE","NO_REPEATED_STRING_MEASURED","","","","","0","","NOT_IN_ANY_DUPLICATE_GROUP","NO_DUPLICATE_RELATIONSHIP_RECORDED","NO","NO_DUPLICATE_RELATIONSHIP_RECORDED"
"CRP-LSRC-0297","0297","5133","CONTENT_RULE","F3","US_CALIFORNIA","US-CA","Consumer Credit Reporting Agencies Act (California), Civ. Code tit. 1.6, §§ 1785.1–1785.36","§ 1785.27(a), (c)–(d) — Cal. Civ. Code § 1785.27","CRP-LSRC-0297","NONE","NO_REPEATED_STRING_MEASURED","","","","","0","","NOT_IN_ANY_DUPLICATE_GROUP","NO_DUPLICATE_RELATIONSHIP_RECORDED","NO","NO_DUPLICATE_RELATIONSHIP_RECORDED"
"CRP-LSRC-0298","0298","5150","CONTENT_RULE","F10","US_CALIFORNIA","US-CA","Consumer Credit Reporting Agencies Act (California), Civ. Code tit. 1.6, §§ 1785.1–1785.36","§ 1785.13 (preemption interaction for the whole overlay) — Cal. Civ. Code § 1785.13","CRP-LSRC-0298","NONE","NO_REPEATED_STRING_MEASURED","","","","","0","","NOT_IN_ANY_DUPLICATE_GROUP","NO_DUPLICATE_RELATIONSHIP_RECORDED","NO","NO_DUPLICATE_RELATIONSHIP_RECORDED"
"CRP-LSRC-0299","0299","5167","CONTENT_RULE","F6","US_CALIFORNIA","US-CA","Consumer Credit Reporting Agencies Act (California), Civ. Code tit. 1.6, §§ 1785.1–1785.36","§ 1785.30 — Cal. Civ. Code § 1785.30","CRP-LSRC-0299","NONE","NO_REPEATED_STRING_MEASURED","","","","","0","","NOT_IN_ANY_DUPLICATE_GROUP","NO_DUPLICATE_RELATIONSHIP_RECORDED","NO","NO_DUPLICATE_RELATIONSHIP_RECORDED"
"CRP-LSRC-0300","0300","5184","AUTHORITY_RECORD","F2","US_CALIFORNIA","US-CA","Consumer Credit Reporting Agencies Act (California), Civ. Code tit. 1.6, §§ 1785.1–1785.36","NOT RECORDED","CRP-LSRC-0300","DUP-PAIR-006","IDENTICAL_ARTIFACT_AND_CITATION","DUP-PAIR-006","CRP-LSRC-0300","","","64","DUP-CITE-009","DISTINCT_PROVISION_OR_VERSION","EVERY RECORDED PAIRWISE RELATIONSHIP OF THIS RECORD DIFFERS ON THE RECORDED IDENTITY FIELDS","NO","DUPLICATE_LINK_EXPLICIT_IDENTITY_AS_RECORDED_ADJUDICATED_DISTINCT"
"CRP-LSRC-0301","0301","5201","AUTHORITY_RECORD","F2","US_CALIFORNIA","US-CA","Investigative Consumer Reporting Agencies Act (California), Civ. Code tit. 1.6A, §§ 1786–1786.60","NOT RECORDED","CRP-LSRC-0300","DUP-PAIR-006","IDENTICAL_ARTIFACT_AND_CITATION","DUP-PAIR-006","CRP-LSRC-0300","","","64","DUP-CITE-009","DISTINCT_PROVISION_OR_VERSION","EVERY RECORDED PAIRWISE RELATIONSHIP OF THIS RECORD DIFFERS ON THE RECORDED IDENTITY FIELDS","NO","DUPLICATE_LINK_EXPLICIT_IDENTITY_AS_RECORDED_ADJUDICATED_DISTINCT"
"CRP-LSRC-0302","0302","5218","AUTHORITY_RECORD","F10","US_CALIFORNIA","US-CA","Rosenthal Fair Debt Collection Practices Act (California), Civ. Code § 1788 et seq.","NOT RECORDED","CRP-LSRC-0300","DUP-PAIR-006","IDENTICAL_ARTIFACT_AND_CITATION","DUP-PAIR-006","CRP-LSRC-0300","","","64","DUP-CITE-009","DISTINCT_PROVISION_OR_VERSION","EVERY RECORDED PAIRWISE RELATIONSHIP OF THIS RECORD DIFFERS ON THE RECORDED IDENTITY FIELDS","NO","DUPLICATE_LINK_EXPLICIT_IDENTITY_AS_RECORDED_ADJUDICATED_DISTINCT"
"CRP-LSRC-0303","0303","5235","AUTHORITY_RECORD","F1","US_CALIFORNIA","US-CA","Code of Civil Procedure (California)","NOT RECORDED","CRP-LSRC-0300","DUP-PAIR-006","IDENTICAL_ARTIFACT_AND_CITATION","DUP-PAIR-006","CRP-LSRC-0300","","","64","DUP-CITE-009","DISTINCT_PROVISION_OR_VERSION","EVERY RECORDED PAIRWISE RELATIONSHIP OF THIS RECORD DIFFERS ON THE RECORDED IDENTITY FIELDS","NO","DUPLICATE_LINK_EXPLICIT_IDENTITY_AS_RECORDED_ADJUDICATED_DISTINCT"
"CRP-LSRC-0304","0304","5252","AUTHORITY_RECORD","F2","US_NEW_YORK","US-NY","Fair Credit Reporting Act (New York), Gen. Bus. Law art. 25, §§ 380–380-v","NOT RECORDED","CRP-LSRC-0304","DUP-PAIR-007","IDENTICAL_ARTIFACT_AND_CITATION","DUP-PAIR-007","CRP-LSRC-0304","","","64","DUP-CITE-009","DISTINCT_PROVISION_OR_VERSION","EVERY RECORDED PAIRWISE RELATIONSHIP OF THIS RECORD DIFFERS ON THE RECORDED IDENTITY FIELDS","NO","DUPLICATE_LINK_EXPLICIT_IDENTITY_AS_RECORDED_ADJUDICATED_DISTINCT"
"CRP-LSRC-0305","0305","5269","AUTHORITY_RECORD","F1","US_NEW_YORK","US-NY","Civil Practice Law and Rules (New York), §§ 211 and 213","NOT RECORDED","CRP-LSRC-0304","DUP-PAIR-007","IDENTICAL_ARTIFACT_AND_CITATION","DUP-PAIR-007","CRP-LSRC-0304","","","64","DUP-CITE-009","DISTINCT_PROVISION_OR_VERSION","EVERY RECORDED PAIRWISE RELATIONSHIP OF THIS RECORD DIFFERS ON THE RECORDED IDENTITY FIELDS","NO","DUPLICATE_LINK_EXPLICIT_IDENTITY_AS_RECORDED_ADJUDICATED_DISTINCT"
"CRP-LSRC-0306","0306","5286","AUTHORITY_RECORD","F10","US_NEW_YORK","US-NY","Tax Law (New York) § 1141","NOT RECORDED","CRP-LSRC-0304","DUP-PAIR-007","IDENTICAL_ARTIFACT_AND_CITATION","DUP-PAIR-007","CRP-LSRC-0304","","","64","DUP-CITE-009","DISTINCT_PROVISION_OR_VERSION","EVERY RECORDED PAIRWISE RELATIONSHIP OF THIS RECORD DIFFERS ON THE RECORDED IDENTITY FIELDS","NO","DUPLICATE_LINK_EXPLICIT_IDENTITY_AS_RECORDED_ADJUDICATED_DISTINCT"
"CRP-LSRC-0307","0307","5303","AUTHORITY_RECORD","F3","US_NEW_YORK","US-NY","Public Health Law (New York) §§ 2807-k, 2826 (medical-debt provisions only)","NOT RECORDED","CRP-LSRC-0304","DUP-PAIR-007","IDENTICAL_ARTIFACT_AND_CITATION","DUP-PAIR-007","CRP-LSRC-0304","","","64","DUP-CITE-009","DISTINCT_PROVISION_OR_VERSION","EVERY RECORDED PAIRWISE RELATIONSHIP OF THIS RECORD DIFFERS ON THE RECORDED IDENTITY FIELDS","NO","DUPLICATE_LINK_EXPLICIT_IDENTITY_AS_RECORDED_ADJUDICATED_DISTINCT"
"CRP-LSRC-0308","0308","5320","AUTHORITY_RECORD","F2","US_WASHINGTON","US-WA","Fair Credit Reporting Act, chapter 19.182 RCW (Consumer reports — Washington's own credit-reporting chapter)","NOT RECORDED","CRP-LSRC-0308","DUP-PAIR-008","IDENTICAL_ARTIFACT_AND_CITATION","DUP-PAIR-008","CRP-LSRC-0308","","","61","DUP-CITE-009","DISTINCT_PROVISION_OR_VERSION","EVERY RECORDED PAIRWISE RELATIONSHIP OF THIS RECORD DIFFERS ON THE RECORDED IDENTITY FIELDS","NO","DUPLICATE_LINK_EXPLICIT_IDENTITY_AS_RECORDED_ADJUDICATED_DISTINCT"
"CRP-LSRC-0309","0309","5337","LIMITATION_RECORD","F1","CA","US-CA","California Code of Civil Procedure (California)","Cal. Civ. Proc. Code § 683.020","CRP-LSRC-0309","NONE","NO_REPEATED_STRING_MEASURED","","","","","0","","NOT_IN_ANY_DUPLICATE_GROUP","NO_DUPLICATE_RELATIONSHIP_RECORDED","NO","NO_DUPLICATE_RELATIONSHIP_RECORDED"
"CRP-LSRC-0310","0310","5354","GAP","F10","US_CALIFORNIA","US-CA","(California secondary-authority gap declaration) — no California secondary authority was read — PHASE5-001C owner amendment (closure is a scope decision only; no secondary source is retrieved; see CRP_GAP_REFUSAL_RESOLUTION_REGISTER.md): the owner document records a cross-reference statement that California primary statutory language (California Civil Code) was cross-referenced with California Department of Financial Protection and Innovation (DFPI) administrative guidance and Witkin California Law treatises. The statement is recorded as owner-authorised. No locator or retrieval is recorded for the named guidance or treatises, so they are not admitted as retrieved sources and no authority record is created","NOT RECORDED","CRP-LSRC-0300","DUP-PAIR-006","IDENTICAL_ARTIFACT_AND_CITATION","DUP-PAIR-006","CRP-LSRC-0300","","","64","DUP-CITE-009","DISTINCT_PROVISION_OR_VERSION","EVERY RECORDED PAIRWISE RELATIONSHIP OF THIS RECORD DIFFERS ON THE RECORDED IDENTITY FIELDS","NO","DUPLICATE_LINK_EXPLICIT_IDENTITY_AS_RECORDED_ADJUDICATED_DISTINCT"
"CRP-LSRC-0311","0311","5371","GAP","F10","US_NEW_YORK","US-NY","(New York secondary-authority gap declaration) — no New York secondary authority was read — PHASE5-001C owner amendment (closure is a scope decision only; no secondary source is retrieved; see CRP_GAP_REFUSAL_RESOLUTION_REGISTER.md): the owner document records a cross-reference statement that New York primary statutory language (New York CPLR and the Fair Consumer Debt Reporting Act) was cross-referenced with New York Department of Financial Services (NYDFS) industry guidance and McKinney's Practice Commentaries. The statement is recorded as owner-authorised, and the named State Act is recorded as owner-supplied naming only. No locator or retrieval is recorded for the named guidance or commentaries, so they are not admitted as retrieved sources and no authority record is created","NOT RECORDED","CRP-LSRC-0304","DUP-PAIR-007","IDENTICAL_ARTIFACT_AND_CITATION","DUP-PAIR-007","CRP-LSRC-0304","","","64","DUP-CITE-009","DISTINCT_PROVISION_OR_VERSION","EVERY RECORDED PAIRWISE RELATIONSHIP OF THIS RECORD DIFFERS ON THE RECORDED IDENTITY FIELDS","NO","DUPLICATE_LINK_EXPLICIT_IDENTITY_AS_RECORDED_ADJUDICATED_DISTINCT"
"CRP-LSRC-0312","0312","5388","GAP","F10","US_WASHINGTON","US-WA","(Washington secondary-authority gap declaration) — no Washington agency interpretation, attorney-general opinion or regulatory guidance was read — PHASE5-001C owner amendment (closure is a scope decision only; no secondary source is retrieved; see CRP_GAP_REFUSAL_RESOLUTION_REGISTER.md): the owner document records a cross-reference statement that Washington primary statutory parameters (the Washington Collection Agency Act and the Fair Credit Reporting Act) were cross-referenced with Washington State Attorney General's Office formal opinions and Department of Financial Institutions compliance manuals, and additionally states that logic rules actively enforce Washington's total medical debt reporting prohibition and mandated multi-point billing disclosures. Both statements are recorded as owner-authorised assertions. No locator or retrieval is recorded for the named opinions or manuals, and no runtime behaviour is confirmed by this work order; the Washington medical-debt reporting rule is not restated, extended or generalised here","NOT RECORDED","CRP-LSRC-0308","DUP-PAIR-008","IDENTICAL_ARTIFACT_AND_CITATION","DUP-PAIR-008","CRP-LSRC-0308","","","61","DUP-CITE-009","DISTINCT_PROVISION_OR_VERSION","EVERY RECORDED PAIRWISE RELATIONSHIP OF THIS RECORD DIFFERS ON THE RECORDED IDENTITY FIELDS","NO","DUPLICATE_LINK_EXPLICIT_IDENTITY_AS_RECORDED_ADJUDICATED_DISTINCT"
"CRP-LSRC-0313","0313","5405","CITATION_RECORD","F3","FEDERAL","","PIPEDA","S.C. 2000, c. 5, Sch. 1, cl. 4.6","CRP-LSRC-0313","NONE","NO_REPEATED_STRING_MEASURED","","","","","0","","NOT_IN_ANY_DUPLICATE_GROUP","NO_DUPLICATE_RELATIONSHIP_RECORDED","NO","NO_DUPLICATE_RELATIONSHIP_RECORDED"
"CRP-LSRC-0314","0314","5422","CONTENT_RULE","F1","FEDERAL","","PIPEDA","NOT RECORDED (`section: null`)","CRP-LSRC-0314","DUP-PAIR-009","IDENTICAL_ARTIFACT_AND_CITATION","DUP-PAIR-009","CRP-LSRC-0314","","","1","","DISTINCT_PROVISION_OR_VERSION","EVERY RECORDED PAIRWISE RELATIONSHIP OF THIS RECORD DIFFERS ON THE RECORDED IDENTITY FIELDS","NO","DUPLICATE_LINK_EXPLICIT_IDENTITY_AS_RECORDED_ADJUDICATED_DISTINCT"
"CRP-LSRC-0315","0315","5439","CONTENT_RULE","F1","FEDERAL","","PIPEDA","NOT RECORDED","CRP-LSRC-0315","DUP-PAIR-010","IDENTICAL_ARTIFACT_AND_CITATION","DUP-PAIR-010","CRP-LSRC-0315","","CRP-LSRC-0316; CRP-LSRC-0317; CRP-LSRC-0318; CRP-LSRC-0320","74","DUP-CITE-009","IDENTITY_UNRESOLVED","SAME_RECORDED_INSTRUMENT_PROVISION_ABSENT_IN_BOTH","NO","DUPLICATE_LINK_EXPLICIT_IDENTITY_OPEN"
"CRP-LSRC-0316","0316","5456","CONTENT_RULE","F1","FEDERAL","","PIPEDA","NOT RECORDED","CRP-LSRC-0315","DUP-PAIR-010","IDENTICAL_ARTIFACT_AND_CITATION","DUP-PAIR-010","CRP-LSRC-0315","","CRP-LSRC-0315; CRP-LSRC-0317; CRP-LSRC-0318; CRP-LSRC-0320","74","DUP-CITE-009","IDENTITY_UNRESOLVED","SAME_RECORDED_INSTRUMENT_PROVISION_ABSENT_IN_BOTH","NO","DUPLICATE_LINK_EXPLICIT_IDENTITY_OPEN"
"CRP-LSRC-0317","0317","5473","CONTENT_RULE","F1","FEDERAL","","PIPEDA","NOT RECORDED","CRP-LSRC-0315","DUP-PAIR-010","IDENTICAL_ARTIFACT_AND_CITATION","DUP-PAIR-010","CRP-LSRC-0315","","CRP-LSRC-0315; CRP-LSRC-0316; CRP-LSRC-0318; CRP-LSRC-0320","74","DUP-CITE-009","IDENTITY_UNRESOLVED","SAME_RECORDED_INSTRUMENT_PROVISION_ABSENT_IN_BOTH","NO","DUPLICATE_LINK_EXPLICIT_IDENTITY_OPEN"
"CRP-LSRC-0318","0318","5490","CONTENT_RULE","F1","FEDERAL","","PIPEDA","NOT RECORDED","CRP-LSRC-0315","DUP-PAIR-010","IDENTICAL_ARTIFACT_AND_CITATION","DUP-PAIR-010","CRP-LSRC-0315","","CRP-LSRC-0315; CRP-LSRC-0316; CRP-LSRC-0317; CRP-LSRC-0320","74","DUP-CITE-009","IDENTITY_UNRESOLVED","SAME_RECORDED_INSTRUMENT_PROVISION_ABSENT_IN_BOTH","NO","DUPLICATE_LINK_EXPLICIT_IDENTITY_OPEN"
"CRP-LSRC-0319","0319","5507","CONTENT_RULE","F4","FEDERAL","","PIPEDA","Schedule 1, clause 4.6 (Accuracy) and clause 4.9 (Individual access)","CRP-LSRC-0319","NONE","NO_REPEATED_STRING_MEASURED","","","","","0","","NOT_IN_ANY_DUPLICATE_GROUP","NO_DUPLICATE_RELATIONSHIP_RECORDED","NO","NO_DUPLICATE_RELATIONSHIP_RECORDED"
"CRP-LSRC-0320","0320","5524","CONTENT_RULE","F1","FEDERAL","","PIPEDA","NOT RECORDED","CRP-LSRC-0315","DUP-PAIR-010","IDENTICAL_ARTIFACT_AND_CITATION","DUP-PAIR-010","CRP-LSRC-0315","","CRP-LSRC-0315; CRP-LSRC-0316; CRP-LSRC-0317; CRP-LSRC-0318","74","DUP-CITE-009","IDENTITY_UNRESOLVED","SAME_RECORDED_INSTRUMENT_PROVISION_ABSENT_IN_BOTH","NO","DUPLICATE_LINK_EXPLICIT_IDENTITY_OPEN"
"CRP-LSRC-0321","0321","5541","GAP","F10","Canada — country scope","","`provincial and territorial Acts` (per the entry's own naming) — Every province and territory is in the table with an instrument; the recorded gap concerns how those instruments relate to the federal baseline — PHASE5-001C owner amendment (relationship recorded; cross-layer conflict remains open; see CRP_GAP_REFUSAL_RESOLUTION_REGISTER.md): the owner document records the federal baseline as PIPEDA for privacy with Bank Act and FCAC guidelines for banking, and records that every province and territory already has an instrument in the table. Owner-supplied relationship statements: (i) for a federal bank the federal baseline takes priority while provincial data-accuracy and privacy laws are still respected absent direct conflict; (ii) for a provincial lender or collector the provincial instrument governs operational timelines such as credit aging and collections; (iii) for a conflict in timelines the owner document proposes applying the shortest, most consumer-friendly window. Statement (iii) is recorded as a proposal only and is NOT adopted: this amendment applies no shortest-period and no global override rule, so cross-layer conflict resolution remains unresolved. Provincial examples named by the owner document are Ontario (Consumer Reporting Act, R.S.O. 1990) and Quebec (Civil Code of Québec / Consumer Protection Act), together with British Columbia and Alberta in the same supplied matrix. Province-specific rules are preserved as supplied and no merged, superseding or overridden rule is created","NOT RECORDED","CRP-LSRC-0315","DUP-PAIR-010","IDENTICAL_ARTIFACT_AND_CITATION","DUP-PAIR-010","CRP-LSRC-0315","","","82","DUP-CITE-009","DISTINCT_PROVISION_OR_VERSION","EVERY RECORDED PAIRWISE RELATIONSHIP OF THIS RECORD DIFFERS ON THE RECORDED IDENTITY FIELDS","NO","DUPLICATE_LINK_EXPLICIT_IDENTITY_AS_RECORDED_ADJUDICATED_DISTINCT"
"CRP-LSRC-0322","0322","5558","GAP","F10","Canada — country scope","","`FCAC` published bureau practice — The recorded FCAC periods are the bureaus' published practice; no statutory basis is cited for each period — PHASE5-001C owner amendment (statutory-basis identifications supplied for the named provinces; retrieval still owed; see CRP_GAP_REFUSAL_RESOLUTION_REGISTER.md): the owner document supplies the following owner-supplied statutory bases for the recorded bureau reporting periods, each given as bankruptcy-first years / collections-and-judgments years: Ontario 7/6 (Consumer Reporting Act, R.S.O. 1990, c. C.33, s. 9(3)); Quebec 6/6 (Civil Code of Québec, CQLR c CCQ-1991, art. 30); British Columbia 6/6 (Business Practices and Consumer Protection Act, S.B.C. 2004, c. 2, s. 109); Alberta 6/6 (Consumer Protection Act, R.S.A. 2000, c. C-26.3 with the Consumer Reporting Regulation, s. 16); Manitoba 6/6 (Personal Investigations Act, C.C.S.M. c. P34, s. 9(3)); Saskatchewan 6/6 (The Credit Reporting Act, S.S. 2004, c. C-43.2, s. 18); Nova Scotia 6/6 (Consumer Reporting Act, R.S.N.S. 1989, c. 89, s. 11(3)); New Brunswick 7/6 (Consumer Reporting Act, S.N.B. 2014, c. 31, s. 13); Prince Edward Island 7/6 (Consumer Reporting Act, R.S.P.E.I. 1988, c. C-18, s. 10); Newfoundland and Labrador 7/6 (Consumer Reporting Act, R.S.N.L. 1990, c. C-32, s. 11); Yukon, Northwest Territories and Nunavut 6/6 respectively under the Consumers Protection Act or Consumer Protection Act, with no precise provision supplied. None of these provisions was retrieved in this work order, so no period is admitted as a verified statutory basis and no rule is entered. Provenance limitation: the owner document cites the Prince Edward Island Consumer Reporting Act as c. C-18 in this row and as c. C-20 in the CRP-LSRC-0323 row","NOT RECORDED","CRP-LSRC-0315","DUP-PAIR-010","IDENTICAL_ARTIFACT_AND_CITATION","DUP-PAIR-010","CRP-LSRC-0315","","","82","DUP-CITE-009","DISTINCT_PROVISION_OR_VERSION","EVERY RECORDED PAIRWISE RELATIONSHIP OF THIS RECORD DIFFERS ON THE RECORDED IDENTITY FIELDS","NO","DUPLICATE_LINK_EXPLICIT_IDENTITY_AS_RECORDED_ADJUDICATED_DISTINCT"
"CRP-LSRC-0323","0323","5575","GAP","F10","Canada — country scope","","the four provincial consumer-reporting regimes (named by the entry) — Those regimes are read in their own words and deliberately not entered; the entry records the blocking reason — PHASE5-001C owner amendment (exclusion provisions recorded; the deliberate non-entry is retained; see CRP_GAP_REFUSAL_RESOLUTION_REGISTER.md): the owner document supplies the provisions for the four regimes read and deliberately not entered — Ontario (Consumer Reporting Act, R.S.O. 1990, c. C.33, s. 2(2) and s. 2(3): carve-outs where the Act does not apply, including professional investigations and specialised financial data transfers); Nova Scotia (Consumer Reporting Act, R.S.N.S. 1989, c. 89, s. 2: scope limited to consumer reports compiled for profit or commercial dissemination); New Brunswick (Consumer Reporting Act, S.N.B. 2014, c. 31, s. 2: limits on what constitutes an active consumer reporting file); Prince Edward Island (Consumer Reporting Act, R.S.P.E.I. 1988, c. C-20, s. 2: jurisdictional parameters and exemptions for commercial credit lines or cross-border file processing). The deliberate non-entry of these regimes is retained and is now grounded as an owner-supplied scope decision; the provisions were not retrieved in this work order, so no rule is entered and no exclusion is applied by this amendment. Provenance limitation: the Prince Edward Island chapter number is given as c. C-20 here and as c. C-18 in the CRP-LSRC-0322 row","NOT RECORDED","CRP-LSRC-0315","DUP-PAIR-010","IDENTICAL_ARTIFACT_AND_CITATION","DUP-PAIR-010","CRP-LSRC-0315","","","82","DUP-CITE-009","DISTINCT_PROVISION_OR_VERSION","EVERY RECORDED PAIRWISE RELATIONSHIP OF THIS RECORD DIFFERS ON THE RECORDED IDENTITY FIELDS","NO","DUPLICATE_LINK_EXPLICIT_IDENTITY_AS_RECORDED_ADJUDICATED_DISTINCT"
"CRP-LSRC-0324","0324","5592","GAP","F10","Canada / United Kingdom — dual country scope","","(bureau-side duties; named by the entry) — Bureau-side duties read and deliberately not entered; the decision is recorded as made — PHASE5-001C owner amendment (bureau-side duties recorded; scoping retained and out of scope for report-only findings; see CRP_GAP_REFUSAL_RESOLUTION_REGISTER.md): the owner document supplies the bureau-side statutory frameworks that were read and deliberately not entered. Canada: Ontario Consumer Reporting Act, R.S.O. 1990, c. C.33, s. 8 (duty to maintain accurate files) and s. 13 (30-day dispute investigation framework); Civil Code of Québec, CQLR c CCQ-1991, art. 35 to 40 (reputation and privacy protections) with the Act respecting the protection of personal information in the private sector; British Columbia Business Practices and Consumer Protection Act, S.B.C. 2004, c. 2, Part 6, s. 107 to 112 (consumer reporting agency responsibilities and mandatory file corrections). United Kingdom: UK Data Protection Act 2018 and UK GDPR Article 5(1)(d) (accuracy principle); Consumer Credit Act 1974, s. 157 to 159 (disclosure of file contents and the correction and notice framework). The recorded reason for omission is that this node enforces data-furnisher obligations only. Bureau-side duties and bureau conduct cannot be established from report content, so they remain out of scope for report-only findings and are not entered as rules","NOT RECORDED","CRP-LSRC-0315","DUP-PAIR-010","IDENTICAL_ARTIFACT_AND_CITATION","DUP-PAIR-010","CRP-LSRC-0315","","","82","DUP-CITE-009","DISTINCT_PROVISION_OR_VERSION","EVERY RECORDED PAIRWISE RELATIONSHIP OF THIS RECORD DIFFERS ON THE RECORDED IDENTITY FIELDS","NO","DUPLICATE_LINK_EXPLICIT_IDENTITY_AS_RECORDED_ADJUDICATED_DISTINCT"
"CRP-LSRC-0325","0325","5609","GAP","F1","CA-*","","provincial Limitation Acts; Quebec: Civil Code of Québec — Recorded `SOL_GAPS` entry for `CA-*` (provincial/territorial; the wildcard token identifies no single unit) — PHASE5-001C owner amendment (wildcard preserved; this gap is NOT closed; the supplied mapping is held separately in the register; see CRP_GAP_REFUSAL_RESOLUTION_REGISTER.md): the owner document supplies the following exact-jurisdiction limitation mapping, recorded separately from this unresolved wildcard — Ontario 2 years (Limitations Act, 2002, S.O. 2002, c. 24, Sched. B, s. 4); British Columbia 2 years (Limitation Act, S.B.C. 2012, c. 13, s. 6); Alberta 2 years (Limitations Act, R.S.A. 2000, c. L-12, s. 3(1)(a)); Quebec 3 years (Civil Code of Québec, CQLR c CCQ-1991, art. 2925); Nova Scotia 3 years (Limitation of Actions Act, S.N.S. 2014, c. 35, s. 8); New Brunswick 3 years (Limitation of Actions Act, S.N.B. 2009, c. L-8.5, s. 5(1)). The mapping is recorded as owner-supplied, is not retrieved in this work order, is not applied by this amendment, and covers only six of the thirteen provincial and territorial units, so CA-* remains an unresolved wildcard that identifies no single unit. The owner document also proposes resolving the wildcard from the locked session province or the account profile; that off-report route is NOT adopted","NOT RECORDED","CRP-LSRC-0078","DUP-PAIR-003","IDENTICAL_ARTIFACT_AND_CITATION","DUP-PAIR-003","CRP-LSRC-0078","","","81","DUP-CITE-009","DISTINCT_PROVISION_OR_VERSION","EVERY RECORDED PAIRWISE RELATIONSHIP OF THIS RECORD DIFFERS ON THE RECORDED IDENTITY FIELDS","NO","DUPLICATE_LINK_EXPLICIT_IDENTITY_AS_RECORDED_ADJUDICATED_DISTINCT"
"CRP-LSRC-0326","0326","5626","LIMITATION_RECORD","F1","CA-AB","CA-AB","Canada — Alberta, Limitations Act, R.S.A. 2000, c. L-12","NOT RECORDED","CRP-LSRC-0078","DUP-PAIR-003","IDENTICAL_ARTIFACT_AND_CITATION","DUP-PAIR-003","CRP-LSRC-0078","","","81","DUP-CITE-009","DISTINCT_PROVISION_OR_VERSION","EVERY RECORDED PAIRWISE RELATIONSHIP OF THIS RECORD DIFFERS ON THE RECORDED IDENTITY FIELDS","NO","DUPLICATE_LINK_EXPLICIT_IDENTITY_AS_RECORDED_ADJUDICATED_DISTINCT"
"CRP-LSRC-0327","0327","5643","LIMITATION_RECORD","F1","CA-MB","CA-MB","Canada — Manitoba, The Limitations Act, S.M. 2021, c. 44 (C.C.S.M. c. L150)","NOT RECORDED","CRP-LSRC-0078","DUP-PAIR-003","IDENTICAL_ARTIFACT_AND_CITATION","DUP-PAIR-003","CRP-LSRC-0078","","","81","DUP-CITE-009","DISTINCT_PROVISION_OR_VERSION","EVERY RECORDED PAIRWISE RELATIONSHIP OF THIS RECORD DIFFERS ON THE RECORDED IDENTITY FIELDS","NO","DUPLICATE_LINK_EXPLICIT_IDENTITY_AS_RECORDED_ADJUDICATED_DISTINCT"
"CRP-LSRC-0328","0328","5660","LIMITATION_RECORD","F1","CA-PE","CA-PE","Canada — Prince Edward Island, Statute of Limitations, R.S.P.E.I. 1988, c. S-7","NOT RECORDED","CRP-LSRC-0078","DUP-PAIR-003","IDENTICAL_ARTIFACT_AND_CITATION","DUP-PAIR-003","CRP-LSRC-0078","","","81","DUP-CITE-009","DISTINCT_PROVISION_OR_VERSION","EVERY RECORDED PAIRWISE RELATIONSHIP OF THIS RECORD DIFFERS ON THE RECORDED IDENTITY FIELDS","NO","DUPLICATE_LINK_EXPLICIT_IDENTITY_AS_RECORDED_ADJUDICATED_DISTINCT"
"CRP-LSRC-0329","0329","5677","LIMITATION_RECORD","F1","CA-BC","CA-BC","Canada — British Columbia, Limitation Act, S.B.C. 2012, c. 13","NOT RECORDED","CRP-LSRC-0078","DUP-PAIR-003","IDENTICAL_ARTIFACT_AND_CITATION","DUP-PAIR-003","CRP-LSRC-0078","","","81","DUP-CITE-009","DISTINCT_PROVISION_OR_VERSION","EVERY RECORDED PAIRWISE RELATIONSHIP OF THIS RECORD DIFFERS ON THE RECORDED IDENTITY FIELDS","NO","DUPLICATE_LINK_EXPLICIT_IDENTITY_AS_RECORDED_ADJUDICATED_DISTINCT"
"CRP-LSRC-0330","0330","5694","LIMITATION_RECORD","F1","CA-NB","CA-NB","Canada — New Brunswick, Limitation of Actions Act, S.N.B. 2009, c. L-8.5","NOT RECORDED","CRP-LSRC-0078","DUP-PAIR-003","IDENTICAL_ARTIFACT_AND_CITATION","DUP-PAIR-003","CRP-LSRC-0078","","","81","DUP-CITE-009","DISTINCT_PROVISION_OR_VERSION","EVERY RECORDED PAIRWISE RELATIONSHIP OF THIS RECORD DIFFERS ON THE RECORDED IDENTITY FIELDS","NO","DUPLICATE_LINK_EXPLICIT_IDENTITY_AS_RECORDED_ADJUDICATED_DISTINCT"
"CRP-LSRC-0331","0331","5711","LIMITATION_RECORD","F1","CA-SK","CA-SK","Canada — Saskatchewan, The Limitations Act, S.S. 2004, c. L-16.1","NOT RECORDED","CRP-LSRC-0078","DUP-PAIR-003","IDENTICAL_ARTIFACT_AND_CITATION","DUP-PAIR-003","CRP-LSRC-0078","","","81","DUP-CITE-009","DISTINCT_PROVISION_OR_VERSION","EVERY RECORDED PAIRWISE RELATIONSHIP OF THIS RECORD DIFFERS ON THE RECORDED IDENTITY FIELDS","NO","DUPLICATE_LINK_EXPLICIT_IDENTITY_AS_RECORDED_ADJUDICATED_DISTINCT"
"CRP-LSRC-0332","0332","5728","LIMITATION_RECORD","F1","CA-NL","CA-NL","Limitations Act, S.N.L. 1995, c. L-16.1","NOT RECORDED","CRP-LSRC-0078","DUP-PAIR-003","IDENTICAL_ARTIFACT_AND_CITATION","DUP-PAIR-003","CRP-LSRC-0078","","","81","DUP-CITE-009","DISTINCT_PROVISION_OR_VERSION","EVERY RECORDED PAIRWISE RELATIONSHIP OF THIS RECORD DIFFERS ON THE RECORDED IDENTITY FIELDS","NO","DUPLICATE_LINK_EXPLICIT_IDENTITY_AS_RECORDED_ADJUDICATED_DISTINCT"
"CRP-LSRC-0333","0333","5745","LIMITATION_RECORD","F1","CA-NT","CA-NT","Limitation of Actions Act, R.S.N.W.T. 1988, c. L-8","NOT RECORDED","CRP-LSRC-0078","DUP-PAIR-003","IDENTICAL_ARTIFACT_AND_CITATION","DUP-PAIR-003","CRP-LSRC-0078","","","81","DUP-CITE-009","DISTINCT_PROVISION_OR_VERSION","EVERY RECORDED PAIRWISE RELATIONSHIP OF THIS RECORD DIFFERS ON THE RECORDED IDENTITY FIELDS","NO","DUPLICATE_LINK_EXPLICIT_IDENTITY_AS_RECORDED_ADJUDICATED_DISTINCT"
"CRP-LSRC-0334","0334","5762","LIMITATION_RECORD","F1","CA-NU","CA-NU","Limitation of Actions Act, C.S.Nu., c. L-110","NOT RECORDED","CRP-LSRC-0078","DUP-PAIR-003","IDENTICAL_ARTIFACT_AND_CITATION","DUP-PAIR-003","CRP-LSRC-0078","","","81","DUP-CITE-009","DISTINCT_PROVISION_OR_VERSION","EVERY RECORDED PAIRWISE RELATIONSHIP OF THIS RECORD DIFFERS ON THE RECORDED IDENTITY FIELDS","NO","DUPLICATE_LINK_EXPLICIT_IDENTITY_AS_RECORDED_ADJUDICATED_DISTINCT"
"CRP-LSRC-0335","0335","5779","LIMITATION_RECORD","F1","CA-YT","CA-YT","Limitation of Actions Act, R.S.Y. 2002, c. 139","NOT RECORDED","CRP-LSRC-0078","DUP-PAIR-003","IDENTICAL_ARTIFACT_AND_CITATION","DUP-PAIR-003","CRP-LSRC-0078","","","81","DUP-CITE-009","DISTINCT_PROVISION_OR_VERSION","EVERY RECORDED PAIRWISE RELATIONSHIP OF THIS RECORD DIFFERS ON THE RECORDED IDENTITY FIELDS","NO","DUPLICATE_LINK_EXPLICIT_IDENTITY_AS_RECORDED_ADJUDICATED_DISTINCT"
"CRP-LSRC-0336","0336","5796","AUTHORITY_RECORD","F2","NS","CA-NS","Consumer Reporting Act (Nova Scotia), R.S.N.S. 1989, c. 93","NOT RECORDED","CRP-LSRC-0315","DUP-PAIR-010","IDENTICAL_ARTIFACT_AND_CITATION","DUP-PAIR-010","CRP-LSRC-0315","","CRP-LSRC-0349","81","DUP-CITE-009","IDENTITY_UNRESOLVED","SAME_RECORDED_INSTRUMENT_PROVISION_ABSENT_IN_BOTH","NO","DUPLICATE_LINK_EXPLICIT_IDENTITY_OPEN"
"CRP-LSRC-0337","0337","5813","AUTHORITY_RECORD","F2","ON","CA-ON","Consumer Reporting Act (Ontario), R.S.O. 1990, c. C.33","NOT RECORDED","CRP-LSRC-0315","DUP-PAIR-010","IDENTICAL_ARTIFACT_AND_CITATION","DUP-PAIR-010","CRP-LSRC-0315","","CRP-LSRC-0351","81","DUP-CITE-009","IDENTITY_UNRESOLVED","SAME_RECORDED_INSTRUMENT_PROVISION_ABSENT_IN_BOTH","NO","DUPLICATE_LINK_EXPLICIT_IDENTITY_OPEN"
"CRP-LSRC-0338","0338","5830","AUTHORITY_RECORD","F2","BC","CA-BC","Business Practices and Consumer Protection Act (British Columbia), S.B.C. 2004, c. 2 — Part 6, Credit Reporting (the Credit Reporting Act, R.S.B.C. 1996, c. 81, was repealed 4 July 2004 and is kept here as the record)","NOT RECORDED","CRP-LSRC-0315","DUP-PAIR-010","IDENTICAL_ARTIFACT_AND_CITATION","DUP-PAIR-010","CRP-LSRC-0315","","","82","DUP-CITE-009","DISTINCT_PROVISION_OR_VERSION","EVERY RECORDED PAIRWISE RELATIONSHIP OF THIS RECORD DIFFERS ON THE RECORDED IDENTITY FIELDS","NO","DUPLICATE_LINK_EXPLICIT_IDENTITY_AS_RECORDED_ADJUDICATED_DISTINCT"
"CRP-LSRC-0339","0339","5847","AUTHORITY_RECORD","F2","AB","CA-AB","Consumer Protection Act (Alberta), R.S.A. 2000, c. C-26.3","NOT RECORDED","CRP-LSRC-0315","DUP-PAIR-010","IDENTICAL_ARTIFACT_AND_CITATION","DUP-PAIR-010","CRP-LSRC-0315","","","82","DUP-CITE-009","DISTINCT_PROVISION_OR_VERSION","EVERY RECORDED PAIRWISE RELATIONSHIP OF THIS RECORD DIFFERS ON THE RECORDED IDENTITY FIELDS","NO","DUPLICATE_LINK_EXPLICIT_IDENTITY_AS_RECORDED_ADJUDICATED_DISTINCT"
"CRP-LSRC-0340","0340","5864","AUTHORITY_RECORD","F2","SK","CA-SK","Credit Reporting Act (Saskatchewan), S.S. 2004, c. C-43.2","NOT RECORDED","CRP-LSRC-0315","DUP-PAIR-010","IDENTICAL_ARTIFACT_AND_CITATION","DUP-PAIR-010","CRP-LSRC-0315","","","82","DUP-CITE-009","DISTINCT_PROVISION_OR_VERSION","EVERY RECORDED PAIRWISE RELATIONSHIP OF THIS RECORD DIFFERS ON THE RECORDED IDENTITY FIELDS","NO","DUPLICATE_LINK_EXPLICIT_IDENTITY_AS_RECORDED_ADJUDICATED_DISTINCT"
"CRP-LSRC-0341","0341","5881","AUTHORITY_RECORD","F10","MB","CA-MB","Consumer Protection Act (Manitoba), C.C.S.M. c. C200 (no consumer-reporting provisions)","NOT RECORDED","CRP-LSRC-0315","DUP-PAIR-010","IDENTICAL_ARTIFACT_AND_CITATION","DUP-PAIR-010","CRP-LSRC-0315","","","82","DUP-CITE-009","DISTINCT_PROVISION_OR_VERSION","EVERY RECORDED PAIRWISE RELATIONSHIP OF THIS RECORD DIFFERS ON THE RECORDED IDENTITY FIELDS","NO","DUPLICATE_LINK_EXPLICIT_IDENTITY_AS_RECORDED_ADJUDICATED_DISTINCT"
"CRP-LSRC-0342","0342","5898","AUTHORITY_RECORD","F2","QC","CA-QC","Consumer Protection Act (Quebec), CQLR c. P-40.1","NOT RECORDED","CRP-LSRC-0315","DUP-PAIR-010","IDENTICAL_ARTIFACT_AND_CITATION","DUP-PAIR-010","CRP-LSRC-0315","","","82","DUP-CITE-009","DISTINCT_PROVISION_OR_VERSION","EVERY RECORDED PAIRWISE RELATIONSHIP OF THIS RECORD DIFFERS ON THE RECORDED IDENTITY FIELDS","NO","DUPLICATE_LINK_EXPLICIT_IDENTITY_AS_RECORDED_ADJUDICATED_DISTINCT"
"CRP-LSRC-0343","0343","5915","AUTHORITY_RECORD","F2","NB","CA-NB","Credit Reporting Services Act (New Brunswick), S.N.B. 2017, c. 27","NOT RECORDED","CRP-LSRC-0315","DUP-PAIR-010","IDENTICAL_ARTIFACT_AND_CITATION","DUP-PAIR-010","CRP-LSRC-0315","","","82","DUP-CITE-009","DISTINCT_PROVISION_OR_VERSION","EVERY RECORDED PAIRWISE RELATIONSHIP OF THIS RECORD DIFFERS ON THE RECORDED IDENTITY FIELDS","NO","DUPLICATE_LINK_EXPLICIT_IDENTITY_AS_RECORDED_ADJUDICATED_DISTINCT"
"CRP-LSRC-0344","0344","5932","AUTHORITY_RECORD","F2","NL","CA-NL","Consumer Protection and Business Practices Act (Newfoundland and Labrador), S.N.L. 2009, c. C-31.1 — Part VI, Credit Reports (the Consumer Reporting Agencies Act, R.S.N.L. 1990, c. C-32, was repealed by 2009, c. C-31.1, s. 112)","NOT RECORDED","CRP-LSRC-0315","DUP-PAIR-010","IDENTICAL_ARTIFACT_AND_CITATION","DUP-PAIR-010","CRP-LSRC-0315","","","82","DUP-CITE-009","DISTINCT_PROVISION_OR_VERSION","EVERY RECORDED PAIRWISE RELATIONSHIP OF THIS RECORD DIFFERS ON THE RECORDED IDENTITY FIELDS","NO","DUPLICATE_LINK_EXPLICIT_IDENTITY_AS_RECORDED_ADJUDICATED_DISTINCT"
"CRP-LSRC-0345","0345","5949","AUTHORITY_RECORD","F2","PE","CA-PE","Consumer Reporting Act (Prince Edward Island), R.S.P.E.I. 1988, c. C-20","NOT RECORDED","CRP-LSRC-0315","DUP-PAIR-010","IDENTICAL_ARTIFACT_AND_CITATION","DUP-PAIR-010","CRP-LSRC-0315","","","82","DUP-CITE-009","DISTINCT_PROVISION_OR_VERSION","EVERY RECORDED PAIRWISE RELATIONSHIP OF THIS RECORD DIFFERS ON THE RECORDED IDENTITY FIELDS","NO","DUPLICATE_LINK_EXPLICIT_IDENTITY_AS_RECORDED_ADJUDICATED_DISTINCT"
"CRP-LSRC-0346","0346","5966","AUTHORITY_RECORD","F2","YT","CA-YT","Consumer Reporting Act (Yukon), R.S.Y. 2002, c. 41 (unevidenced)","NOT RECORDED","CRP-LSRC-0315","DUP-PAIR-010","IDENTICAL_ARTIFACT_AND_CITATION","DUP-PAIR-010","CRP-LSRC-0315","","","82","DUP-CITE-009","DISTINCT_PROVISION_OR_VERSION","EVERY RECORDED PAIRWISE RELATIONSHIP OF THIS RECORD DIFFERS ON THE RECORDED IDENTITY FIELDS","NO","DUPLICATE_LINK_EXPLICIT_IDENTITY_AS_RECORDED_ADJUDICATED_DISTINCT"
"CRP-LSRC-0347","0347","5983","AUTHORITY_RECORD","F2","NT","CA-NT","Consumer Reporting Act (Northwest Territories), R.S.N.W.T. 1988, c. C-18 (unevidenced)","NOT RECORDED","CRP-LSRC-0315","DUP-PAIR-010","IDENTICAL_ARTIFACT_AND_CITATION","DUP-PAIR-010","CRP-LSRC-0315","","","82","DUP-CITE-009","DISTINCT_PROVISION_OR_VERSION","EVERY RECORDED PAIRWISE RELATIONSHIP OF THIS RECORD DIFFERS ON THE RECORDED IDENTITY FIELDS","NO","DUPLICATE_LINK_EXPLICIT_IDENTITY_AS_RECORDED_ADJUDICATED_DISTINCT"
"CRP-LSRC-0348","0348","6000","AUTHORITY_RECORD","F2","NU","CA-NU","Consumer Reporting Act (Nunavut), R.S.N.W.T. (Nu) 1988, c. C-18 (unevidenced)","NOT RECORDED","CRP-LSRC-0315","DUP-PAIR-010","IDENTICAL_ARTIFACT_AND_CITATION","DUP-PAIR-010","CRP-LSRC-0315","","","82","DUP-CITE-009","DISTINCT_PROVISION_OR_VERSION","EVERY RECORDED PAIRWISE RELATIONSHIP OF THIS RECORD DIFFERS ON THE RECORDED IDENTITY FIELDS","NO","DUPLICATE_LINK_EXPLICIT_IDENTITY_AS_RECORDED_ADJUDICATED_DISTINCT"
"CRP-LSRC-0349","0349","6017","AUTHORITY_RECORD","F2","`CANADA_NOVA_SCOTIA` (`CA-NS`)","CA-NS","Consumer Reporting Act (Nova Scotia), R.S.N.S. 1989, c. 93","NOT RECORDED","CRP-LSRC-0349","DUP-PAIR-011","IDENTICAL_ARTIFACT_AND_CITATION","DUP-PAIR-011","CRP-LSRC-0349","","CRP-LSRC-0336","61","DUP-CITE-009","IDENTITY_UNRESOLVED","SAME_RECORDED_INSTRUMENT_PROVISION_ABSENT_IN_BOTH","NO","DUPLICATE_LINK_EXPLICIT_IDENTITY_OPEN"
"CRP-LSRC-0350","0350","6034","AUTHORITY_RECORD","F1","`CANADA_NOVA_SCOTIA` (`CA-NS`)","CA-NS","Limitation of Actions Act (Nova Scotia), S.N.S. 2014, c. 35","NOT RECORDED","CRP-LSRC-0349","DUP-PAIR-011","IDENTICAL_ARTIFACT_AND_CITATION","DUP-PAIR-011","CRP-LSRC-0349","","","62","DUP-CITE-009","DISTINCT_PROVISION_OR_VERSION","EVERY RECORDED PAIRWISE RELATIONSHIP OF THIS RECORD DIFFERS ON THE RECORDED IDENTITY FIELDS","NO","DUPLICATE_LINK_EXPLICIT_IDENTITY_AS_RECORDED_ADJUDICATED_DISTINCT"
"CRP-LSRC-0351","0351","6051","AUTHORITY_RECORD","F2","`CANADA_ONTARIO` (`CA-ON`)","CA-ON","Consumer Reporting Act (Ontario), R.S.O. 1990, c. C.33","NOT RECORDED","CRP-LSRC-0349","DUP-PAIR-011","IDENTICAL_ARTIFACT_AND_CITATION","DUP-PAIR-011","CRP-LSRC-0349","","CRP-LSRC-0337","61","DUP-CITE-009","IDENTITY_UNRESOLVED","SAME_RECORDED_INSTRUMENT_PROVISION_ABSENT_IN_BOTH","NO","DUPLICATE_LINK_EXPLICIT_IDENTITY_OPEN"
"CRP-LSRC-0352","0352","6068","CONTENT_RULE","F1","NS","CA-NS","Consumer Reporting Act (Nova Scotia), R.S.N.S. 1989, c. 93","`s. 10(3)(c) — a consumer reporting agency shall not include in a consumer report 'information …'` (recorded provision label; quoted wording withheld)","CRP-LSRC-0352","NONE","NO_REPEATED_STRING_MEASURED","","","","","0","","NOT_IN_ANY_DUPLICATE_GROUP","NO_DUPLICATE_RELATIONSHIP_RECORDED","NO","NO_DUPLICATE_RELATIONSHIP_RECORDED"
"CRP-LSRC-0353","0353","6085","CONTENT_RULE","F1","NS","CA-NS","Consumer Reporting Act (Nova Scotia), R.S.N.S. 1989, c. 93","`s. 10(e) — no consumer report may include 'information as to the bankruptcy of a consumer afte…'` (recorded provision label; quoted wording withheld)","CRP-LSRC-0353","NONE","NO_REPEATED_STRING_MEASURED","","","","","0","","NOT_IN_ANY_DUPLICATE_GROUP","NO_DUPLICATE_RELATIONSHIP_RECORDED","NO","NO_DUPLICATE_RELATIONSHIP_RECORDED"
"CRP-LSRC-0354","0354","6102","CONTENT_RULE","F1","CA-NS","CA-NS","Consumer Reporting Act (Nova Scotia), R.S.N.S. 1989, c. 93 (`ca-ns.cra`)","s. 10(3)(c)","CRP-LSRC-0354","NONE","NO_REPEATED_STRING_MEASURED","","","","","0","","NOT_IN_ANY_DUPLICATE_GROUP","NO_DUPLICATE_RELATIONSHIP_RECORDED","NO","NO_DUPLICATE_RELATIONSHIP_RECORDED"
"CRP-LSRC-0355","0355","6119","CONTENT_RULE","F7","CA-NS","CA-NS","same","s. 10(3)(ca)","CRP-LSRC-0355","NONE","NO_REPEATED_STRING_MEASURED","","","","","0","","NOT_IN_ANY_DUPLICATE_GROUP","NO_DUPLICATE_RELATIONSHIP_RECORDED","NO","NO_DUPLICATE_RELATIONSHIP_RECORDED"
"CRP-LSRC-0356","0356","6136","CONTENT_RULE","F7","CA-NS","CA-NS","same","s. 10(3)(da)","CRP-LSRC-0356","NONE","NO_REPEATED_STRING_MEASURED","","","","","0","","NOT_IN_ANY_DUPLICATE_GROUP","NO_DUPLICATE_RELATIONSHIP_RECORDED","NO","NO_DUPLICATE_RELATIONSHIP_RECORDED"
"CRP-LSRC-0357","0357","6153","CONTENT_RULE","F1","CA-NS","CA-NS","same","s. 10(3)(e)","CRP-LSRC-0357","NONE","NO_REPEATED_STRING_MEASURED","","","","","0","","NOT_IN_ANY_DUPLICATE_GROUP","NO_DUPLICATE_RELATIONSHIP_RECORDED","NO","NO_DUPLICATE_RELATIONSHIP_RECORDED"
"CRP-LSRC-0358","0358","6170","CONTENT_RULE","F7","CA-NS","CA-NS","same","s. 10(3)(f)","CRP-LSRC-0358","NONE","NO_REPEATED_STRING_MEASURED","","","","","0","","NOT_IN_ANY_DUPLICATE_GROUP","NO_DUPLICATE_RELATIONSHIP_RECORDED","NO","NO_DUPLICATE_RELATIONSHIP_RECORDED"
"CRP-LSRC-0359","0359","6187","CONTENT_RULE","F7","CA-NS","CA-NS","same","s. 10(3)(g)","CRP-LSRC-0359","NONE","NO_REPEATED_STRING_MEASURED","","","","","0","","NOT_IN_ANY_DUPLICATE_GROUP","NO_DUPLICATE_RELATIONSHIP_RECORDED","NO","NO_DUPLICATE_RELATIONSHIP_RECORDED"
"CRP-LSRC-0360","0360","6204","CONTENT_RULE","F1","CA-NS","CA-NS","same","s. 10(3)(ha)","CRP-LSRC-0360","NONE","NO_REPEATED_STRING_MEASURED","","","","","0","","NOT_IN_ANY_DUPLICATE_GROUP","NO_DUPLICATE_RELATIONSHIP_RECORDED","NO","NO_DUPLICATE_RELATIONSHIP_RECORDED"
"CRP-LSRC-0361","0361","6221","CONTENT_RULE","F1","CA-NS","CA-NS","Limitation of Actions Act (Nova Scotia), S.N.S. 2014, c. 35 (`ca-ns.laa`)","s. 8(1)","CRP-LSRC-0361","NONE","NO_REPEATED_STRING_MEASURED","","","","","0","","NOT_IN_ANY_DUPLICATE_GROUP","NO_DUPLICATE_RELATIONSHIP_RECORDED","NO","NO_DUPLICATE_RELATIONSHIP_RECORDED"
"CRP-LSRC-0362","0362","6238","CONTENT_RULE","F4","CA-ON","CA-ON","Consumer Reporting Act (Ontario), R.S.O. 1990, c. C.33 (`ca-on.cra`)","s. 9(3)(a)","CRP-LSRC-0362","NONE","NO_REPEATED_STRING_MEASURED","","","","","0","","NOT_IN_ANY_DUPLICATE_GROUP","NO_DUPLICATE_RELATIONSHIP_RECORDED","NO","NO_DUPLICATE_RELATIONSHIP_RECORDED"
"CRP-LSRC-0363","0363","6255","CONTENT_RULE","F4","CA-ON","CA-ON","same","s. 9(3)(b)","CRP-LSRC-0363","NONE","NO_REPEATED_STRING_MEASURED","","","","","0","","NOT_IN_ANY_DUPLICATE_GROUP","NO_DUPLICATE_RELATIONSHIP_RECORDED","NO","NO_DUPLICATE_RELATIONSHIP_RECORDED"
"CRP-LSRC-0364","0364","6272","CONTENT_RULE","F7","CA-ON","CA-ON","same","s. 9(3)(c)","CRP-LSRC-0364","NONE","NO_REPEATED_STRING_MEASURED","","","","","0","","NOT_IN_ANY_DUPLICATE_GROUP","NO_DUPLICATE_RELATIONSHIP_RECORDED","NO","NO_DUPLICATE_RELATIONSHIP_RECORDED"
"CRP-LSRC-0365","0365","6289","CONTENT_RULE","F7","CA-ON","CA-ON","same","s. 9(3)(d)","CRP-LSRC-0365","NONE","NO_REPEATED_STRING_MEASURED","","","","","0","","NOT_IN_ANY_DUPLICATE_GROUP","NO_DUPLICATE_RELATIONSHIP_RECORDED","NO","NO_DUPLICATE_RELATIONSHIP_RECORDED"
"CRP-LSRC-0366","0366","6306","CONTENT_RULE","F1","CA-ON","CA-ON","same","s. 9(3)(e)","CRP-LSRC-0366","NONE","NO_REPEATED_STRING_MEASURED","","","","","0","","NOT_IN_ANY_DUPLICATE_GROUP","NO_DUPLICATE_RELATIONSHIP_RECORDED","NO","NO_DUPLICATE_RELATIONSHIP_RECORDED"
"CRP-LSRC-0367","0367","6323","CONTENT_RULE","F1","CA-ON","CA-ON","same","s. 9(3)(f)","CRP-LSRC-0367","NONE","NO_REPEATED_STRING_MEASURED","","","","","0","","NOT_IN_ANY_DUPLICATE_GROUP","NO_DUPLICATE_RELATIONSHIP_RECORDED","NO","NO_DUPLICATE_RELATIONSHIP_RECORDED"
"CRP-LSRC-0368","0368","6340","CONTENT_RULE","F7","CA-ON","CA-ON","same","s. 9(3)(i)","CRP-LSRC-0368","NONE","NO_REPEATED_STRING_MEASURED","","","","","0","","NOT_IN_ANY_DUPLICATE_GROUP","NO_DUPLICATE_RELATIONSHIP_RECORDED","NO","NO_DUPLICATE_RELATIONSHIP_RECORDED"
"CRP-LSRC-0369","0369","6357","CONTENT_RULE","F7","CA-ON","CA-ON","same","s. 9(3)(j)","CRP-LSRC-0369","NONE","NO_REPEATED_STRING_MEASURED","","","","","0","","NOT_IN_ANY_DUPLICATE_GROUP","NO_DUPLICATE_RELATIONSHIP_RECORDED","NO","NO_DUPLICATE_RELATIONSHIP_RECORDED"
"CRP-LSRC-0370","0370","6374","CONTENT_RULE","F1","CA-ON","CA-ON","same","s. 9(3)(k)","CRP-LSRC-0370","NONE","NO_REPEATED_STRING_MEASURED","","","","","0","","NOT_IN_ANY_DUPLICATE_GROUP","NO_DUPLICATE_RELATIONSHIP_RECORDED","NO","NO_DUPLICATE_RELATIONSHIP_RECORDED"
"CRP-LSRC-0371","0371","6391","CONTENT_RULE","F10","CA-ON","CA-ON","same","s. 9(3)(l)","CRP-LSRC-0371","NONE","NO_REPEATED_STRING_MEASURED","","","","","0","","NOT_IN_ANY_DUPLICATE_GROUP","NO_DUPLICATE_RELATIONSHIP_RECORDED","NO","NO_DUPLICATE_RELATIONSHIP_RECORDED"
"CRP-LSRC-0372","0372","6408","CONTENT_RULE","F10","CA-ON","CA-ON","same","s. 9(3)(m)","CRP-LSRC-0372","NONE","NO_REPEATED_STRING_MEASURED","","","","","0","","NOT_IN_ANY_DUPLICATE_GROUP","NO_DUPLICATE_RELATIONSHIP_RECORDED","NO","NO_DUPLICATE_RELATIONSHIP_RECORDED"
"CRP-LSRC-0373","0373","6425","CITATION_RECORD","F10","AB","CA-AB","Consumer Protection Act (Alberta)","R.S.A. 2000, c. C-26.3, s. [VERIFY]","CRP-LSRC-0373","NONE","NO_REPEATED_STRING_MEASURED","","","","","0","","NOT_IN_ANY_DUPLICATE_GROUP","NO_DUPLICATE_RELATIONSHIP_RECORDED","NO","NO_DUPLICATE_RELATIONSHIP_RECORDED"
"CRP-LSRC-0374","0374","6442","CITATION_RECORD","F1","AB","CA-AB","Limitations Act (Alberta)","R.S.A. 2000, c. L-12, s. [VERIFY]","CRP-LSRC-0374","NONE","NO_REPEATED_STRING_MEASURED","","","","","0","","NOT_IN_ANY_DUPLICATE_GROUP","NO_DUPLICATE_RELATIONSHIP_RECORDED","NO","NO_DUPLICATE_RELATIONSHIP_RECORDED"
"CRP-LSRC-0375","0375","6459","CITATION_RECORD","F2","BC","CA-BC","Business Practices and Consumer Protection Act (BC)","S.B.C. 2004, c. 2, s. [VERIFY]","CRP-LSRC-0375","NONE","NO_REPEATED_STRING_MEASURED","","","","","0","","NOT_IN_ANY_DUPLICATE_GROUP","NO_DUPLICATE_RELATIONSHIP_RECORDED","NO","NO_DUPLICATE_RELATIONSHIP_RECORDED"
"CRP-LSRC-0376","0376","6476","CITATION_RECORD","F1","BC","CA-BC","Limitation Act (British Columbia)","S.B.C. 2012, c. 13, s. [VERIFY]","CRP-LSRC-0376","NONE","NO_REPEATED_STRING_MEASURED","","","","","0","","NOT_IN_ANY_DUPLICATE_GROUP","NO_DUPLICATE_RELATIONSHIP_RECORDED","NO","NO_DUPLICATE_RELATIONSHIP_RECORDED"
"CRP-LSRC-0377","0377","6493","CITATION_RECORD","F2","MB","CA-MB","The Personal Investigations Act (Manitoba)","C.C.S.M. c. P34, s. [VERIFY]","CRP-LSRC-0377","NONE","NO_REPEATED_STRING_MEASURED","","","","","0","","NOT_IN_ANY_DUPLICATE_GROUP","NO_DUPLICATE_RELATIONSHIP_RECORDED","NO","NO_DUPLICATE_RELATIONSHIP_RECORDED"
"CRP-LSRC-0378","0378","6510","CITATION_RECORD","F1","MB","CA-MB","Limitations Act (Manitoba)","C.C.S.M. c. L150, s. [VERIFY]","CRP-LSRC-0378","NONE","NO_REPEATED_STRING_MEASURED","","","","","0","","NOT_IN_ANY_DUPLICATE_GROUP","NO_DUPLICATE_RELATIONSHIP_RECORDED","NO","NO_DUPLICATE_RELATIONSHIP_RECORDED"
"CRP-LSRC-0379","0379","6527","CITATION_RECORD","F2","NB","CA-NB","Credit Reporting Services Act (New Brunswick)","S.N.B. 2017, c. 27, s. [VERIFY]","CRP-LSRC-0379","NONE","NO_REPEATED_STRING_MEASURED","","","","","0","","NOT_IN_ANY_DUPLICATE_GROUP","NO_DUPLICATE_RELATIONSHIP_RECORDED","NO","NO_DUPLICATE_RELATIONSHIP_RECORDED"
"CRP-LSRC-0380","0380","6544","CITATION_RECORD","F1","NB","CA-NB","Limitation of Actions Act (New Brunswick)","S.N.B. 2009, c. L-8.5, s. [VERIFY]","CRP-LSRC-0380","NONE","NO_REPEATED_STRING_MEASURED","","","","","0","","NOT_IN_ANY_DUPLICATE_GROUP","NO_DUPLICATE_RELATIONSHIP_RECORDED","NO","NO_DUPLICATE_RELATIONSHIP_RECORDED"
"CRP-LSRC-0381","0381","6561","CITATION_RECORD","F2","NL","CA-NL","Consumer Reporting Act (Newfoundland and Labrador)","R.S.N.L. 1990, c. C-33, s. [VERIFY]","CRP-LSRC-0381","NONE","NO_REPEATED_STRING_MEASURED","","","","","0","","NOT_IN_ANY_DUPLICATE_GROUP","NO_DUPLICATE_RELATIONSHIP_RECORDED","NO","NO_DUPLICATE_RELATIONSHIP_RECORDED"
"CRP-LSRC-0382","0382","6578","CITATION_RECORD","F1","NL","CA-NL","Limitations Act (Newfoundland and Labrador)","S.N.L. 1995, c. L-16.1, s. [VERIFY]","CRP-LSRC-0382","NONE","NO_REPEATED_STRING_MEASURED","","","","","0","","NOT_IN_ANY_DUPLICATE_GROUP","NO_DUPLICATE_RELATIONSHIP_RECORDED","NO","NO_DUPLICATE_RELATIONSHIP_RECORDED"
"CRP-LSRC-0383","0383","6595","CITATION_RECORD","F2","NS","CA-NS","Consumer Reporting Act (Nova Scotia)","R.S.N.S. 1989, c. 93, s. [VERIFY]","CRP-LSRC-0383","NONE","NO_REPEATED_STRING_MEASURED","","","","","0","","NOT_IN_ANY_DUPLICATE_GROUP","NO_DUPLICATE_RELATIONSHIP_RECORDED","NO","NO_DUPLICATE_RELATIONSHIP_RECORDED"
"CRP-LSRC-0384","0384","6612","CITATION_RECORD","F1","NS","CA-NS","Limitation of Actions Act (Nova Scotia)","S.N.S. 2014, c. 35, s. [VERIFY]","CRP-LSRC-0384","NONE","NO_REPEATED_STRING_MEASURED","","","","","0","","NOT_IN_ANY_DUPLICATE_GROUP","NO_DUPLICATE_RELATIONSHIP_RECORDED","NO","NO_DUPLICATE_RELATIONSHIP_RECORDED"
"CRP-LSRC-0385","0385","6629","CITATION_RECORD","F1","NT","CA-NT","Limitation of Actions Act (NT)","Limitation of Actions Act (NT), [chapter VERIFY], s. [VERIFY]","CRP-LSRC-0385","NONE","NO_REPEATED_STRING_MEASURED","","","","","0","","NOT_IN_ANY_DUPLICATE_GROUP","NO_DUPLICATE_RELATIONSHIP_RECORDED","NO","NO_DUPLICATE_RELATIONSHIP_RECORDED"
"CRP-LSRC-0386","0386","6646","CITATION_RECORD","F1","NU","CA-NU","Limitation of Actions Act (NU)","Limitation of Actions Act (NU), [chapter VERIFY], s. [VERIFY]","CRP-LSRC-0386","NONE","NO_REPEATED_STRING_MEASURED","","","","","0","","NOT_IN_ANY_DUPLICATE_GROUP","NO_DUPLICATE_RELATIONSHIP_RECORDED","NO","NO_DUPLICATE_RELATIONSHIP_RECORDED"
"CRP-LSRC-0387","0387","6663","CITATION_RECORD","F2","ON","CA-ON","Consumer Reporting Act (Ontario)","R.S.O. 1990, c. C.33, s. [VERIFY]","CRP-LSRC-0387","NONE","NO_REPEATED_STRING_MEASURED","","","","","0","","NOT_IN_ANY_DUPLICATE_GROUP","NO_DUPLICATE_RELATIONSHIP_RECORDED","NO","NO_DUPLICATE_RELATIONSHIP_RECORDED"
"CRP-LSRC-0388","0388","6680","CITATION_RECORD","F1","ON","CA-ON","Limitations Act, 2002 (Ontario)","S.O. 2002, c. 24, Sch. B, s. [VERIFY]","CRP-LSRC-0388","NONE","NO_REPEATED_STRING_MEASURED","","","","","0","","NOT_IN_ANY_DUPLICATE_GROUP","NO_DUPLICATE_RELATIONSHIP_RECORDED","NO","NO_DUPLICATE_RELATIONSHIP_RECORDED"
"CRP-LSRC-0389","0389","6697","CITATION_RECORD","F2","PE","CA-PE","Consumer Reporting Act (Prince Edward Island)","R.S.P.E.I. 1988, c. C-19, s. [VERIFY]","CRP-LSRC-0389","NONE","NO_REPEATED_STRING_MEASURED","","","","","0","","NOT_IN_ANY_DUPLICATE_GROUP","NO_DUPLICATE_RELATIONSHIP_RECORDED","NO","NO_DUPLICATE_RELATIONSHIP_RECORDED"
"CRP-LSRC-0390","0390","6714","CITATION_RECORD","F1","PE","CA-PE","Statute of Limitations (PEI)","R.S.P.E.I. 1988, c. S-7, s. [VERIFY]","CRP-LSRC-0390","NONE","NO_REPEATED_STRING_MEASURED","","","","","0","","NOT_IN_ANY_DUPLICATE_GROUP","NO_DUPLICATE_RELATIONSHIP_RECORDED","NO","NO_DUPLICATE_RELATIONSHIP_RECORDED"
"CRP-LSRC-0391","0391","6731","CITATION_RECORD","F10","QC","CA-QC","Civil Code of Québec","C.C.Q. art. [VERIFY]","CRP-LSRC-0391","NONE","NO_REPEATED_STRING_MEASURED","","","","","0","","NOT_IN_ANY_DUPLICATE_GROUP","NO_DUPLICATE_RELATIONSHIP_RECORDED","NO","NO_DUPLICATE_RELATIONSHIP_RECORDED"
"CRP-LSRC-0392","0392","6748","CITATION_RECORD","F2","SK","CA-SK","The Credit Reporting Act (Saskatchewan)","S.S. 2004, c. C-43.2, s. [VERIFY]","CRP-LSRC-0392","NONE","NO_REPEATED_STRING_MEASURED","","","","","0","","NOT_IN_ANY_DUPLICATE_GROUP","NO_DUPLICATE_RELATIONSHIP_RECORDED","NO","NO_DUPLICATE_RELATIONSHIP_RECORDED"
"CRP-LSRC-0393","0393","6765","CITATION_RECORD","F1","SK","CA-SK","Limitations Act (Saskatchewan)","S.S. 2004, c. L-16.1, s. [VERIFY]","CRP-LSRC-0393","NONE","NO_REPEATED_STRING_MEASURED","","","","","0","","NOT_IN_ANY_DUPLICATE_GROUP","NO_DUPLICATE_RELATIONSHIP_RECORDED","NO","NO_DUPLICATE_RELATIONSHIP_RECORDED"
"CRP-LSRC-0394","0394","6782","CITATION_RECORD","F1","YT","CA-YT","Limitation of Actions Act (Yukon)","R.S.Y. 2002, c. 139, s. [VERIFY]","CRP-LSRC-0394","NONE","NO_REPEATED_STRING_MEASURED","","","","","0","","NOT_IN_ANY_DUPLICATE_GROUP","NO_DUPLICATE_RELATIONSHIP_RECORDED","NO","NO_DUPLICATE_RELATIONSHIP_RECORDED"
"CRP-LSRC-0395","0395","6799","REFUSAL","F1","CA-NS","CA-NS","Limitation of Actions Act, S.N.S. 2014, c. 35 — Provision is read and represented by the governed corpus; no period is applied — the unit fails closed — PHASE5-001C owner amendment (refusal retained; citations, dates and rationale recorded; see CRP_GAP_REFUSAL_RESOLUTION_REGISTER.md): the owner document supplies s. 12 (ultimate limitation period) of the Limitation of Actions Act, S.N.S. 2014, c. 35, in force since 2015-06-01, and records the rationale that this unit fails closed because s. 12 establishes an absolute ultimate ceiling measured from the act or omission rather than from discovery or acknowledgment. The recorded refusal is retained: no limitation period is applied from report content, and this amendment creates no operational collection or reporting block and no finding authority","s. 12 (ultimate limitation period) — owner-supplied identification; not retrieved in this work order","CRP-LSRC-0395","NONE","NO_REPEATED_STRING_MEASURED","","","","","0","","NOT_IN_ANY_DUPLICATE_GROUP","NO_DUPLICATE_RELATIONSHIP_RECORDED","NO","NO_DUPLICATE_RELATIONSHIP_RECORDED"
"CRP-LSRC-0396","0396","6816","REFUSAL","F1","CA-ON","CA-ON","Limitations Act, 2002 (Ontario) (discovery start) — Discovery-based start; recorded owner direction 2026-09-17 — refusal retained — PHASE5-001C owner amendment (refusal retained; citations, dates and rationale recorded; see CRP_GAP_REFUSAL_RESOLUTION_REGISTER.md): the owner document supplies s. 5 (discovery) and s. 15 (ultimate limitation period) of the Limitations Act, 2002, S.O. 2002, c. 24, Sched. B, in force since 2004-01-01, and records that this refusal is retained per the recorded owner direction dated 2026-09-17. Rationale as supplied: the two-year clock is described as running from discovery rather than as a flat period, with s. 15 as the ultimate ceiling. The recorded refusal is retained: no limitation period is applied from report content, and this amendment creates no operational collection or reporting block and no finding authority","s. 5 (discovery) and s. 15 (ultimate limitation period) — owner-supplied identification; not retrieved in this work order","CRP-LSRC-0396","NONE","NO_REPEATED_STRING_MEASURED","","","","","0","","NOT_IN_ANY_DUPLICATE_GROUP","NO_DUPLICATE_RELATIONSHIP_RECORDED","NO","NO_DUPLICATE_RELATIONSHIP_RECORDED"
"CRP-LSRC-0397","0397","6833","REFUSAL","F1","CA-QC","CA-QC","Civil Code of Québec — Interruption analysis required, not a payment reset — recorded refusal — PHASE5-001C owner amendment (refusal retained; citations, dates and rationale recorded; see CRP_GAP_REFUSAL_RESOLUTION_REGISTER.md): the owner document supplies art. 2898 (acknowledgment of a right) and art. 2925 (general extinctive prescription) of the Civil Code of Québec, CQLR c CCQ-1991, in force since 1994-01-01, and records that interruption analysis is required and that a partial payment alone does not automatically reset the three-year prescription without a clear and unambiguous acknowledgment of the debt obligation. The recorded refusal is retained: no limitation period is applied from report content, and this amendment creates no operational collection or reporting block and no finding authority","art. 2898 (acknowledgment of a right) and art. 2925 (general extinctive prescription) — owner-supplied identification; not retrieved in this work order","CRP-LSRC-0397","NONE","NO_REPEATED_STRING_MEASURED","","","","","0","","NOT_IN_ANY_DUPLICATE_GROUP","NO_DUPLICATE_RELATIONSHIP_RECORDED","NO","NO_DUPLICATE_RELATIONSHIP_RECORDED"
"CRP-LSRC-0398","0398","6850","GAP","F1","PE (country-scope entry)","CA-PE","Prince Edward Island Statute of Limitations — Recorded `UNVERIFIED_GAPS` entry: the s. 2(1)(g) catch-all is read and refused, decided — no rule entered — PHASE5-001C owner amendment (catch-all recorded and closed as a relationship decision; no duplicate rule created; see CRP_GAP_REFUSAL_RESOLUTION_REGISTER.md): the owner document supplies the Prince Edward Island catch-all as the Limitation of Actions Act, R.S.P.E.I. 1988, c. L-15, s. 2(1)(g) (actions not otherwise provided for, six years from the time the cause of action arose) and records that it was read and deliberately not turned into a rule because consumer debts are already covered by the specific provision s. 2(1)(e) of the same Act (six-year limit for actions on account or debt grounded on a lending contract), which controls. The citation and relationship are recorded as owner-supplied; the specific provision is recorded as the controlling one, and no duplicate catch-all rule and no overlapping rule is created","s. 2(1)(g) (actions not otherwise provided for; six years; deliberately not entered as a rule) with the controlling specific provision s. 2(1)(e) (six-year limit for actions on account or debt grounded on a lending contract) — owner-supplied identification, not retrieved in this work order","CRP-LSRC-0398","NONE","NO_REPEATED_STRING_MEASURED","","","","","0","","NOT_IN_ANY_DUPLICATE_GROUP","NO_DUPLICATE_RELATIONSHIP_RECORDED","NO","NO_DUPLICATE_RELATIONSHIP_RECORDED"
"CRP-LSRC-0399","0399","6867","LIMITATION_RECORD","F1","UK-ENG","GB-ENG","Limitation Act 1980 (c. 58)","s. 5 (time limit for actions founded on simple contract)","CRP-LSRC-0399","DUP-PAIR-012","IDENTICAL_ARTIFACT_AND_CITATION","DUP-PAIR-012","CRP-LSRC-0399","CRP-LSRC-0400","","0","","IDENTICAL_PROVISION_AND_VERSION","SAME_RECORDED_PROVISION_AND_LOCATOR_JURISDICTION_TOKEN_DIFFERS_ONLY","NO","DUPLICATE_LINK_EXPLICIT_IDENTITY_AS_RECORDED_ADJUDICATED_IDENTICAL"
"CRP-LSRC-0400","0400","6884","LIMITATION_RECORD","F1","UK-WLS","GB-WLS","Limitation Act 1980 (c. 58)","s. 5 (time limit for actions founded on simple contract)","CRP-LSRC-0399","DUP-PAIR-012","IDENTICAL_ARTIFACT_AND_CITATION","DUP-PAIR-012","CRP-LSRC-0399","CRP-LSRC-0399","","0","","IDENTICAL_PROVISION_AND_VERSION","SAME_RECORDED_PROVISION_AND_LOCATOR_JURISDICTION_TOKEN_DIFFERS_ONLY","NO","DUPLICATE_LINK_EXPLICIT_IDENTITY_AS_RECORDED_ADJUDICATED_IDENTICAL"
"CRP-LSRC-0401","0401","6901","LIMITATION_RECORD","F1","UK-ENG","GB-ENG","Limitation Act 1980 (c. 58)","s. 24(1) (time limit for actions to enforce judgments)","CRP-LSRC-0401","DUP-PAIR-013","IDENTICAL_ARTIFACT_AND_CITATION","DUP-PAIR-013","CRP-LSRC-0401","CRP-LSRC-0402","","0","","IDENTICAL_PROVISION_AND_VERSION","SAME_RECORDED_PROVISION_AND_LOCATOR_JURISDICTION_TOKEN_DIFFERS_ONLY","NO","DUPLICATE_LINK_EXPLICIT_IDENTITY_AS_RECORDED_ADJUDICATED_IDENTICAL"
"CRP-LSRC-0402","0402","6918","LIMITATION_RECORD","F1","UK-WLS","GB-WLS","Limitation Act 1980 (c. 58)","s. 24(1) (time limit for actions to enforce judgments)","CRP-LSRC-0401","DUP-PAIR-013","IDENTICAL_ARTIFACT_AND_CITATION","DUP-PAIR-013","CRP-LSRC-0401","CRP-LSRC-0401","","0","","IDENTICAL_PROVISION_AND_VERSION","SAME_RECORDED_PROVISION_AND_LOCATOR_JURISDICTION_TOKEN_DIFFERS_ONLY","NO","DUPLICATE_LINK_EXPLICIT_IDENTITY_AS_RECORDED_ADJUDICATED_IDENTICAL"
"CRP-LSRC-0403","0403","6935","LIMITATION_RECORD","F1","UK-SCT","GB-SCT","Prescription and Limitation (Scotland) Act 1973 (c. 52)","s. 6 (extinction of obligations by prescriptive periods of five years)","CRP-LSRC-0403","NONE","NO_REPEATED_STRING_MEASURED","","","","","0","","NOT_IN_ANY_DUPLICATE_GROUP","NO_DUPLICATE_RELATIONSHIP_RECORDED","NO","NO_DUPLICATE_RELATIONSHIP_RECORDED"
"CRP-LSRC-0404","0404","6952","LIMITATION_RECORD","F1","UK-NIR","GB-NIR","Limitation (Northern Ireland) Order 1989 (No. 1339 (NI. 11))","NOT RECORDED (recorded source locator is article 4)","CRP-LSRC-0404","NONE","NO_REPEATED_STRING_MEASURED","","","","","0","","NOT_IN_ANY_DUPLICATE_GROUP","NO_DUPLICATE_RELATIONSHIP_RECORDED","NO","NO_DUPLICATE_RELATIONSHIP_RECORDED"
"CRP-LSRC-0405","0405","6969","CONTENT_RULE","F7","UK","","Credit Reference Agency Information Notice (CRAIN) retention table","Judgment data (6 years live use; 11 years including profiling)","CRP-LSRC-0405","NONE","NO_REPEATED_STRING_MEASURED","","","","","0","","NOT_IN_ANY_DUPLICATE_GROUP","NO_DUPLICATE_RELATIONSHIP_RECORDED","NO","NO_DUPLICATE_RELATIONSHIP_RECORDED"
"CRP-LSRC-0406","0406","6986","CONTENT_RULE","F1","UK","","Credit Reference Agency Information Notice (CRAIN) retention table","Insolvency data (6 years from the start date, or until the stated end date if later)","CRP-LSRC-0406","NONE","NO_REPEATED_STRING_MEASURED","","","","","0","","NOT_IN_ANY_DUPLICATE_GROUP","NO_DUPLICATE_RELATIONSHIP_RECORDED","NO","NO_DUPLICATE_RELATIONSHIP_RECORDED"
"CRP-LSRC-0407","0407","7003","CONTENT_RULE","F4","UK","","UK GDPR / Data Protection Act 2018","UK GDPR Articles 5(1)(d) and 16 (accuracy; right to rectification)","CRP-LSRC-0407","NONE","NO_REPEATED_STRING_MEASURED","","","","","0","","NOT_IN_ANY_DUPLICATE_GROUP","NO_DUPLICATE_RELATIONSHIP_RECORDED","NO","NO_DUPLICATE_RELATIONSHIP_RECORDED"
"CRP-LSRC-0408","0408","7020","CONTENT_RULE","F1","UK","","Credit Reference Agency Information Notice (CRAIN) retention table","`Credit account performance data — 6 years for live decision-making (the tables retain longe…` (recorded label)","CRP-LSRC-0408","NONE","NO_REPEATED_STRING_MEASURED","","","","","0","","NOT_IN_ANY_DUPLICATE_GROUP","NO_DUPLICATE_RELATIONSHIP_RECORDED","NO","NO_DUPLICATE_RELATIONSHIP_RECORDED"
"CRP-LSRC-0409","0409","7037","CONTENT_RULE","F1","UK","","Credit Reference Agency Information Notice (CRAIN) retention table","`Credit account performance data — 6 years for live decision-making from the date the accoun…` (recorded label)","CRP-LSRC-0409","DUP-PAIR-014","IDENTICAL_ARTIFACT_AND_CITATION","DUP-PAIR-014","CRP-LSRC-0409","","CRP-LSRC-0411","0","","IDENTITY_UNRESOLVED","SAME_RECORDED_PROVISION_AND_LOCATOR_CONFLICTING_RECORDED_CONTENT_START","NO","DUPLICATE_LINK_EXPLICIT_IDENTITY_OPEN"
"CRP-LSRC-0410","0410","7054","CONTENT_RULE","F1","UK","","Credit Reference Agency Information Notice (CRAIN) retention table","NOT RECORDED (`section: null`)","CRP-LSRC-0314","DUP-PAIR-009","IDENTICAL_ARTIFACT_AND_CITATION","DUP-PAIR-009","CRP-LSRC-0314","","","1","","DISTINCT_PROVISION_OR_VERSION","EVERY RECORDED PAIRWISE RELATIONSHIP OF THIS RECORD DIFFERS ON THE RECORDED IDENTITY FIELDS","NO","DUPLICATE_LINK_EXPLICIT_IDENTITY_AS_RECORDED_ADJUDICATED_DISTINCT"
"CRP-LSRC-0411","0411","7071","CONTENT_RULE","F1","UK","","Credit Reference Agency Information Notice (CRAIN) retention table","`Credit account performance data — 6 years for live decision-making from the date the accoun…` (recorded label)","CRP-LSRC-0409","DUP-PAIR-014","IDENTICAL_ARTIFACT_AND_CITATION","DUP-PAIR-014","CRP-LSRC-0409","","CRP-LSRC-0409","0","","IDENTITY_UNRESOLVED","SAME_RECORDED_PROVISION_AND_LOCATOR_CONFLICTING_RECORDED_CONTENT_START","NO","DUPLICATE_LINK_EXPLICIT_IDENTITY_OPEN"
"CRP-LSRC-0412","0412","7088","GAP","F1","`UK` (bare country token)","","Limitation Act 1980 / Prescription and Limitation (Scotland) Act 1973 / Limitation (Northern Ireland) Order 1989 — Recorded `SOL_GAPS` entry: all four constituent nations are read and they differ; a bare UK token still does not identify the nation, so it remains unanswerable at country level — PHASE5-001C owner amendment (bare UK token preserved; this gap is NOT closed; the supplied mapping is held separately in the register; see CRP_GAP_REFUSAL_RESOLUTION_REGISTER.md): the owner document supplies the following exact-nation limitation mapping, recorded separately from this unresolved country-level entry — England and Wales 6 years (Limitation Act 1980, c. 58, s. 5: procedural bar only); Scotland 5 years (Prescription and Limitation (Scotland) Act 1973, c. 52, s. 6: extinctive prescription); Northern Ireland 6 years (Limitation (Northern Ireland) Order 1989, S.I. 1989/1339, art. 4: procedural bar only). The mapping is recorded as owner-supplied, is not retrieved in this work order and is not applied by this amendment; Wales is not identified separately from England and Wales. A bare UK token still identifies no single nation, so this entry remains unanswerable at country level. The owner document also proposes resolving the token from the locked session nation or the account profile; that off-report route is NOT adopted","NOT RECORDED","CRP-LSRC-0078","DUP-PAIR-003","IDENTICAL_ARTIFACT_AND_CITATION","DUP-PAIR-003","CRP-LSRC-0078","","","81","DUP-CITE-009","DISTINCT_PROVISION_OR_VERSION","EVERY RECORDED PAIRWISE RELATIONSHIP OF THIS RECORD DIFFERS ON THE RECORDED IDENTITY FIELDS","NO","DUPLICATE_LINK_EXPLICIT_IDENTITY_AS_RECORDED_ADJUDICATED_DISTINCT"
"CRP-LSRC-0413","0413","7105","GAP","F1","country-scope entry","","`Credit Reference Agency Information Notice (CRAIN)` — the searches row only — Recorded `UNVERIFIED_GAPS` entry: the SEARCHES row only remains unverified; the other three were closed by owner approval 2026-09-17 — PHASE5-001C owner amendment (search distinctions recorded as owner-authorised source information; the SEARCHES row is NOT verified and this gap is NOT closed; see CRP_GAP_REFUSAL_RESOLUTION_REGISTER.md): the owner document supplies the CRAIN search distinctions — a hard search (credit application) is stated to be retained and visible to other lenders for twelve months from the date of the search; a soft search (quotation, eligibility, audit) is stated to be visible only to the consumer and the bureau, invisible to third-party lenders, decoupled from credit scoring and typically purged or archived after twelve to twenty-four months depending on the specific bureau system architecture, without affecting risk metrics. The owner document cites UK GDPR Article 5(1)(c) (data minimisation) and Article 5(1)(e) (storage limitation) as interpreted by the official CRAIN Section 5 framework. These statements are recorded as owner-supplied only: the twelve-month figure is a CRAIN framework retention statement and is NOT recorded as a specific statutory twelve-month rule, CRAIN is an industry notice rather than primary legislation and remains outside the primary-authority scope, and a search row cannot support a report-content finding","NOT RECORDED","CRP-LSRC-0315","DUP-PAIR-010","IDENTICAL_ARTIFACT_AND_CITATION","DUP-PAIR-010","CRP-LSRC-0315","","","82","DUP-CITE-009","DISTINCT_PROVISION_OR_VERSION","EVERY RECORDED PAIRWISE RELATIONSHIP OF THIS RECORD DIFFERS ON THE RECORDED IDENTITY FIELDS","NO","DUPLICATE_LINK_EXPLICIT_IDENTITY_AS_RECORDED_ADJUDICATED_DISTINCT"
"CRP-LSRC-0414","0414","7122","LIMITATION_RECORD","F1","AU-ACT","AU-ACT","Limitation Act 1985 (ACT)","NOT RECORDED","CRP-LSRC-0078","DUP-PAIR-003","IDENTICAL_ARTIFACT_AND_CITATION","DUP-PAIR-003","CRP-LSRC-0078","","","81","DUP-CITE-009","DISTINCT_PROVISION_OR_VERSION","EVERY RECORDED PAIRWISE RELATIONSHIP OF THIS RECORD DIFFERS ON THE RECORDED IDENTITY FIELDS","NO","DUPLICATE_LINK_EXPLICIT_IDENTITY_AS_RECORDED_ADJUDICATED_DISTINCT"
"CRP-LSRC-0415","0415","7139","LIMITATION_RECORD","F1","AU-NT","AU-NT","Limitation Act 1981 (NT)","NOT RECORDED","CRP-LSRC-0078","DUP-PAIR-003","IDENTICAL_ARTIFACT_AND_CITATION","DUP-PAIR-003","CRP-LSRC-0078","","","81","DUP-CITE-009","DISTINCT_PROVISION_OR_VERSION","EVERY RECORDED PAIRWISE RELATIONSHIP OF THIS RECORD DIFFERS ON THE RECORDED IDENTITY FIELDS","NO","DUPLICATE_LINK_EXPLICIT_IDENTITY_AS_RECORDED_ADJUDICATED_DISTINCT"
"CRP-LSRC-0416","0416","7156","LIMITATION_RECORD","F1","AU-QLD","AU-QLD","Limitation of Actions Act 1974 (Qld)","NOT RECORDED","CRP-LSRC-0078","DUP-PAIR-003","IDENTICAL_ARTIFACT_AND_CITATION","DUP-PAIR-003","CRP-LSRC-0078","","","81","DUP-CITE-009","DISTINCT_PROVISION_OR_VERSION","EVERY RECORDED PAIRWISE RELATIONSHIP OF THIS RECORD DIFFERS ON THE RECORDED IDENTITY FIELDS","NO","DUPLICATE_LINK_EXPLICIT_IDENTITY_AS_RECORDED_ADJUDICATED_DISTINCT"
"CRP-LSRC-0417","0417","7173","LIMITATION_RECORD","F1","AU-TAS","AU-TAS","Limitation Act 1974 (Tas)","NOT RECORDED","CRP-LSRC-0078","DUP-PAIR-003","IDENTICAL_ARTIFACT_AND_CITATION","DUP-PAIR-003","CRP-LSRC-0078","","","81","DUP-CITE-009","DISTINCT_PROVISION_OR_VERSION","EVERY RECORDED PAIRWISE RELATIONSHIP OF THIS RECORD DIFFERS ON THE RECORDED IDENTITY FIELDS","NO","DUPLICATE_LINK_EXPLICIT_IDENTITY_AS_RECORDED_ADJUDICATED_DISTINCT"
"CRP-LSRC-0418","0418","7190","LIMITATION_RECORD","F1","AU-VIC","AU-VIC","Limitation of Actions Act 1958 (Vic)","NOT RECORDED","CRP-LSRC-0078","DUP-PAIR-003","IDENTICAL_ARTIFACT_AND_CITATION","DUP-PAIR-003","CRP-LSRC-0078","","","81","DUP-CITE-009","DISTINCT_PROVISION_OR_VERSION","EVERY RECORDED PAIRWISE RELATIONSHIP OF THIS RECORD DIFFERS ON THE RECORDED IDENTITY FIELDS","NO","DUPLICATE_LINK_EXPLICIT_IDENTITY_AS_RECORDED_ADJUDICATED_DISTINCT"
"CRP-LSRC-0419","0419","7207","LIMITATION_RECORD","F1","AU-NSW","AU-NSW","Limitation Act 1969 No 31 (NSW)","NOT RECORDED","CRP-LSRC-0078","DUP-PAIR-003","IDENTICAL_ARTIFACT_AND_CITATION","DUP-PAIR-003","CRP-LSRC-0078","","","81","DUP-CITE-009","DISTINCT_PROVISION_OR_VERSION","EVERY RECORDED PAIRWISE RELATIONSHIP OF THIS RECORD DIFFERS ON THE RECORDED IDENTITY FIELDS","NO","DUPLICATE_LINK_EXPLICIT_IDENTITY_AS_RECORDED_ADJUDICATED_DISTINCT"
"CRP-LSRC-0420","0420","7224","LIMITATION_RECORD","F1","AU-SA","AU-SA","Limitation of Actions Act 1936 (SA)","NOT RECORDED","CRP-LSRC-0078","DUP-PAIR-003","IDENTICAL_ARTIFACT_AND_CITATION","DUP-PAIR-003","CRP-LSRC-0078","","","81","DUP-CITE-009","DISTINCT_PROVISION_OR_VERSION","EVERY RECORDED PAIRWISE RELATIONSHIP OF THIS RECORD DIFFERS ON THE RECORDED IDENTITY FIELDS","NO","DUPLICATE_LINK_EXPLICIT_IDENTITY_AS_RECORDED_ADJUDICATED_DISTINCT"
"CRP-LSRC-0421","0421","7241","LIMITATION_RECORD","F1","AU-WA","AU-WA","Limitation Act 2005 (WA)","NOT RECORDED","CRP-LSRC-0078","DUP-PAIR-003","IDENTICAL_ARTIFACT_AND_CITATION","DUP-PAIR-003","CRP-LSRC-0078","","","81","DUP-CITE-009","DISTINCT_PROVISION_OR_VERSION","EVERY RECORDED PAIRWISE RELATIONSHIP OF THIS RECORD DIFFERS ON THE RECORDED IDENTITY FIELDS","NO","DUPLICATE_LINK_EXPLICIT_IDENTITY_AS_RECORDED_ADJUDICATED_DISTINCT"
"CRP-LSRC-0422","0422","7258","CONTENT_RULE","F1","AU","","Privacy Act 1988 (Cth)","s. 20W table, item 3 (information of a kind referred to in s. 6N(d) or (e))","CRP-LSRC-0422","NONE","NO_REPEATED_STRING_MEASURED","","","","","0","","NOT_IN_ANY_DUPLICATE_GROUP","NO_DUPLICATE_RELATIONSHIP_RECORDED","NO","NO_DUPLICATE_RELATIONSHIP_RECORDED"
"CRP-LSRC-0423","0423","7275","CONTENT_RULE","F1","AU","","Privacy Act 1988 (Cth)","s. 20W table, item 4 (default information)","CRP-LSRC-0423","NONE","NO_REPEATED_STRING_MEASURED","","","","","0","","NOT_IN_ANY_DUPLICATE_GROUP","NO_DUPLICATE_RELATIONSHIP_RECORDED","NO","NO_DUPLICATE_RELATIONSHIP_RECORDED"
"CRP-LSRC-0424","0424","7292","CONTENT_RULE","F1","AU","","Privacy Act 1988 (Cth)","s. 20W table, item 5 (payment information)","CRP-LSRC-0424","NONE","NO_REPEATED_STRING_MEASURED","","","","","0","","NOT_IN_ANY_DUPLICATE_GROUP","NO_DUPLICATE_RELATIONSHIP_RECORDED","NO","NO_DUPLICATE_RELATIONSHIP_RECORDED"
"CRP-LSRC-0425","0425","7309","CONTENT_RULE","F1","AU","","Privacy Act 1988 (Cth)","s. 20W table, items 6 and 7 (new arrangement information, s. 6S)","CRP-LSRC-0425","NONE","NO_REPEATED_STRING_MEASURED","","","","","0","","NOT_IN_ANY_DUPLICATE_GROUP","NO_DUPLICATE_RELATIONSHIP_RECORDED","NO","NO_DUPLICATE_RELATIONSHIP_RECORDED"
"CRP-LSRC-0426","0426","7326","CONTENT_RULE","F7","AU","","Privacy Act 1988 (Cth)","s. 20W table, item 8 (court proceedings information)","CRP-LSRC-0426","NONE","NO_REPEATED_STRING_MEASURED","","","","","0","","NOT_IN_ANY_DUPLICATE_GROUP","NO_DUPLICATE_RELATIONSHIP_RECORDED","NO","NO_DUPLICATE_RELATIONSHIP_RECORDED"
"CRP-LSRC-0427","0427","7343","CONTENT_RULE","F10","AU","","Privacy Act 1988 (Cth)","s. 20W table, item 9 (information of a kind referred to in s. 6N(l))","CRP-LSRC-0427","NONE","NO_REPEATED_STRING_MEASURED","","","","","0","","NOT_IN_ANY_DUPLICATE_GROUP","NO_DUPLICATE_RELATIONSHIP_RECORDED","NO","NO_DUPLICATE_RELATIONSHIP_RECORDED"
"CRP-LSRC-0428","0428","7360","CONTENT_RULE","F1","AU","","Privacy Act 1988 (Cth)","s. 20W table, item 1 (consumer credit liability information)","CRP-LSRC-0428","NONE","NO_REPEATED_STRING_MEASURED","","","","","0","","NOT_IN_ANY_DUPLICATE_GROUP","NO_DUPLICATE_RELATIONSHIP_RECORDED","NO","NO_DUPLICATE_RELATIONSHIP_RECORDED"
"CRP-LSRC-0429","0429","7377","CONTENT_RULE","F1","AU","","Privacy Act 1988 (Cth)","s. 20W table, item 2 (repayment history information)","CRP-LSRC-0429","NONE","NO_REPEATED_STRING_MEASURED","","","","","0","","NOT_IN_ANY_DUPLICATE_GROUP","NO_DUPLICATE_RELATIONSHIP_RECORDED","NO","NO_DUPLICATE_RELATIONSHIP_RECORDED"
"CRP-LSRC-0430","0430","7394","CONTENT_RULE","F1","AU","","Privacy Act 1988 (Cth)","s. 20X table, item 1 (personal insolvency information — bankruptcy)","CRP-LSRC-0430","NONE","NO_REPEATED_STRING_MEASURED","","","","","0","","NOT_IN_ANY_DUPLICATE_GROUP","NO_DUPLICATE_RELATIONSHIP_RECORDED","NO","NO_DUPLICATE_RELATIONSHIP_RECORDED"
"CRP-LSRC-0431","0431","7411","CONTENT_RULE","F1","AU","","Privacy Act 1988 (Cth)","s. 20X table, items 2 and 3 (personal insolvency agreement)","CRP-LSRC-0431","NONE","NO_REPEATED_STRING_MEASURED","","","","","0","","NOT_IN_ANY_DUPLICATE_GROUP","NO_DUPLICATE_RELATIONSHIP_RECORDED","NO","NO_DUPLICATE_RELATIONSHIP_RECORDED"
"CRP-LSRC-0432","0432","7428","CONTENT_RULE","F1","AU","","Privacy Act 1988 (Cth)","s. 20X table, items 4 and 5 (debt agreement)","CRP-LSRC-0432","NONE","NO_REPEATED_STRING_MEASURED","","","","","0","","NOT_IN_ANY_DUPLICATE_GROUP","NO_DUPLICATE_RELATIONSHIP_RECORDED","NO","NO_DUPLICATE_RELATIONSHIP_RECORDED"
"CRP-LSRC-0433","0433","7445","CONTENT_RULE","F1","AU","","Privacy Act 1988 (Cth)","s. 20Z","CRP-LSRC-0433","NONE","NO_REPEATED_STRING_MEASURED","","","","","0","","NOT_IN_ANY_DUPLICATE_GROUP","NO_DUPLICATE_RELATIONSHIP_RECORDED","NO","NO_DUPLICATE_RELATIONSHIP_RECORDED"
"CRP-LSRC-0434","0434","7462","CONTENT_RULE","F4","AU","","Privacy Act 1988 (Cth)","Schedule 1, Australian Privacy Principles 10 (quality) and 13 (correction)","CRP-LSRC-0434","NONE","NO_REPEATED_STRING_MEASURED","","","","","0","","NOT_IN_ANY_DUPLICATE_GROUP","NO_DUPLICATE_RELATIONSHIP_RECORDED","NO","NO_DUPLICATE_RELATIONSHIP_RECORDED"
"CRP-LSRC-0435","0435","7479","GAP","F1","AU-*","","state/territory Limitation Acts — Recorded `SOL_GAPS` entry: state/territory law; no Australian national period exists (the wildcard token identifies no single unit) — PHASE5-001C owner amendment (wildcard preserved; this gap is NOT closed; the supplied mapping is held separately in the register; see CRP_GAP_REFUSAL_RESOLUTION_REGISTER.md): the owner document supplies the following exact-jurisdiction limitation mapping, recorded separately from this unresolved wildcard — New South Wales 6 years (Limitation Act 1969 (NSW), s. 14(1)(a)); Victoria 6 years (Limitation of Actions Act 1958 (Vic), s. 5(1)(a)); Queensland 6 years (Limitation of Actions Act 1974 (Qld), s. 10(1)(a)); Western Australia 6 years (Limitation Act 2005 (WA), s. 13 and s. 84, with the debt recorded as extinguished); South Australia 6 years (Limitation of Actions Act 1936 (SA), s. 35); Tasmania 6 years (Limitation Act 1974 (Tas), s. 4(1)(a)); Northern Territory 3 years (Limitation Act 1981 (NT), s. 12(1)(a)); Australian Capital Territory 6 years (Limitation Act 1985 (ACT), s. 11(1)(a)). The mapping is recorded as owner-supplied, is not retrieved in this work order and is not applied by this amendment; AU-* still identifies no single state or territory, so the wildcard remains unresolved. The owner document also proposes resolving the wildcard from the locked session state or the account profile; that off-report route is NOT adopted","NOT RECORDED","CRP-LSRC-0078","DUP-PAIR-003","IDENTICAL_ARTIFACT_AND_CITATION","DUP-PAIR-003","CRP-LSRC-0078","","","81","DUP-CITE-009","DISTINCT_PROVISION_OR_VERSION","EVERY RECORDED PAIRWISE RELATIONSHIP OF THIS RECORD DIFFERS ON THE RECORDED IDENTITY FIELDS","NO","DUPLICATE_LINK_EXPLICIT_IDENTITY_AS_RECORDED_ADJUDICATED_DISTINCT"
"CRP-LSRC-0436","0436","7496","GAP","F4","country-scope entry","","Privacy Act 1988 (Cth) — APPs 10 and 13 — Recorded `UNVERIFIED_GAPS` entry: the data-quality and correction rows are verified from the OAIC publication; the gap concerns the underlying Act text (locator recorded in the entry: `https://www.legislation.gov.au/C2004A03712/latest`) — PHASE5-001C owner amendment (APP 10 and APP 13 identified and the qualification recorded; the text gap is NOT closed; see CRP_GAP_REFUSAL_RESOLUTION_REGISTER.md): the owner document supplies APP 10 (quality of personal information: reasonable steps in the circumstances so that personal information collected is accurate, up-to-date and complete and, having regard to the purpose of the use or disclosure, accurate, up-to-date, complete and relevant) and APP 13 (correction of personal information: correction where the entity is satisfied the information is inaccurate, out-of-date, incomplete, irrelevant or misleading, or where the individual requests correction), both in Schedule 1 to the Privacy Act 1988 (Cth). Owner-supplied qualification: correction is described as due within a reasonable timeframe, typically 30 days for credit reporting data. That 30-day figure is recorded as a qualified owner-supplied statement and NOT as an unconditional statutory deadline. The verbatim Act text and pinpoint locators remain to be retrieved, so the recorded text gap stays open; no correction request or dispute workflow is implemented and no credit provider or bureau conduct is inferred from report content","Privacy Act 1988 (Cth), Schedule 1, APP 10 and APP 13 — owner-supplied identification; verbatim text and pinpoint locators not retrieved in this work order","CRP-LSRC-0436","NONE","NO_REPEATED_STRING_MEASURED","","","","","0","","NOT_IN_ANY_DUPLICATE_GROUP","NO_DUPLICATE_RELATIONSHIP_RECORDED","NO","NO_DUPLICATE_RELATIONSHIP_RECORDED"
"CRP-LSRC-0437","0437","7513","GAP","F2","country-scope entry","","Privacy (Credit Reporting) Code 2024 (and its recorded predecessors) — Recorded `UNVERIFIED_GAPS` entry: the current CR code is the 2024 Code; the table cites no CR code and the bureau-side candidates are recorded as gaps rather than entered — PHASE5-001C owner amendment (Code provisions identified; this gap is NOT closed; see CRP_GAP_REFUSAL_RESOLUTION_REGISTER.md): the owner document names the Privacy (Credit Reporting) Code 2024 provisions that this table should cite — s. 16 (data quality), s. 20 (correction timelines) and s. 21 (dispute flagging) — and refers to Office of the Australian Information Commissioner guidance on those requirements. The identification is recorded as owner-supplied; the Code text and pinpoint locators were not retrieved in this work order, so no Code provision is admitted, no Code rule is entered, and the recorded gap that the table cites no Code provisions remains open. The correction and dispute provisions are procedural duties that report content cannot establish, so they remain out of scope for report-only findings, and no dispute or request workflow is implemented","Privacy (Credit Reporting) Code 2024, s. 16 (data quality), s. 20 (correction timelines), s. 21 (dispute flagging) — owner-supplied identification; pinpoint text and locators not retrieved in this work order","CRP-LSRC-0437","NONE","NO_REPEATED_STRING_MEASURED","","","","","0","","NOT_IN_ANY_DUPLICATE_GROUP","NO_DUPLICATE_RELATIONSHIP_RECORDED","NO","NO_DUPLICATE_RELATIONSHIP_RECORDED"
