file,line,section,executions,disposition,reason,source
"accelerated-launch/service/tests/sections/a-isolation.cjs","16","a-isolation","1","KEEP","Current behavior, evidence, isolation, source admission, or consumer contract.","check.equal(created.status, 201, ""alice's case is created"");"
"accelerated-launch/service/tests/sections/a-isolation.cjs","20","a-isolation","1","KEEP","Current behavior, evidence, isolation, source admission, or consumer contract.","check.equal(bobList.json.cases.length, 0, ""bob's case list does not contain alice's case"");"
"accelerated-launch/service/tests/sections/a-isolation.cjs","23","a-isolation","1","KEEP","Current behavior, evidence, isolation, source admission, or consumer contract.","check.equal(bobRead.status, 403, 'a direct read of another account\'s case is refused');"
"accelerated-launch/service/tests/sections/a-isolation.cjs","24","a-isolation","1","KEEP","Current behavior, evidence, isolation, source admission, or consumer contract.","check.equal(bobRead.json.error.code, 'NOT_AUTHORIZED');"
"accelerated-launch/service/tests/sections/a-isolation.cjs","25","a-isolation","1","KEEP","Current behavior, evidence, isolation, source admission, or consumer contract.","check.ok(!/CA-NS|Nova Scotia/.test(bobRead.text), 'the refusal body discloses nothing about the other case');"
"accelerated-launch/service/tests/sections/a-isolation.cjs","38","a-isolation","8","KEEP","Current behavior, evidence, isolation, source admission, or consumer contract.","check.equal(attempt.status, 403, `${method} ${route} is refused for another account`);"
"accelerated-launch/service/tests/sections/a-isolation.cjs","42","a-isolation","1","KEEP","Current behavior, evidence, isolation, source admission, or consumer contract.","check.equal(stillThere.status, 200, ""alice's case survives every attempt by bob"");"
"accelerated-launch/service/tests/sections/a-isolation.cjs","45","a-isolation","1","KEEP","Current behavior, evidence, isolation, source admission, or consumer contract.","check.equal(unknown.status, 404, 'an id that names no case is 404, not 403');"
"accelerated-launch/service/tests/sections/a-isolation.cjs","48","a-isolation","1","KEEP","Current behavior, evidence, isolation, source admission, or consumer contract.","check.equal(anonymous.status, 401, 'no session means no case list');"
"accelerated-launch/service/tests/sections/a-isolation.cjs","51","a-isolation","1","KEEP","Current behavior, evidence, isolation, source admission, or consumer contract.","check.equal(forged.status, 401, 'a forged session token is refused');"
"accelerated-launch/service/tests/sections/a-isolation.cjs","58","a-isolation","1","KEEP","Current behavior, evidence, isolation, source admission, or consumer contract.","check.equal(upload.status, 400, 'the non-PDF refusal is reached only by the owner');"
"accelerated-launch/service/tests/sections/a-isolation.cjs","61","a-isolation","1","KEEP","Current behavior, evidence, isolation, source admission, or consumer contract.","check.equal(aliceSession.json.account.email, alice.email, 'the session reports the acting account and nothing else');"
"accelerated-launch/service/tests/sections/ax-consumer-privacy.cjs","12","ax-consumer-privacy","3","KEEP","Current behavior, evidence, isolation, source admission, or consumer contract.","check.equal(upload.status,201,'owned document stored');"
"accelerated-launch/service/tests/sections/ax-consumer-privacy.cjs","19","ax-consumer-privacy","1","KEEP","Current behavior, evidence, isolation, source admission, or consumer contract.","check.equal(inventory.status,200,'authenticated dashboard available');"
"accelerated-launch/service/tests/sections/ax-consumer-privacy.cjs","20","ax-consumer-privacy","1","KEEP","Current behavior, evidence, isolation, source admission, or consumer contract.","check.equal((await t.request('GET','/api/privacy')).status,401,'inventory requires authentication');"
"accelerated-launch/service/tests/sections/ax-consumer-privacy.cjs","21","ax-consumer-privacy","1","KEEP","Current behavior, evidence, isolation, source admission, or consumer contract.","check.deepEqual(inventory.json.cases.map(c=>c.case_id),[ac],'inventory contains only own cases');"
"accelerated-launch/service/tests/sections/ax-consumer-privacy.cjs","22","ax-consumer-privacy","1","KEEP","Current behavior, evidence, isolation, source admission, or consumer contract.","check.equal(inventory.json.cases[0].documents.length,1,'own stored document listed');"
"accelerated-launch/service/tests/sections/ax-consumer-privacy.cjs","23","ax-consumer-privacy","1","KEEP","Current behavior, evidence, isolation, source admission, or consumer contract.","check.equal(inventory.json.cases[0].result_count,1,'own result inventory listed');"
"accelerated-launch/service/tests/sections/ax-consumer-privacy.cjs","24","ax-consumer-privacy","1","KEEP","Current behavior, evidence, isolation, source admission, or consumer contract.","check.ok(!inventory.text.includes(bc)&&!inventory.text.includes('owner-b.pdf'),'no other-account metadata');"
"accelerated-launch/service/tests/sections/ax-consumer-privacy.cjs","25","ax-consumer-privacy","1","KEEP","Current behavior, evidence, isolation, source admission, or consumer contract.","check.ok(!/sha256|absolute_path|stored_path/.test(inventory.text),'no private storage metadata');"
"accelerated-launch/service/tests/sections/ax-consumer-privacy.cjs","26","ax-consumer-privacy","1","KEEP","Current behavior, evidence, isolation, source admission, or consumer contract.","check.equal(inventory.json.retention.mode,'UNTIL_DELETED','truthful retention default');"
"accelerated-launch/service/tests/sections/ax-consumer-privacy.cjs","27","ax-consumer-privacy","1","KEEP","Current behavior, evidence, isolation, source admission, or consumer contract.","check.equal(inventory.json.retention.adjustable,false,'no nonfunctional retention setting promised');"
"accelerated-launch/service/tests/sections/ax-consumer-privacy.cjs","28","ax-consumer-privacy","1","KEEP","Current behavior, evidence, isolation, source admission, or consumer contract.","check.ok(/not been verified/.test(inventory.json.deletion.backups),'backup erasure is not promised');"
"accelerated-launch/service/tests/sections/ax-consumer-privacy.cjs","29","ax-consumer-privacy","1","KEEP","Current behavior, evidence, isolation, source admission, or consumer contract.","check.equal((await t.request('DELETE',`/api/cases/${bc}`,{token:a.token})).status,403,'other-account deletion refused');"
"accelerated-launch/service/tests/sections/ax-consumer-privacy.cjs","30","ax-consumer-privacy","1","KEEP","Current behavior, evidence, isolation, source admission, or consumer contract.","check.equal(t.blobFiles().length,before.length,'refused deletion preserves bytes');"
"accelerated-launch/service/tests/sections/ax-consumer-privacy.cjs","32","ax-consumer-privacy","1","KEEP","Current behavior, evidence, isolation, source admission, or consumer contract.","check.ok(ownBlob,'own bytes identified before deletion');"
"accelerated-launch/service/tests/sections/ax-consumer-privacy.cjs","33","ax-consumer-privacy","1","KEEP","Current behavior, evidence, isolation, source admission, or consumer contract.","check.equal((await t.request('DELETE',`/api/cases/${ac}`,{token:a.token})).status,200,'own case deletion succeeds');"
"accelerated-launch/service/tests/sections/ax-consumer-privacy.cjs","34","ax-consumer-privacy","1","KEEP","Current behavior, evidence, isolation, source admission, or consumer contract.","check.ok(!fs.existsSync(path.join(t.dataDir,'blobs',ownBlob)),'own bytes removed from disk');"
"accelerated-launch/service/tests/sections/ax-consumer-privacy.cjs","35","ax-consumer-privacy","1","KEEP","Current behavior, evidence, isolation, source admission, or consumer contract.","check.equal((await t.request('GET',`/api/cases/${ac}/results`,{token:a.token})).status,404,'deleted results unavailable');"
"accelerated-launch/service/tests/sections/ax-consumer-privacy.cjs","36","ax-consumer-privacy","1","KEEP","Current behavior, evidence, isolation, source admission, or consumer contract.","check.equal((await t.request('GET','/api/privacy',{token:a.token})).json.cases.length,0,'inventory updates after deletion');"
"accelerated-launch/service/tests/sections/ax-consumer-privacy.cjs","37","ax-consumer-privacy","1","KEEP","Current behavior, evidence, isolation, source admission, or consumer contract.","check.equal((await t.request('GET',`/api/cases/${bc}`,{token:b.token})).status,200,'other account remains usable');"
"accelerated-launch/service/tests/sections/ax-consumer-privacy.cjs","38","ax-consumer-privacy","1","KEEP","Current behavior, evidence, isolation, source admission, or consumer contract.","check.equal(t.blobFiles().length,1,'other account bytes remain');"
"accelerated-launch/service/tests/sections/ax-consumer-privacy.cjs","40","ax-consumer-privacy","1","KEEP","Current behavior, evidence, isolation, source admission, or consumer contract.","check.equal((await t.request('DELETE','/api/account',{token:a.token})).status,200,'account deletion succeeds');"
"accelerated-launch/service/tests/sections/ax-consumer-privacy.cjs","41","ax-consumer-privacy","1","KEEP","Current behavior, evidence, isolation, source admission, or consumer contract.","check.equal((await t.request('GET','/api/privacy',{token:a.token})).status,401,'deleted account loses inventory access');"
"accelerated-launch/service/tests/sections/ax-consumer-privacy.cjs","42","ax-consumer-privacy","1","KEEP","Current behavior, evidence, isolation, source admission, or consumer contract.","check.equal(t.blobFiles().length,1,'account deletion preserves other-account bytes');"
"accelerated-launch/service/tests/sections/b-jurisdiction-and-refusals.cjs","44","b-refusals","7","KEEP","Current behavior, evidence, isolation, source admission, or consumer contract.","check.equal(response.status, 400, label);"
"accelerated-launch/service/tests/sections/b-jurisdiction-and-refusals.cjs","45","b-refusals","7","KEEP","Current behavior, evidence, isolation, source admission, or consumer contract.","check.equal(response.json.error.code, expectedCode, `${label} names the reason`);"
"accelerated-launch/service/tests/sections/b-jurisdiction-and-refusals.cjs","42","b-refusals","1","KEEP","Current behavior, evidence, isolation, source admission, or consumer contract.","check.equal(response.status, 201, label);"
"accelerated-launch/service/tests/sections/b-jurisdiction-and-refusals.cjs","50","b-refusals","1","KEEP","Current behavior, evidence, isolation, source admission, or consumer contract.","check.equal(surface.json.surface.regions.length, 82, 'the surface carries all 82 canonical regions');"
"accelerated-launch/service/tests/sections/b-jurisdiction-and-refusals.cjs","51","b-refusals","1","KEEP","Current behavior, evidence, isolation, source admission, or consumer contract.","check.equal(surface.json.surface.countries.length, 4, 'and the four countries');"
"accelerated-launch/service/tests/sections/b-jurisdiction-and-refusals.cjs","52","b-refusals","1","KEEP","Current behavior, evidence, isolation, source admission, or consumer contract.","check.ok(surface.json.surface.regions.every((r) => r.launch_ready === false), 'no region is advertised as launch ready');"
"accelerated-launch/service/tests/sections/b-jurisdiction-and-refusals.cjs","55","b-refusals","82","KEEP","Current behavior, evidence, isolation, source admission, or consumer contract.","check.equal(opened.status, 201, `a case can be opened for ${region.value}`);"
"accelerated-launch/service/tests/sections/b-jurisdiction-and-refusals.cjs","56","b-refusals","82","KEEP","Current behavior, evidence, isolation, source admission, or consumer contract.","check.equal(opened.json.case.launch_ready, false, `${region.value} is not reported as launch ready`);"
"accelerated-launch/service/tests/sections/b-jurisdiction-and-refusals.cjs","67","b-refusals","1","KEEP","Current behavior, evidence, isolation, source admission, or consumer contract.","check.equal(docx.status, 400, 'an unsupported file type is refused');"
"accelerated-launch/service/tests/sections/b-jurisdiction-and-refusals.cjs","68","b-refusals","1","KEEP","Current behavior, evidence, isolation, source admission, or consumer contract.","check.equal(docx.json.error.code, 'UNSUPPORTED_FILE_TYPE');"
"accelerated-launch/service/tests/sections/b-jurisdiction-and-refusals.cjs","74","b-refusals","1","KEEP","Current behavior, evidence, isolation, source admission, or consumer contract.","check.equal(oversize.status, 400, 'an oversize declared file is refused');"
"accelerated-launch/service/tests/sections/b-jurisdiction-and-refusals.cjs","75","b-refusals","1","KEEP","Current behavior, evidence, isolation, source admission, or consumer contract.","check.equal(oversize.json.error.code, 'FILE_TOO_LARGE');"
"accelerated-launch/service/tests/sections/b-jurisdiction-and-refusals.cjs","81","b-refusals","1","KEEP","Current behavior, evidence, isolation, source admission, or consumer contract.","check.equal(malformed.status, 400, 'an empty upload body is refused');"
"accelerated-launch/service/tests/sections/b-jurisdiction-and-refusals.cjs","82","b-refusals","1","KEEP","Current behavior, evidence, isolation, source admission, or consumer contract.","check.equal(malformed.json.error.code, 'MALFORMED_UPLOAD_BODY');"
"accelerated-launch/service/tests/sections/b-jurisdiction-and-refusals.cjs","88","b-refusals","1","KEEP","Current behavior, evidence, isolation, source admission, or consumer contract.","check.equal(notPdf.status, 400, 'a non-PDF container is refused');"
"accelerated-launch/service/tests/sections/b-jurisdiction-and-refusals.cjs","89","b-refusals","1","KEEP","Current behavior, evidence, isolation, source admission, or consumer contract.","check.equal(notPdf.json.error.code, 'NOT_A_PDF_CONTAINER');"
"accelerated-launch/service/tests/sections/b-jurisdiction-and-refusals.cjs","90","b-refusals","1","KEEP","Current behavior, evidence, isolation, source admission, or consumer contract.","check.equal(t.blobFiles().length, before, 'a document refused before the format gate retains no bytes');"
"accelerated-launch/service/tests/sections/b-jurisdiction-and-refusals.cjs","100","b-refusals","1","KEEP","Current behavior, evidence, isolation, source admission, or consumer contract.","check.equal(gbLookalike.status, 201, 'a GB selection now has a registered presentation, so its file is stored and measured');"
"accelerated-launch/service/tests/sections/b-jurisdiction-and-refusals.cjs","101","b-refusals","1","KEEP","Current behavior, evidence, isolation, source admission, or consumer contract.","check.equal(gbLookalike.json.receipt.format_detection.supported, false, 'and the lookalike is still refused');"
"accelerated-launch/service/tests/sections/b-jurisdiction-and-refusals.cjs","102","b-refusals","1","KEEP","Current behavior, evidence, isolation, source admission, or consumer contract.","check.ok(typeof gbLookalike.json.receipt.format_detection.refusal_reason === 'string',"
"accelerated-launch/service/tests/sections/b-jurisdiction-and-refusals.cjs","104","b-refusals","1","KEEP","Current behavior, evidence, isolation, source admission, or consumer contract.","check.equal(gbLookalike.json.receipt.extraction_summary.accounts_read, 0, 'and nothing is read from it');"
"accelerated-launch/service/tests/sections/b-jurisdiction-and-refusals.cjs","107","b-refusals","4","KEEP","Current behavior, evidence, isolation, source admission, or consumer contract.","check.ok(formats.formatsForCountry(country).length > 0, `a presentation is registered for ${country}`);"
"accelerated-launch/service/tests/sections/b-jurisdiction-and-refusals.cjs","109","b-refusals","1","KEEP","Current behavior, evidence, isolation, source admission, or consumer contract.","check.equal(formats.formatsForCountry('ZZ').length, 0,"
"accelerated-launch/service/tests/sections/b-jurisdiction-and-refusals.cjs","116","b-refusals","1","KEEP","Current behavior, evidence, isolation, source admission, or consumer contract.","check.equal(usRefused.status, 201, 'a United States selection has a registered presentation, so its lookalike is measured');"
"accelerated-launch/service/tests/sections/b-jurisdiction-and-refusals.cjs","117","b-refusals","1","KEEP","Current behavior, evidence, isolation, source admission, or consumer contract.","check.equal(usRefused.json.receipt.format_detection.supported, false, 'and is still refused');"
"accelerated-launch/service/tests/sections/b-jurisdiction-and-refusals.cjs","118","b-refusals","1","KEEP","Current behavior, evidence, isolation, source admission, or consumer contract.","check.ok(typeof usRefused.json.receipt.format_detection.refusal_reason === 'string',"
"accelerated-launch/service/tests/sections/b-jurisdiction-and-refusals.cjs","120","b-refusals","1","KEEP","Current behavior, evidence, isolation, source admission, or consumer contract.","check.equal(usRefused.json.receipt.extraction_summary.accounts_read, 0, 'and no record invented for it');"
"accelerated-launch/service/tests/sections/b-jurisdiction-and-refusals.cjs","138","b-refusals","4","KEEP","Current behavior, evidence, isolation, source admission, or consumer contract.","check.equal(response.status, 201, `${label} is stored so its measured shape can be reported`);"
"accelerated-launch/service/tests/sections/b-jurisdiction-and-refusals.cjs","139","b-refusals","4","KEEP","Current behavior, evidence, isolation, source admission, or consumer contract.","check.equal(response.json.receipt.format_detection.supported, false, `${label} is not admitted`);"
"accelerated-launch/service/tests/sections/b-jurisdiction-and-refusals.cjs","140","b-refusals","4","KEEP","Current behavior, evidence, isolation, source admission, or consumer contract.","check.ok(typeof response.json.receipt.format_detection.refusal_reason === 'string', `${label} names a refusal`);"
"accelerated-launch/service/tests/sections/b-jurisdiction-and-refusals.cjs","141","b-refusals","4","KEEP","Current behavior, evidence, isolation, source admission, or consumer contract.","check.equal(response.json.receipt.extraction_summary.extraction_ran, false, `${label} is not read at all`);"
"accelerated-launch/service/tests/sections/b-jurisdiction-and-refusals.cjs","142","b-refusals","4","KEEP","Current behavior, evidence, isolation, source admission, or consumer contract.","check.equal(response.json.receipt.extraction_summary.accounts_read, 0, `${label} produces no accounts`);"
"accelerated-launch/service/tests/sections/c-extraction-not-absence.cjs","30","c-extraction","1","KEEP","Current behavior, evidence, isolation, source admission, or consumer contract.","check.equal(both.extraction.accounts_read, 2, 'both accounts are read');"
"accelerated-launch/service/tests/sections/c-extraction-not-absence.cjs","31","c-extraction","1","KEEP","Current behavior, evidence, isolation, source admission, or consumer contract.","check.equal(both.extraction.result_status, 'RESOLVED');"
"accelerated-launch/service/tests/sections/c-extraction-not-absence.cjs","32","c-extraction","1","KEEP","Current behavior, evidence, isolation, source admission, or consumer contract.","check.ok(both.extraction.account_statuses.every((s) => s.status === 'RESOLVED'), 'both accounts carry a resolved date');"
"accelerated-launch/service/tests/sections/c-extraction-not-absence.cjs","33","c-extraction","1","KEEP","Current behavior, evidence, isolation, source admission, or consumer contract.","check.equal(both.demonstration.counts_as_report_support, false, 'a demonstration never counts as report support');"
"accelerated-launch/service/tests/sections/c-extraction-not-absence.cjs","34","c-extraction","1","KEEP","Current behavior, evidence, isolation, source admission, or consumer contract.","check.equal(both.result.support, 'DEMONSTRATION_ONLY_NOT_REPORT_SUPPORT', 'and its result set says so');"
"accelerated-launch/service/tests/sections/c-extraction-not-absence.cjs","46","c-extraction","4","KEEP","Current behavior, evidence, isolation, source admission, or consumer contract.","check.equal(run.extraction.extraction_ran, true, `${scenario}: the model was read`);"
"accelerated-launch/service/tests/sections/c-extraction-not-absence.cjs","47","c-extraction","4","KEEP","Current behavior, evidence, isolation, source admission, or consumer contract.","check.equal(run.extraction.accounts_read, accounts, `${scenario}: ${accounts} accounts`);"
"accelerated-launch/service/tests/sections/c-extraction-not-absence.cjs","48","c-extraction","4","KEEP","Current behavior, evidence, isolation, source admission, or consumer contract.","check.equal(run.extraction.result_status, expectedStatus, `${scenario}: status ${expectedStatus}`);"
"accelerated-launch/service/tests/sections/c-extraction-not-absence.cjs","49","c-extraction","4","KEEP","Current behavior, evidence, isolation, source admission, or consumer contract.","check.equal(run.extraction.result_reason, expectedReason, `${scenario}: reason ${expectedReason}`);"
"accelerated-launch/service/tests/sections/c-extraction-not-absence.cjs","50","c-extraction","4","KEEP","Current behavior, evidence, isolation, source admission, or consumer contract.","check.equal(run.extraction.presentation_evidence, false, `${scenario}: no presentation is evidenced`);"
"accelerated-launch/service/tests/sections/c-extraction-not-absence.cjs","56","c-extraction","1","KEEP","Current behavior, evidence, isolation, source admission, or consumer contract.","check.ok(/could not be read/.test(unresolvedText), 'the unresolved text says the date could not be read');"
"accelerated-launch/service/tests/sections/c-extraction-not-absence.cjs","57","c-extraction","1","KEEP","Current behavior, evidence, isolation, source admission, or consumer contract.","check.ok(/not the same as an absent date/.test(unresolvedText), 'and it distinguishes itself from absence');"
"accelerated-launch/service/tests/sections/c-extraction-not-absence.cjs","58","c-extraction","1","KEEP","Current behavior, evidence, isolation, source admission, or consumer contract.","check.ok(!/could not be read/.test(absentText), 'the genuine absence does not claim a read failure');"
"accelerated-launch/service/tests/sections/c-extraction-not-absence.cjs","59","c-extraction","1","KEEP","Current behavior, evidence, isolation, source admission, or consumer contract.","check.ok(!/LABEL_NOT_PRINTED_ON_RECORD/.test(absentText), 'and it is not described by the unresolved reason');"
"accelerated-launch/service/tests/sections/c-extraction-not-absence.cjs","60","c-extraction","1","KEEP","Current behavior, evidence, isolation, source admission, or consumer contract.","check.notEqual(unresolvedText, absentText, 'the two outcomes are different messages');"
"accelerated-launch/service/tests/sections/c-extraction-not-absence.cjs","70","c-extraction","1","KEEP","Current behavior, evidence, isolation, source admission, or consumer contract.","check.equal(refused.admitted, false, 'a refused document is not admitted');"
"accelerated-launch/service/tests/sections/c-extraction-not-absence.cjs","71","c-extraction","1","KEEP","Current behavior, evidence, isolation, source admission, or consumer contract.","check.equal(refused.extraction_ran, false, 'and it is not read');"
"accelerated-launch/service/tests/sections/c-extraction-not-absence.cjs","72","c-extraction","1","KEEP","Current behavior, evidence, isolation, source admission, or consumer contract.","check.equal(refused.accounts_read, 0, 'so it reports no accounts');"
"accelerated-launch/service/tests/sections/c-extraction-not-absence.cjs","73","c-extraction","1","KEEP","Current behavior, evidence, isolation, source admission, or consumer contract.","check.equal(refused.refusal_reason, 'UNRELATED_DOCUMENT', 'a lookalike with no bureau identity is refused as unrelated');"
"accelerated-launch/service/tests/sections/c-extraction-not-absence.cjs","74","c-extraction","1","KEEP","Current behavior, evidence, isolation, source admission, or consumer contract.","check.notEqual(refused.result_status, 'ABSENT_FROM_REPORT', 'and it never reads as an absence of a field');"
"accelerated-launch/service/tests/sections/c-extraction-not-absence.cjs","75","c-extraction","1","KEEP","Current behavior, evidence, isolation, source admission, or consumer contract.","check.equal(refused.extraction_ran, false, 'and it was not read');"
"accelerated-launch/service/tests/sections/d-record-independence.cjs","25","d-records","1","KEEP","Current behavior, evidence, isolation, source admission, or consumer contract.","check.equal(ran.status, 201, 'the two-account demonstration runs');"
"accelerated-launch/service/tests/sections/d-record-independence.cjs","31","d-records","1","KEEP","Current behavior, evidence, isolation, source admission, or consumer contract.","check.equal(fileView.extraction.accounts_read, 2, 'two accounts are reported separately');"
"accelerated-launch/service/tests/sections/d-record-independence.cjs","33","d-records","1","KEEP","Current behavior, evidence, isolation, source admission, or consumer contract.","check.notEqual(numbers[0], numbers[1], 'the two accounts have different report numbers');"
"accelerated-launch/service/tests/sections/d-record-independence.cjs","38","d-records","1","KEEP","Current behavior, evidence, isolation, source admission, or consumer contract.","check.ok(recordOne && recordTwo, 'both account records are stored');"
"accelerated-launch/service/tests/sections/d-record-independence.cjs","39","d-records","1","KEEP","Current behavior, evidence, isolation, source admission, or consumer contract.","check.equal(recordOne.normalized_value, '2015-03-01', 'account 1 carries its own printed date');"
"accelerated-launch/service/tests/sections/d-record-independence.cjs","40","d-records","1","KEEP","Current behavior, evidence, isolation, source admission, or consumer contract.","check.equal(recordTwo.normalized_value, '2021-02-01', 'account 2 carries its own printed date');"
"accelerated-launch/service/tests/sections/d-record-independence.cjs","41","d-records","1","KEEP","Current behavior, evidence, isolation, source admission, or consumer contract.","check.notDeepEqual(recordOne.location, recordTwo.location, 'and their report locations differ');"
"accelerated-launch/service/tests/sections/d-record-independence.cjs","42","d-records","1","KEEP","Current behavior, evidence, isolation, source admission, or consumer contract.","check.ok(recordOne.location.page !== undefined && recordOne.location.line !== undefined, 'each location names a page and a line');"
"accelerated-launch/service/tests/sections/d-record-independence.cjs","43","d-records","1","KEEP","Current behavior, evidence, isolation, source admission, or consumer contract.","check.ok(!JSON.stringify(recordOne).includes(recordTwo.normalized_value), ""account 1 does not carry account 2's date"");"
"accelerated-launch/service/tests/sections/d-record-independence.cjs","44","d-records","1","KEEP","Current behavior, evidence, isolation, source admission, or consumer contract.","check.ok(!JSON.stringify(recordTwo).includes(recordOne.normalized_value), ""account 2 does not carry account 1's date"");"
"accelerated-launch/service/tests/sections/d-record-independence.cjs","50","d-records","1","KEEP","Current behavior, evidence, isolation, source admission, or consumer contract.","check.deepEqual(Object.keys(factsOne), ['tradeline.lastPaymentDate'], ""the bridge hands over exactly the account's own fact"");"
"accelerated-launch/service/tests/sections/d-record-independence.cjs","51","d-records","1","KEEP","Current behavior, evidence, isolation, source admission, or consumer contract.","check.equal(factsOne['tradeline.lastPaymentDate'], '2015-03-01');"
"accelerated-launch/service/tests/sections/d-record-independence.cjs","52","d-records","1","KEEP","Current behavior, evidence, isolation, source admission, or consumer contract.","check.equal(factsTwo['tradeline.lastPaymentDate'], '2021-02-01');"
"accelerated-launch/service/tests/sections/d-record-independence.cjs","53","d-records","1","KEEP","Current behavior, evidence, isolation, source admission, or consumer contract.","check.deepEqual(formats.factsForRecord({ status: 'EXTRACTION_UNRESOLVED', normalized_value: null }), {}, 'an unresolved account contributes no fact at all');"
"accelerated-launch/service/tests/sections/d-record-independence.cjs","74","d-records","1","KEEP","Current behavior, evidence, isolation, source admission, or consumer contract.","check.equal(accountResults.length, 2, 'the per-account check ran once for each account');"
"accelerated-launch/service/tests/sections/d-record-independence.cjs","76","d-records","1","KEEP","Current behavior, evidence, isolation, source admission, or consumer contract.","check.equal(byRecord.get(1).anchor.iso, '2015-03-01', 'account 1 was measured from its own date');"
"accelerated-launch/service/tests/sections/d-record-independence.cjs","77","d-records","1","KEEP","Current behavior, evidence, isolation, source admission, or consumer contract.","check.equal(byRecord.get(2).anchor.iso, '2021-02-01', 'account 2 was measured from its own date');"
"accelerated-launch/service/tests/sections/d-record-independence.cjs","78","d-records","1","KEEP","Current behavior, evidence, isolation, source admission, or consumer contract.","check.equal(byRecord.get(1).arithmetic.anniversary, '2021-03-01', 'account 1 has its own anniversary');"
"accelerated-launch/service/tests/sections/d-record-independence.cjs","79","d-records","1","KEEP","Current behavior, evidence, isolation, source admission, or consumer contract.","check.equal(byRecord.get(2).arithmetic.anniversary, '2027-02-01', 'account 2 has its own anniversary');"
"accelerated-launch/service/tests/sections/d-record-independence.cjs","80","d-records","1","KEEP","Current behavior, evidence, isolation, source admission, or consumer contract.","check.equal(byRecord.get(1).outcome, 'PERIOD_EXCEEDED', 'account 1 exceeds the period');"
"accelerated-launch/service/tests/sections/d-record-independence.cjs","81","d-records","1","KEEP","Current behavior, evidence, isolation, source admission, or consumer contract.","check.equal(byRecord.get(2).outcome, 'PERIOD_NOT_EXCEEDED', 'account 2 does not');"
"accelerated-launch/service/tests/sections/d-record-independence.cjs","82","d-records","1","KEEP","Current behavior, evidence, isolation, source admission, or consumer contract.","check.notEqual(byRecord.get(1).arithmetic.intervening_days, byRecord.get(2).arithmetic.intervening_days, 'their day counts differ');"
"accelerated-launch/service/tests/sections/e-qualifications.cjs","42","e-qualifications","1","KEEP","Current behavior, evidence, isolation, source admission, or consumer contract.","check.ok(Array.isArray(result.qualifications) && result.qualifications.length >= 5, 'the result carries a set of qualifications');"
"accelerated-launch/service/tests/sections/e-qualifications.cjs","43","e-qualifications","1","KEEP","Current behavior, evidence, isolation, source admission, or consumer contract.","check.equal(result.comprehensive_legal_check, false, 'the result states that no comprehensive check was made');"
"accelerated-launch/service/tests/sections/e-qualifications.cjs","44","e-qualifications","1","KEEP","Current behavior, evidence, isolation, source admission, or consumer contract.","check.ok(!/not legal advi[cs]e/i.test(JSON.stringify(result)) && /checks listed/i.test(result.disclaimer), 'owner imperative: result states its actual scope without legal-advice disclaimers');"
"accelerated-launch/service/tests/sections/e-qualifications.cjs","45","e-qualifications","1","KEEP","Current behavior, evidence, isolation, source admission, or consumer contract.","check.ok(result.observations.every((o) => o.is_a_finding === false), 'no observation is described as a finding');"
"accelerated-launch/service/tests/sections/e-qualifications.cjs","46","e-qualifications","1","KEEP","Current behavior, evidence, isolation, source admission, or consumer contract.","check.ok(result.observations.every((o) => o.output_level === 'observation' || o.output_level === 'none'), 'no observation carries a finding-level ceiling');"
"accelerated-launch/service/tests/sections/e-qualifications.cjs","47","e-qualifications","1","KEEP","Current behavior, evidence, isolation, source admission, or consumer contract.","check.ok(result.observations.every((o) => typeof o.qualification === 'string' && o.qualification.length > 0), 'each observation carries its own qualification');"
"accelerated-launch/service/tests/sections/e-qualifications.cjs","50","e-qualifications","7","KEEP","Current behavior, evidence, isolation, source admission, or consumer contract.","for (const pattern of FORBIDDEN) check.ok(!pattern.test(resultText), `the result set avoids ${pattern}`);"
"accelerated-launch/service/tests/sections/e-qualifications.cjs","51","e-qualifications","5","KEEP","Current behavior, evidence, isolation, source admission, or consumer contract.","for (const pattern of INTERNAL_IDENTIFIERS) check.ok(!pattern.test(resultText), `the result set carries no internal identifier ${pattern}`);"
"accelerated-launch/service/tests/sections/e-qualifications.cjs","59","e-qualifications","1","KEEP","Current behavior, evidence, isolation, source admission, or consumer contract.","check.equal(usResult.checks_performed, 0, 'no United States comparison is performed on a demonstration model');"
"accelerated-launch/service/tests/sections/e-qualifications.cjs","63","e-qualifications","1","KEEP","Current behavior, evidence, isolation, source admission, or consumer contract.","check.ok(usResult.checks_not_run.some((c) => /605/.test(c.citation || '')),"
"accelerated-launch/service/tests/sections/e-qualifications.cjs","65","e-qualifications","1","KEEP","Current behavior, evidence, isolation, source admission, or consumer contract.","check.ok(usResult.checks_not_run.every((c) => typeof c.reason === 'string' && c.reason.length > 0),"
"accelerated-launch/service/tests/sections/e-qualifications.cjs","67","e-qualifications","1","REMOVE_DUPLICATE","Exact duplicate of checks at lines 63/65 on the same result.","check.ok(usResult.checks_not_run.some((c) => /605/.test(c.citation || '')),"
"accelerated-launch/service/tests/sections/e-qualifications.cjs","69","e-qualifications","1","REMOVE_DUPLICATE","Exact duplicate of checks at lines 63/65 on the same result.","check.ok(usResult.checks_not_run.every((c) => typeof c.reason === 'string' && c.reason.length > 0),"
"accelerated-launch/service/tests/sections/e-qualifications.cjs","71","e-qualifications","1","KEEP","Current behavior, evidence, isolation, source admission, or consumer contract.","check.ok(!JSON.stringify(usResult.observations).includes('605'), 'no FCRA observation was produced');"
"accelerated-launch/service/tests/sections/e-qualifications.cjs","72","e-qualifications","1","KEEP","Current behavior, evidence, isolation, source admission, or consumer contract.","check.ok(/five named report presentations/.test(JSON.stringify(usResult.qualifications)),"
"accelerated-launch/service/tests/sections/e-qualifications.cjs","81","e-qualifications","3","KEEP","Current behavior, evidence, isolation, source admission, or consumer contract.","check.equal(view.result.checks_performed, 0, `${region} runs no check and says so`);"
"accelerated-launch/service/tests/sections/e-qualifications.cjs","82","e-qualifications","3","KEEP","Current behavior, evidence, isolation, source admission, or consumer contract.","check.ok(view.result.checks_not_run.length > 0, `${region} explains that nothing was run`);"
"accelerated-launch/service/tests/sections/e-qualifications.cjs","83","e-qualifications","3","KEEP","Current behavior, evidence, isolation, source admission, or consumer contract.","check.equal(view.result.comprehensive_legal_check, false, `${region} still carries the qualifications`);"
"accelerated-launch/service/tests/sections/e-qualifications.cjs","91","e-qualifications","15","KEEP","Current behavior, evidence, isolation, source admission, or consumer contract.","for (const pattern of INTERNAL_IDENTIFIERS) check.ok(!pattern.test(source), `ui/${name} carries no internal identifier ${pattern}`);"
"accelerated-launch/service/tests/sections/e-qualifications.cjs","94","e-qualifications","1","KEEP","Current behavior, evidence, isolation, source admission, or consumer contract.","check.ok(!/\.machine\b/.test(uiSource), 'the UI never reads the audit-only machine payload');"
"accelerated-launch/service/tests/sections/f-signout-and-deletion.cjs","21","f-deletion","1","KEEP","Current behavior, evidence, isolation, source admission, or consumer contract.","check.equal(beforeOut.status, 200, 'the session works before signing out');"
"accelerated-launch/service/tests/sections/f-signout-and-deletion.cjs","24","f-deletion","1","KEEP","Current behavior, evidence, isolation, source admission, or consumer contract.","check.equal(signedOut.status, 200);"
"accelerated-launch/service/tests/sections/f-signout-and-deletion.cjs","25","f-deletion","1","KEEP","Current behavior, evidence, isolation, source admission, or consumer contract.","check.equal(signedOut.json.signed_out, true, 'the session row was destroyed');"
"accelerated-launch/service/tests/sections/f-signout-and-deletion.cjs","26","f-deletion","1","KEEP","Current behavior, evidence, isolation, source admission, or consumer contract.","check.ok(/Max-Age=0/.test(signedOut.setCookie || ''), 'the cookie is cleared');"
"accelerated-launch/service/tests/sections/f-signout-and-deletion.cjs","28","f-deletion","1","KEEP","Current behavior, evidence, isolation, source admission, or consumer contract.","check.equal((await t.request('GET', '/api/session', { token: owner.token })).status, 401, 'the same token is refused afterwards');"
"accelerated-launch/service/tests/sections/f-signout-and-deletion.cjs","29","f-deletion","1","KEEP","Current behavior, evidence, isolation, source admission, or consumer contract.","check.equal((await t.request('GET', '/api/cases', { token: owner.token })).status, 401, 'and it cannot reach the case list');"
"accelerated-launch/service/tests/sections/f-signout-and-deletion.cjs","30","f-deletion","1","KEEP","Current behavior, evidence, isolation, source admission, or consumer contract.","check.equal((await t.request('GET', `/api/cases/${caseId}`, { token: owner.token })).status, 401, 'and it cannot reach a case it owns');"
"accelerated-launch/service/tests/sections/f-signout-and-deletion.cjs","41","f-deletion","1","KEEP","Current behavior, evidence, isolation, source admission, or consumer contract.","check.equal(uploaded.status, 201, 'a lookalike is stored so there are bytes to delete');"
"accelerated-launch/service/tests/sections/f-signout-and-deletion.cjs","43","f-deletion","1","KEEP","Current behavior, evidence, isolation, source admission, or consumer contract.","check.equal(blobs.length, 1, 'exactly one blob is on disk');"
"accelerated-launch/service/tests/sections/f-signout-and-deletion.cjs","45","f-deletion","1","KEEP","Current behavior, evidence, isolation, source admission, or consumer contract.","check.ok(fs.existsSync(blobPath), 'and it is a real file before deletion');"
"accelerated-launch/service/tests/sections/f-signout-and-deletion.cjs","48","f-deletion","1","KEEP","Current behavior, evidence, isolation, source admission, or consumer contract.","check.equal((await t.request('GET', `/api/cases/${doomed}/results`, { token: second.token })).json.results.length, 1, 'a result set exists before deletion');"
"accelerated-launch/service/tests/sections/f-signout-and-deletion.cjs","51","f-deletion","1","KEEP","Current behavior, evidence, isolation, source admission, or consumer contract.","check.equal(deleted.status, 200);"
"accelerated-launch/service/tests/sections/f-signout-and-deletion.cjs","52","f-deletion","1","KEEP","Current behavior, evidence, isolation, source admission, or consumer contract.","check.equal(deleted.json.blobs_removed, 1, 'the deletion reports the stored file it removed');"
"accelerated-launch/service/tests/sections/f-signout-and-deletion.cjs","53","f-deletion","1","KEEP","Current behavior, evidence, isolation, source admission, or consumer contract.","check.ok(!fs.existsSync(blobPath), 'the report bytes are gone from disk, not merely dereferenced');"
"accelerated-launch/service/tests/sections/f-signout-and-deletion.cjs","54","f-deletion","1","KEEP","Current behavior, evidence, isolation, source admission, or consumer contract.","check.equal(t.blobFiles().length, 0, 'no blob remains');"
"accelerated-launch/service/tests/sections/f-signout-and-deletion.cjs","55","f-deletion","1","KEEP","Current behavior, evidence, isolation, source admission, or consumer contract.","check.equal((await t.request('GET', `/api/cases/${doomed}`, { token: second.token })).status, 404, 'the case id no longer resolves for its owner');"
"accelerated-launch/service/tests/sections/f-signout-and-deletion.cjs","56","f-deletion","1","KEEP","Current behavior, evidence, isolation, source admission, or consumer contract.","check.equal((await t.request('GET', `/api/cases/${doomed}/results`, { token: second.token })).status, 404, 'and neither do its results');"
"accelerated-launch/service/tests/sections/f-signout-and-deletion.cjs","57","f-deletion","1","KEEP","Current behavior, evidence, isolation, source admission, or consumer contract.","check.equal((await t.request('GET', `/api/cases/${doomed}/demonstration-download`, { token: second.token })).status, 404, 'and neither does its download');"
"accelerated-launch/service/tests/sections/f-signout-and-deletion.cjs","58","f-deletion","1","KEEP","Current behavior, evidence, isolation, source admission, or consumer contract.","check.equal((await t.request('DELETE', `/api/cases/${doomed}`, { token: second.token })).status, 404, 'and it cannot be deleted twice');"
"accelerated-launch/service/tests/sections/f-signout-and-deletion.cjs","59","f-deletion","1","KEEP","Current behavior, evidence, isolation, source admission, or consumer contract.","check.equal((await t.request('GET', '/api/cases', { token: second.token })).json.cases.length, 0, 'the case list is empty again');"
"accelerated-launch/service/tests/sections/f-signout-and-deletion.cjs","70","f-deletion","1","KEEP","Current behavior, evidence, isolation, source admission, or consumer contract.","check.equal(accountGone.status, 200);"
"accelerated-launch/service/tests/sections/f-signout-and-deletion.cjs","71","f-deletion","1","KEEP","Current behavior, evidence, isolation, source admission, or consumer contract.","check.equal(accountGone.json.stored_files_removed, 1, 'account deletion removes stored bytes too');"
"accelerated-launch/service/tests/sections/f-signout-and-deletion.cjs","72","f-deletion","1","KEEP","Current behavior, evidence, isolation, source admission, or consumer contract.","check.equal((await t.request('GET', '/api/session', { token: third.token })).status, 401, 'every session for the account is destroyed');"
"accelerated-launch/service/tests/sections/f-signout-and-deletion.cjs","73","f-deletion","1","KEEP","Current behavior, evidence, isolation, source admission, or consumer contract.","check.equal((await t.request('GET', '/api/cases', { token: third.token })).status, 401, 'and the account can no longer sign in with it');"
"accelerated-launch/service/tests/sections/f-signout-and-deletion.cjs","74","f-deletion","1","KEEP","Current behavior, evidence, isolation, source admission, or consumer contract.","check.equal(t.blobFiles().length, 0, 'no blob remains after account deletion');"
"accelerated-launch/service/tests/sections/f-signout-and-deletion.cjs","77","f-deletion","1","KEEP","Current behavior, evidence, isolation, source admission, or consumer contract.","check.equal(reSignIn.status, 401, 'the deleted account cannot sign in again');"
"accelerated-launch/service/tests/sections/g-privacy.cjs","31","g-privacy","1","KEEP","Current behavior, evidence, isolation, source admission, or consumer contract.","check.ok(logs.length > 0, 'the service emitted log records');"
"accelerated-launch/service/tests/sections/g-privacy.cjs","41","g-privacy","7","KEEP","Current behavior, evidence, isolation, source admission, or consumer contract.","check.ok(!logs.includes(value), `${label} never appears in an ordinary log record`);"
"accelerated-launch/service/tests/sections/g-privacy.cjs","45","g-privacy","15","KEEP","Current behavior, evidence, isolation, source admission, or consumer contract.","for (const key of Object.keys(record)) check.ok(ALLOWED_FIELDS.includes(key), `log key ${key} is whitelisted`);"
"accelerated-launch/service/tests/sections/g-privacy.cjs","51","g-privacy","1","KEEP","Current behavior, evidence, isolation, source admission, or consumer contract.","check.equal(smuggled.length, 1);"
"accelerated-launch/service/tests/sections/g-privacy.cjs","52","g-privacy","1","KEEP","Current behavior, evidence, isolation, source admission, or consumer contract.","check.deepEqual(Object.keys(smuggled[0]), ['event'], 'a non-whitelisted field is dropped at the sink');"
"accelerated-launch/service/tests/sections/g-privacy.cjs","56","g-privacy","1","KEEP","Current behavior, evidence, isolation, source admission, or consumer contract.","check.ok(!view.text.includes('sha256'), 'a case view carries no digest');"
"accelerated-launch/service/tests/sections/g-privacy.cjs","57","g-privacy","1","KEEP","Current behavior, evidence, isolation, source admission, or consumer contract.","check.ok(!view.text.includes('absolute_path'), 'a case view carries no recorded file path');"
"accelerated-launch/service/tests/sections/g-privacy.cjs","58","g-privacy","1","KEEP","Current behavior, evidence, isolation, source admission, or consumer contract.","check.ok(!view.text.includes('C:\\\\Users'), 'a case view carries no absolute path');"
"accelerated-launch/service/tests/sections/g-privacy.cjs","59","g-privacy","1","KEEP","Current behavior, evidence, isolation, source admission, or consumer contract.","check.ok(!view.text.includes('CRP-LSRC'), 'a case view carries no source-entry identifier');"
"accelerated-launch/service/tests/sections/g-privacy.cjs","60","g-privacy","1","KEEP","Current behavior, evidence, isolation, source admission, or consumer contract.","check.ok(!/adapter_id/.test(view.text), 'a case view carries no adapter identifier');"
"accelerated-launch/service/tests/sections/g-privacy.cjs","61","g-privacy","1","KEEP","Current behavior, evidence, isolation, source admission, or consumer contract.","check.ok(!/presentation_id/.test(view.text), 'a case view carries no admission identifier');"
"accelerated-launch/service/tests/sections/g-privacy.cjs","64","g-privacy","1","KEEP","Current behavior, evidence, isolation, source admission, or consumer contract.","check.equal(traversal.status, 404, 'a traversal attempt against the static route is refused');"
"accelerated-launch/service/tests/sections/g-privacy.cjs","66","g-privacy","1","KEEP","Current behavior, evidence, isolation, source admission, or consumer contract.","check.equal(stateProbe.status, 404, 'the state file is not on the static allowlist');"
"accelerated-launch/service/tests/sections/g-privacy.cjs","68","g-privacy","1","KEEP","Current behavior, evidence, isolation, source admission, or consumer contract.","check.equal(unknownAsset.status, 404, 'and neither is anything else outside the private UI tree');"
"accelerated-launch/service/tests/sections/g-privacy.cjs","78","g-privacy","1","KEEP","Current behavior, evidence, isolation, source admission, or consumer contract.","check.ok(guarded, 'a data directory inside the repository is refused outright');"
"accelerated-launch/service/tests/sections/g-privacy.cjs","79","g-privacy","1","KEEP","Current behavior, evidence, isolation, source admission, or consumer contract.","check.ok(!t.dataDir.startsWith(REPOSITORY_ROOT), 'and this run\'s data directory is outside the repository');"
"accelerated-launch/service/tests/sections/g-privacy.cjs","96","g-privacy","8","KEEP","Current behavior, evidence, isolation, source admission, or consumer contract.","check.ok(!text.includes(pinned.sha256), `${label} does not carry the specimen digest`);"
"accelerated-launch/service/tests/sections/g-privacy.cjs","97","g-privacy","8","KEEP","Current behavior, evidence, isolation, source admission, or consumer contract.","check.ok(!text.includes(pinned.absolute_path_outside_this_repository), `${label} does not carry the specimen path`);"
"accelerated-launch/service/tests/sections/h-legacy-parity.cjs","50","h-legacy-parity","1","ARCHIVE","Historical legacy parity/source-text assertion, separate from current product behavior.","check.equal(legacyMaxBytes, 10 * 1024 * 1024, 'the legacy size limit is still 10MB');"
"accelerated-launch/service/tests/sections/h-legacy-parity.cjs","51","h-legacy-parity","1","ARCHIVE","Historical legacy parity/source-text assertion, separate from current product behavior.","check.equal(uploads.MAX_FILE_BYTES, legacyMaxBytes, 'this service uses the SAME size limit, not a looser one');"
"accelerated-launch/service/tests/sections/h-legacy-parity.cjs","54","h-legacy-parity","1","ARCHIVE","Historical legacy parity/source-text assertion, separate from current product behavior.","check.ok(Array.isArray(legacyMime) && legacyMime.length > 0, 'the legacy mime allowlist is still declared');"
"accelerated-launch/service/tests/sections/h-legacy-parity.cjs","55","h-legacy-parity","1","ARCHIVE","Historical legacy parity/source-text assertion, separate from current product behavior.","check.ok(legacyMime.includes('application/pdf'), 'the legacy gate still accepts PDF');"
"accelerated-launch/service/tests/sections/h-legacy-parity.cjs","56","h-legacy-parity","1","KEEP","Current behavior, evidence, isolation, source admission, or consumer contract.","check.ok(uploads.SUPPORTED_MIME_PREFIXES.includes('application/pdf'), 'this service still accepts PDF');"
"accelerated-launch/service/tests/sections/h-legacy-parity.cjs","57","h-legacy-parity","1","ARCHIVE","Historical legacy parity/source-text assertion, separate from current product behavior.","check.deepEqual("
"accelerated-launch/service/tests/sections/h-legacy-parity.cjs","64","h-legacy-parity","1","ARCHIVE","Historical legacy parity/source-text assertion, separate from current product behavior.","check.ok(legacyExtensions.includes('.pdf'), 'the legacy extension allowlist still contains .pdf');"
"accelerated-launch/service/tests/sections/h-legacy-parity.cjs","65","h-legacy-parity","1","KEEP","Current behavior, evidence, isolation, source admission, or consumer contract.","check.ok(uploads.SUPPORTED_EXTENSIONS.includes('.pdf'), 'this service still accepts .pdf');"
"accelerated-launch/service/tests/sections/h-legacy-parity.cjs","66","h-legacy-parity","1","ARCHIVE","Historical legacy parity/source-text assertion, separate from current product behavior.","check.deepEqual("
"accelerated-launch/service/tests/sections/h-legacy-parity.cjs","74","h-legacy-parity","1","KEEP","Current behavior, evidence, isolation, source admission, or consumer contract.","check.equal(empty.ok, false, 'a zero-byte declared file is refused, as the legacy gate refused it');"
"accelerated-launch/service/tests/sections/h-legacy-parity.cjs","75","h-legacy-parity","1","KEEP","Current behavior, evidence, isolation, source admission, or consumer contract.","check.equal(empty.code, 'EMPTY_FILE');"
"accelerated-launch/service/tests/sections/h-legacy-parity.cjs","77","h-legacy-parity","1","KEEP","Current behavior, evidence, isolation, source admission, or consumer contract.","check.equal(overLimit.ok, false, 'one byte over the limit is refused');"
"accelerated-launch/service/tests/sections/h-legacy-parity.cjs","78","h-legacy-parity","1","KEEP","Current behavior, evidence, isolation, source admission, or consumer contract.","check.equal(overLimit.code, 'FILE_TOO_LARGE');"
"accelerated-launch/service/tests/sections/h-legacy-parity.cjs","80","h-legacy-parity","1","KEEP","Current behavior, evidence, isolation, source admission, or consumer contract.","check.equal(atLimit.ok, true, 'exactly at the limit is accepted');"
"accelerated-launch/service/tests/sections/h-legacy-parity.cjs","81","h-legacy-parity","1","ARCHIVE","Historical legacy parity/source-text assertion, separate from current product behavior.","check.match(reportStore, /File exceeds the \$\{MAX_FILE_BYTES \/ 1024 \/ 1024\}MB limit\./, 'the legacy over-limit message is still built from the same constant');"
"accelerated-launch/service/tests/sections/h-legacy-parity.cjs","83","h-legacy-parity","1","ARCHIVE","Historical legacy parity/source-text assertion, separate from current product behavior.","check.ok(MESSAGE_BY_CODE.FILE_TOO_LARGE.includes(legacyLimitWording), 'this service states the SAME rendered limit in its own words');"
"accelerated-launch/service/tests/sections/h-legacy-parity.cjs","84","h-legacy-parity","1","ARCHIVE","Historical legacy parity/source-text assertion, separate from current product behavior.","check.ok(MESSAGE_BY_CODE.FILE_TOO_LARGE !== `File exceeds the ${legacyLimitWording}.`, 'but it is consumer copy, not the ingestion gate\'s string');"
"accelerated-launch/service/tests/sections/h-legacy-parity.cjs","86","h-legacy-parity","1","ARCHIVE","Historical legacy parity/source-text assertion, separate from current product behavior.","check.ok(/""Uploaded file appears empty\.""/.test(reportStore), 'the legacy empty-file refusal is still present');"
"accelerated-launch/service/tests/sections/h-legacy-parity.cjs","87","h-legacy-parity","1","KEEP","Current behavior, evidence, isolation, source admission, or consumer contract.","check.ok(MESSAGE_BY_CODE.EMPTY_FILE.length > 0, 'and this service refuses an empty file with its own consumer copy');"
"accelerated-launch/service/tests/sections/h-legacy-parity.cjs","91","h-legacy-parity","1","KEEP","Current behavior, evidence, isolation, source admission, or consumer contract.","check.equal(STATUS_BY_CODE.NOT_FOUND, 404, 'this service answers an unknown resource with 404');"
"accelerated-launch/service/tests/sections/h-legacy-parity.cjs","92","h-legacy-parity","1","KEEP","Current behavior, evidence, isolation, source admission, or consumer contract.","check.equal(STATUS_BY_CODE.NOT_AUTHORIZED, 403, 'and another account\'s resource with 403');"
"accelerated-launch/service/tests/sections/h-legacy-parity.cjs","93","h-legacy-parity","1","ARCHIVE","Historical legacy parity/source-text assertion, separate from current product behavior.","check.ok(/res\s*\.status\(404\)[\s\S]{0,120}Resource not found/.test(auth), 'the legacy guard still answers an unknown resource with 404');"
"accelerated-launch/service/tests/sections/h-legacy-parity.cjs","94","h-legacy-parity","1","ARCHIVE","Historical legacy parity/source-text assertion, separate from current product behavior.","check.ok(/resource\.userId\s*!==\s*actor\.id[\s\S]{0,160}res\s*\.status\(403\)/.test(auth), 'and still refuses another account\'s resource with 403');"
"accelerated-launch/service/tests/sections/h-legacy-parity.cjs","95","h-legacy-parity","1","ARCHIVE","Historical legacy parity/source-text assertion, separate from current product behavior.","check.ok(/roleIsAdmin\(actor\.role\)/.test(auth), 'with the admin bypass still the only exception');"
"accelerated-launch/service/tests/sections/h-legacy-parity.cjs","98","h-legacy-parity","1","ARCHIVE","Historical legacy parity/source-text assertion, separate from current product behavior.","check.ok(/reportDir\(reportId\)/.test(reportStore) && /path\.join\(STORAGE_ROOT, ""reports"", reportId\)/.test(reportStore),"
"accelerated-launch/service/tests/sections/i-shared-regressions.cjs","24","i-shared-regressions","1","KEEP","Current behavior, evidence, isolation, source admission, or consumer contract.","check.ok(/^PASS:/.test(router.output), 'the shared jurisdiction router suite still passes');"
"accelerated-launch/service/tests/sections/i-shared-regressions.cjs","25","i-shared-regressions","1","KEEP","Current behavior, evidence, isolation, source admission, or consumer contract.","check.ok(/all 82 routes/.test(router.output), 'and it still covers all 82 routes');"
"accelerated-launch/service/tests/sections/i-shared-regressions.cjs","26","i-shared-regressions","1","KEEP","Current behavior, evidence, isolation, source admission, or consumer contract.","check.ok(/alias refusals/.test(router.output), 'and it still exercises the alias refusals');"
"accelerated-launch/service/tests/sections/i-shared-regressions.cjs","30","i-shared-regressions","1","KEEP","Current behavior, evidence, isolation, source admission, or consumer contract.","check.ok(/passed/.test(adapters.output), 'the rule-adapter suite still reports a result');"
"accelerated-launch/service/tests/sections/i-shared-regressions.cjs","31","i-shared-regressions","1","KEEP","Current behavior, evidence, isolation, source admission, or consumer contract.","check.ok(!/FAIL/.test(adapters.output), 'the rule-adapter suite reports no failure');"
"accelerated-launch/service/tests/sections/i-shared-regressions.cjs","38","i-shared-regressions","1","REWRITE","SHA-256 length demonstrates readability, not catalog identity or correctness. Add a meaningful catalog consistency oracle.","check.ok(digest(path.join('accelerated-launch', 'adapters', 'rule-adapter-catalog.json')).length === 64, 'the B1 catalog is present and readable');"
"accelerated-launch/service/tests/sections/j-specimen-journey.cjs","28","j-specimen-journey","1","KEEP","Current behavior, evidence, isolation, source admission, or consumer contract.","check.equal(upload.status, 201, 'the evidenced specimen is accepted by the upload gate');"
"accelerated-launch/service/tests/sections/j-specimen-journey.cjs","29","j-specimen-journey","1","KEEP","Current behavior, evidence, isolation, source admission, or consumer contract.","check.equal(upload.json.receipt.format_detection.supported, true, 'and recognised as the supported presentation');"
"accelerated-launch/service/tests/sections/j-specimen-journey.cjs","30","j-specimen-journey","1","KEEP","Current behavior, evidence, isolation, source admission, or consumer contract.","check.equal(upload.json.receipt.format_detection.container, 'PDF');"
"accelerated-launch/service/tests/sections/j-specimen-journey.cjs","31","j-specimen-journey","1","KEEP","Current behavior, evidence, isolation, source admission, or consumer contract.","check.equal(upload.json.receipt.extraction_summary.presentation_evidence, true, 'a real report supplies presentation evidence');"
"accelerated-launch/service/tests/sections/j-specimen-journey.cjs","32","j-specimen-journey","1","KEEP","Current behavior, evidence, isolation, source admission, or consumer contract.","check.equal(upload.json.receipt.extraction_summary.reference_date_read, true, 'the report reference date is read');"
"accelerated-launch/service/tests/sections/j-specimen-journey.cjs","33","j-specimen-journey","1","KEEP","Current behavior, evidence, isolation, source admission, or consumer contract.","check.ok(upload.json.receipt.extraction_summary.accounts_read > 0, 'at least one collection account is read');"
"accelerated-launch/service/tests/sections/j-specimen-journey.cjs","34","j-specimen-journey","1","KEEP","Current behavior, evidence, isolation, source admission, or consumer contract.","check.equal(t.blobFiles().length, 1, 'exactly one blob is on disk');"
"accelerated-launch/service/tests/sections/j-specimen-journey.cjs","38","j-specimen-journey","1","KEEP","Current behavior, evidence, isolation, source admission, or consumer contract.","check.ok(file.recognised_as && !/PR-0/.test(file.recognised_as), 'the consumer sees a display name, not an admission identifier');"
"accelerated-launch/service/tests/sections/j-specimen-journey.cjs","39","j-specimen-journey","1","KEEP","Current behavior, evidence, isolation, source admission, or consumer contract.","check.ok(!JSON.stringify(file).includes(specimen.sha256), 'the consumer view carries no specimen digest');"
"accelerated-launch/service/tests/sections/j-specimen-journey.cjs","40","j-specimen-journey","1","KEEP","Current behavior, evidence, isolation, source admission, or consumer contract.","check.ok(!JSON.stringify(file).includes(specimen.path), 'the consumer view carries no specimen path');"
"accelerated-launch/service/tests/sections/j-specimen-journey.cjs","46","j-specimen-journey","1","KEEP","Current behavior, evidence, isolation, source admission, or consumer contract.","check.equal(evaluated.status, 201, 'the case evaluates');"
"accelerated-launch/service/tests/sections/j-specimen-journey.cjs","48","j-specimen-journey","1","KEEP","Current behavior, evidence, isolation, source admission, or consumer contract.","check.ok(result.checks_performed >= 1, 'at least one applicable observation was produced');"
"accelerated-launch/service/tests/sections/j-specimen-journey.cjs","49","j-specimen-journey","1","KEEP","Current behavior, evidence, isolation, source admission, or consumer contract.","check.ok(result.observations.every((o) => o.is_a_finding === false), 'none of them is a finding');"
"accelerated-launch/service/tests/sections/j-specimen-journey.cjs","50","j-specimen-journey","1","KEEP","Current behavior, evidence, isolation, source admission, or consumer contract.","check.ok(result.observations.every((o) => o.output_level === 'observation' || o.output_level === 'none'), 'each carries its recorded ceiling');"
"accelerated-launch/service/tests/sections/j-specimen-journey.cjs","51","j-specimen-journey","1","KEEP","Current behavior, evidence, isolation, source admission, or consumer contract.","check.equal(result.comprehensive_legal_check, false);"
"accelerated-launch/service/tests/sections/j-specimen-journey.cjs","53","j-specimen-journey","1","KEEP","Current behavior, evidence, isolation, source admission, or consumer contract.","check.ok(withEvidence.length >= 1, 'at least one observation names the page and line it came from');"
"accelerated-launch/service/tests/sections/j-specimen-journey.cjs","54","j-specimen-journey","1","KEEP","Current behavior, evidence, isolation, source admission, or consumer contract.","check.ok(withEvidence.every((o) => o.measures_from === 'Last Payment Date'), 'and the field it was measured from');"
"accelerated-launch/service/tests/sections/j-specimen-journey.cjs","60","j-specimen-journey","1","KEEP","Current behavior, evidence, isolation, source admission, or consumer contract.","check.ok(records.length >= 2, 'the specimen yields more than one account record');"
"accelerated-launch/service/tests/sections/j-specimen-journey.cjs","61","j-specimen-journey","1","KEEP","Current behavior, evidence, isolation, source admission, or consumer contract.","check.equal(new Set(records.map((r) => r.record_index)).size, records.length, 'each account carries its own record index');"
"accelerated-launch/service/tests/sections/j-specimen-journey.cjs","64","j-specimen-journey","1","KEEP","Current behavior, evidence, isolation, source admission, or consumer contract.","check.equal(new Set(locations).size, locations.length, 'each account is located at its own page and line');"
"accelerated-launch/service/tests/sections/j-specimen-journey.cjs","68","j-specimen-journey","1","KEEP","Current behavior, evidence, isolation, source admission, or consumer contract.","check.equal(accountObservations.length, readable.length, 'one comparison was attempted for every readable account');"
"accelerated-launch/service/tests/sections/j-specimen-journey.cjs","71","j-specimen-journey","1","KEEP","Current behavior, evidence, isolation, source admission, or consumer contract.","check.ok(citedPages.every((p) => Number.isInteger(p)), 'and every comparison cites the page it came from');"
"accelerated-launch/service/tests/sections/j-specimen-journey.cjs","72","j-specimen-journey","1","KEEP","Current behavior, evidence, isolation, source admission, or consumer contract.","check.equal(new Set(citedPages).size, citedPages.length, 'no two comparisons cite the same page');"
"accelerated-launch/service/tests/sections/j-specimen-journey.cjs","73","j-specimen-journey","1","KEEP","Current behavior, evidence, isolation, source admission, or consumer contract.","check.ok("
"accelerated-launch/service/tests/sections/j-specimen-journey.cjs","81","j-specimen-journey","1","KEEP","Current behavior, evidence, isolation, source admission, or consumer contract.","check.equal(draftBeforeReview.status, 409, 'a draft is refused before review');"
"accelerated-launch/service/tests/sections/j-specimen-journey.cjs","82","j-specimen-journey","1","KEEP","Current behavior, evidence, isolation, source admission, or consumer contract.","check.equal(draftBeforeReview.json.error.code, 'REVIEW_REQUIRED_BEFORE_DRAFT');"
"accelerated-launch/service/tests/sections/j-specimen-journey.cjs","85","j-specimen-journey","1","KEEP","Current behavior, evidence, isolation, source admission, or consumer contract.","check.equal(reviewed.status, 200, 'the consumer can record their review');"
"accelerated-launch/service/tests/sections/j-specimen-journey.cjs","86","j-specimen-journey","1","KEEP","Current behavior, evidence, isolation, source admission, or consumer contract.","check.equal(reviewed.json.case_status, 'REVIEWED', 'and the case status follows it');"
"accelerated-launch/service/tests/sections/j-specimen-journey.cjs","89","j-specimen-journey","1","KEEP","Current behavior, evidence, isolation, source admission, or consumer contract.","check.equal(draft.status, 409, 'a draft is still refused: response drafts are not implemented in this build');"
"accelerated-launch/service/tests/sections/j-specimen-journey.cjs","90","j-specimen-journey","1","KEEP","Current behavior, evidence, isolation, source admission, or consumer contract.","check.equal(draft.json.error.code, 'RESULT_NOT_ELIGIBLE_FOR_DRAFT');"
"accelerated-launch/service/tests/sections/j-specimen-journey.cjs","91","j-specimen-journey","1","KEEP","Current behavior, evidence, isolation, source admission, or consumer contract.","check.equal(draft.json.error.detail.recorded_permission, 'response drafts are not implemented in this build; correction packets are a separate entitlement-gated flow');"
"accelerated-launch/service/tests/sections/j-specimen-journey.cjs","94","j-specimen-journey","1","KEEP","Current behavior, evidence, isolation, source admission, or consumer contract.","check.equal(download.status, 200, 'the download interface itself is exercised');"
"accelerated-launch/service/tests/sections/j-specimen-journey.cjs","95","j-specimen-journey","1","KEEP","Current behavior, evidence, isolation, source admission, or consumer contract.","check.ok(/NOT A RESPONSE DRAFT/.test(download.text), 'and its content says on its face that it is not a response draft');"
"accelerated-launch/service/tests/sections/j-specimen-journey.cjs","96","j-specimen-journey","1","KEEP","Current behavior, evidence, isolation, source admission, or consumer contract.","check.ok(/DEMONSTRATION OUTPUT/.test(download.text), 'and that it is demonstration output');"
"accelerated-launch/service/tests/sections/j-specimen-journey.cjs","97","j-specimen-journey","1","KEEP","Current behavior, evidence, isolation, source admission, or consumer contract.","check.ok(!download.text.includes(specimen.sha256), 'and it carries no report content');"
"accelerated-launch/service/tests/sections/j-specimen-journey.cjs","116","j-specimen-journey","1","KEEP","Current behavior, evidence, isolation, source admission, or consumer contract.","check.equal(recorded.status, 200, 'the consumer can record a response status');"
"accelerated-launch/service/tests/sections/j-specimen-journey.cjs","117","j-specimen-journey","1","KEEP","Current behavior, evidence, isolation, source admission, or consumer contract.","check.equal(recorded.json.case.status, 'RESPONSE_RECORDED');"
"accelerated-launch/service/tests/sections/j-specimen-journey.cjs","119","j-specimen-journey","1","KEEP","Current behavior, evidence, isolation, source admission, or consumer contract.","check.ok(!t.logText().includes(specimen.path), 'the specimen path never reaches a log record');"
"accelerated-launch/service/tests/sections/j-specimen-journey.cjs","120","j-specimen-journey","1","KEEP","Current behavior, evidence, isolation, source admission, or consumer contract.","check.ok(!t.logText().includes(specimen.sha256), 'and neither does its digest');"
"accelerated-launch/service/tests/sections/j-specimen-journey.cjs","123","j-specimen-journey","1","KEEP","Current behavior, evidence, isolation, source admission, or consumer contract.","check.equal(removed.status, 200);"
"accelerated-launch/service/tests/sections/j-specimen-journey.cjs","124","j-specimen-journey","1","KEEP","Current behavior, evidence, isolation, source admission, or consumer contract.","check.equal(removed.json.blobs_removed, 1, 'deleting the case removes the stored report bytes');"
"accelerated-launch/service/tests/sections/j-specimen-journey.cjs","125","j-specimen-journey","1","KEEP","Current behavior, evidence, isolation, source admission, or consumer contract.","check.equal(t.blobFiles().length, 0, 'and nothing of the report is left on disk');"
"accelerated-launch/service/tests/sections/k-ui-smoke.cjs","207","k-ui-smoke","1","KEEP","Current behavior, evidence, isolation, source admission, or consumer contract.","check.ok(dom.calls.includes('GET /api/jurisdictions'), 'the UI loads the jurisdiction surface on boot');"
"accelerated-launch/service/tests/sections/k-ui-smoke.cjs","208","k-ui-smoke","1","KEEP","Current behavior, evidence, isolation, source admission, or consumer contract.","check.ok(/Your account/.test(panel.innerHTML), 'the first step renders without error');"
"accelerated-launch/service/tests/sections/k-ui-smoke.cjs","215","k-ui-smoke","1","KEEP","Current behavior, evidence, isolation, source admission, or consumer contract.","check.ok(dom.calls.includes('POST /api/accounts'), 'creating an account calls the service');"
"accelerated-launch/service/tests/sections/k-ui-smoke.cjs","216","k-ui-smoke","1","KEEP","Current behavior, evidence, isolation, source admission, or consumer contract.","check.ok(/Choose your jurisdiction/.test(panel.innerHTML), 'the jurisdiction step then renders');"
"accelerated-launch/service/tests/sections/k-ui-smoke.cjs","217","k-ui-smoke","1","KEEP","Current behavior, evidence, isolation, source admission, or consumer contract.","check.ok(/No region is advertised as launch ready/.test(panel.innerHTML), 'and it says no region is ready');"
"accelerated-launch/service/tests/sections/k-ui-smoke.cjs","224","k-ui-smoke","1","KEEP","Current behavior, evidence, isolation, source admission, or consumer contract.","check.ok(dom.calls.includes('POST /api/cases'), 'opening a case posts the explicit selection');"
"accelerated-launch/service/tests/sections/k-ui-smoke.cjs","225","k-ui-smoke","1","KEEP","Current behavior, evidence, isolation, source admission, or consumer contract.","check.ok(/Your report/.test(panel.innerHTML), 'the report step renders');"
"accelerated-launch/service/tests/sections/k-ui-smoke.cjs","228","k-ui-smoke","1","KEEP","Current behavior, evidence, isolation, source admission, or consumer contract.","check.ok(/multiple/.test(source) && /image\/png/.test(source), 'the upload input advertises multi-select images, not only PDF');"
"accelerated-launch/service/tests/sections/k-ui-smoke.cjs","229","k-ui-smoke","1","KEEP","Current behavior, evidence, isolation, source admission, or consumer contract.","check.ok(/Upload selected files/.test(source), 'and the upload action is phrased for more than one file');"
"accelerated-launch/service/tests/sections/k-ui-smoke.cjs","238","k-ui-smoke","1","KEEP","Current behavior, evidence, isolation, source admission, or consumer contract.","check.equal(filePosts.length, 2, 'two selected files produce two individual uploads, never just files[0]');"
"accelerated-launch/service/tests/sections/k-ui-smoke.cjs","244","k-ui-smoke","1","KEEP","Current behavior, evidence, isolation, source admission, or consumer contract.","check.ok(dom.calls.includes('POST /api/cases/case_stub/demonstration'), 'the demonstration is requested from the service');"
"accelerated-launch/service/tests/sections/k-ui-smoke.cjs","245","k-ui-smoke","1","KEEP","Current behavior, evidence, isolation, source admission, or consumer contract.","check.ok(/INTERACTIVE DEMONSTRATION/.test(dom.nodes.get('support-banner').innerHTML), 'the banner labels the demonstration explicitly');"
"accelerated-launch/service/tests/sections/k-ui-smoke.cjs","246","k-ui-smoke","1","KEEP","Current behavior, evidence, isolation, source admission, or consumer contract.","check.ok(/Checks performed/.test(panel.innerHTML), 'the results step renders the check count');"
"accelerated-launch/service/tests/sections/k-ui-smoke.cjs","247","k-ui-smoke","1","KEEP","Current behavior, evidence, isolation, source admission, or consumer contract.","check.ok(/page/.test(panel.innerHTML) && />16</.test(panel.innerHTML), 'and the evidence location is shown to the consumer');"
"accelerated-launch/service/tests/sections/k-ui-smoke.cjs","248","k-ui-smoke","1","KEEP","Current behavior, evidence, isolation, source admission, or consumer contract.","check.ok(!/What this result does not say/.test(panel.innerHTML), 'owner imperative: blanket qualification lists are not surfaced');"
"accelerated-launch/service/tests/sections/k-ui-smoke.cjs","249","k-ui-smoke","1","KEEP","Current behavior, evidence, isolation, source admission, or consumer contract.","check.ok(/checks listed in this report/.test(panel.innerHTML), 'actual assessment scope is stated without legal-advice disclaimers');"
"accelerated-launch/service/tests/sections/k-ui-smoke.cjs","250","k-ui-smoke","1","KEEP","Current behavior, evidence, isolation, source admission, or consumer contract.","check.ok(!/NOT_REPORT_SUPPORT/.test(panel.innerHTML), 'the raw support token is never rendered');"
"accelerated-launch/service/tests/sections/k-ui-smoke.cjs","251","k-ui-smoke","1","KEEP","Current behavior, evidence, isolation, source admission, or consumer contract.","check.ok(!/A quick clarification/.test(panel.innerHTML), 'a labelled demonstration never surfaces the clarification block');"
"accelerated-launch/service/tests/sections/k-ui-smoke.cjs","256","k-ui-smoke","1","KEEP","Current behavior, evidence, isolation, source admission, or consumer contract.","check.ok(/A quick clarification/.test(panel.innerHTML), 'a real report result surfaces the optional clarification block');"
"accelerated-launch/service/tests/sections/k-ui-smoke.cjs","257","k-ui-smoke","1","KEEP","Current behavior, evidence, isolation, source admission, or consumer contract.","check.ok(/Why we ask/.test(panel.innerHTML), 'and each question explains its benefit');"
"accelerated-launch/service/tests/sections/k-ui-smoke.cjs","258","k-ui-smoke","1","KEEP","Current behavior, evidence, isolation, source admission, or consumer contract.","check.ok(/I don't know/.test(panel.innerHTML) && /Skip/.test(panel.innerHTML), 'and offers ""I don\'t know"" and ""Skip""');"
"accelerated-launch/service/tests/sections/k-ui-smoke.cjs","263","k-ui-smoke","1","KEEP","Current behavior, evidence, isolation, source admission, or consumer contract.","check.ok(/not available/.test(panel.innerHTML), 'the review step states that no draft is available');"
"accelerated-launch/service/tests/sections/k-ui-smoke.cjs","264","k-ui-smoke","1","KEEP","Current behavior, evidence, isolation, source admission, or consumer contract.","check.ok(/No result in this build may be used to produce a response draft/.test(panel.innerHTML), 'and explains why in plain language');"
"accelerated-launch/service/tests/sections/k-ui-smoke.cjs","267","k-ui-smoke","1","KEEP","Current behavior, evidence, isolation, source admission, or consumer contract.","check.ok(/No response draft can be produced/.test(panel.innerHTML), 'requesting a draft shows the service\'s refusal');"
"accelerated-launch/service/tests/sections/k-ui-smoke.cjs","269","k-ui-smoke","1","KEEP","Current behavior, evidence, isolation, source admission, or consumer contract.","check.ok(dom.calls.some((c) => /NAVIGATE .*demonstration-download/.test(c)), 'the download interface is reachable from the UI');"
"accelerated-launch/service/tests/sections/k-ui-smoke.cjs","275","k-ui-smoke","1","REWRITE","Relevant UI requirement; stale numeric step targets after history insertion. Repair, do not delete.","check.ok(dom.calls.includes('GET /api/privacy'), 'privacy dashboard loads authenticated inventory');"
"accelerated-launch/service/tests/sections/k-ui-smoke.cjs","276","k-ui-smoke","1","REWRITE","Relevant UI requirement; stale numeric step targets after history insertion. Repair, do not delete.","check.ok(/private-owned.pdf/.test(dom.elementById('privacyInventory').innerHTML), 'privacy dashboard renders owned documents');"
"accelerated-launch/service/tests/sections/k-ui-smoke.cjs","277","k-ui-smoke","1","REWRITE","Relevant UI requirement; stale numeric step targets after history insertion. Repair, do not delete.","check.ok(/Backup erasure timing has not been verified/.test(dom.elementById('privacyInventory').innerHTML), 'privacy dashboard does not promise backup erasure');"
"accelerated-launch/service/tests/sections/k-ui-smoke.cjs","278","k-ui-smoke","1","REWRITE","Relevant UI requirement; stale numeric step targets after history insertion. Repair, do not delete.","check.ok(/Delete this case/.test(panel.innerHTML), 'the case step offers deletion');"
"accelerated-launch/service/tests/sections/k-ui-smoke.cjs","279","k-ui-smoke","1","REWRITE","Relevant UI requirement; stale numeric step targets after history insertion. Repair, do not delete.","check.ok(/Mark CLOSED/.test(panel.innerHTML), 'and consumer-recorded status');"
"accelerated-launch/service/tests/sections/k-ui-smoke.cjs","283","k-ui-smoke","1","KEEP","Current behavior, evidence, isolation, source admission, or consumer contract.","check.ok(/Sign out/.test(panel.innerHTML), 'the sign-out control is present');"
"accelerated-launch/service/tests/sections/k-ui-smoke.cjs","284","k-ui-smoke","1","KEEP","Current behavior, evidence, isolation, source admission, or consumer contract.","check.ok(!/\.machine\b/.test(source), 'the UI source never touches the audit-only machine payload');"
"accelerated-launch/service/tests/sections/l-au-format-family.cjs","89","l-au-format-family","1","KEEP","Current behavior, evidence, isolation, source admission, or consumer contract.","check.equal(sha256File(PUB_012).toUpperCase(), auFamily.FAMILY_CONTRACT.evidenced_sha256.toUpperCase(),"
"accelerated-launch/service/tests/sections/l-au-format-family.cjs","94","l-au-format-family","1","KEEP","Current behavior, evidence, isolation, source admission, or consumer contract.","check.equal(admission.admitted, true, 'the family contract admits the captured public sample');"
"accelerated-launch/service/tests/sections/l-au-format-family.cjs","95","l-au-format-family","1","KEEP","Current behavior, evidence, isolation, source admission, or consumer contract.","check.equal(admission.predicates.filter((p) => !p.passed).length, 0, 'every structural predicate holds on real bytes');"
"accelerated-launch/service/tests/sections/l-au-format-family.cjs","98","l-au-format-family","1","KEEP","Current behavior, evidence, isolation, source admission, or consumer contract.","check.equal(x.reference_date.status, 'RESOLVED');"
"accelerated-launch/service/tests/sections/l-au-format-family.cjs","99","l-au-format-family","1","KEEP","Current behavior, evidence, isolation, source admission, or consumer contract.","check.equal(x.reference_date.raw_value, '4 January 2016', 'the printed report date is read literally');"
"accelerated-launch/service/tests/sections/l-au-format-family.cjs","100","l-au-format-family","1","KEEP","Current behavior, evidence, isolation, source admission, or consumer contract.","check.equal(x.reference_date.normalized_value, '2016-01-04');"
"accelerated-launch/service/tests/sections/l-au-format-family.cjs","101","l-au-format-family","1","KEEP","Current behavior, evidence, isolation, source admission, or consumer contract.","check.equal(x.summary.status, 'RESOLVED');"
"accelerated-launch/service/tests/sections/l-au-format-family.cjs","102","l-au-format-family","1","KEEP","Current behavior, evidence, isolation, source admission, or consumer contract.","check.equal(x.summary.by_kind.CREDIT_ENQUIRY.records_read, 4, 'the sample prints four consumer credit enquiries');"
"accelerated-launch/service/tests/sections/l-au-format-family.cjs","103","l-au-format-family","1","KEEP","Current behavior, evidence, isolation, source admission, or consumer contract.","check.equal(x.summary.by_kind.OVERDUE_ACCOUNT.records_read, 2, 'and two overdue accounts');"
"accelerated-launch/service/tests/sections/l-au-format-family.cjs","104","l-au-format-family","1","KEEP","Current behavior, evidence, isolation, source admission, or consumer contract.","check.equal(x.summary.by_kind.CONSUMER_CREDIT_LIABILITY.records_read, 3,"
"accelerated-launch/service/tests/sections/l-au-format-family.cjs","106","l-au-format-family","1","KEEP","Current behavior, evidence, isolation, source admission, or consumer contract.","check.equal(x.summary.by_kind.CONSUMER_CREDIT_LIABILITY.records_resolved, 2,"
"accelerated-launch/service/tests/sections/l-au-format-family.cjs","109","l-au-format-family","1","KEEP","Current behavior, evidence, isolation, source admission, or consumer contract.","check.deepEqual(liabilities.map((r) => r.printed.closed_date.raw), [null, null, null],"
"accelerated-launch/service/tests/sections/l-au-format-family.cjs","111","l-au-format-family","1","KEEP","Current behavior, evidence, isolation, source admission, or consumer contract.","check.deepEqual(liabilities.map((r) => r.printed.closed_date.reason),"
"accelerated-launch/service/tests/sections/l-au-format-family.cjs","114","l-au-format-family","1","KEEP","Current behavior, evidence, isolation, source admission, or consumer contract.","check.equal(liabilities[1].printed.current_repayment_status.raw,"
"accelerated-launch/service/tests/sections/l-au-format-family.cjs","117","l-au-format-family","1","KEEP","Current behavior, evidence, isolation, source admission, or consumer contract.","check.equal(liabilities[0].printed.current_repayment_status.raw, null,"
"accelerated-launch/service/tests/sections/l-au-format-family.cjs","119","l-au-format-family","1","KEEP","Current behavior, evidence, isolation, source admission, or consumer contract.","check.deepEqual(liabilities[0].facts, { 'liability.openedDate': '2013-04-11' },"
"accelerated-launch/service/tests/sections/l-au-format-family.cjs","121","l-au-format-family","1","KEEP","Current behavior, evidence, isolation, source admission, or consumer contract.","check.deepEqual(x.evidence_readings.boundary_anomalies, [], 'with no record-boundary anomaly');"
"accelerated-launch/service/tests/sections/l-au-format-family.cjs","124","l-au-format-family","1","KEEP","Current behavior, evidence, isolation, source admission, or consumer contract.","check.deepEqual(enquiries.map((r) => r.normalized_value), ['2014-11-14', '2014-04-10', '2014-02-24', '2012-09-10'],"
"accelerated-launch/service/tests/sections/l-au-format-family.cjs","126","l-au-format-family","1","KEEP","Current behavior, evidence, isolation, source admission, or consumer contract.","check.ok(enquiries.every((r) => r.source_field === 'Enquiry Date' && r.location.page === 9),"
"accelerated-launch/service/tests/sections/l-au-format-family.cjs","130","l-au-format-family","1","KEEP","Current behavior, evidence, isolation, source admission, or consumer contract.","check.deepEqual(overdues.map((r) => r.normalized_value), ['2015-07-20', '2015-02-20'],"
"accelerated-launch/service/tests/sections/l-au-format-family.cjs","132","l-au-format-family","1","KEEP","Current behavior, evidence, isolation, source admission, or consumer contract.","check.ok(overdues.every((r) => r.source_field === 'Original Listing > Date'),"
"accelerated-launch/service/tests/sections/l-au-format-family.cjs","134","l-au-format-family","1","KEEP","Current behavior, evidence, isolation, source admission, or consumer contract.","check.deepEqual(overdues.map((r) => r.printed_extra.report_printed_deletion_date), ['20 Jul 2020', '20 Feb 2020'],"
"accelerated-launch/service/tests/sections/l-au-format-family.cjs","140","l-au-format-family","2","KEEP","Current behavior, evidence, isolation, source admission, or consumer contract.","check.equal(reportOwn, addYears(record.normalized_value, 5),"
"accelerated-launch/service/tests/sections/l-au-format-family.cjs","142","l-au-format-family","2","KEEP","Current behavior, evidence, isolation, source admission, or consumer contract.","check.notEqual(record.normalized_value, reportOwn, ""and that statement is not returned as the rule's anchor"");"
"accelerated-launch/service/tests/sections/l-au-format-family.cjs","146","l-au-format-family","1","KEEP","Current behavior, evidence, isolation, source admission, or consumer contract.","check.equal(new Set(locations).size, locations.length, 'no two records share one report location');"
"accelerated-launch/service/tests/sections/l-au-format-family.cjs","147","l-au-format-family","1","KEEP","Current behavior, evidence, isolation, source admission, or consumer contract.","check.ok(!JSON.stringify(overdues[0]).includes(overdues[1].normalized_value), ""account 1 does not carry account 2's date"");"
"accelerated-launch/service/tests/sections/l-au-format-family.cjs","148","l-au-format-family","1","KEEP","Current behavior, evidence, isolation, source admission, or consumer contract.","check.ok(!JSON.stringify(overdues[1]).includes(overdues[0].normalized_value), ""and account 2 does not carry account 1's date"");"
"accelerated-launch/service/tests/sections/l-au-format-family.cjs","149","l-au-format-family","1","KEEP","Current behavior, evidence, isolation, source admission, or consumer contract.","check.deepEqual(Object.keys(enquiries[0].facts), ['enquiry.date'], ""a record's fact object carries only its own value"");"
"accelerated-launch/service/tests/sections/l-au-format-family.cjs","159","l-au-format-family","1","KEEP","Current behavior, evidence, isolation, source admission, or consumer contract.","check.equal(good.reference_date.normalized_value, '2016-01-04');"
"accelerated-launch/service/tests/sections/l-au-format-family.cjs","160","l-au-format-family","1","KEEP","Current behavior, evidence, isolation, source admission, or consumer contract.","check.equal(good.records.length, 2);"
"accelerated-launch/service/tests/sections/l-au-format-family.cjs","161","l-au-format-family","1","KEEP","Current behavior, evidence, isolation, source admission, or consumer contract.","check.equal(good.records[0].facts['enquiry.date'], '2014-11-14');"
"accelerated-launch/service/tests/sections/l-au-format-family.cjs","162","l-au-format-family","1","KEEP","Current behavior, evidence, isolation, source admission, or consumer contract.","check.equal(good.records[1].facts['overdue.originalListingDate'], '2015-07-20');"
"accelerated-launch/service/tests/sections/l-au-format-family.cjs","167","l-au-format-family","1","KEEP","Current behavior, evidence, isolation, source admission, or consumer contract.","check.equal(unresolved.status, 'EXTRACTION_UNRESOLVED');"
"accelerated-launch/service/tests/sections/l-au-format-family.cjs","168","l-au-format-family","1","KEEP","Current behavior, evidence, isolation, source admission, or consumer contract.","check.equal(unresolved.reason, 'ORIGINAL_LISTING_BLOCK_NOT_PRINTED');"
"accelerated-launch/service/tests/sections/l-au-format-family.cjs","169","l-au-format-family","1","KEEP","Current behavior, evidence, isolation, source admission, or consumer contract.","check.equal(unresolved.normalized_value, null, 'the current-listing date is never substituted');"
"accelerated-launch/service/tests/sections/l-au-format-family.cjs","170","l-au-format-family","1","KEEP","Current behavior, evidence, isolation, source admission, or consumer contract.","check.equal(unresolved.current_listing_date, '20 Jul 2015', 'it is still read and reported separately');"
"accelerated-launch/service/tests/sections/l-au-format-family.cjs","171","l-au-format-family","1","KEEP","Current behavior, evidence, isolation, source admission, or consumer contract.","check.deepEqual(unresolved.facts, {}, 'and no fact is supplied to any rule');"
"accelerated-launch/service/tests/sections/l-au-format-family.cjs","176","l-au-format-family","1","KEEP","Current behavior, evidence, isolation, source admission, or consumer contract.","check.equal(ambiguous.reason, 'LABEL_PRINTED_MORE_THAN_ONCE_IN_RECORD');"
"accelerated-launch/service/tests/sections/l-au-format-family.cjs","177","l-au-format-family","1","KEEP","Current behavior, evidence, isolation, source admission, or consumer contract.","check.equal(ambiguous.normalized_value, null);"
"accelerated-launch/service/tests/sections/l-au-format-family.cjs","181","l-au-format-family","1","KEEP","Current behavior, evidence, isolation, source admission, or consumer contract.","check.equal(blank.records[0].reason, 'LABEL_PRINTED_WITHOUT_VALUE');"
"accelerated-launch/service/tests/sections/l-au-format-family.cjs","182","l-au-format-family","1","KEEP","Current behavior, evidence, isolation, source admission, or consumer contract.","check.equal(blank.records[0].normalized_value, null);"
"accelerated-launch/service/tests/sections/l-au-format-family.cjs","186","l-au-format-family","1","KEEP","Current behavior, evidence, isolation, source admission, or consumer contract.","check.equal(omitted.summary.by_kind.CREDIT_ENQUIRY.status, 'ABSENT_FROM_REPORT');"
"accelerated-launch/service/tests/sections/l-au-format-family.cjs","187","l-au-format-family","1","KEEP","Current behavior, evidence, isolation, source admission, or consumer contract.","check.equal(omitted.summary.by_kind.CREDIT_ENQUIRY.reason, 'SECTION_NOT_PRINTED_BY_THIS_REPORT');"
"accelerated-launch/service/tests/sections/l-au-format-family.cjs","188","l-au-format-family","1","KEEP","Current behavior, evidence, isolation, source admission, or consumer contract.","check.equal(omitted.summary.by_kind.OVERDUE_ACCOUNT.status, 'RESOLVED', 'the unaffected kind still resolves');"
"accelerated-launch/service/tests/sections/l-au-format-family.cjs","191","l-au-format-family","1","KEEP","Current behavior, evidence, isolation, source admission, or consumer contract.","check.equal(empty.summary.by_kind.CREDIT_ENQUIRY.reason, 'SECTION_LOCATED_AND_RESOLVED_WITH_NO_RECORD');"
"accelerated-launch/service/tests/sections/l-au-format-family.cjs","192","l-au-format-family","1","KEEP","Current behavior, evidence, isolation, source admission, or consumer contract.","check.notEqual(empty.summary.by_kind.CREDIT_ENQUIRY.reason, omitted.summary.by_kind.CREDIT_ENQUIRY.reason,"
"accelerated-launch/service/tests/sections/l-au-format-family.cjs","201","l-au-format-family","1","KEEP","Current behavior, evidence, isolation, source admission, or consumer contract.","check.equal(overdueRecords.length, 2);"
"accelerated-launch/service/tests/sections/l-au-format-family.cjs","202","l-au-format-family","1","KEEP","Current behavior, evidence, isolation, source admission, or consumer contract.","check.equal(overdueRecords[0].status, 'RESOLVED');"
"accelerated-launch/service/tests/sections/l-au-format-family.cjs","203","l-au-format-family","1","KEEP","Current behavior, evidence, isolation, source admission, or consumer contract.","check.equal(overdueRecords[1].status, 'EXTRACTION_UNRESOLVED');"
"accelerated-launch/service/tests/sections/l-au-format-family.cjs","204","l-au-format-family","1","KEEP","Current behavior, evidence, isolation, source admission, or consumer contract.","check.equal(mixed.summary.by_kind.OVERDUE_ACCOUNT.status, 'RESOLVED', 'one unusable record does not disable the kind');"
"accelerated-launch/service/tests/sections/l-au-format-family.cjs","224","l-au-format-family","1","KEEP","Current behavior, evidence, isolation, source admission, or consumer contract.","check.equal(evaluated.results.length, 2, 'one observation per record kind, and no more');"
"accelerated-launch/service/tests/sections/l-au-format-family.cjs","225","l-au-format-family","1","KEEP","Current behavior, evidence, isolation, source admission, or consumer contract.","check.deepEqual(evaluated.results.map((r) => r.machine.anchor.field).sort(),"
"accelerated-launch/service/tests/sections/l-au-format-family.cjs","227","l-au-format-family","1","KEEP","Current behavior, evidence, isolation, source admission, or consumer contract.","check.ok(evaluated.results.every((r) => r.machine.finding_emitted === false), 'none of them is a finding');"
"accelerated-launch/service/tests/sections/l-au-format-family.cjs","228","l-au-format-family","1","KEEP","Current behavior, evidence, isolation, source admission, or consumer contract.","check.ok(evaluated.results.every((r) => r.machine.packet_eligible === true),"
"accelerated-launch/service/tests/sections/l-au-format-family.cjs","255","l-au-format-family","1","KEEP","Current behavior, evidence, isolation, source admission, or consumer contract.","check.ok(otherPublisher.includes('FAMILY_BUREAU_IDENTITY_ABSENT'), 'another publisher fails the identity predicate');"
"accelerated-launch/service/tests/sections/l-au-format-family.cjs","258","l-au-format-family","1","KEEP","Current behavior, evidence, isolation, source admission, or consumer contract.","check.ok(noConsumerSection.includes('FAMILY_CONSUMER_SECTIONS_ABSENT'), 'a document with no consumer section fails');"
"accelerated-launch/service/tests/sections/l-au-format-family.cjs","259","l-au-format-family","1","KEEP","Current behavior, evidence, isolation, source admission, or consumer contract.","check.ok(!noConsumerSection.includes('FAMILY_BUREAU_IDENTITY_ABSENT'), 'and it is not confused with an identity failure');"
"accelerated-launch/service/tests/sections/l-au-format-family.cjs","266","l-au-format-family","1","KEEP","Current behavior, evidence, isolation, source admission, or consumer contract.","check.ok(noHeadings.includes('NOT_THE_EVIDENCED_FAMILY_STRUCTURE'), 'a document without the skeleton headings fails');"
"accelerated-launch/service/tests/sections/l-au-format-family.cjs","269","l-au-format-family","1","KEEP","Current behavior, evidence, isolation, source admission, or consumer contract.","check.ok(fixture.includes('FAMILY_SYNTHETIC_OR_FIXTURE_MARKER'),"
"accelerated-launch/service/tests/sections/l-au-format-family.cjs","277","l-au-format-family","1","KEEP","Current behavior, evidence, isolation, source admission, or consumer contract.","check.ok(training.includes('FAMILY_WRONG_CHANNEL_MARKER'), 'a training aid is not a consumer report');"
"accelerated-launch/service/tests/sections/l-au-format-family.cjs","280","l-au-format-family","1","KEEP","Current behavior, evidence, isolation, source admission, or consumer contract.","check.equal(inMemory.admitted, false, 'an in-memory model with the family structure is still refused');"
"accelerated-launch/service/tests/sections/l-au-format-family.cjs","281","l-au-format-family","1","KEEP","Current behavior, evidence, isolation, source admission, or consumer contract.","check.equal(inMemory.refusal_reason, 'FAMILY_IN_MEMORY_MODEL_IS_NOT_A_FILE');"
"accelerated-launch/service/tests/sections/l-au-format-family.cjs","282","l-au-format-family","1","KEEP","Current behavior, evidence, isolation, source admission, or consumer contract.","check.ok(refusalsOf(familyModel({})).includes('FAMILY_IN_MEMORY_MODEL_IS_NOT_A_FILE'));"
"accelerated-launch/service/tests/sections/l-au-format-family.cjs","305","l-au-format-family","1","KEEP","Current behavior, evidence, isolation, source admission, or consumer contract.","check.equal(otherAdmission.admitted, false, 'a real PDF from another publisher is not admitted');"
"accelerated-launch/service/tests/sections/l-au-format-family.cjs","306","l-au-format-family","1","KEEP","Current behavior, evidence, isolation, source admission, or consumer contract.","check.equal(otherAdmission.refusal_reason, 'FAMILY_BUREAU_IDENTITY_ABSENT');"
"accelerated-launch/service/tests/sections/l-au-format-family.cjs","308","l-au-format-family","1","KEEP","Current behavior, evidence, isolation, source admission, or consumer contract.","check.equal(imageAdmission.refusal_reason, 'FAMILY_IMAGE_ONLY_OR_NO_TEXT_LAYER',"
"accelerated-launch/service/tests/sections/l-au-format-family.cjs","314","l-au-format-family","1","KEEP","Current behavior, evidence, isolation, source admission, or consumer contract.","check.equal(auDetection.supported, false);"
"accelerated-launch/service/tests/sections/l-au-format-family.cjs","315","l-au-format-family","1","KEEP","Current behavior, evidence, isolation, source admission, or consumer contract.","check.equal(auDetection.refusal_reason, 'UNRELATED_DOCUMENT', 'an AU refusal from an unrecognised bureau is unrelated');"
"accelerated-launch/service/tests/sections/l-au-format-family.cjs","316","l-au-format-family","1","KEEP","Current behavior, evidence, isolation, source admission, or consumer contract.","check.equal(auDetection.family_predicates.length, 1, 'and records what was measured for that market');"
"accelerated-launch/service/tests/sections/l-au-format-family.cjs","318","l-au-format-family","1","KEEP","Current behavior, evidence, isolation, source admission, or consumer contract.","check.equal(caDetection.refusal_reason, 'UNRELATED_DOCUMENT',"
"accelerated-launch/service/tests/sections/l-au-format-family.cjs","320","l-au-format-family","1","KEEP","Current behavior, evidence, isolation, source admission, or consumer contract.","check.ok(!/^FAMILY_/.test(caDetection.refusal_reason));"
"accelerated-launch/service/tests/sections/l-au-format-family.cjs","336","l-au-format-family","1","KEEP","Current behavior, evidence, isolation, source admission, or consumer contract.","check.equal(upload.status, 201, 'a lookalike is stored so its measured shape can be reported');"
"accelerated-launch/service/tests/sections/l-au-format-family.cjs","337","l-au-format-family","1","KEEP","Current behavior, evidence, isolation, source admission, or consumer contract.","check.equal(upload.json.receipt.format_detection.supported, false);"
"accelerated-launch/service/tests/sections/l-au-format-family.cjs","338","l-au-format-family","1","KEEP","Current behavior, evidence, isolation, source admission, or consumer contract.","check.equal(upload.json.receipt.format_detection.refusal_reason, 'UNRELATED_DOCUMENT',"
"accelerated-launch/service/tests/sections/l-au-format-family.cjs","340","l-au-format-family","1","KEEP","Current behavior, evidence, isolation, source admission, or consumer contract.","check.equal(upload.json.receipt.format_detection.read_support_is, 'REFUSED');"
"accelerated-launch/service/tests/sections/l-au-format-family.cjs","341","l-au-format-family","1","KEEP","Current behavior, evidence, isolation, source admission, or consumer contract.","check.equal(upload.json.receipt.extraction_summary.extraction_ran, false);"
"accelerated-launch/service/tests/sections/l-au-format-family.cjs","342","l-au-format-family","1","KEEP","Current behavior, evidence, isolation, source admission, or consumer contract.","check.equal(upload.json.receipt.extraction_summary.accounts_read, 0);"
"accelerated-launch/service/tests/sections/l-au-format-family.cjs","343","l-au-format-family","1","KEEP","Current behavior, evidence, isolation, source admission, or consumer contract.","check.equal(t.blobFiles().length, before + 1);"
"accelerated-launch/service/tests/sections/l-au-format-family.cjs","346","l-au-format-family","1","KEEP","Current behavior, evidence, isolation, source admission, or consumer contract.","check.equal(evaluate.status, 201);"
"accelerated-launch/service/tests/sections/l-au-format-family.cjs","347","l-au-format-family","1","KEEP","Current behavior, evidence, isolation, source admission, or consumer contract.","check.equal(evaluate.json.result.checks_performed, 0, 'a refused file produces no check at all');"
"accelerated-launch/service/tests/sections/l-au-format-family.cjs","348","l-au-format-family","1","KEEP","Current behavior, evidence, isolation, source admission, or consumer contract.","check.ok(evaluate.json.result.checks_not_run.length > 0, 'and says so, rather than implying an empty report');"
"accelerated-launch/service/tests/sections/l-au-format-family.cjs","351","l-au-format-family","1","KEEP","Current behavior, evidence, isolation, source admission, or consumer contract.","check.equal(deleted.json.blobs_removed, 1);"
"accelerated-launch/service/tests/sections/l-au-format-family.cjs","352","l-au-format-family","1","KEEP","Current behavior, evidence, isolation, source admission, or consumer contract.","check.equal(t.blobFiles().length, 0);"
"accelerated-launch/service/tests/sections/m-au-journey.cjs","70","m-au-journey","1","KEEP","Current behavior, evidence, isolation, source admission, or consumer contract.","check.equal(opened.status, 201);"
"accelerated-launch/service/tests/sections/m-au-journey.cjs","41","m-au-journey","1","KEEP","Current behavior, evidence, isolation, source admission, or consumer contract.","check.equal(upload.status, 201, 'the captured sample is accepted for an Australian selection');"
"accelerated-launch/service/tests/sections/m-au-journey.cjs","42","m-au-journey","1","KEEP","Current behavior, evidence, isolation, source admission, or consumer contract.","check.equal(upload.json.receipt.format_detection.supported, true, 'and is recognised as the supported format family');"
"accelerated-launch/service/tests/sections/m-au-journey.cjs","43","m-au-journey","1","KEEP","Current behavior, evidence, isolation, source admission, or consumer contract.","check.equal(upload.json.receipt.format_detection.presentation_id, 'FAM-AU-EQX-CONSUMER');"
"accelerated-launch/service/tests/sections/m-au-journey.cjs","44","m-au-journey","1","KEEP","Current behavior, evidence, isolation, source admission, or consumer contract.","check.equal(upload.json.receipt.format_detection.read_support_is, 'EVIDENCED_STRUCTURAL_CONTRACT',"
"accelerated-launch/service/tests/sections/m-au-journey.cjs","46","m-au-journey","1","KEEP","Current behavior, evidence, isolation, source admission, or consumer contract.","check.equal(upload.json.receipt.extraction_summary.presentation_evidence, true);"
"accelerated-launch/service/tests/sections/m-au-journey.cjs","47","m-au-journey","1","KEEP","Current behavior, evidence, isolation, source admission, or consumer contract.","check.equal(upload.json.receipt.extraction_summary.reference_date_read, true, 'the report reference date is read');"
"accelerated-launch/service/tests/sections/m-au-journey.cjs","48","m-au-journey","1","KEEP","Current behavior, evidence, isolation, source admission, or consumer contract.","check.equal(upload.json.receipt.extraction_summary.accounts_read, 9,"
"accelerated-launch/service/tests/sections/m-au-journey.cjs","50","m-au-journey","1","KEEP","Current behavior, evidence, isolation, source admission, or consumer contract.","check.equal(upload.json.receipt.extraction_summary.accounts_with_readable_date, 8,"
"accelerated-launch/service/tests/sections/m-au-journey.cjs","52","m-au-journey","1","KEEP","Current behavior, evidence, isolation, source admission, or consumer contract.","check.equal(upload.json.receipt.extraction_summary.result_status, 'RESOLVED');"
"accelerated-launch/service/tests/sections/m-au-journey.cjs","74","m-au-journey","1","KEEP","Current behavior, evidence, isolation, source admission, or consumer contract.","check.equal(t.blobFiles().length, 1, 'exactly one blob is on disk');"
"accelerated-launch/service/tests/sections/m-au-journey.cjs","58","m-au-journey","1","KEEP","Current behavior, evidence, isolation, source admission, or consumer contract.","check.ok(file.recognised_as && !/FAM-/.test(file.recognised_as), 'the consumer sees a display name, not a family identifier');"
"accelerated-launch/service/tests/sections/m-au-journey.cjs","59","m-au-journey","1","KEEP","Current behavior, evidence, isolation, source admission, or consumer contract.","check.ok(!file.recognised_as || /Australia/.test(file.recognised_as), 'and that name names the bureau and the country');"
"accelerated-launch/service/tests/sections/m-au-journey.cjs","61","m-au-journey","1","KEEP","Current behavior, evidence, isolation, source admission, or consumer contract.","check.ok(!serialized.includes(specimenDigest), 'the consumer view carries no sample digest');"
"accelerated-launch/service/tests/sections/m-au-journey.cjs","62","m-au-journey","1","KEEP","Current behavior, evidence, isolation, source admission, or consumer contract.","check.ok(!serialized.includes(specimenPath), 'the consumer view carries no sample path');"
"accelerated-launch/service/tests/sections/m-au-journey.cjs","80","m-au-journey","1","KEEP","Current behavior, evidence, isolation, source admission, or consumer contract.","check.equal(evaluated.status, 201);"
"accelerated-launch/service/tests/sections/m-au-journey.cjs","82","m-au-journey","1","KEEP","Current behavior, evidence, isolation, source admission, or consumer contract.","check.equal(result.support, 'ACTUAL_REPORT_EVIDENCE', 'the result is report support, not a demonstration');"
"accelerated-launch/service/tests/sections/m-au-journey.cjs","83","m-au-journey","1","KEEP","Current behavior, evidence, isolation, source admission, or consumer contract.","check.equal(result.presentation_evidence, true);"
"accelerated-launch/service/tests/sections/m-au-journey.cjs","84","m-au-journey","1","KEEP","Current behavior, evidence, isolation, source admission, or consumer contract.","check.equal(result.checks_performed, 6, 'every recorded limb of both date-anchored kinds produced a comparison');"
"accelerated-launch/service/tests/sections/m-au-journey.cjs","88","m-au-journey","1","KEEP","Current behavior, evidence, isolation, source admission, or consumer contract.","check.equal(enquiries.length, 4, 'the enquiry limb ran once per enquiry, on its own date');"
"accelerated-launch/service/tests/sections/m-au-journey.cjs","89","m-au-journey","1","KEEP","Current behavior, evidence, isolation, source admission, or consumer contract.","check.equal(overdues.length, 2, 'the default limb ran once per overdue account, on its own original listing date');"
"accelerated-launch/service/tests/sections/m-au-journey.cjs","90","m-au-journey","1","KEEP","Current behavior, evidence, isolation, source admission, or consumer contract.","check.equal(enquiries.length + overdues.length, result.observations.length, 'and nothing else ran');"
"accelerated-launch/service/tests/sections/m-au-journey.cjs","92","m-au-journey","1","KEEP","Current behavior, evidence, isolation, source admission, or consumer contract.","check.ok(result.observations.every((o) => o.is_a_finding === false), 'no observation is a finding on a not-exceeded sample');"
"accelerated-launch/service/tests/sections/m-au-journey.cjs","93","m-au-journey","1","KEEP","Current behavior, evidence, isolation, source admission, or consumer contract.","check.ok(result.observations.every((o) => o.output_level === 'violation'), 'each carries its recorded ceiling (violation-class rule, no breach found here)');"
"accelerated-launch/service/tests/sections/m-au-journey.cjs","94","m-au-journey","1","KEEP","Current behavior, evidence, isolation, source admission, or consumer contract.","check.ok(result.observations.every((o) => o.evidence && o.evidence.page && o.evidence.line), 'each names its page and line');"
"accelerated-launch/service/tests/sections/m-au-journey.cjs","95","m-au-journey","1","KEEP","Current behavior, evidence, isolation, source admission, or consumer contract.","check.ok(result.observations.every((o) => o.evidence.section), 'and the section it came from');"
"accelerated-launch/service/tests/sections/m-au-journey.cjs","96","m-au-journey","1","KEEP","Current behavior, evidence, isolation, source admission, or consumer contract.","check.ok(result.observations.every((o) => o.evidence.printed_value), 'and the value it was printed as');"
"accelerated-launch/service/tests/sections/m-au-journey.cjs","97","m-au-journey","1","KEEP","Current behavior, evidence, isolation, source admission, or consumer contract.","check.equal(new Set(result.observations.map((o) => `${o.evidence.page}:${o.evidence.line}`)).size, 6,"
"accelerated-launch/service/tests/sections/m-au-journey.cjs","99","m-au-journey","1","KEEP","Current behavior, evidence, isolation, source admission, or consumer contract.","check.ok(result.observations.every((o) => !/Date will be Deleted/.test(o.measures_from)),"
"accelerated-launch/service/tests/sections/m-au-journey.cjs","101","m-au-journey","1","KEEP","Current behavior, evidence, isolation, source admission, or consumer contract.","check.ok(overdues.every((o) => /overdue account/.test(o.headline)), 'an overdue comparison names the kind of entry it came from');"
"accelerated-launch/service/tests/sections/m-au-journey.cjs","102","m-au-journey","1","KEEP","Current behavior, evidence, isolation, source admission, or consumer contract.","check.ok(enquiries.every((o) => /enquiry/.test(o.headline)), 'and an enquiry comparison names its kind');"
"accelerated-launch/service/tests/sections/m-au-journey.cjs","103","m-au-journey","1","KEEP","Current behavior, evidence, isolation, source admission, or consumer contract.","check.equal(result.checks_unresolved.length, 0, 'nothing was left unresolved on this sample');"
"accelerated-launch/service/tests/sections/m-au-journey.cjs","106","m-au-journey","1","KEEP","Current behavior, evidence, isolation, source admission, or consumer contract.","check.equal(result.checks_not_applicable.length, 1,"
"accelerated-launch/service/tests/sections/m-au-journey.cjs","108","m-au-journey","1","KEEP","Current behavior, evidence, isolation, source admission, or consumer contract.","check.equal(result.checks_applicability_unresolved.length, 2,"
"accelerated-launch/service/tests/sections/m-au-journey.cjs","110","m-au-journey","1","KEEP","Current behavior, evidence, isolation, source admission, or consumer contract.","check.equal(result.checks_applicability_unresolved.length + result.checks_not_applicable.length"
"accelerated-launch/service/tests/sections/m-au-journey.cjs","113","m-au-journey","1","KEEP","Current behavior, evidence, isolation, source admission, or consumer contract.","check.ok(result.checks_not_applicable.every((c) => c.applicability === 'NOT_APPLICABLE'),"
"accelerated-launch/service/tests/sections/m-au-journey.cjs","115","m-au-journey","1","KEEP","Current behavior, evidence, isolation, source admission, or consumer contract.","check.equal(result.applicability_summary.NOT_APPLICABLE, 1);"
"accelerated-launch/service/tests/sections/m-au-journey.cjs","116","m-au-journey","1","KEEP","Current behavior, evidence, isolation, source admission, or consumer contract.","check.equal(result.applicability_summary.APPLICABILITY_UNRESOLVED, 2);"
"accelerated-launch/service/tests/sections/m-au-journey.cjs","117","m-au-journey","1","KEEP","Current behavior, evidence, isolation, source admission, or consumer contract.","check.equal(result.comprehensive_legal_check, false);"
"accelerated-launch/service/tests/sections/m-au-journey.cjs","118","m-au-journey","1","KEEP","Current behavior, evidence, isolation, source admission, or consumer contract.","check.ok(/not legal findings/.test(JSON.stringify(result.qualifications)));"
"accelerated-launch/service/tests/sections/m-au-journey.cjs","121","m-au-journey","1","KEEP","Current behavior, evidence, isolation, source admission, or consumer contract.","check.equal(draftBefore.status, 409, 'a draft is refused before review');"
"accelerated-launch/service/tests/sections/m-au-journey.cjs","123","m-au-journey","1","KEEP","Current behavior, evidence, isolation, source admission, or consumer contract.","check.equal(reviewed.status, 200);"
"accelerated-launch/service/tests/sections/m-au-journey.cjs","124","m-au-journey","1","KEEP","Current behavior, evidence, isolation, source admission, or consumer contract.","check.equal(reviewed.json.case_status, 'REVIEWED');"
"accelerated-launch/service/tests/sections/m-au-journey.cjs","126","m-au-journey","1","KEEP","Current behavior, evidence, isolation, source admission, or consumer contract.","check.equal(draft.status, 409, 'and is still refused after review: no AU adapter is packet eligible');"
"accelerated-launch/service/tests/sections/m-au-journey.cjs","128","m-au-journey","1","KEEP","Current behavior, evidence, isolation, source admission, or consumer contract.","check.equal(download.status, 200);"
"accelerated-launch/service/tests/sections/m-au-journey.cjs","129","m-au-journey","1","KEEP","Current behavior, evidence, isolation, source admission, or consumer contract.","check.ok(/NOT A RESPONSE DRAFT/.test(download.text));"
"accelerated-launch/service/tests/sections/m-au-journey.cjs","130","m-au-journey","1","KEEP","Current behavior, evidence, isolation, source admission, or consumer contract.","check.ok(!download.text.includes(specimenDigest));"
"accelerated-launch/service/tests/sections/m-au-journey.cjs","133","m-au-journey","1","KEEP","Current behavior, evidence, isolation, source admission, or consumer contract.","check.equal((await t.request('GET', `/api/cases/${caseId}`, { token: stranger.token })).status, 403);"
"accelerated-launch/service/tests/sections/m-au-journey.cjs","134","m-au-journey","1","KEEP","Current behavior, evidence, isolation, source admission, or consumer contract.","check.equal((await t.request('POST', `/api/cases/${caseId}/evaluate`, { token: stranger.token, body: {} })).status, 403);"
"accelerated-launch/service/tests/sections/m-au-journey.cjs","135","m-au-journey","1","KEEP","Current behavior, evidence, isolation, source admission, or consumer contract.","check.equal((await t.request('DELETE', `/api/cases/${caseId}`, { token: stranger.token })).status, 403);"
"accelerated-launch/service/tests/sections/m-au-journey.cjs","137","m-au-journey","1","KEEP","Current behavior, evidence, isolation, source admission, or consumer contract.","check.ok(!t.logText().includes(specimenPath), 'the sample path never reaches a log record');"
"accelerated-launch/service/tests/sections/m-au-journey.cjs","138","m-au-journey","1","KEEP","Current behavior, evidence, isolation, source admission, or consumer contract.","check.ok(!t.logText().includes(specimenDigest), 'and neither does its digest');"
"accelerated-launch/service/tests/sections/m-au-journey.cjs","142","m-au-journey","1","KEEP","Current behavior, evidence, isolation, source admission, or consumer contract.","check.equal(deleted.json.blobs_removed, 1, 'deleting the case removes the stored report bytes');"
"accelerated-launch/service/tests/sections/m-au-journey.cjs","143","m-au-journey","1","KEEP","Current behavior, evidence, isolation, source admission, or consumer contract.","check.equal(t.blobFiles().length, 0, 'and nothing of the report is left on disk');"
"accelerated-launch/service/tests/sections/m-au-journey.cjs","144","m-au-journey","1","KEEP","Current behavior, evidence, isolation, source admission, or consumer contract.","check.equal((await t.request('GET', `/api/cases/${caseId}`, { token: owner.token })).status, 404);"
"accelerated-launch/service/tests/sections/m-au-journey.cjs","166","m-au-journey","8","KEEP","Current behavior, evidence, isolation, source admission, or consumer contract.","check.equal(performed.length, 6, `${region}: every recorded limb produces a comparison`);"
"accelerated-launch/service/tests/sections/m-au-journey.cjs","167","m-au-journey","8","KEEP","Current behavior, evidence, isolation, source admission, or consumer contract.","check.deepEqual(perRegion[region].check_ids, EXECUTABLE_AU_CHECKS.slice().sort(), `${region}: and exactly the two recorded AU adapters ran`);"
"accelerated-launch/service/tests/sections/m-au-journey.cjs","168","m-au-journey","8","KEEP","Current behavior, evidence, isolation, source admission, or consumer contract.","check.deepEqual(perRegion[region].anchors, ['enquiry.date', 'overdue.originalListingDate'], `${region}: each on its own field`);"
"accelerated-launch/service/tests/sections/m-au-journey.cjs","169","m-au-journey","8","KEEP","Current behavior, evidence, isolation, source admission, or consumer contract.","check.equal(perRegion[region].unavailable, 0, `${region}: nothing was held back`);"
"accelerated-launch/service/tests/sections/m-au-journey.cjs","170","m-au-journey","8","KEEP","Current behavior, evidence, isolation, source admission, or consumer contract.","check.equal(perRegion[region].unresolved, 0, `${region}: and nothing was left unresolved`);"
"accelerated-launch/service/tests/sections/m-au-journey.cjs","171","m-au-journey","8","KEEP","Current behavior, evidence, isolation, source admission, or consumer contract.","check.ok(evaluated.results.every((r) => r.machine.packet_eligible === true), `${region}: the demonstrated AU findings are packet eligible`);"
"accelerated-launch/service/tests/sections/n-applicability-records.cjs","47","n-applicability","1","CONSOLIDATE","Relevant jurisdiction coverage; repeated shared contracts should be separated from per-region routing checks. Not authorization to delete the matrix.","check.equal(canonical.length, 82, 'the canonical enumeration still carries 82 regions');"
"accelerated-launch/service/tests/sections/n-applicability-records.cjs","50","n-applicability","1","CONSOLIDATE","Relevant jurisdiction coverage; repeated shared contracts should be separated from per-region routing checks. Not authorization to delete the matrix.","check.equal(allRows.length, 82, 'the records file carries exactly one row per canonical region');"
"accelerated-launch/service/tests/sections/n-applicability-records.cjs","51","n-applicability","1","CONSOLIDATE","Relevant jurisdiction coverage; repeated shared contracts should be separated from per-region routing checks. Not authorization to delete the matrix.","check.equal(new Set(allRows.map((r) => r.region)).size, 82, 'and no region is listed twice');"
"accelerated-launch/service/tests/sections/n-applicability-records.cjs","56","n-applicability","4","CONSOLIDATE","Relevant jurisdiction coverage; repeated shared contracts should be separated from per-region routing checks. Not authorization to delete the matrix.","check.deepEqual(named, expected, `${relation.relation_id}: the named regions equal the canonical ${relation.country} set`);"
"accelerated-launch/service/tests/sections/n-applicability-records.cjs","58","n-applicability","82","CONSOLIDATE","Relevant jurisdiction coverage; repeated shared contracts should be separated from per-region routing checks. Not authorization to delete the matrix.","check.ok(!/[*?]/.test(row.region), `${relation.relation_id}: ${row.region} carries no pattern token`);"
"accelerated-launch/service/tests/sections/n-applicability-records.cjs","59","n-applicability","82","CONSOLIDATE","Relevant jurisdiction coverage; repeated shared contracts should be separated from per-region routing checks. Not authorization to delete the matrix.","check.ok(EXECUTION_TOKENS.includes(relation.execution), `${relation.relation_id}: execution is a recorded token`);"
"accelerated-launch/service/tests/sections/n-applicability-records.cjs","60","n-applicability","82","CONSOLIDATE","Relevant jurisdiction coverage; repeated shared contracts should be separated from per-region routing checks. Not authorization to delete the matrix.","check.ok(!/propagat|inherit|defaulted from the country/i.test(String(row.basis)), `${row.region}: its basis claims no propagation`);"
"accelerated-launch/service/tests/sections/n-applicability-records.cjs","64","n-applicability","1","CONSOLIDATE","Relevant jurisdiction coverage; repeated shared contracts should be separated from per-region routing checks. Not authorization to delete the matrix.","check.equal(records.counts.regions_with_a_confirmed_relation, 65, '65 regions carry a confirmed relation');"
"accelerated-launch/service/tests/sections/n-applicability-records.cjs","65","n-applicability","1","CONSOLIDATE","Relevant jurisdiction coverage; repeated shared contracts should be separated from per-region routing checks. Not authorization to delete the matrix.","check.equal(records.counts.regions_with_an_executable_relation, 65,"
"accelerated-launch/service/tests/sections/n-applicability-records.cjs","67","n-applicability","1","CONSOLIDATE","Relevant jurisdiction coverage; repeated shared contracts should be separated from per-region routing checks. Not authorization to delete the matrix.","check.deepEqual(records.regions_with_an_executable_relation.filter((r) => r.startsWith('AU-')),"
"accelerated-launch/service/tests/sections/n-applicability-records.cjs","70","n-applicability","1","CONSOLIDATE","Relevant jurisdiction coverage; repeated shared contracts should be separated from per-region routing checks. Not authorization to delete the matrix.","check.equal(records.regions_with_an_executable_relation.filter((r) => r.startsWith('US-')).length, 57,"
"accelerated-launch/service/tests/sections/n-applicability-records.cjs","76","n-applicability","8","CONSOLIDATE","Relevant jurisdiction coverage; repeated shared contracts should be separated from per-region routing checks. Not authorization to delete the matrix.","check.ok(relation, `${adapter.adapter_id}: its relation exists`);"
"accelerated-launch/service/tests/sections/n-applicability-records.cjs","77","n-applicability","8","CONSOLIDATE","Relevant jurisdiction coverage; repeated shared contracts should be separated from per-region routing checks. Not authorization to delete the matrix.","check.ok(relation.adapter_ids.includes(adapter.adapter_id), `${adapter.adapter_id}: its relation binds it back`);"
"accelerated-launch/service/tests/sections/n-applicability-records.cjs","79","n-applicability","1","CONSOLIDATE","Relevant jurisdiction coverage; repeated shared contracts should be separated from per-region routing checks. Not authorization to delete the matrix.","check.deepEqual(adapters.verifyConfigs(), [], 'the adapter registry is structurally consistent with the records');"
"accelerated-launch/service/tests/sections/n-applicability-records.cjs","86","n-applicability","1","CONSOLIDATE","Relevant jurisdiction coverage; repeated shared contracts should be separated from per-region routing checks. Not authorization to delete the matrix.","check.equal(relation.region_rows.length, 57, 'every United States region carries its own row');"
"accelerated-launch/service/tests/sections/n-applicability-records.cjs","87","n-applicability","1","CONSOLIDATE","Relevant jurisdiction coverage; repeated shared contracts should be separated from per-region routing checks. Not authorization to delete the matrix.","check.equal(relation.region_rows.filter((r) => r.class === 'STATE_OR_FEDERAL_DISTRICT').length, 51,"
"accelerated-launch/service/tests/sections/n-applicability-records.cjs","89","n-applicability","1","CONSOLIDATE","Relevant jurisdiction coverage; repeated shared contracts should be separated from per-region routing checks. Not authorization to delete the matrix.","check.equal(relation.region_rows.filter((r) => r.class === 'TERRITORY_OR_POSSESSION_WITH_A_RECORDED_SOURCE').length, 5,"
"accelerated-launch/service/tests/sections/n-applicability-records.cjs","91","n-applicability","1","CONSOLIDATE","Relevant jurisdiction coverage; repeated shared contracts should be separated from per-region routing checks. Not authorization to delete the matrix.","check.equal(relation.region_rows.filter((r) => r.class === 'TERRITORY_WITH_NO_RECORDED_SOURCE').length, 1,"
"accelerated-launch/service/tests/sections/n-applicability-records.cjs","93","n-applicability","1","CONSOLIDATE","Relevant jurisdiction coverage; repeated shared contracts should be separated from per-region routing checks. Not authorization to delete the matrix.","check.match(relation.recorded_finding_on_a_state_definition, /NO definition of the term ""State""/,"
"accelerated-launch/service/tests/sections/n-applicability-records.cjs","95","n-applicability","1","CONSOLIDATE","Relevant jurisdiction coverage; repeated shared contracts should be separated from per-region routing checks. Not authorization to delete the matrix.","check.equal(relation.execution, 'EXECUTABLE_ON_THE_ADMITTED_US_CONSUMER_DISCLOSURE_FAMILY',"
"accelerated-launch/service/tests/sections/n-applicability-records.cjs","97","n-applicability","1","CONSOLIDATE","Relevant jurisdiction coverage; repeated shared contracts should be separated from per-region routing checks. Not authorization to delete the matrix.","check.equal(relation.limbs_bound_to_a_printed_anchor.length, 1,"
"accelerated-launch/service/tests/sections/n-applicability-records.cjs","99","n-applicability","1","CONSOLIDATE","Relevant jurisdiction coverage; repeated shared contracts should be separated from per-region routing checks. Not authorization to delete the matrix.","check.equal(relation.limbs_bound_to_a_printed_anchor[0][0], 'CRP-LSRC-0003',"
"accelerated-launch/service/tests/sections/n-applicability-records.cjs","101","n-applicability","1","CONSOLIDATE","Relevant jurisdiction coverage; repeated shared contracts should be separated from per-region routing checks. Not authorization to delete the matrix.","check.equal(relation.limbs_resolved_for_applicability_without_an_anchor.length, 4,"
"accelerated-launch/service/tests/sections/n-applicability-records.cjs","107","n-applicability","5","CONSOLIDATE","Relevant jurisdiction coverage; repeated shared contracts should be separated from per-region routing checks. Not authorization to delete the matrix.","check.ok(recorded.length > 0, `${code}: the ledger records something for it in its own right`);"
"accelerated-launch/service/tests/sections/n-applicability-records.cjs","109","n-applicability","5","CONSOLIDATE","Relevant jurisdiction coverage; repeated shared contracts should be separated from per-region routing checks. Not authorization to delete the matrix.","check.ok(row.regional_instruments_recorded.length > 0, `${code}: its own recorded instrument is carried into the record`);"
"accelerated-launch/service/tests/sections/n-applicability-records.cjs","110","n-applicability","5","CONSOLIDATE","Relevant jurisdiction coverage; repeated shared contracts should be separated from per-region routing checks. Not authorization to delete the matrix.","check.equal(row.no_region_specific_report_retention_rule_recorded, true,"
"accelerated-launch/service/tests/sections/n-applicability-records.cjs","115","n-applicability","1","CONSOLIDATE","Relevant jurisdiction coverage; repeated shared contracts should be separated from per-region routing checks. Not authorization to delete the matrix.","check.ok(um, 'the region with no recorded source still carries a row');"
"accelerated-launch/service/tests/sections/n-applicability-records.cjs","116","n-applicability","1","CONSOLIDATE","Relevant jurisdiction coverage; repeated shared contracts should be separated from per-region routing checks. Not authorization to delete the matrix.","check.equal(rows.filter((r) => r.established_jurisdiction_associations.canonical_region_code === 'US-UM').length, 0,"
"accelerated-launch/service/tests/sections/n-applicability-records.cjs","118","n-applicability","1","CONSOLIDATE","Relevant jurisdiction coverage; repeated shared contracts should be separated from per-region routing checks. Not authorization to delete the matrix.","check.deepEqual(um.regional_instruments_recorded, [], 'no instrument is invented for it');"
"accelerated-launch/service/tests/sections/n-applicability-records.cjs","119","n-applicability","1","CONSOLIDATE","Relevant jurisdiction coverage; repeated shared contracts should be separated from per-region routing checks. Not authorization to delete the matrix.","check.equal(um.no_recorded_source_row, true);"
"accelerated-launch/service/tests/sections/n-applicability-records.cjs","120","n-applicability","1","CONSOLIDATE","Relevant jurisdiction coverage; repeated shared contracts should be separated from per-region routing checks. Not authorization to delete the matrix.","check.match(um.explicit_resolution, /No regional instrument is invented/);"
"accelerated-launch/service/tests/sections/n-applicability-records.cjs","127","n-applicability","1","CONSOLIDATE","Relevant jurisdiction coverage; repeated shared contracts should be separated from per-region routing checks. Not authorization to delete the matrix.","check.equal(relation.region_rows.length, 4, 'all four canonical GB regions are resolved');"
"accelerated-launch/service/tests/sections/n-applicability-records.cjs","128","n-applicability","1","CONSOLIDATE","Relevant jurisdiction coverage; repeated shared contracts should be separated from per-region routing checks. Not authorization to delete the matrix.","check.deepEqual(relation.region_rows.map((r) => r.region).sort(), ['GB-ENG', 'GB-NIR', 'GB-SCT', 'GB-WLS']);"
"accelerated-launch/service/tests/sections/n-applicability-records.cjs","129","n-applicability","1","CONSOLIDATE","Relevant jurisdiction coverage; repeated shared contracts should be separated from per-region routing checks. Not authorization to delete the matrix.","check.equal(relation.region_rows.filter((r) => r.state.startsWith('CONFIRMED')).length, 0, 'and none claims a confirmed statute');"
"accelerated-launch/service/tests/sections/n-applicability-records.cjs","130","n-applicability","1","CONSOLIDATE","Relevant jurisdiction coverage; repeated shared contracts should be separated from per-region routing checks. Not authorization to delete the matrix.","check.equal(relation.execution, 'NOT_EXECUTED_INSTRUMENT_RECORDED_AS_GUIDANCE_NOT_A_STATUTE',"
"accelerated-launch/service/tests/sections/n-applicability-records.cjs","132","n-applicability","1","CONSOLIDATE","Relevant jurisdiction coverage; repeated shared contracts should be separated from per-region routing checks. Not authorization to delete the matrix.","check.equal(relation.adapter_ids.length, 0, 'and the relation binds no adapter at all');"
"accelerated-launch/service/tests/sections/n-applicability-records.cjs","133","n-applicability","1","CONSOLIDATE","Relevant jurisdiction coverage; repeated shared contracts should be separated from per-region routing checks. Not authorization to delete the matrix.","check.equal(relation.instrument_class, 'GUIDANCE_OR_POLICY_SUMMARY');"
"accelerated-launch/service/tests/sections/n-applicability-records.cjs","134","n-applicability","1","CONSOLIDATE","Relevant jurisdiction coverage; repeated shared contracts should be separated from per-region routing checks. Not authorization to delete the matrix.","check.match(relation.residual_token_resolution.resolved_by, /canonical_region_code GB-ENG/,"
"accelerated-launch/service/tests/sections/n-applicability-records.cjs","136","n-applicability","1","CONSOLIDATE","Relevant jurisdiction coverage; repeated shared contracts should be separated from per-region routing checks. Not authorization to delete the matrix.","check.match(relation.residual_token_resolution.does_not_establish, /statutory applicability/,"
"accelerated-launch/service/tests/sections/n-applicability-records.cjs","138","n-applicability","1","CONSOLIDATE","Relevant jurisdiction coverage; repeated shared contracts should be separated from per-region routing checks. Not authorization to delete the matrix.","check.match(relation.not_a_code_conversion, /renaming a token/,"
"accelerated-launch/service/tests/sections/n-applicability-records.cjs","147","n-applicability","4","CONSOLIDATE","Relevant jurisdiction coverage; repeated shared contracts should be separated from per-region routing checks. Not authorization to delete the matrix.","check.ok(recorded.length > 0, `${code}: the ledger records its own instrument`);"
"accelerated-launch/service/tests/sections/n-applicability-records.cjs","150","n-applicability","4","CONSOLIDATE","Relevant jurisdiction coverage; repeated shared contracts should be separated from per-region routing checks. Not authorization to delete the matrix.","check.ok(row.regional_instruments_recorded.includes(title), `${code}: ${title} is carried into the record`);"
"accelerated-launch/service/tests/sections/n-applicability-records.cjs","153","n-applicability","1","CONSOLIDATE","Relevant jurisdiction coverage; repeated shared contracts should be separated from per-region routing checks. Not authorization to delete the matrix.","check.equal(adapters.adaptersForRegion('GB-ENG').length, 0, 'and no adapter claims any GB region');"
"accelerated-launch/service/tests/sections/n-applicability-records.cjs","161","n-applicability","1","CONSOLIDATE","Relevant jurisdiction coverage; repeated shared contracts should be separated from per-region routing checks. Not authorization to delete the matrix.","check.equal(au.instrument_class, 'COMMONWEALTH_STATUTE', 'the Australian relation rests on a Commonwealth statute');"
"accelerated-launch/service/tests/sections/n-applicability-records.cjs","162","n-applicability","1","CONSOLIDATE","Relevant jurisdiction coverage; repeated shared contracts should be separated from per-region routing checks. Not authorization to delete the matrix.","check.equal(au.region_rows.length, 8);"
"accelerated-launch/service/tests/sections/n-applicability-records.cjs","163","n-applicability","1","CONSOLIDATE","Relevant jurisdiction coverage; repeated shared contracts should be separated from per-region routing checks. Not authorization to delete the matrix.","check.ok(au.region_rows.every((r) => r.state === 'CONFIRMED'), 'every Australian region is confirmed');"
"accelerated-launch/service/tests/sections/n-applicability-records.cjs","164","n-applicability","1","CONSOLIDATE","Relevant jurisdiction coverage; repeated shared contracts should be separated from per-region routing checks. Not authorization to delete the matrix.","check.ok(au.region_rows.every((r) => r.regional_instruments_recorded.length > 0),"
"accelerated-launch/service/tests/sections/n-applicability-records.cjs","166","n-applicability","1","CONSOLIDATE","Relevant jurisdiction coverage; repeated shared contracts should be separated from per-region routing checks. Not authorization to delete the matrix.","check.equal(au.limbs_not_executable_because_not_report_evidenced.length, 8,"
"accelerated-launch/service/tests/sections/n-applicability-records.cjs","168","n-applicability","1","CONSOLIDATE","Relevant jurisdiction coverage; repeated shared contracts should be separated from per-region routing checks. Not authorization to delete the matrix.","check.equal(au.limbs_held_because_the_anchored_value_is_not_printed.length, 0,"
"accelerated-launch/service/tests/sections/n-applicability-records.cjs","170","n-applicability","1","CONSOLIDATE","Relevant jurisdiction coverage; repeated shared contracts should be separated from per-region routing checks. Not authorization to delete the matrix.","check.equal(au.limbs_bound_to_a_printed_anchor.length, 1,"
"accelerated-launch/service/tests/sections/n-applicability-records.cjs","173","n-applicability","1","CONSOLIDATE","Relevant jurisdiction coverage; repeated shared contracts should be separated from per-region routing checks. Not authorization to delete the matrix.","check.equal(boundLimb[0], 'CRP-LSRC-0428', 'the bound limb is the recorded s. 20W item 1 consumer-credit-liability rule');"
"accelerated-launch/service/tests/sections/n-applicability-records.cjs","174","n-applicability","1","CONSOLIDATE","Relevant jurisdiction coverage; repeated shared contracts should be separated from per-region routing checks. Not authorization to delete the matrix.","check.match(boundLimb[2], /Closed Date/, 'and it is anchored to the record\'s own printed `Closed Date`');"
"accelerated-launch/service/tests/sections/n-applicability-records.cjs","175","n-applicability","1","CONSOLIDATE","Relevant jurisdiction coverage; repeated shared contracts should be separated from per-region routing checks. Not authorization to delete the matrix.","check.match(boundLimb[2], /Current Repayment Status/,"
"accelerated-launch/service/tests/sections/n-applicability-records.cjs","177","n-applicability","1","CONSOLIDATE","Relevant jurisdiction coverage; repeated shared contracts should be separated from per-region routing checks. Not authorization to delete the matrix.","check.equal(au.evidence.filter((e) => e.evidence_id === 'AU-PUB-012').length, 1,"
"accelerated-launch/service/tests/sections/n-applicability-records.cjs","179","n-applicability","1","CONSOLIDATE","Relevant jurisdiction coverage; repeated shared contracts should be separated from per-region routing checks. Not authorization to delete the matrix.","check.equal(adapters.adaptersForRegion('AU-NSW').length, 3,"
"accelerated-launch/service/tests/sections/n-applicability-records.cjs","183","n-applicability","1","CONSOLIDATE","Relevant jurisdiction coverage; repeated shared contracts should be separated from per-region routing checks. Not authorization to delete the matrix.","check.equal(ca.region_rows.length, 13);"
"accelerated-launch/service/tests/sections/n-applicability-records.cjs","184","n-applicability","1","CONSOLIDATE","Relevant jurisdiction coverage; repeated shared contracts should be separated from per-region routing checks. Not authorization to delete the matrix.","check.equal(ca.execution, 'NOT_EXECUTED_RELATION_UNRESOLVED');"
"accelerated-launch/service/tests/sections/n-applicability-records.cjs","185","n-applicability","1","CONSOLIDATE","Relevant jurisdiction coverage; repeated shared contracts should be separated from per-region routing checks. Not authorization to delete the matrix.","check.equal(ca.adapter_ids.length, 0, 'the unresolved Canadian relation binds no adapter');"
"accelerated-launch/service/tests/sections/n-applicability-records.cjs","186","n-applicability","1","CONSOLIDATE","Relevant jurisdiction coverage; repeated shared contracts should be separated from per-region routing checks. Not authorization to delete the matrix.","check.equal(ca.region_rows.filter((r) => r.state === 'UNRESOLVED_RELATION_NOT_ESTABLISHED').length, 12,"
"accelerated-launch/service/tests/sections/n-applicability-records.cjs","189","n-applicability","1","CONSOLIDATE","Relevant jurisdiction coverage; repeated shared contracts should be separated from per-region routing checks. Not authorization to delete the matrix.","check.equal(ns.state, 'EXACT_REGION_ASSOCIATION_RECORDED_SEPARATELY', 'and CA-NS is recorded as reaching its own exact records');"
"accelerated-launch/service/tests/sections/n-applicability-records.cjs","190","n-applicability","1","CONSOLIDATE","Relevant jurisdiction coverage; repeated shared contracts should be separated from per-region routing checks. Not authorization to delete the matrix.","check.match(ns.basis, /neither reaches it nor alters it/);"
"accelerated-launch/service/tests/sections/n-applicability-records.cjs","191","n-applicability","1","CONSOLIDATE","Relevant jurisdiction coverage; repeated shared contracts should be separated from per-region routing checks. Not authorization to delete the matrix.","check.equal(adapters.adaptersForRegion('CA-NS').length, 4, 'CA-NS keeps exactly its four exact-region adapters');"
"accelerated-launch/service/tests/sections/n-applicability-records.cjs","192","n-applicability","1","CONSOLIDATE","Relevant jurisdiction coverage; repeated shared contracts should be separated from per-region routing checks. Not authorization to delete the matrix.","check.equal(adapters.adaptersForRegion('CA-ON').length, 0, 'and no other province inherits them');"
"accelerated-launch/service/tests/sections/n-applicability-records.cjs","207","n-applicability","34","CONSOLIDATE","Relevant jurisdiction coverage; repeated shared contracts should be separated from per-region routing checks. Not authorization to delete the matrix.","check.ok(documented.has(id), `${adapter.adapter_id}: presentation ${id} is documented in the configuration`);"
"accelerated-launch/service/tests/sections/n-applicability-records.cjs","210","n-applicability","1","CONSOLIDATE","Relevant jurisdiction coverage; repeated shared contracts should be separated from per-region routing checks. Not authorization to delete the matrix.","check.ok(registered.has('PR-01') && registered.has('FAM-AU-EQX-CONSUMER') && registered.has('US-CONSUMER-DISCLOSURE'),"
"accelerated-launch/service/tests/sections/n-applicability-records.cjs","213","n-applicability","1","CONSOLIDATE","Relevant jurisdiction coverage; repeated shared contracts should be separated from per-region routing checks. Not authorization to delete the matrix.","check.deepEqual(unadmitted, [], 'and no adapter is bound to a presentation this build has not admitted');"
"accelerated-launch/service/tests/sections/n-applicability-records.cjs","214","n-applicability","1","CONSOLIDATE","Relevant jurisdiction coverage; repeated shared contracts should be separated from per-region routing checks. Not authorization to delete the matrix.","check.match(config.presentations['US-CONSUMER-DISCLOSURE'], /admitted/i);"
"accelerated-launch/service/tests/sections/n-applicability-records.cjs","215","n-applicability","1","CONSOLIDATE","Relevant jurisdiction coverage; repeated shared contracts should be separated from per-region routing checks. Not authorization to delete the matrix.","check.ok(!/NOT ADMITTED IN THIS BUILD/.test(config.presentations['US-CONSUMER-DISCLOSURE']),"
"accelerated-launch/service/tests/sections/n-applicability-records.cjs","222","n-applicability","1","CONSOLIDATE","Relevant jurisdiction coverage; repeated shared contracts should be separated from per-region routing checks. Not authorization to delete the matrix.","check.equal(matrix.regions.length, 82);"
"accelerated-launch/service/tests/sections/n-applicability-records.cjs","225","n-applicability","82","CONSOLIDATE","Relevant jurisdiction coverage; repeated shared contracts should be separated from per-region routing checks. Not authorization to delete the matrix.","check.equal(selected.region, row.region, `${row.region}: the router still resolves it`);"
"accelerated-launch/service/tests/sections/n-applicability-records.cjs","226","n-applicability","82","CONSOLIDATE","Relevant jurisdiction coverage; repeated shared contracts should be separated from per-region routing checks. Not authorization to delete the matrix.","check.equal(selected.launchReady, false, `${row.region}: and still advertises no launch readiness`);"
"accelerated-launch/service/tests/sections/n-applicability-records.cjs","228","n-applicability","1","CONSOLIDATE","Relevant jurisdiction coverage; repeated shared contracts should be separated from per-region routing checks. Not authorization to delete the matrix.","check.equal(matrix.regions.filter((r) => r.launch_ready).length, 0, 'no region is launch ready');"
"accelerated-launch/service/tests/sections/n-applicability-records.cjs","254","n-applicability","1","CONSOLIDATE","Relevant jurisdiction coverage; repeated shared contracts should be separated from per-region routing checks. Not authorization to delete the matrix.","check.equal(response.status, 200, 'the jurisdiction surface is served');"
"accelerated-launch/service/tests/sections/n-applicability-records.cjs","256","n-applicability","1","CONSOLIDATE","Relevant jurisdiction coverage; repeated shared contracts should be separated from per-region routing checks. Not authorization to delete the matrix.","check.equal(surface.regions.length, 82, 'it carries every canonical region');"
"accelerated-launch/service/tests/sections/n-applicability-records.cjs","257","n-applicability","1","CONSOLIDATE","Relevant jurisdiction coverage; repeated shared contracts should be separated from per-region routing checks. Not authorization to delete the matrix.","check.ok(surface.regions.every((r) => r.launch_ready === false), 'and advertises none of them as launch ready');"
"accelerated-launch/service/tests/sections/n-applicability-records.cjs","258","n-applicability","1","CONSOLIDATE","Relevant jurisdiction coverage; repeated shared contracts should be separated from per-region routing checks. Not authorization to delete the matrix.","check.ok(surface.regions.every((r) => r.availability && typeof r.availability.plain === 'string' && r.availability.plain.length > 0),"
"accelerated-launch/service/tests/sections/n-applicability-records.cjs","260","n-applicability","1","CONSOLIDATE","Relevant jurisdiction coverage; repeated shared contracts should be separated from per-region routing checks. Not authorization to delete the matrix.","check.match(surface.note, /before you upload anything/, 'and says that this is stated before an upload');"
"accelerated-launch/service/tests/sections/n-applicability-records.cjs","266","n-applicability","82","CONSOLIDATE","Relevant jurisdiction coverage; repeated shared contracts should be separated from per-region routing checks. Not authorization to delete the matrix.","check.ok(region.executable_checks + region.factual_checks + region.policy_observations >= 1,"
"accelerated-launch/service/tests/sections/n-applicability-records.cjs","268","n-applicability","82","CONSOLIDATE","Relevant jurisdiction coverage; repeated shared contracts should be separated from per-region routing checks. Not authorization to delete the matrix.","check.equal(region.supported_format_families.length, 1, `${region.value}: and names the format family`);"
"accelerated-launch/service/tests/sections/n-applicability-records.cjs","269","n-applicability","82","CONSOLIDATE","Relevant jurisdiction coverage; repeated shared contracts should be separated from per-region routing checks. Not authorization to delete the matrix.","check.equal(region.working_assessment, true);"
"accelerated-launch/service/tests/sections/n-applicability-records.cjs","270","n-applicability","82","CONSOLIDATE","Relevant jurisdiction coverage; repeated shared contracts should be separated from per-region routing checks. Not authorization to delete the matrix.","check.ok(region.assessment_kinds.length >= 1, `${region.value}: and names which classes of check actually ran`);"
"accelerated-launch/service/tests/sections/n-applicability-records.cjs","278","n-applicability","1","CONSOLIDATE","Relevant jurisdiction coverage; repeated shared contracts should be separated from per-region routing checks. Not authorization to delete the matrix.","check.equal(counts.SUPPORTED, 82,"
"accelerated-launch/service/tests/sections/n-applicability-records.cjs","282","n-applicability","1","CONSOLIDATE","Relevant jurisdiction coverage; repeated shared contracts should be separated from per-region routing checks. Not authorization to delete the matrix.","check.deepEqual(byCountry, { CA: 13, US: 57, GB: 4, AU: 8 }, 'and the four country batches account for exactly those 82');"
"accelerated-launch/service/tests/sections/n-applicability-records.cjs","283","n-applicability","1","CONSOLIDATE","Relevant jurisdiction coverage; repeated shared contracts should be separated from per-region routing checks. Not authorization to delete the matrix.","check.equal(surface.regions.filter((r) => r.assessment_kinds.includes('STATUTORY_RULE_COMPARISON')).length, 66,"
"accelerated-launch/service/tests/sections/n-applicability-records.cjs","285","n-applicability","1","CONSOLIDATE","Relevant jurisdiction coverage; repeated shared contracts should be separated from per-region routing checks. Not authorization to delete the matrix.","check.equal(surface.regions.filter((r) => r.assessment_kinds.includes('REPORT_FACT_CONSISTENCY')).length, 17,"
"accelerated-launch/service/tests/sections/n-applicability-records.cjs","287","n-applicability","1","CONSOLIDATE","Relevant jurisdiction coverage; repeated shared contracts should be separated from per-region routing checks. Not authorization to delete the matrix.","check.equal(surface.regions.filter((r) => r.assessment_kinds.includes('PRINTED_POLICY_OBSERVATION')).length, 4,"
"accelerated-launch/service/tests/sections/n-applicability-records.cjs","289","n-applicability","1","CONSOLIDATE","Relevant jurisdiction coverage; repeated shared contracts should be separated from per-region routing checks. Not authorization to delete the matrix.","check.equal(surface.regions.filter((r) => !r.assessment_kinds.includes('STATUTORY_RULE_COMPARISON')).length, 16,"
"accelerated-launch/service/tests/sections/n-applicability-records.cjs","291","n-applicability","1","CONSOLIDATE","Relevant jurisdiction coverage; repeated shared contracts should be separated from per-region routing checks. Not authorization to delete the matrix.","check.equal(surface.regions.filter((r) => r.availability.state !== 'SUPPORTED').length, 0,"
"accelerated-launch/service/tests/sections/n-applicability-records.cjs","293","n-applicability","1","CONSOLIDATE","Relevant jurisdiction coverage; repeated shared contracts should be separated from per-region routing checks. Not authorization to delete the matrix.","check.equal(counts.SUPPORTED + (counts.FORMAT_AVAILABLE_NO_CHECK || 0) + (counts.NO_REPORT_FORMAT || 0), 82,"
"accelerated-launch/service/tests/sections/o-all82-infrastructure.cjs","146","o-all82-infrastructure","1","CONSOLIDATE","Relevant jurisdiction coverage; repeated shared contracts should be separated from per-region routing checks. Not authorization to delete the matrix.","check.equal(regions.length, 82, 'the canonical enumeration carries all 82 regions');"
"accelerated-launch/service/tests/sections/o-all82-infrastructure.cjs","47","o-all82-infrastructure","82","CONSOLIDATE","Relevant jurisdiction coverage; repeated shared contracts should be separated from per-region routing checks. Not authorization to delete the matrix.","check.equal(opened.status, 201, `${region.region}: a case can be opened from the explicit selection`);"
"accelerated-launch/service/tests/sections/o-all82-infrastructure.cjs","48","o-all82-infrastructure","82","CONSOLIDATE","Relevant jurisdiction coverage; repeated shared contracts should be separated from per-region routing checks. Not authorization to delete the matrix.","check.equal(opened.json.case.region, region.region, `${region.region}: and the case records that region`);"
"accelerated-launch/service/tests/sections/o-all82-infrastructure.cjs","49","o-all82-infrastructure","82","CONSOLIDATE","Relevant jurisdiction coverage; repeated shared contracts should be separated from per-region routing checks. Not authorization to delete the matrix.","check.equal(opened.json.case.country, region.country, `${region.region}: and that country`);"
"accelerated-launch/service/tests/sections/o-all82-infrastructure.cjs","50","o-all82-infrastructure","82","CONSOLIDATE","Relevant jurisdiction coverage; repeated shared contracts should be separated from per-region routing checks. Not authorization to delete the matrix.","check.equal(opened.json.case.launch_ready, false, `${region.region}: and no launch readiness is implied`);"
"accelerated-launch/service/tests/sections/o-all82-infrastructure.cjs","54","o-all82-infrastructure","82","CONSOLIDATE","Relevant jurisdiction coverage; repeated shared contracts should be separated from per-region routing checks. Not authorization to delete the matrix.","check.equal(view.status, 200, `${region.region}: the owner can read the case`);"
"accelerated-launch/service/tests/sections/o-all82-infrastructure.cjs","55","o-all82-infrastructure","82","CONSOLIDATE","Relevant jurisdiction coverage; repeated shared contracts should be separated from per-region routing checks. Not authorization to delete the matrix.","check.equal(view.json.view.case.region, region.region, `${region.region}: and it is the case they opened`);"
"accelerated-launch/service/tests/sections/o-all82-infrastructure.cjs","56","o-all82-infrastructure","82","CONSOLIDATE","Relevant jurisdiction coverage; repeated shared contracts should be separated from per-region routing checks. Not authorization to delete the matrix.","check.equal(view.json.view.result, null, `${region.region}: with no result before anything is run`);"
"accelerated-launch/service/tests/sections/o-all82-infrastructure.cjs","58","o-all82-infrastructure","82","CONSOLIDATE","Relevant jurisdiction coverage; repeated shared contracts should be separated from per-region routing checks. Not authorization to delete the matrix.","check.equal((await t.request('GET', `/api/cases/${caseId}`, { token: stranger.token })).status, 403,"
"accelerated-launch/service/tests/sections/o-all82-infrastructure.cjs","60","o-all82-infrastructure","82","CONSOLIDATE","Relevant jurisdiction coverage; repeated shared contracts should be separated from per-region routing checks. Not authorization to delete the matrix.","check.equal((await t.request('PATCH', `/api/cases/${caseId}/status`, { token: stranger.token, body: { status: 'CLOSED' } })).status, 403,"
"accelerated-launch/service/tests/sections/o-all82-infrastructure.cjs","62","o-all82-infrastructure","82","CONSOLIDATE","Relevant jurisdiction coverage; repeated shared contracts should be separated from per-region routing checks. Not authorization to delete the matrix.","check.equal((await t.request('DELETE', `/api/cases/${caseId}`, { token: stranger.token })).status, 403,"
"accelerated-launch/service/tests/sections/o-all82-infrastructure.cjs","66","o-all82-infrastructure","82","CONSOLIDATE","Relevant jurisdiction coverage; repeated shared contracts should be separated from per-region routing checks. Not authorization to delete the matrix.","check.equal(noFile.status, 409, `${region.region}: evaluating a case with no report is a typed refusal`);"
"accelerated-launch/service/tests/sections/o-all82-infrastructure.cjs","67","o-all82-infrastructure","82","CONSOLIDATE","Relevant jurisdiction coverage; repeated shared contracts should be separated from per-region routing checks. Not authorization to delete the matrix.","check.equal(noFile.json.error.code, 'NO_ADMITTED_FILE', `${region.region}: and names the reason`);"
"accelerated-launch/service/tests/sections/o-all82-infrastructure.cjs","88","o-all82-infrastructure","82","CONSOLIDATE","Relevant jurisdiction coverage; repeated shared contracts should be separated from per-region routing checks. Not authorization to delete the matrix.","check.equal(upload.status, 201, `${region.region}: a file is stored so its measured shape can be reported`);"
"accelerated-launch/service/tests/sections/o-all82-infrastructure.cjs","89","o-all82-infrastructure","82","CONSOLIDATE","Relevant jurisdiction coverage; repeated shared contracts should be separated from per-region routing checks. Not authorization to delete the matrix.","check.equal(upload.json.receipt.format_detection.supported, false, `${region.region}: and is refused by the format gate`);"
"accelerated-launch/service/tests/sections/o-all82-infrastructure.cjs","90","o-all82-infrastructure","82","CONSOLIDATE","Relevant jurisdiction coverage; repeated shared contracts should be separated from per-region routing checks. Not authorization to delete the matrix.","check.ok(typeof upload.json.receipt.format_detection.refusal_reason === 'string', `${region.region}: the refusal names what was measured`);"
"accelerated-launch/service/tests/sections/o-all82-infrastructure.cjs","91","o-all82-infrastructure","82","CONSOLIDATE","Relevant jurisdiction coverage; repeated shared contracts should be separated from per-region routing checks. Not authorization to delete the matrix.","check.equal(upload.json.receipt.extraction_summary.extraction_ran, false, `${region.region}: nothing is read from it`);"
"accelerated-launch/service/tests/sections/o-all82-infrastructure.cjs","92","o-all82-infrastructure","82","CONSOLIDATE","Relevant jurisdiction coverage; repeated shared contracts should be separated from per-region routing checks. Not authorization to delete the matrix.","check.equal(upload.json.receipt.extraction_summary.accounts_read, 0, `${region.region}: and no record is invented`);"
"accelerated-launch/service/tests/sections/o-all82-infrastructure.cjs","99","o-all82-infrastructure","82","CONSOLIDATE","Relevant jurisdiction coverage; repeated shared contracts should be separated from per-region routing checks. Not authorization to delete the matrix.","check.equal(evaluated.status, 201, `${region.region}: the case still evaluates`);"
"accelerated-launch/service/tests/sections/o-all82-infrastructure.cjs","100","o-all82-infrastructure","82","CONSOLIDATE","Relevant jurisdiction coverage; repeated shared contracts should be separated from per-region routing checks. Not authorization to delete the matrix.","check.equal(evaluated.json.result.checks_performed, 0, `${region.region}: and performs no check on a refused file`);"
"accelerated-launch/service/tests/sections/o-all82-infrastructure.cjs","101","o-all82-infrastructure","82","CONSOLIDATE","Relevant jurisdiction coverage; repeated shared contracts should be separated from per-region routing checks. Not authorization to delete the matrix.","check.equal(evaluated.json.result.comprehensive_legal_check, false, `${region.region}: while still carrying its qualifications`);"
"accelerated-launch/service/tests/sections/o-all82-infrastructure.cjs","102","o-all82-infrastructure","82","CONSOLIDATE","Relevant jurisdiction coverage; repeated shared contracts should be separated from per-region routing checks. Not authorization to delete the matrix.","check.ok(evaluated.json.result.qualifications.length >= 5, `${region.region}: and stating what it does not cover`);"
"accelerated-launch/service/tests/sections/o-all82-infrastructure.cjs","109","o-all82-infrastructure","82","CONSOLIDATE","Relevant jurisdiction coverage; repeated shared contracts should be separated from per-region routing checks. Not authorization to delete the matrix.","check.equal(recorded.status, 200, `${region.region}: the consumer can record their own case status`);"
"accelerated-launch/service/tests/sections/o-all82-infrastructure.cjs","110","o-all82-infrastructure","82","CONSOLIDATE","Relevant jurisdiction coverage; repeated shared contracts should be separated from per-region routing checks. Not authorization to delete the matrix.","check.equal(recorded.json.case.status, 'CLOSED');"
"accelerated-launch/service/tests/sections/o-all82-infrastructure.cjs","113","o-all82-infrastructure","82","CONSOLIDATE","Relevant jurisdiction coverage; repeated shared contracts should be separated from per-region routing checks. Not authorization to delete the matrix.","check.equal(deleted.status, 200, `${region.region}: the case can be deleted`);"
"accelerated-launch/service/tests/sections/o-all82-infrastructure.cjs","114","o-all82-infrastructure","82","CONSOLIDATE","Relevant jurisdiction coverage; repeated shared contracts should be separated from per-region routing checks. Not authorization to delete the matrix.","check.equal((await t.request('GET', `/api/cases/${caseId}`, { token: owner.token })).status, 404,"
"accelerated-launch/service/tests/sections/o-all82-infrastructure.cjs","153","o-all82-infrastructure","1","CONSOLIDATE","Relevant jurisdiction coverage; repeated shared contracts should be separated from per-region routing checks. Not authorization to delete the matrix.","check.equal(Object.keys(perRegion).length, 82, 'every region was exercised');"
"accelerated-launch/service/tests/sections/o-all82-infrastructure.cjs","154","o-all82-infrastructure","1","CONSOLIDATE","Relevant jurisdiction coverage; repeated shared contracts should be separated from per-region routing checks. Not authorization to delete the matrix.","check.equal(t.blobFiles().length, 0, 'and no probe bytes were left behind by any of them');"
"accelerated-launch/service/tests/sections/o-all82-infrastructure.cjs","160","o-all82-infrastructure","1","CONSOLIDATE","Relevant jurisdiction coverage; repeated shared contracts should be separated from per-region routing checks. Not authorization to delete the matrix.","check.equal(byUploadPath.REFUSED_BEFORE_STORAGE_NO_PRESENTATION_FOR_THIS_MARKET, undefined,"
"accelerated-launch/service/tests/sections/o-all82-infrastructure.cjs","162","o-all82-infrastructure","1","CONSOLIDATE","Relevant jurisdiction coverage; repeated shared contracts should be separated from per-region routing checks. Not authorization to delete the matrix.","check.equal(byUploadPath.STORED_THEN_REFUSED_BY_THE_FORMAT_GATE, 82,"
"accelerated-launch/service/tests/sections/o-all82-infrastructure.cjs","166","o-all82-infrastructure","1","CONSOLIDATE","Relevant jurisdiction coverage; repeated shared contracts should be separated from per-region routing checks. Not authorization to delete the matrix.","check.deepEqual([...distinctOwnershipFailures], [true], 'ownership was enforced in every single region');"
"accelerated-launch/service/tests/sections/p-us-consumer-format.cjs","48","p-us-consumer-format","1","KEEP","Current behavior, evidence, isolation, source admission, or consumer contract.","check.ok(ocr.resolveTessdata(probe.path).dir, 'the engine reports a language-data directory');"
"accelerated-launch/service/tests/sections/p-us-consumer-format.cjs","51","p-us-consumer-format","1","KEEP","Current behavior, evidence, isolation, source admission, or consumer contract.","check.equal(absent.available, false, 'a missing file is reported as unavailable, not as an empty document');"
"accelerated-launch/service/tests/sections/p-us-consumer-format.cjs","52","p-us-consumer-format","1","KEEP","Current behavior, evidence, isolation, source admission, or consumer contract.","check.equal(absent.refusal_reason, 'THE_UPLOADED_FILE_IS_NOT_PRESENT_ON_DISK');"
"accelerated-launch/service/tests/sections/p-us-consumer-format.cjs","53","p-us-consumer-format","1","KEEP","Current behavior, evidence, isolation, source admission, or consumer contract.","check.deepEqual(absent.pages, [], 'and it reports no pages at all');"
"accelerated-launch/service/tests/sections/p-us-consumer-format.cjs","70","p-us-consumer-format","1","KEEP","Current behavior, evidence, isolation, source admission, or consumer contract.","check.equal(sha256File(PUB_001).toLowerCase(), usFamily.EVIDENCED_SHA256.toLowerCase(),"
"accelerated-launch/service/tests/sections/p-us-consumer-format.cjs","74","p-us-consumer-format","1","KEEP","Current behavior, evidence, isolation, source admission, or consumer contract.","check.equal(model.page_count, 1, 'it is one page');"
"accelerated-launch/service/tests/sections/p-us-consumer-format.cjs","75","p-us-consumer-format","1","KEEP","Current behavior, evidence, isolation, source admission, or consumer contract.","check.equal(model.pages[0].has_native_text, false, 'and it carries no native text layer at all');"
"accelerated-launch/service/tests/sections/p-us-consumer-format.cjs","79","p-us-consumer-format","1","KEEP","Current behavior, evidence, isolation, source admission, or consumer contract.","check.equal(admission.admitted, true, 'the structural contract admits the captured artifact');"
"accelerated-launch/service/tests/sections/p-us-consumer-format.cjs","80","p-us-consumer-format","1","KEEP","Current behavior, evidence, isolation, source admission, or consumer contract.","check.equal(admission.predicates.filter((p) => !p.passed).length, 0, 'every structural predicate holds');"
"accelerated-launch/service/tests/sections/p-us-consumer-format.cjs","81","p-us-consumer-format","1","KEEP","Current behavior, evidence, isolation, source admission, or consumer contract.","check.equal(admission.text_source, 'LOCAL_OCR', 'and the text layer came from the authorized local OCR reader');"
"accelerated-launch/service/tests/sections/p-us-consumer-format.cjs","84","p-us-consumer-format","1","KEEP","Current behavior, evidence, isolation, source admission, or consumer contract.","check.equal(reading.available, true, 'the OCR reading is available');"
"accelerated-launch/service/tests/sections/p-us-consumer-format.cjs","85","p-us-consumer-format","1","KEEP","Current behavior, evidence, isolation, source admission, or consumer contract.","check.equal(reading.refusal_reason, null);"
"accelerated-launch/service/tests/sections/p-us-consumer-format.cjs","86","p-us-consumer-format","1","KEEP","Current behavior, evidence, isolation, source admission, or consumer contract.","check.ok(reading.pages[0].line_count > 100, 'it recovered the whole page as lines');"
"accelerated-launch/service/tests/sections/p-us-consumer-format.cjs","87","p-us-consumer-format","1","KEEP","Current behavior, evidence, isolation, source admission, or consumer contract.","check.ok(reading.pages[0].trusted_line_count > 100, 'and most lines are above the recorded confidence floor');"
"accelerated-launch/service/tests/sections/p-us-consumer-format.cjs","88","p-us-consumer-format","1","KEEP","Current behavior, evidence, isolation, source admission, or consumer contract.","check.ok(reading.pages[0].line_evidence.every((l) => typeof l.y0 === 'number' && typeof l.x0 === 'number'),"
"accelerated-launch/service/tests/sections/p-us-consumer-format.cjs","90","p-us-consumer-format","1","KEEP","Current behavior, evidence, isolation, source admission, or consumer contract.","check.equal(reading.pages[0].line_evidence.filter((l) => l.trusted === false).length,"
"accelerated-launch/service/tests/sections/p-us-consumer-format.cjs","96","p-us-consumer-format","1","KEEP","Current behavior, evidence, isolation, source admission, or consumer contract.","check.equal(x.reference_date.status, 'RESOLVED', 'the report reference date is read');"
"accelerated-launch/service/tests/sections/p-us-consumer-format.cjs","97","p-us-consumer-format","1","KEEP","Current behavior, evidence, isolation, source admission, or consumer contract.","check.equal(x.reference_date.normalized_value, '2015-06-30', 'and read literally from its own header line');"
"accelerated-launch/service/tests/sections/p-us-consumer-format.cjs","98","p-us-consumer-format","1","KEEP","Current behavior, evidence, isolation, source admission, or consumer contract.","check.equal(x.summary.by_kind.REPORTED_ACCOUNT.records_read, 3, 'the artifact prints three accounts');"
"accelerated-launch/service/tests/sections/p-us-consumer-format.cjs","99","p-us-consumer-format","1","KEEP","Current behavior, evidence, isolation, source admission, or consumer contract.","check.equal(x.summary.by_kind.PUBLIC_RECORD.status, 'ABSENT_FROM_REPORT',"
"accelerated-launch/service/tests/sections/p-us-consumer-format.cjs","101","p-us-consumer-format","1","KEEP","Current behavior, evidence, isolation, source admission, or consumer contract.","check.equal(x.evidence_readings.public_records.absence_statement_printed, true);"
"accelerated-launch/service/tests/sections/p-us-consumer-format.cjs","102","p-us-consumer-format","1","KEEP","Current behavior, evidence, isolation, source admission, or consumer contract.","check.ok(x.evidence_readings.public_records.absence_statement_location.y0 > 0,"
"accelerated-launch/service/tests/sections/p-us-consumer-format.cjs","104","p-us-consumer-format","1","KEEP","Current behavior, evidence, isolation, source admission, or consumer contract.","check.equal(x.evidence_readings.negative_items.accounts_printed, 1, 'one account sits in the negative-items section');"
"accelerated-launch/service/tests/sections/p-us-consumer-format.cjs","105","p-us-consumer-format","1","KEEP","Current behavior, evidence, isolation, source admission, or consumer contract.","check.equal(x.summary.by_kind.CREDIT_INQUIRY.records_read, 1, 'and one inquiry row is readable');"
"accelerated-launch/service/tests/sections/p-us-consumer-format.cjs","108","p-us-consumer-format","1","KEEP","Current behavior, evidence, isolation, source admission, or consumer contract.","check.ok(account, 'the negative-items account is read');"
"accelerated-launch/service/tests/sections/p-us-consumer-format.cjs","109","p-us-consumer-format","1","KEEP","Current behavior, evidence, isolation, source admission, or consumer contract.","check.equal(account.printed.status.raw, 'Open.', 'its printed status is read verbatim');"
"accelerated-launch/service/tests/sections/p-us-consumer-format.cjs","110","p-us-consumer-format","1","KEEP","Current behavior, evidence, isolation, source admission, or consumer contract.","check.equal(account.printed.date_opened.normalized, '2013-11', 'its printed opening date is read');"
"accelerated-launch/service/tests/sections/p-us-consumer-format.cjs","111","p-us-consumer-format","1","KEEP","Current behavior, evidence, isolation, source admission, or consumer contract.","check.equal(account.location.columns_found, 5, 'all five printed column anchors are found in its header row');"
"accelerated-launch/service/tests/sections/p-us-consumer-format.cjs","113","p-us-consumer-format","1","KEEP","Current behavior, evidence, isolation, source admission, or consumer contract.","check.equal(adverse.status, 'RESOLVED', 'its printed adverse payment rating is read');"
"accelerated-launch/service/tests/sections/p-us-consumer-format.cjs","114","p-us-consumer-format","1","KEEP","Current behavior, evidence, isolation, source admission, or consumer contract.","check.equal(adverse.raw_value, '30 days past due as of Jun 2015', 'verbatim');"
"accelerated-launch/service/tests/sections/p-us-consumer-format.cjs","115","p-us-consumer-format","1","KEEP","Current behavior, evidence, isolation, source admission, or consumer contract.","check.equal(adverse.anchor_precision, 'MONTH', 'as a month, with the precision recorded');"
"accelerated-launch/service/tests/sections/p-us-consumer-format.cjs","116","p-us-consumer-format","1","KEEP","Current behavior, evidence, isolation, source admission, or consumer contract.","check.equal(adverse.comparison_anchor, '2015-06', 'and the comparison anchor keeps the month with no invented day');"
"accelerated-launch/service/tests/sections/p-us-consumer-format.cjs","117","p-us-consumer-format","1","KEEP","Current behavior, evidence, isolation, source admission, or consumer contract.","check.ok(adverse.location.y0 > 0 && adverse.location.confidence > 60, 'with its own coordinate and confidence');"
"accelerated-launch/service/tests/sections/p-us-consumer-format.cjs","121","p-us-consumer-format","1","KEEP","Current behavior, evidence, isolation, source admission, or consumer contract.","check.equal(firstReported.status, 'EXTRACTION_UNRESOLVED', 'a value that is not a possible date stays unresolved');"
"accelerated-launch/service/tests/sections/p-us-consumer-format.cjs","122","p-us-consumer-format","1","KEEP","Current behavior, evidence, isolation, source admission, or consumer contract.","check.equal(firstReported.raw, '42/2013', 'with the raw reading preserved beside it');"
"accelerated-launch/service/tests/sections/p-us-consumer-format.cjs","123","p-us-consumer-format","1","KEEP","Current behavior, evidence, isolation, source admission, or consumer contract.","check.equal(firstReported.normalized, null);"
"accelerated-launch/service/tests/sections/p-us-consumer-format.cjs","124","p-us-consumer-format","1","KEEP","Current behavior, evidence, isolation, source admission, or consumer contract.","check.ok(!account.printed.fields.some((f) => String(f.raw_value) === 'Dispute'),"
"accelerated-launch/service/tests/sections/p-us-consumer-format.cjs","126","p-us-consumer-format","1","KEEP","Current behavior, evidence, isolation, source admission, or consumer contract.","check.ok(account.printed.unlabelled_lines.length > 0,"
"accelerated-launch/service/tests/sections/p-us-consumer-format.cjs","150","p-us-consumer-format","1","KEEP","Current behavior, evidence, isolation, source admission, or consumer contract.","check.equal(extraction.presentation_evidence, true, 'the captured artifact is admitted as report evidence');"
"accelerated-launch/service/tests/sections/p-us-consumer-format.cjs","152","p-us-consumer-format","1","KEEP","Current behavior, evidence, isolation, source admission, or consumer contract.","check.equal(evaluation.results.length, 1, 'and exactly one comparison is performed against it');"
"accelerated-launch/service/tests/sections/p-us-consumer-format.cjs","153","p-us-consumer-format","1","KEEP","Current behavior, evidence, isolation, source admission, or consumer contract.","check.equal(evaluation.results[0].check.adapter_id, 'FCRA-605A-5-US-NATIONAL-7Y');"
"accelerated-launch/service/tests/sections/p-us-consumer-format.cjs","154","p-us-consumer-format","1","KEEP","Current behavior, evidence, isolation, source admission, or consumer contract.","check.equal(evaluation.results[0].machine.state, 'EVALUATED');"
"accelerated-launch/service/tests/sections/p-us-consumer-format.cjs","155","p-us-consumer-format","1","KEEP","Current behavior, evidence, isolation, source admission, or consumer contract.","check.equal(evaluation.results[0].machine.outcome, 'PERIOD_NOT_EXCEEDED');"
"accelerated-launch/service/tests/sections/p-us-consumer-format.cjs","156","p-us-consumer-format","1","KEEP","Current behavior, evidence, isolation, source admission, or consumer contract.","check.equal(evaluation.results[0].machine.arithmetic.anchor_month, '2015-06',"
"accelerated-launch/service/tests/sections/p-us-consumer-format.cjs","158","p-us-consumer-format","1","KEEP","Current behavior, evidence, isolation, source admission, or consumer contract.","check.equal(evaluation.results[0].machine.arithmetic.reference_date, '2015-06-30',"
"accelerated-launch/service/tests/sections/p-us-consumer-format.cjs","160","p-us-consumer-format","1","KEEP","Current behavior, evidence, isolation, source admission, or consumer contract.","check.equal(evaluation.results[0].machine.finding_emitted, false, 'and it is not a finding');"
"accelerated-launch/service/tests/sections/p-us-consumer-format.cjs","161","p-us-consumer-format","1","KEEP","Current behavior, evidence, isolation, source admission, or consumer contract.","check.equal(evaluation.results[0].machine.packet_eligible, false);"
"accelerated-launch/service/tests/sections/p-us-consumer-format.cjs","162","p-us-consumer-format","1","KEEP","Current behavior, evidence, isolation, source admission, or consumer contract.","check.equal(evaluation.unavailable_checks.filter((c) => /NO_RECORD_OF_THE_KIND/.test(c.reason)).length, 7,"
"accelerated-launch/service/tests/sections/p-us-consumer-format.cjs","164","p-us-consumer-format","1","KEEP","Current behavior, evidence, isolation, source admission, or consumer contract.","check.equal(evaluation.unresolved_applicability.length, 5,"
"accelerated-launch/service/tests/sections/p-us-consumer-format.cjs","166","p-us-consumer-format","1","KEEP","Current behavior, evidence, isolation, source admission, or consumer contract.","check.equal(evaluation.not_applicable_checks.length + evaluation.results.length"
"accelerated-launch/service/tests/sections/p-us-consumer-format.cjs","172","p-us-consumer-format","1","KEEP","Current behavior, evidence, isolation, source admission, or consumer contract.","check.ok(relation, 'the United States applicability relation is recorded');"
"accelerated-launch/service/tests/sections/p-us-consumer-format.cjs","207","p-us-consumer-format","1","KEEP","Current behavior, evidence, isolation, source admission, or consumer contract.","check.equal(inMemory.text_source, 'NATIVE_TEXT_LAYER',"
"accelerated-launch/service/tests/sections/p-us-consumer-format.cjs","209","p-us-consumer-format","1","KEEP","Current behavior, evidence, isolation, source admission, or consumer contract.","check.equal(inMemory.predicates.find((p) => p.id === 'MODEL_IS_A_FILE_NOT_AN_IN_MEMORY_MODEL').passed, false,"
"accelerated-launch/service/tests/sections/p-us-consumer-format.cjs","211","p-us-consumer-format","1","KEEP","Current behavior, evidence, isolation, source admission, or consumer contract.","check.equal(inMemory.admitted, false);"
"accelerated-launch/service/tests/sections/p-us-consumer-format.cjs","212","p-us-consumer-format","1","KEEP","Current behavior, evidence, isolation, source admission, or consumer contract.","check.equal(inMemory.refusal_reason, 'US_FAMILY_IN_MEMORY_MODEL_IS_NOT_A_FILE');"
"accelerated-launch/service/tests/sections/p-us-consumer-format.cjs","215","p-us-consumer-format","1","KEEP","Current behavior, evidence, isolation, source admission, or consumer contract.","check.equal(missingSection.predicates.find((p) => p.id === 'REQUIRED_CONSUMER_SECTIONS_PRESENT').passed, false,"
"accelerated-launch/service/tests/sections/p-us-consumer-format.cjs","217","p-us-consumer-format","1","KEEP","Current behavior, evidence, isolation, source admission, or consumer contract.","check.equal(missingSection.refusal_reason, 'US_FAMILY_IN_MEMORY_MODEL_IS_NOT_A_FILE',"
"accelerated-launch/service/tests/sections/p-us-consumer-format.cjs","221","p-us-consumer-format","1","KEEP","Current behavior, evidence, isolation, source admission, or consumer contract.","check.equal(noSkeleton.admitted, false, 'a model with no printed account header row is refused');"
"accelerated-launch/service/tests/sections/p-us-consumer-format.cjs","224","p-us-consumer-format","1","KEEP","Current behavior, evidence, isolation, source admission, or consumer contract.","check.equal(fixture.predicates.find((p) => p.id === 'NO_FIXTURE_OR_SYNTHETIC_MARKER').passed, false,"
"accelerated-launch/service/tests/sections/p-us-consumer-format.cjs","232","p-us-consumer-format","1","KEEP","Current behavior, evidence, isolation, source admission, or consumer contract.","check.equal(blindAdmission.refusal_reason, 'US_FAMILY_IMAGE_ONLY_AND_NO_LOCAL_OCR',"
"accelerated-launch/service/tests/sections/p-us-consumer-format.cjs","234","p-us-consumer-format","1","KEEP","Current behavior, evidence, isolation, source admission, or consumer contract.","check.equal(blindAdmission.predicates.find((p) => p.id === 'TEXT_LAYER_IS_AVAILABLE_BY_NATIVE_TEXT_OR_AUTHORIZED_LOCAL_OCR').passed,"
"accelerated-launch/service/tests/sections/p-us-consumer-format.cjs","237","p-us-consumer-format","1","KEEP","Current behavior, evidence, isolation, source admission, or consumer contract.","check.deepEqual(blindExtraction.records, [], 'and reports no records at all');"
"accelerated-launch/service/tests/sections/p-us-consumer-format.cjs","238","p-us-consumer-format","1","KEEP","Current behavior, evidence, isolation, source admission, or consumer contract.","check.equal(blindExtraction.summary.records_read, 0);"
"accelerated-launch/service/tests/sections/p-us-consumer-format.cjs","239","p-us-consumer-format","1","KEEP","Current behavior, evidence, isolation, source admission, or consumer contract.","check.match(blindExtraction.summary.reason, /DOCUMENT_REFUSED:/,"
"accelerated-launch/service/tests/sections/p-us-consumer-format.cjs","276","p-us-consumer-format","2","KEEP","Current behavior, evidence, isolation, source admission, or consumer contract.","check.equal(detection.supported, true, `${path.basename(file)}: a readable subscriber product is read by the general intake`);"
"accelerated-launch/service/tests/sections/p-us-consumer-format.cjs","277","p-us-consumer-format","2","KEEP","Current behavior, evidence, isolation, source admission, or consumer contract.","check.equal(detection.presentation_id, 'GENERAL-BUREAU-REPORT', `${path.basename(file)}: as a general report`);"
"accelerated-launch/service/tests/sections/p-us-consumer-format.cjs","278","p-us-consumer-format","2","KEEP","Current behavior, evidence, isolation, source admission, or consumer contract.","check.notEqual(detection.presentation_id, 'US-CONSUMER-DISCLOSURE', `${path.basename(file)}: and NOT as the US consumer family`);"
"accelerated-launch/service/tests/sections/p-us-consumer-format.cjs","271","p-us-consumer-format","1","KEEP","Current behavior, evidence, isolation, source admission, or consumer contract.","check.equal(detection.supported, false, `${path.basename(file)}: an encrypted subscriber product is refused`);"
"accelerated-launch/service/tests/sections/p-us-consumer-format.cjs","272","p-us-consumer-format","1","KEEP","Current behavior, evidence, isolation, source admission, or consumer contract.","check.equal(detection.refusal_reason, 'UNREADABLE_DOCUMENT', `${path.basename(file)}: as unreadable`);"
"accelerated-launch/service/tests/sections/p-us-consumer-format.cjs","273","p-us-consumer-format","1","KEEP","Current behavior, evidence, isolation, source admission, or consumer contract.","check.equal(model.encryption.copy_allowed, false, `${path.basename(file)}: the document withholds permission to copy its text`);"
"accelerated-launch/service/tests/sections/p-us-consumer-format.cjs","274","p-us-consumer-format","1","KEEP","Current behavior, evidence, isolation, source admission, or consumer contract.","check.equal(model.pages.length, 0, `${path.basename(file)}: so its pages are not read at all`);"
"accelerated-launch/service/tests/sections/p-us-consumer-format.cjs","284","p-us-consumer-format","1","KEEP","Current behavior, evidence, isolation, source admission, or consumer contract.","check.equal(detection.supported, true, 'EXP-006.pdf: a screening artifact is read by the general intake');"
"accelerated-launch/service/tests/sections/p-us-consumer-format.cjs","285","p-us-consumer-format","1","KEEP","Current behavior, evidence, isolation, source admission, or consumer contract.","check.equal(detection.presentation_id, 'GENERAL-BUREAU-REPORT', 'EXP-006.pdf: as a general report, not the US consumer family');"
"accelerated-launch/service/tests/sections/q-record-applicability.cjs","102","q-record-applicability","1","KEEP","Current behavior, evidence, isolation, source admission, or consumer contract.","check.equal(closed.evaluation.not_applicable_checks.filter((c) => c.adapter_id === LIABILITY_ADAPTER).length, 0,"
"accelerated-launch/service/tests/sections/q-record-applicability.cjs","104","q-record-applicability","1","KEEP","Current behavior, evidence, isolation, source admission, or consumer contract.","check.equal(closed.evaluation.applicability_summary.APPLICABLE, 1, 'it is APPLICABLE exactly once');"
"accelerated-launch/service/tests/sections/q-record-applicability.cjs","105","q-record-applicability","1","KEEP","Current behavior, evidence, isolation, source admission, or consumer contract.","check.equal(closed.evaluation.results.length, 1, 'and one comparison is performed from it');"
"accelerated-launch/service/tests/sections/q-record-applicability.cjs","106","q-record-applicability","1","KEEP","Current behavior, evidence, isolation, source admission, or consumer contract.","check.equal(closed.evaluation.results[0].machine.anchor.field, 'liability.closedDate',"
"accelerated-launch/service/tests/sections/q-record-applicability.cjs","108","q-record-applicability","1","KEEP","Current behavior, evidence, isolation, source admission, or consumer contract.","check.equal(closed.evaluation.results[0].machine.anchor.iso, '2015-07-20', 'read as the day it prints');"
"accelerated-launch/service/tests/sections/q-record-applicability.cjs","116","q-record-applicability","1","KEEP","Current behavior, evidence, isolation, source admission, or consumer contract.","check.equal(statedNotApplicable.length, 1, 'a blank closure label plus an explicit status resolves once');"
"accelerated-launch/service/tests/sections/q-record-applicability.cjs","117","q-record-applicability","1","KEEP","Current behavior, evidence, isolation, source admission, or consumer contract.","check.equal(statedNotApplicable[0].applicability, 'NOT_APPLICABLE');"
"accelerated-launch/service/tests/sections/q-record-applicability.cjs","118","q-record-applicability","1","KEEP","Current behavior, evidence, isolation, source admission, or consumer contract.","check.equal(statedNotApplicable[0].applicability_rule, 'LIABILITY_CLOSED_DATE_OR_EXPLICITLY_STATED_STATUS');"
"accelerated-launch/service/tests/sections/q-record-applicability.cjs","119","q-record-applicability","1","KEEP","Current behavior, evidence, isolation, source admission, or consumer contract.","check.equal(statedNotApplicable[0].reason, 'THE_RECORD_PRINTS_AN_EXPLICIT_STATUS_THAT_DOES_NOT_STATE_TERMINATION');"
"accelerated-launch/service/tests/sections/q-record-applicability.cjs","120","q-record-applicability","1","KEEP","Current behavior, evidence, isolation, source admission, or consumer contract.","check.match(String(statedNotApplicable[0].evidence.printed_value), /not overdue/,"
"accelerated-launch/service/tests/sections/q-record-applicability.cjs","122","q-record-applicability","1","KEEP","Current behavior, evidence, isolation, source admission, or consumer contract.","check.equal(stated.evaluation.results.filter((r) => r.check.adapter_id === LIABILITY_ADAPTER).length, 0,"
"accelerated-launch/service/tests/sections/q-record-applicability.cjs","130","q-record-applicability","1","KEEP","Current behavior, evidence, isolation, source admission, or consumer contract.","check.equal(ambiguousUnresolved.length, 1, 'a blank closure label with no status leaves applicability unresolved');"
"accelerated-launch/service/tests/sections/q-record-applicability.cjs","131","q-record-applicability","1","KEEP","Current behavior, evidence, isolation, source admission, or consumer contract.","check.equal(ambiguousUnresolved[0].applicability, 'APPLICABILITY_UNRESOLVED');"
"accelerated-launch/service/tests/sections/q-record-applicability.cjs","132","q-record-applicability","1","KEEP","Current behavior, evidence, isolation, source admission, or consumer contract.","check.equal(ambiguousUnresolved[0].reason,"
"accelerated-launch/service/tests/sections/q-record-applicability.cjs","134","q-record-applicability","1","KEEP","Current behavior, evidence, isolation, source admission, or consumer contract.","check.match(String(ambiguousUnresolved[0].evidence.does_not_infer), /open/,"
"accelerated-launch/service/tests/sections/q-record-applicability.cjs","136","q-record-applicability","1","KEEP","Current behavior, evidence, isolation, source admission, or consumer contract.","check.equal(ambiguous.evaluation.not_applicable_checks.filter((c) => c.adapter_id === LIABILITY_ADAPTER).length, 0,"
"accelerated-launch/service/tests/sections/q-record-applicability.cjs","138","q-record-applicability","1","KEEP","Current behavior, evidence, isolation, source admission, or consumer contract.","check.equal(ambiguous.evaluation.results.filter((r) => r.check.adapter_id === LIABILITY_ADAPTER).length, 0,"
"accelerated-launch/service/tests/sections/q-record-applicability.cjs","144","q-record-applicability","1","KEEP","Current behavior, evidence, isolation, source admission, or consumer contract.","check.equal(omittedUnresolved.length, 1, 'a record that prints no closure label at all is unresolved');"
"accelerated-launch/service/tests/sections/q-record-applicability.cjs","145","q-record-applicability","1","KEEP","Current behavior, evidence, isolation, source admission, or consumer contract.","check.equal(omittedUnresolved[0].reason, 'THE_FAMILY_REPORTED_NO_CLOSED_DATE_READING_FOR_THIS_RECORD',"
"accelerated-launch/service/tests/sections/q-record-applicability.cjs","166","q-record-applicability","1","KEEP","Current behavior, evidence, isolation, source admission, or consumer contract.","check.equal(extracted.presentation_evidence, true, 'the AU sample is admitted as report evidence');"
"accelerated-launch/service/tests/sections/q-record-applicability.cjs","176","q-record-applicability","1","KEEP","Current behavior, evidence, isolation, source admission, or consumer contract.","check.equal(out.au.not_applicable, 1, 'the real AU sample resolves one liability record as not-applicable');"
"accelerated-launch/service/tests/sections/q-record-applicability.cjs","177","q-record-applicability","1","KEEP","Current behavior, evidence, isolation, source admission, or consumer contract.","check.equal(out.au.unresolved, 2, 'and leaves two unresolved: one ambiguous, one with no boundary labels');"
"accelerated-launch/service/tests/sections/q-record-applicability.cjs","178","q-record-applicability","1","KEEP","Current behavior, evidence, isolation, source admission, or consumer contract.","check.equal(out.au.applicable, 0,"
"accelerated-launch/service/tests/sections/q-record-applicability.cjs","180","q-record-applicability","1","KEEP","Current behavior, evidence, isolation, source admission, or consumer contract.","check.ok(e.results.every((r) => r.machine.state === 'EVALUATED'),"
"accelerated-launch/service/tests/sections/q-record-applicability.cjs","182","q-record-applicability","1","KEEP","Current behavior, evidence, isolation, source admission, or consumer contract.","check.equal(e.results.length, 6, 'and still produce exactly six comparisons');"
"accelerated-launch/service/tests/sections/q-record-applicability.cjs","190","q-record-applicability","1","KEEP","Current behavior, evidence, isolation, source admission, or consumer contract.","check.equal(extracted.presentation_evidence, true, 'the US sample is admitted as report evidence');"
"accelerated-launch/service/tests/sections/q-record-applicability.cjs","198","q-record-applicability","1","KEEP","Current behavior, evidence, isolation, source admission, or consumer contract.","check.equal(e.results.length, 1, 'the US sample performs exactly one executed comparison');"
"accelerated-launch/service/tests/sections/q-record-applicability.cjs","199","q-record-applicability","1","KEEP","Current behavior, evidence, isolation, source admission, or consumer contract.","check.equal(e.results[0].check.adapter_id, ADVERSE_ADAPTER, 'the federal adverse rule');"
"accelerated-launch/service/tests/sections/q-record-applicability.cjs","200","q-record-applicability","1","KEEP","Current behavior, evidence, isolation, source admission, or consumer contract.","check.equal(e.results[0].machine.state, 'EVALUATED', 'evaluated');"
"accelerated-launch/service/tests/sections/q-record-applicability.cjs","201","q-record-applicability","1","KEEP","Current behavior, evidence, isolation, source admission, or consumer contract.","check.equal(e.results[0].machine.outcome, 'PERIOD_NOT_EXCEEDED',"
"accelerated-launch/service/tests/sections/q-record-applicability.cjs","203","q-record-applicability","1","KEEP","Current behavior, evidence, isolation, source admission, or consumer contract.","check.equal(e.not_applicable_checks.length, 0,"
"accelerated-launch/service/tests/sections/q-record-applicability.cjs","205","q-record-applicability","1","KEEP","Current behavior, evidence, isolation, source admission, or consumer contract.","check.equal(e.unavailable_checks.filter((c) => /NO_RECORD_OF_THE_KIND/.test(c.reason)).length, 7,"
"accelerated-launch/service/tests/sections/q-record-applicability.cjs","207","q-record-applicability","1","KEEP","Current behavior, evidence, isolation, source admission, or consumer contract.","check.equal(e.unresolved_applicability.length, 5,"
"accelerated-launch/service/tests/sections/q-record-applicability.cjs","209","q-record-applicability","1","KEEP","Current behavior, evidence, isolation, source admission, or consumer contract.","check.ok(e.unresolved_applicability.every((c) => c.adapter_id === ADVERSE_ADAPTER || c.adapter_id === CA_ADVERSE_ADAPTER),"
"accelerated-launch/service/tests/sections/q-record-applicability.cjs","211","q-record-applicability","1","KEEP","Current behavior, evidence, isolation, source admission, or consumer contract.","check.equal(e.applicability_summary.APPLICABLE, 1);"
"accelerated-launch/service/tests/sections/q-record-applicability.cjs","212","q-record-applicability","1","KEEP","Current behavior, evidence, isolation, source admission, or consumer contract.","check.equal(e.applicability_summary.NOT_APPLICABLE, 0);"
"accelerated-launch/service/tests/sections/q-record-applicability.cjs","213","q-record-applicability","1","KEEP","Current behavior, evidence, isolation, source admission, or consumer contract.","check.equal(e.applicability_summary.APPLICABILITY_UNRESOLVED, 5);"
"accelerated-launch/service/tests/sections/q-record-applicability.cjs","232","q-record-applicability","1","KEEP","Current behavior, evidence, isolation, source admission, or consumer contract.","check.ok(record, 'the record is located');"
"accelerated-launch/service/tests/sections/q-record-applicability.cjs","233","q-record-applicability","1","KEEP","Current behavior, evidence, isolation, source admission, or consumer contract.","check.equal(record && record.status, 'EXTRACTION_UNRESOLVED', 'its extraction status is unresolved');"
"accelerated-launch/service/tests/sections/q-record-applicability.cjs","235","q-record-applicability","1","KEEP","Current behavior, evidence, isolation, source admission, or consumer contract.","check.equal(unresolved.length, 1, 'and the comparison is reported as unresolved rather than performed');"
"accelerated-launch/service/tests/sections/q-record-applicability.cjs","236","q-record-applicability","1","KEEP","Current behavior, evidence, isolation, source admission, or consumer contract.","check.equal(unresolved[0].record_index, record.record_index, 'against that record');"
"accelerated-launch/service/tests/sections/q-record-applicability.cjs","237","q-record-applicability","1","KEEP","Current behavior, evidence, isolation, source admission, or consumer contract.","check.equal(mixed.evaluation.not_applicable_checks.filter((c) => c.adapter_id === LIABILITY_ADAPTER).length, 0,"
"accelerated-launch/service/tests/sections/q-record-applicability.cjs","239","q-record-applicability","1","KEEP","Current behavior, evidence, isolation, source admission, or consumer contract.","check.equal(mixed.evaluation.results.filter((r) => r.check.adapter_id === LIABILITY_ADAPTER).length, 0,"
"accelerated-launch/service/tests/sections/q-record-applicability.cjs","244","q-record-applicability","1","KEEP","Current behavior, evidence, isolation, source admission, or consumer contract.","check.equal(unknown.applicability, 'APPLICABILITY_UNRESOLVED', 'an unknown applicability rule is unresolved');"
"accelerated-launch/service/tests/sections/q-record-applicability.cjs","245","q-record-applicability","1","KEEP","Current behavior, evidence, isolation, source admission, or consumer contract.","check.equal(unknown.reason, 'NO_SUCH_APPLICABILITY_RULE_IS_REGISTERED_IN_THIS_BUILD');"
"accelerated-launch/service/tests/sections/q-record-applicability.cjs","247","q-record-applicability","1","KEEP","Current behavior, evidence, isolation, source admission, or consumer contract.","check.equal(noRule, null, 'and an adapter with no declared rule keeps the behaviour it had');"
"accelerated-launch/service/tests/sections/q-record-applicability.cjs","251","q-record-applicability","1","KEEP","Current behavior, evidence, isolation, source admission, or consumer contract.","check.ok(declared.length > 0, 'adapters declare applicability rules');"
"accelerated-launch/service/tests/sections/q-record-applicability.cjs","252","q-record-applicability","1","KEEP","Current behavior, evidence, isolation, source admission, or consumer contract.","check.deepEqual(declared.filter((id) => !applicability.APPLICABILITY_RULES[id]), [],"
"accelerated-launch/service/tests/sections/q-record-applicability.cjs","256","q-record-applicability","1","KEEP","Current behavior, evidence, isolation, source admission, or consumer contract.","check.deepEqual(Object.keys(applicability.APPLICABILITY_STATE).sort(),"
"accelerated-launch/service/tests/sections/r-ca-factual-assessment.cjs","116","r-ca-factual-assessment","2","KEEP","Current behavior, evidence, isolation, source admission, or consumer contract.","check.equal(upload.status, 201, `${region}: the evidenced specimen is accepted by the upload gate`);"
"accelerated-launch/service/tests/sections/r-ca-factual-assessment.cjs","117","r-ca-factual-assessment","2","KEEP","Current behavior, evidence, isolation, source admission, or consumer contract.","check.equal(upload.json.receipt.format_detection.supported, true, `${region}: and admitted as the supported presentation`);"
"accelerated-launch/service/tests/sections/r-ca-factual-assessment.cjs","118","r-ca-factual-assessment","2","KEEP","Current behavior, evidence, isolation, source admission, or consumer contract.","check.equal(upload.json.receipt.format_detection.presentation_id, 'PR-01', `${region}: by the unchanged PR-01 digest gate`);"
"accelerated-launch/service/tests/sections/r-ca-factual-assessment.cjs","119","r-ca-factual-assessment","2","KEEP","Current behavior, evidence, isolation, source admission, or consumer contract.","check.equal(upload.json.receipt.format_detection.read_support_is, 'EXACT_SPECIMEN_DIGEST', `${region}: and the receipt says so`);"
"accelerated-launch/service/tests/sections/r-ca-factual-assessment.cjs","120","r-ca-factual-assessment","2","KEEP","Current behavior, evidence, isolation, source admission, or consumer contract.","check.equal(upload.json.receipt.extraction_summary.presentation_evidence, true, `${region}: it supplies presentation evidence`);"
"accelerated-launch/service/tests/sections/r-ca-factual-assessment.cjs","121","r-ca-factual-assessment","2","KEEP","Current behavior, evidence, isolation, source admission, or consumer contract.","check.equal(upload.json.receipt.extraction_summary.reference_date_read, true, `${region}: its report date is read`);"
"accelerated-launch/service/tests/sections/r-ca-factual-assessment.cjs","122","r-ca-factual-assessment","2","KEEP","Current behavior, evidence, isolation, source admission, or consumer contract.","check.ok(upload.json.receipt.extraction_summary.accounts_read >= 1, `${region}: and at least one collection entry is read`);"
"accelerated-launch/service/tests/sections/r-ca-factual-assessment.cjs","160","r-ca-factual-assessment","2","KEEP","Current behavior, evidence, isolation, source admission, or consumer contract.","check.equal(evaluated.status, 201, `${region}: the case evaluates`);"
"accelerated-launch/service/tests/sections/r-ca-factual-assessment.cjs","165","r-ca-factual-assessment","2","KEEP","Current behavior, evidence, isolation, source admission, or consumer contract.","check.equal(stored.admission.admitted, true, `${region}: the stored extraction is an admitted one`);"
"accelerated-launch/service/tests/sections/r-ca-factual-assessment.cjs","166","r-ca-factual-assessment","2","KEEP","Current behavior, evidence, isolation, source admission, or consumer contract.","check.ok(stored.evidence_readings && stored.evidence_readings.factual_view, `${region}: and carries the presentation's factual view`);"
"accelerated-launch/service/tests/sections/r-ca-factual-assessment.cjs","167","r-ca-factual-assessment","2","KEEP","Current behavior, evidence, isolation, source admission, or consumer contract.","check.equal(stored.evidence_readings.factual_view.report_text_retained, false, `${region}: the view retains no report text`);"
"accelerated-launch/service/tests/sections/r-ca-factual-assessment.cjs","168","r-ca-factual-assessment","2","KEEP","Current behavior, evidence, isolation, source admission, or consumer contract.","check.equal(view.result.support, 'ACTUAL_REPORT_EVIDENCE', `${region}: the consumer sees what kind of evidence this is`);"
"accelerated-launch/service/tests/sections/r-ca-factual-assessment.cjs","169","r-ca-factual-assessment","2","KEEP","Current behavior, evidence, isolation, source admission, or consumer contract.","check.equal(view.result.assessment.factual_summary.statutory_checks_named, 0,"
"accelerated-launch/service/tests/sections/r-ca-factual-assessment.cjs","128","r-ca-factual-assessment","2","KEEP","Current behavior, evidence, isolation, source admission, or consumer contract.","check.equal(result.checks_performed, result.observations.length + result.report_consistency_checks.length,"
"accelerated-launch/service/tests/sections/r-ca-factual-assessment.cjs","130","r-ca-factual-assessment","2","KEEP","Current behavior, evidence, isolation, source admission, or consumer contract.","check.equal(result.report_consistency_checks.length, 4, `${label}: all four Canadian factual checks ran`);"
"accelerated-launch/service/tests/sections/r-ca-factual-assessment.cjs","131","r-ca-factual-assessment","2","KEEP","Current behavior, evidence, isolation, source admission, or consumer contract.","check.deepEqual(result.report_consistency_checks.map((c) => c.check_name).length, 4, `${label}: each is reported at case level`);"
"accelerated-launch/service/tests/sections/r-ca-factual-assessment.cjs","132","r-ca-factual-assessment","2","KEEP","Current behavior, evidence, isolation, source admission, or consumer contract.","check.deepEqual([...new Set(result.report_consistency_checks.map((c) => c.check_class))], ['REPORT_FACT_CONSISTENCY'],"
"accelerated-launch/service/tests/sections/r-ca-factual-assessment.cjs","134","r-ca-factual-assessment","2","KEEP","Current behavior, evidence, isolation, source admission, or consumer contract.","check.ok(result.report_consistency_checks.every((c) => c.is_a_finding === false), `${label}: none is a finding`);"
"accelerated-launch/service/tests/sections/r-ca-factual-assessment.cjs","135","r-ca-factual-assessment","2","KEEP","Current behavior, evidence, isolation, source admission, or consumer contract.","check.ok(result.report_consistency_checks.every((c) => c.output_level === 'observation'), `${label}: each is capped at an observation`);"
"accelerated-launch/service/tests/sections/r-ca-factual-assessment.cjs","136","r-ca-factual-assessment","2","KEEP","Current behavior, evidence, isolation, source admission, or consumer contract.","check.ok(result.report_consistency_checks.every((c) => typeof c.qualification === 'string' && c.qualification.length > 0),"
"accelerated-launch/service/tests/sections/r-ca-factual-assessment.cjs","138","r-ca-factual-assessment","2","KEEP","Current behavior, evidence, isolation, source admission, or consumer contract.","check.ok(result.report_consistency_checks.every((c) => /not a legal finding|not a statutory finding/.test(c.qualification)),"
"accelerated-launch/service/tests/sections/r-ca-factual-assessment.cjs","141","r-ca-factual-assessment","2","KEEP","Current behavior, evidence, isolation, source admission, or consumer contract.","check.ok(kinds.includes('REPORT_FACT_CONSISTENCY'), `${label}: the assessment names the factual class`);"
"accelerated-launch/service/tests/sections/r-ca-factual-assessment.cjs","142","r-ca-factual-assessment","2","KEEP","Current behavior, evidence, isolation, source admission, or consumer contract.","check.equal(kinds.includes('STATUTORY_RULE_COMPARISON'), expectStatutory,"
"accelerated-launch/service/tests/sections/r-ca-factual-assessment.cjs","144","r-ca-factual-assessment","2","KEEP","Current behavior, evidence, isolation, source admission, or consumer contract.","check.equal(result.assessment.performed_by_kind.REPORT_FACT_CONSISTENCY, 4, `${label}: four factual checks are counted as factual`);"
"accelerated-launch/service/tests/sections/r-ca-factual-assessment.cjs","145","r-ca-factual-assessment","2","KEEP","Current behavior, evidence, isolation, source admission, or consumer contract.","check.equal(result.assessment.statutory_checks_performed, result.observations.length, `${label}: and no factual check is counted as statutory`);"
"accelerated-launch/service/tests/sections/r-ca-factual-assessment.cjs","147","r-ca-factual-assessment","1","KEEP","Current behavior, evidence, isolation, source admission, or consumer contract.","check.equal(result.assessment.statutory_checks_performed, 0, `${label}: no statutory comparison ran for this selection`);"
"accelerated-launch/service/tests/sections/r-ca-factual-assessment.cjs","148","r-ca-factual-assessment","1","KEEP","Current behavior, evidence, isolation, source admission, or consumer contract.","check.match(result.assessment.plain, /no statutory evaluation recorded for this selection/, `${label}: and the assessment says so in words`);"
"accelerated-launch/service/tests/sections/r-ca-factual-assessment.cjs","150","r-ca-factual-assessment","2","KEEP","Current behavior, evidence, isolation, source admission, or consumer contract.","check.equal(result.comprehensive_legal_check, false, `${label}: no comprehensive legal check is implied`);"
"accelerated-launch/service/tests/sections/r-ca-factual-assessment.cjs","415","r-ca-factual-assessment","1","KEEP","Current behavior, evidence, isolation, source admission, or consumer contract.","check.equal(on.result.observations.length, 0, 'CA-ON: no statutory observation is produced for it, because none is recorded');"
"accelerated-launch/service/tests/sections/r-ca-factual-assessment.cjs","416","r-ca-factual-assessment","1","KEEP","Current behavior, evidence, isolation, source admission, or consumer contract.","check.ok(!/[A-Z]{2}-(PIPEDA|CRA)/.test(JSON.stringify(on.result)), 'CA-ON: and no statutory instrument is named anywhere in its result');"
"accelerated-launch/service/tests/sections/r-ca-factual-assessment.cjs","225","r-ca-factual-assessment","1","KEEP","Current behavior, evidence, isolation, source admission, or consumer contract.","check.equal(view.summary_counts.length, 9, 'the report prints nine category counts for this build to compare');"
"accelerated-launch/service/tests/sections/r-ca-factual-assessment.cjs","226","r-ca-factual-assessment","1","KEEP","Current behavior, evidence, isolation, source admission, or consumer contract.","check.ok(view.summary_counts.every((c) => c.examinable), 'and every one of them is examinable from what the report prints');"
"accelerated-launch/service/tests/sections/r-ca-factual-assessment.cjs","227","r-ca-factual-assessment","1","KEEP","Current behavior, evidence, isolation, source admission, or consumer contract.","check.equal(view.summary_counts.filter((c) => c.absence_statement_printed).length, 6,"
"accelerated-launch/service/tests/sections/r-ca-factual-assessment.cjs","229","r-ca-factual-assessment","1","KEEP","Current behavior, evidence, isolation, source admission, or consumer contract.","check.equal(view.records.length, 2, 'the report prints two collection entries');"
"accelerated-launch/service/tests/sections/r-ca-factual-assessment.cjs","230","r-ca-factual-assessment","1","KEEP","Current behavior, evidence, isolation, source admission, or consumer contract.","check.ok(view.records.every((r) => r.kind === 'COLLECTION'), 'and each is read as its own entry');"
"accelerated-launch/service/tests/sections/r-ca-factual-assessment.cjs","231","r-ca-factual-assessment","1","KEEP","Current behavior, evidence, isolation, source admission, or consumer contract.","check.equal(view.identity_groups.length, 1, 'two of those entries print the same member number and account number');"
"accelerated-launch/service/tests/sections/r-ca-factual-assessment.cjs","232","r-ca-factual-assessment","1","KEEP","Current behavior, evidence, isolation, source admission, or consumer contract.","check.deepEqual(view.identity_groups[0].record_indexes, [1, 2], 'so they are matched as one debt and no other');"
"accelerated-launch/service/tests/sections/r-ca-factual-assessment.cjs","233","r-ca-factual-assessment","1","KEEP","Current behavior, evidence, isolation, source admission, or consumer contract.","check.deepEqual(view.identity_groups[0].matched_on, ['Member Number', 'Account Number'],"
"accelerated-launch/service/tests/sections/r-ca-factual-assessment.cjs","235","r-ca-factual-assessment","1","KEEP","Current behavior, evidence, isolation, source admission, or consumer contract.","check.equal(view.reference_date.status, 'RESOLVED', 'the report date is read');"
"accelerated-launch/service/tests/sections/r-ca-factual-assessment.cjs","237","r-ca-factual-assessment","1","KEEP","Current behavior, evidence, isolation, source admission, or consumer contract.","check.equal(blank.state, 'LABEL_PRINTED_WITHOUT_VALUE', 'a date label printed with no value is read as exactly that');"
"accelerated-launch/service/tests/sections/r-ca-factual-assessment.cjs","239","r-ca-factual-assessment","1","KEEP","Current behavior, evidence, isolation, source admission, or consumer contract.","check.equal(absent.state, 'LABEL_PRINTED_WITHOUT_VALUE', 'and a ligature-printed label is still read as printed');"
"accelerated-launch/service/tests/sections/r-ca-factual-assessment.cjs","242","r-ca-factual-assessment","1","KEEP","Current behavior, evidence, isolation, source admission, or consumer contract.","check.equal(identifierFields.length, 4, 'each entry carries its two printed identifiers as readings');"
"accelerated-launch/service/tests/sections/r-ca-factual-assessment.cjs","243","r-ca-factual-assessment","1","KEEP","Current behavior, evidence, isolation, source admission, or consumer contract.","check.ok(identifierFields.every((f) => f.raw === null && f.value_retained === false),"
"accelerated-launch/service/tests/sections/r-ca-factual-assessment.cjs","245","r-ca-factual-assessment","1","KEEP","Current behavior, evidence, isolation, source admission, or consumer contract.","check.ok(identifierFields.every((f) => f.printed_with_a_value === true),"
"accelerated-launch/service/tests/sections/r-ca-factual-assessment.cjs","247","r-ca-factual-assessment","1","KEEP","Current behavior, evidence, isolation, source admission, or consumer contract.","check.ok(identifierFields.every((f) => f.normalized === null && f.state === 'VALUE'),"
"accelerated-launch/service/tests/sections/r-ca-factual-assessment.cjs","152","r-ca-factual-assessment","2","KEEP","Current behavior, evidence, isolation, source admission, or consumer contract.","check.ok(observation.is_a_finding === false, `${label}: no statutory observation is a finding`);"
"accelerated-launch/service/tests/sections/r-ca-factual-assessment.cjs","421","r-ca-factual-assessment","1","KEEP","Current behavior, evidence, isolation, source admission, or consumer contract.","check.equal(ns.result.observations.length, 2,"
"accelerated-launch/service/tests/sections/r-ca-factual-assessment.cjs","423","r-ca-factual-assessment","1","KEEP","Current behavior, evidence, isolation, source admission, or consumer contract.","check.match(ns.result.assessment.plain, /AND \d+ factual observations/, 'CA-NS: and its assessment states both classes ran');"
"accelerated-launch/service/tests/sections/r-ca-factual-assessment.cjs","194","r-ca-factual-assessment","13","KEEP","Current behavior, evidence, isolation, source admission, or consumer contract.","check.ok(factual, `${region}: the factual surface is registered for a Canadian selection`);"
"accelerated-launch/service/tests/sections/r-ca-factual-assessment.cjs","195","r-ca-factual-assessment","13","KEEP","Current behavior, evidence, isolation, source admission, or consumer contract.","check.equal(factual.performed.length, 4, `${region}: all four factual checks ran on the real presentation`);"
"accelerated-launch/service/tests/sections/r-ca-factual-assessment.cjs","196","r-ca-factual-assessment","13","KEEP","Current behavior, evidence, isolation, source admission, or consumer contract.","check.deepEqual(factual.summary.check_ids.slice().sort(), FACTUAL_IDS.slice().sort(),"
"accelerated-launch/service/tests/sections/r-ca-factual-assessment.cjs","198","r-ca-factual-assessment","13","KEEP","Current behavior, evidence, isolation, source admission, or consumer contract.","check.equal(factual.summary.statutory_checks_named, 0, `${region}: no statutory check is among them`);"
"accelerated-launch/service/tests/sections/r-ca-factual-assessment.cjs","199","r-ca-factual-assessment","13","KEEP","Current behavior, evidence, isolation, source admission, or consumer contract.","check.equal(evaluated.checks_performed, statutory.length + factual.performed.length,"
"accelerated-launch/service/tests/sections/r-ca-factual-assessment.cjs","213","r-ca-factual-assessment","12","KEEP","Current behavior, evidence, isolation, source admission, or consumer contract.","check.equal(statutory.length, 0, `${region}: no statutory comparison runs, because none is recorded for it`);"
"accelerated-launch/service/tests/sections/r-ca-factual-assessment.cjs","214","r-ca-factual-assessment","12","KEEP","Current behavior, evidence, isolation, source admission, or consumer contract.","check.deepEqual(evaluated.assessment_kinds, ['REPORT_FACT_CONSISTENCY'],"
"accelerated-launch/service/tests/sections/r-ca-factual-assessment.cjs","217","r-ca-factual-assessment","13","KEEP","Current behavior, evidence, isolation, source admission, or consumer contract.","check.ok(factual.performed.every((c) => c.legal_finding === undefined), `${region}: no factual check carries a legal finding`);"
"accelerated-launch/service/tests/sections/r-ca-factual-assessment.cjs","202","r-ca-factual-assessment","1","KEEP","Current behavior, evidence, isolation, source admission, or consumer contract.","check.equal(statutory.length, 2, 'CA-NS: its last-payment limb still runs once per readable entry');"
"accelerated-launch/service/tests/sections/r-ca-factual-assessment.cjs","203","r-ca-factual-assessment","1","KEEP","Current behavior, evidence, isolation, source admission, or consumer contract.","check.deepEqual([...new Set(statutory.map((r) => r.check.adapter_id))].sort(),"
"accelerated-launch/service/tests/sections/r-ca-factual-assessment.cjs","206","r-ca-factual-assessment","1","KEEP","Current behavior, evidence, isolation, source admission, or consumer contract.","check.deepEqual([...new Set(statutory.map((r) => r.record_index))], [1, 2],"
"accelerated-launch/service/tests/sections/r-ca-factual-assessment.cjs","208","r-ca-factual-assessment","1","KEEP","Current behavior, evidence, isolation, source admission, or consumer contract.","check.ok(evaluated.unavailable_checks.some((u) => u.adapter_id === 'CA-NS-CRA-S10-3-E-BANKRUPTCY-6Y'),"
"accelerated-launch/service/tests/sections/r-ca-factual-assessment.cjs","210","r-ca-factual-assessment","1","KEEP","Current behavior, evidence, isolation, source admission, or consumer contract.","check.deepEqual(evaluated.assessment_kinds, ['STATUTORY_RULE_COMPARISON', 'REPORT_FACT_CONSISTENCY'],"
"accelerated-launch/service/tests/sections/r-ca-factual-assessment.cjs","426","r-ca-factual-assessment","1","KEEP","Current behavior, evidence, isolation, source admission, or consumer contract.","check.equal(Object.keys(perRegion).length, 13, 'all thirteen canonical Canadian selections were evaluated');"
"accelerated-launch/service/tests/sections/r-ca-factual-assessment.cjs","427","r-ca-factual-assessment","1","KEEP","Current behavior, evidence, isolation, source admission, or consumer contract.","check.deepEqual(Object.keys(perRegion).sort(), CA_REGIONS, 'and exactly the thirteen the recorded relation names');"
"accelerated-launch/service/tests/sections/r-ca-factual-assessment.cjs","428","r-ca-factual-assessment","1","KEEP","Current behavior, evidence, isolation, source admission, or consumer contract.","check.equal(OTHER_TWELVE.filter((r) => perRegion[r].factual_checks_performed === 4).length, 12,"
"accelerated-launch/service/tests/sections/r-ca-factual-assessment.cjs","438","r-ca-factual-assessment","1","KEEP","Current behavior, evidence, isolation, source admission, or consumer contract.","check.equal(lookalike.status, 201, 'a structurally similar PDF is stored so its measured shape can be reported');"
"accelerated-launch/service/tests/sections/r-ca-factual-assessment.cjs","439","r-ca-factual-assessment","1","KEEP","Current behavior, evidence, isolation, source admission, or consumer contract.","check.equal(lookalike.json.receipt.format_detection.supported, false, 'and is refused at the format gate');"
"accelerated-launch/service/tests/sections/r-ca-factual-assessment.cjs","440","r-ca-factual-assessment","1","KEEP","Current behavior, evidence, isolation, source admission, or consumer contract.","check.equal(lookalike.json.receipt.extraction_summary.extraction_ran, false, 'so nothing is read from it');"
"accelerated-launch/service/tests/sections/r-ca-factual-assessment.cjs","442","r-ca-factual-assessment","1","KEEP","Current behavior, evidence, isolation, source admission, or consumer contract.","check.equal(refusedStored.evidence_readings, undefined, 'and a refused file carries no factual view to run checks over');"
"accelerated-launch/service/tests/sections/r-ca-factual-assessment.cjs","444","r-ca-factual-assessment","1","KEEP","Current behavior, evidence, isolation, source admission, or consumer contract.","check.equal(refusedResult.checks_performed, 0, 'so a refused file performs no factual check either');"
"accelerated-launch/service/tests/sections/r-ca-factual-assessment.cjs","445","r-ca-factual-assessment","1","KEEP","Current behavior, evidence, isolation, source admission, or consumer contract.","check.equal(refusedResult.report_consistency_checks.length, 0, 'and reports none');"
"accelerated-launch/service/tests/sections/r-ca-factual-assessment.cjs","450","r-ca-factual-assessment","1","KEEP","Current behavior, evidence, isolation, source admission, or consumer contract.","check.equal(demoView.report_consistency_checks.length, 0, 'a demonstration model produces no factual check, because it is not a report');"
"accelerated-launch/service/tests/sections/r-ca-factual-assessment.cjs","451","r-ca-factual-assessment","1","KEEP","Current behavior, evidence, isolation, source admission, or consumer contract.","check.equal(demoView.checks_performed, 0, 'and performs nothing at all');"
"accelerated-launch/service/tests/sections/r-ca-factual-assessment.cjs","307","r-ca-factual-assessment","1","KEEP","Current behavior, evidence, isolation, source admission, or consumer contract.","check.equal(branches.summary_count_mismatch.agreement, 'A_DIFFERENCE_WAS_FOUND',"
"accelerated-launch/service/tests/sections/r-ca-factual-assessment.cjs","309","r-ca-factual-assessment","1","KEEP","Current behavior, evidence, isolation, source admission, or consumer contract.","check.equal(branches.summary_count_mismatch.outcome, 'A_PRINTED_CATEGORY_COUNT_DIFFERS_FROM_THE_ENTRIES_PRINTED_UNDER_IT');"
"accelerated-launch/service/tests/sections/r-ca-factual-assessment.cjs","313","r-ca-factual-assessment","1","KEEP","Current behavior, evidence, isolation, source admission, or consumer contract.","check.equal(noCaption.not_applicable.length, 2, 'a report that prints no category count has nothing for that check to compare');"
"accelerated-launch/service/tests/sections/r-ca-factual-assessment.cjs","314","r-ca-factual-assessment","1","KEEP","Current behavior, evidence, isolation, source admission, or consumer contract.","check.equal(branches.summary_count_not_applicable.reason, 'THE_REPORT_PRINTS_NO_CATEGORY_COUNT');"
"accelerated-launch/service/tests/sections/r-ca-factual-assessment.cjs","321","r-ca-factual-assessment","1","KEEP","Current behavior, evidence, isolation, source admission, or consumer contract.","check.equal(uncountable.unresolved_applicability.length, 1, 'a count whose section cannot be counted is unresolved, not a pass');"
"accelerated-launch/service/tests/sections/r-ca-factual-assessment.cjs","322","r-ca-factual-assessment","1","KEEP","Current behavior, evidence, isolation, source admission, or consumer contract.","check.equal(byId(uncountable, 'CA-FACT-SUMMARY-COUNT-VS-ITEMS').reason,"
"accelerated-launch/service/tests/sections/r-ca-factual-assessment.cjs","331","r-ca-factual-assessment","1","KEEP","Current behavior, evidence, isolation, source admission, or consumer contract.","check.equal(branches.item_date_after_report_date.agreement, 'A_DIFFERENCE_WAS_FOUND',"
"accelerated-launch/service/tests/sections/r-ca-factual-assessment.cjs","333","r-ca-factual-assessment","1","KEEP","Current behavior, evidence, isolation, source admission, or consumer contract.","check.equal(branches.item_date_after_report_date.evidence.dates_later_than_the_report_date.length, 1,"
"accelerated-launch/service/tests/sections/r-ca-factual-assessment.cjs","340","r-ca-factual-assessment","1","KEEP","Current behavior, evidence, isolation, source admission, or consumer contract.","check.equal(noReportDate.unresolved_applicability.length, 1, 'an unreadable report date leaves that check unresolved, not passed');"
"accelerated-launch/service/tests/sections/r-ca-factual-assessment.cjs","348","r-ca-factual-assessment","1","KEEP","Current behavior, evidence, isolation, source admission, or consumer contract.","check.equal(branches.date_order.agreement, 'A_DIFFERENCE_WAS_FOUND', 'two printed dates in the wrong order are a difference');"
"accelerated-launch/service/tests/sections/r-ca-factual-assessment.cjs","349","r-ca-factual-assessment","1","KEEP","Current behavior, evidence, isolation, source admission, or consumer contract.","check.deepEqual(branches.date_order.evidence.pairs_out_of_order[0].pair, ['First Delinquency', 'Date Assigned'],"
"accelerated-launch/service/tests/sections/r-ca-factual-assessment.cjs","358","r-ca-factual-assessment","1","KEEP","Current behavior, evidence, isolation, source admission, or consumer contract.","check.equal(branches.partial_dates.agreement, 'NO_DIFFERENCE_FOUND', 'the pair that can be read is compared and agrees');"
"accelerated-launch/service/tests/sections/r-ca-factual-assessment.cjs","359","r-ca-factual-assessment","1","KEEP","Current behavior, evidence, isolation, source admission, or consumer contract.","check.equal(branches.partial_dates.evidence.pairs_examined, 1, 'exactly the pairs that could be read ran');"
"accelerated-launch/service/tests/sections/r-ca-factual-assessment.cjs","360","r-ca-factual-assessment","1","KEEP","Current behavior, evidence, isolation, source admission, or consumer contract.","check.equal(branches.partial_dates.not_examinable.length, 2, 'and both pairs the blank and unprinted labels restricted are named');"
"accelerated-launch/service/tests/sections/r-ca-factual-assessment.cjs","361","r-ca-factual-assessment","1","KEEP","Current behavior, evidence, isolation, source admission, or consumer contract.","check.deepEqual(branches.partial_dates.not_examinable.map((c) => c.because.reason).sort(),"
"accelerated-launch/service/tests/sections/r-ca-factual-assessment.cjs","371","r-ca-factual-assessment","1","KEEP","Current behavior, evidence, isolation, source admission, or consumer contract.","check.equal(branches.same_debt.agreement, 'A_DIFFERENCE_WAS_FOUND',"
"accelerated-launch/service/tests/sections/r-ca-factual-assessment.cjs","373","r-ca-factual-assessment","1","KEEP","Current behavior, evidence, isolation, source admission, or consumer contract.","check.equal(conflict.performed.length, 3, 'and the two entry-level checks still ran alongside it');"
"accelerated-launch/service/tests/sections/r-ca-factual-assessment.cjs","380","r-ca-factual-assessment","1","KEEP","Current behavior, evidence, isolation, source admission, or consumer contract.","check.equal(noGroup.not_applicable.length, 2, 'two entries that do not print the same identifiers are not matched');"
"accelerated-launch/service/tests/sections/r-ca-factual-assessment.cjs","381","r-ca-factual-assessment","1","KEEP","Current behavior, evidence, isolation, source admission, or consumer contract.","check.equal(branches.same_debt_not_applicable.reason, 'NO_TWO_RECORDS_PRINT_THE_SAME_MEMBER_NUMBER_AND_ACCOUNT_NUMBER');"
"accelerated-launch/service/tests/sections/r-ca-factual-assessment.cjs","384","r-ca-factual-assessment","1","KEEP","Current behavior, evidence, isolation, source admission, or consumer contract.","check.equal(noRecords.performed.length, 0, 'a view with no entry of the kind performs nothing at all');"
"accelerated-launch/service/tests/sections/r-ca-factual-assessment.cjs","385","r-ca-factual-assessment","1","KEEP","Current behavior, evidence, isolation, source admission, or consumer contract.","check.equal(noRecords.not_applicable.length, 4, 'and every registered check says exactly why it does not reach it');"
"accelerated-launch/service/tests/sections/r-ca-factual-assessment.cjs","386","r-ca-factual-assessment","1","KEEP","Current behavior, evidence, isolation, source admission, or consumer contract.","check.equal(noRecords.summary.performed + noRecords.summary.not_applicable + noRecords.summary.applicability_unresolved"
"accelerated-launch/service/tests/sections/r-ca-factual-assessment.cjs","391","r-ca-factual-assessment","7","KEEP","Current behavior, evidence, isolation, source admission, or consumer contract.","check.equal(outcome.check_class, 'REPORT_FACT_CONSISTENCY', `synthetic ${name}: still a report-fact consistency check`);"
"accelerated-launch/service/tests/sections/r-ca-factual-assessment.cjs","392","r-ca-factual-assessment","7","KEEP","Current behavior, evidence, isolation, source admission, or consumer contract.","check.equal(outcome.is_a_finding, false, `synthetic ${name}: and never a finding`);"
"accelerated-launch/service/tests/sections/r-ca-factual-assessment.cjs","455","r-ca-factual-assessment","1","KEEP","Current behavior, evidence, isolation, source admission, or consumer contract.","check.ok(!t.logText().includes(specimen.path), 'the specimen path never reaches a log record');"
"accelerated-launch/service/tests/sections/r-ca-factual-assessment.cjs","456","r-ca-factual-assessment","1","KEEP","Current behavior, evidence, isolation, source admission, or consumer contract.","check.ok(!t.logText().includes(specimen.sha256), 'and neither does its digest');"
"accelerated-launch/service/tests/sections/r-ca-factual-assessment.cjs","459","r-ca-factual-assessment","4","KEEP","Current behavior, evidence, isolation, source admission, or consumer contract.","check.equal(deleted.status, 200);"
"accelerated-launch/service/tests/sections/r-ca-factual-assessment.cjs","461","r-ca-factual-assessment","1","KEEP","Current behavior, evidence, isolation, source admission, or consumer contract.","check.equal(t.blobFiles().length, 0, 'nothing of the report is left on disk');"
"accelerated-launch/service/tests/sections/s-gb-consumer-format.cjs","348","s-gb-consumer-format","1","KEEP","Current behavior, evidence, isolation, source admission, or consumer contract.","check.equal(digest, EVIDENCED_SHA256, 'the artifact on disk still matches the digest the family contract evidences');"
"accelerated-launch/service/tests/sections/s-gb-consumer-format.cjs","51","s-gb-consumer-format","1","KEEP","Current behavior, evidence, isolation, source admission, or consumer contract.","check.equal(admitted.admitted, true, 'the captured consumer report example is admitted by the family structure');"
"accelerated-launch/service/tests/sections/s-gb-consumer-format.cjs","52","s-gb-consumer-format","1","KEEP","Current behavior, evidence, isolation, source admission, or consumer contract.","check.equal(admitted.state, 'ADMITTED_FAMILY_STRUCTURE');"
"accelerated-launch/service/tests/sections/s-gb-consumer-format.cjs","54","s-gb-consumer-format","9","KEEP","Current behavior, evidence, isolation, source admission, or consumer contract.","check.equal(predicate.passed, true, `admission predicate ${predicate.id} passes on the real artifact`);"
"accelerated-launch/service/tests/sections/s-gb-consumer-format.cjs","55","s-gb-consumer-format","9","KEEP","Current behavior, evidence, isolation, source admission, or consumer contract.","check.equal(predicate.refusal_reason, null, `and ${predicate.id} carries no refusal`);"
"accelerated-launch/service/tests/sections/s-gb-consumer-format.cjs","57","s-gb-consumer-format","1","KEEP","Current behavior, evidence, isolation, source admission, or consumer contract.","check.equal(admitted.predicates.length, 9, 'every admission predicate is evaluated and recorded, not short-circuited');"
"accelerated-launch/service/tests/sections/s-gb-consumer-format.cjs","61","s-gb-consumer-format","5","KEEP","Current behavior, evidence, isolation, source admission, or consumer contract.","check.ok(ids.includes(id), `the predicate ${id} is part of the contract and ran`);"
"accelerated-launch/service/tests/sections/s-gb-consumer-format.cjs","70","s-gb-consumer-format","1","KEEP","Current behavior, evidence, isolation, source admission, or consumer contract.","check.equal(other.admitted, false, 'the captured Australian sample is refused by the GB family contract');"
"accelerated-launch/service/tests/sections/s-gb-consumer-format.cjs","71","s-gb-consumer-format","1","KEEP","Current behavior, evidence, isolation, source admission, or consumer contract.","check.ok(['NOT_THE_EVIDENCED_FAMILY_STRUCTURE', 'FAMILY_CONSUMER_CHANNEL_MARKERS_ABSENT'].includes(other.refusal_reason),"
"accelerated-launch/service/tests/sections/s-gb-consumer-format.cjs","73","s-gb-consumer-format","1","KEEP","Current behavior, evidence, isolation, source admission, or consumer contract.","check.equal(other.fact_status, 'UNSUPPORTED_PRESENTATION', 'and it produces the unsupported-presentation status');"
"accelerated-launch/service/tests/sections/s-gb-consumer-format.cjs","80","s-gb-consumer-format","1","KEEP","Current behavior, evidence, isolation, source admission, or consumer contract.","check.equal(refusedChannel.admitted, false, 'a subscriber marker on an otherwise admissible document refuses it');"
"accelerated-launch/service/tests/sections/s-gb-consumer-format.cjs","81","s-gb-consumer-format","1","KEEP","Current behavior, evidence, isolation, source admission, or consumer contract.","check.equal(refusedChannel.refusal_reason, 'FAMILY_WRONG_CHANNEL_MARKER');"
"accelerated-launch/service/tests/sections/s-gb-consumer-format.cjs","82","s-gb-consumer-format","1","KEEP","Current behavior, evidence, isolation, source admission, or consumer contract.","check.equal(refusedChannel.failed_predicate, 'NO_WRONG_CHANNEL_MARKER');"
"accelerated-launch/service/tests/sections/s-gb-consumer-format.cjs","88","s-gb-consumer-format","1","KEEP","Current behavior, evidence, isolation, source admission, or consumer contract.","check.equal(refusedFixture.admitted, false, 'a fixture marker refuses a document that satisfies every structural predicate');"
"accelerated-launch/service/tests/sections/s-gb-consumer-format.cjs","89","s-gb-consumer-format","1","KEEP","Current behavior, evidence, isolation, source admission, or consumer contract.","check.equal(refusedFixture.refusal_reason, 'FAMILY_SYNTHETIC_OR_FIXTURE_MARKER');"
"accelerated-launch/service/tests/sections/s-gb-consumer-format.cjs","91","s-gb-consumer-format","1","KEEP","Current behavior, evidence, isolation, source admission, or consumer contract.","check.equal(gbFamily.admit(buildPdfDocumentModel(PUB_009)).admitted, realModel.admitted,"
"accelerated-launch/service/tests/sections/s-gb-consumer-format.cjs","104","s-gb-consumer-format","1","KEEP","Current behavior, evidence, isolation, source admission, or consumer contract.","check.equal(upload.status, 201, `${region}: the captured consumer report example is accepted by the upload gate`);"
"accelerated-launch/service/tests/sections/s-gb-consumer-format.cjs","105","s-gb-consumer-format","1","KEEP","Current behavior, evidence, isolation, source admission, or consumer contract.","check.equal(upload.json.receipt.format_detection.supported, true, `${region}: and admitted as the supported format family`);"
"accelerated-launch/service/tests/sections/s-gb-consumer-format.cjs","106","s-gb-consumer-format","1","KEEP","Current behavior, evidence, isolation, source admission, or consumer contract.","check.equal(upload.json.receipt.format_detection.presentation_id, 'FAM-GB-EXP-CONSUMER');"
"accelerated-launch/service/tests/sections/s-gb-consumer-format.cjs","107","s-gb-consumer-format","1","KEEP","Current behavior, evidence, isolation, source admission, or consumer contract.","check.equal(upload.json.receipt.format_detection.read_support_is, 'EVIDENCED_STRUCTURAL_CONTRACT',"
"accelerated-launch/service/tests/sections/s-gb-consumer-format.cjs","109","s-gb-consumer-format","1","KEEP","Current behavior, evidence, isolation, source admission, or consumer contract.","check.equal(upload.json.receipt.extraction_summary.presentation_evidence, true, `${region}: it supplies presentation evidence`);"
"accelerated-launch/service/tests/sections/s-gb-consumer-format.cjs","110","s-gb-consumer-format","1","KEEP","Current behavior, evidence, isolation, source admission, or consumer contract.","check.equal(upload.json.receipt.extraction_summary.reference_date_read, true, `${region}: its report date is read`);"
"accelerated-launch/service/tests/sections/s-gb-consumer-format.cjs","111","s-gb-consumer-format","1","KEEP","Current behavior, evidence, isolation, source admission, or consumer contract.","check.equal(upload.json.receipt.extraction_summary.accounts_read, 13,"
"accelerated-launch/service/tests/sections/s-gb-consumer-format.cjs","115","s-gb-consumer-format","1","KEEP","Current behavior, evidence, isolation, source admission, or consumer contract.","check.equal(evaluated.status, 201, `${region}: the case evaluates`);"
"accelerated-launch/service/tests/sections/s-gb-consumer-format.cjs","117","s-gb-consumer-format","1","KEEP","Current behavior, evidence, isolation, source admission, or consumer contract.","check.equal(result.observations.length, 0, `${region}: no statutory comparison runs, because none is recorded for GB`);"
"accelerated-launch/service/tests/sections/s-gb-consumer-format.cjs","118","s-gb-consumer-format","1","KEEP","Current behavior, evidence, isolation, source admission, or consumer contract.","check.equal(result.checks_performed, result.report_consistency_checks.length + 1,"
"accelerated-launch/service/tests/sections/s-gb-consumer-format.cjs","120","s-gb-consumer-format","1","KEEP","Current behavior, evidence, isolation, source admission, or consumer contract.","check.equal(result.report_consistency_checks.length, 3, `${region}: all three GB checks ran`);"
"accelerated-launch/service/tests/sections/s-gb-consumer-format.cjs","121","s-gb-consumer-format","1","KEEP","Current behavior, evidence, isolation, source admission, or consumer contract.","check.ok(result.report_consistency_checks.every((c) => c.is_a_finding === false), `${region}: none is a finding`);"
"accelerated-launch/service/tests/sections/s-gb-consumer-format.cjs","122","s-gb-consumer-format","1","KEEP","Current behavior, evidence, isolation, source admission, or consumer contract.","check.deepEqual([...new Set(result.report_consistency_checks.map((c) => c.check_class))].sort(),"
"accelerated-launch/service/tests/sections/s-gb-consumer-format.cjs","126","s-gb-consumer-format","1","KEEP","Current behavior, evidence, isolation, source admission, or consumer contract.","check.match(policy.qualification, /not a statutory finding/, `${region}: the policy observation says on its face that it is not a statutory finding`);"
"accelerated-launch/service/tests/sections/s-gb-consumer-format.cjs","127","s-gb-consumer-format","1","KEEP","Current behavior, evidence, isolation, source admission, or consumer contract.","check.match(result.assessment.plain, /no statutory evaluation recorded for this selection/,"
"accelerated-launch/service/tests/sections/s-gb-consumer-format.cjs","129","s-gb-consumer-format","1","KEEP","Current behavior, evidence, isolation, source admission, or consumer contract.","check.deepEqual(result.assessment.kinds, ['REPORT_FACT_CONSISTENCY', 'PRINTED_POLICY_OBSERVATION', 'COMMON_ERROR']);"
"accelerated-launch/service/tests/sections/s-gb-consumer-format.cjs","130","s-gb-consumer-format","1","KEEP","Current behavior, evidence, isolation, source admission, or consumer contract.","check.equal(result.report_consistency_checks.filter((c) => c.agreement === 'A_DIFFERENCE_WAS_FOUND').length, 1,"
"accelerated-launch/service/tests/sections/s-gb-consumer-format.cjs","135","s-gb-consumer-format","1","KEEP","Current behavior, evidence, isolation, source admission, or consumer contract.","check.equal(view.report_text_retained, false, `${region}: the factual view retains no report text`);"
"accelerated-launch/service/tests/sections/s-gb-consumer-format.cjs","136","s-gb-consumer-format","1","KEEP","Current behavior, evidence, isolation, source admission, or consumer contract.","check.equal(view.policy_statements.filter((p) => p.printed).length, 4,"
"accelerated-launch/service/tests/sections/s-gb-consumer-format.cjs","168","s-gb-consumer-format","1","KEEP","Current behavior, evidence, isolation, source admission, or consumer contract.","check.deepEqual(Object.keys(kinds).sort(), GB_RECORD_KINDS.slice().sort(), 'the family reads exactly its three record kinds');"
"accelerated-launch/service/tests/sections/s-gb-consumer-format.cjs","169","s-gb-consumer-format","1","KEEP","Current behavior, evidence, isolation, source admission, or consumer contract.","check.equal(kinds.GB_CREDIT_ACCOUNT, 5, 'five credit entries are read from the artifact');"
"accelerated-launch/service/tests/sections/s-gb-consumer-format.cjs","170","s-gb-consumer-format","1","KEEP","Current behavior, evidence, isolation, source admission, or consumer contract.","check.equal(kinds.GB_PUBLIC_RECORD, 5, 'five public records are read from the artifact');"
"accelerated-launch/service/tests/sections/s-gb-consumer-format.cjs","171","s-gb-consumer-format","1","KEEP","Current behavior, evidence, isolation, source admission, or consumer contract.","check.equal(kinds.GB_PREVIOUS_SEARCH, 3, 'three previous searches are read from the artifact');"
"accelerated-launch/service/tests/sections/s-gb-consumer-format.cjs","174","s-gb-consumer-format","1","KEEP","Current behavior, evidence, isolation, source admission, or consumer contract.","check.equal(record.printed['Information type'].state, 'VALUE', 'a multi-word printed value is read across its own line');"
"accelerated-launch/service/tests/sections/s-gb-consumer-format.cjs","175","s-gb-consumer-format","1","KEEP","Current behavior, evidence, isolation, source admission, or consumer contract.","check.equal(record.printed['Information type'].raw, 'BANKRUPTCY ORDER', 'and it is read exactly as the report prints it');"
"accelerated-launch/service/tests/sections/s-gb-consumer-format.cjs","178","s-gb-consumer-format","1","KEEP","Current behavior, evidence, isolation, source admission, or consumer contract.","check.equal(difference.outcome, 'A_PRINTED_ITEM_DATE_IS_LATER_THAN_THE_REPORT_DATE',"
"accelerated-launch/service/tests/sections/s-gb-consumer-format.cjs","180","s-gb-consumer-format","1","KEEP","Current behavior, evidence, isolation, source admission, or consumer contract.","check.equal(difference.evidence.report_date, '1 June 2007', 'and the report date is named as the report prints it');"
"accelerated-launch/service/tests/sections/s-gb-consumer-format.cjs","181","s-gb-consumer-format","1","KEEP","Current behavior, evidence, isolation, source admission, or consumer contract.","check.equal(difference.evidence.dates_later_than_the_report_date[0].printed_value, '03/12/07',"
"accelerated-launch/service/tests/sections/s-gb-consumer-format.cjs","183","s-gb-consumer-format","1","KEEP","Current behavior, evidence, isolation, source admission, or consumer contract.","check.equal(difference.evidence.dates_later_than_the_report_date[0].label, 'Discharged', 'with its own printed label');"
"accelerated-launch/service/tests/sections/s-gb-consumer-format.cjs","184","s-gb-consumer-format","1","KEEP","Current behavior, evidence, isolation, source admission, or consumer contract.","check.match(difference.headline, /no conclusion is drawn/, 'and the headline says on its face that no conclusion is drawn');"
"accelerated-launch/service/tests/sections/s-gb-consumer-format.cjs","187","s-gb-consumer-format","1","KEEP","Current behavior, evidence, isolation, source admission, or consumer contract.","check.equal(policy.agreement, 'NO_DIFFERENCE_FOUND', 'the printed policy observation finds no entry outside its period');"
"accelerated-launch/service/tests/sections/s-gb-consumer-format.cjs","188","s-gb-consumer-format","1","KEEP","Current behavior, evidence, isolation, source admission, or consumer contract.","check.equal(policy.evidence.observation_class, 'PRINTED_POLICY_OBSERVATION_NOT_A_STATUTORY_FINDING',"
"accelerated-launch/service/tests/sections/s-gb-consumer-format.cjs","190","s-gb-consumer-format","1","KEEP","Current behavior, evidence, isolation, source admission, or consumer contract.","check.equal(policy.evidence.policy_statements_printed_by_the_report, 4, 'against the four statements the report prints');"
"accelerated-launch/service/tests/sections/s-gb-consumer-format.cjs","191","s-gb-consumer-format","1","KEEP","Current behavior, evidence, isolation, source admission, or consumer contract.","check.equal(policy.evidence.entries_examined, 5, 'across the five entries those four statements apply to');"
"accelerated-launch/service/tests/sections/s-gb-consumer-format.cjs","192","s-gb-consumer-format","1","KEEP","Current behavior, evidence, isolation, source admission, or consumer contract.","check.ok(policy.evidence.entries_examined >= 1, 'and at least one entry was genuinely compared');"
"accelerated-launch/service/tests/sections/s-gb-consumer-format.cjs","193","s-gb-consumer-format","1","KEEP","Current behavior, evidence, isolation, source admission, or consumer contract.","check.match(policy.headline, /policy observation and not a statutory finding/, 'and it says so in words to the consumer');"
"accelerated-launch/service/tests/sections/s-gb-consumer-format.cjs","154","s-gb-consumer-format","4","KEEP","Current behavior, evidence, isolation, source admission, or consumer contract.","check.equal(evaluated.results.length, 0, `${region}: no statutory comparison runs for a GB selection`);"
"accelerated-launch/service/tests/sections/s-gb-consumer-format.cjs","155","s-gb-consumer-format","4","KEEP","Current behavior, evidence, isolation, source admission, or consumer contract.","check.equal(factual.performed.length, 3, `${region}: all three GB checks ran on the real artifact`);"
"accelerated-launch/service/tests/sections/s-gb-consumer-format.cjs","156","s-gb-consumer-format","4","KEEP","Current behavior, evidence, isolation, source admission, or consumer contract.","check.deepEqual(factual.summary.check_ids.slice().sort(), GB_CHECKS.slice().sort(), `${region}: and they are exactly the three named GB checks`);"
"accelerated-launch/service/tests/sections/s-gb-consumer-format.cjs","157","s-gb-consumer-format","4","KEEP","Current behavior, evidence, isolation, source admission, or consumer contract.","check.equal(factual.summary.statutory_checks_named, 0, `${region}: no statutory check is among them`);"
"accelerated-launch/service/tests/sections/s-gb-consumer-format.cjs","158","s-gb-consumer-format","4","KEEP","Current behavior, evidence, isolation, source admission, or consumer contract.","check.ok(factual.performed.every((c) => c.is_a_finding === false), `${region}: and none of them is a finding`);"
"accelerated-launch/service/tests/sections/s-gb-consumer-format.cjs","358","s-gb-consumer-format","1","KEEP","Current behavior, evidence, isolation, source admission, or consumer contract.","check.equal(Object.keys(perRegion).length, 4, 'all four canonical GB selections were evaluated');"
"accelerated-launch/service/tests/sections/s-gb-consumer-format.cjs","366","s-gb-consumer-format","1","KEEP","Current behavior, evidence, isolation, source admission, or consumer contract.","check.equal(wrongUpload.status, 201, 'the UK artifact is measured for a United States selection too');"
"accelerated-launch/service/tests/sections/s-gb-consumer-format.cjs","367","s-gb-consumer-format","1","KEEP","Current behavior, evidence, isolation, source admission, or consumer contract.","check.equal(wrongUpload.json.receipt.format_detection.presentation_id, 'GENERAL-BUREAU-REPORT',"
"accelerated-launch/service/tests/sections/s-gb-consumer-format.cjs","369","s-gb-consumer-format","1","KEEP","Current behavior, evidence, isolation, source admission, or consumer contract.","check.notEqual(wrongUpload.json.receipt.format_detection.presentation_id, 'US-CONSUMER-DISCLOSURE',"
"accelerated-launch/service/tests/sections/s-gb-consumer-format.cjs","279","s-gb-consumer-format","1","KEEP","Current behavior, evidence, isolation, source admission, or consumer contract.","check.equal(branches.item_date_after_report_date.agreement, 'A_DIFFERENCE_WAS_FOUND', 'a date later than the report date is a difference');"
"accelerated-launch/service/tests/sections/s-gb-consumer-format.cjs","287","s-gb-consumer-format","1","KEEP","Current behavior, evidence, isolation, source admission, or consumer contract.","check.equal(branches.date_order.agreement, 'A_DIFFERENCE_WAS_FOUND', 'a default before the account started is a difference');"
"accelerated-launch/service/tests/sections/s-gb-consumer-format.cjs","288","s-gb-consumer-format","1","KEEP","Current behavior, evidence, isolation, source admission, or consumer contract.","check.deepEqual(branches.date_order.evidence.pairs_out_of_order[0].pair, ['Started', 'Defaulted'], 'and the pair is named');"
"accelerated-launch/service/tests/sections/s-gb-consumer-format.cjs","297","s-gb-consumer-format","1","KEEP","Current behavior, evidence, isolation, source admission, or consumer contract.","check.equal(branches.policy_beyond_period.agreement, 'A_DIFFERENCE_WAS_FOUND', 'an entry beyond the stated period is a difference');"
"accelerated-launch/service/tests/sections/s-gb-consumer-format.cjs","298","s-gb-consumer-format","1","KEEP","Current behavior, evidence, isolation, source admission, or consumer contract.","check.equal(branches.policy_beyond_period.check_class, 'PRINTED_POLICY_OBSERVATION', 'and it is still only a policy observation');"
"accelerated-launch/service/tests/sections/s-gb-consumer-format.cjs","299","s-gb-consumer-format","1","KEEP","Current behavior, evidence, isolation, source admission, or consumer contract.","check.equal(branches.policy_beyond_period.evidence.observation_class, 'PRINTED_POLICY_OBSERVATION_NOT_A_STATUTORY_FINDING');"
"accelerated-launch/service/tests/sections/s-gb-consumer-format.cjs","300","s-gb-consumer-format","1","KEEP","Current behavior, evidence, isolation, source admission, or consumer contract.","check.match(branches.policy_beyond_period.plain, /policy observation and not a statutory finding/, 'and its headline says so');"
"accelerated-launch/service/tests/sections/s-gb-consumer-format.cjs","308","s-gb-consumer-format","1","KEEP","Current behavior, evidence, isolation, source admission, or consumer contract.","check.equal(notPrinted.not_applicable.length, 1, 'a statement the report does not print leaves the policy observation inapplicable');"
"accelerated-launch/service/tests/sections/s-gb-consumer-format.cjs","309","s-gb-consumer-format","1","KEEP","Current behavior, evidence, isolation, source admission, or consumer contract.","check.equal(branches.policy_not_printed.reason, 'THE_REPORT_PRINTS_NONE_OF_THE_RETENTION_STATEMENTS_THIS_BUILD_RECORDS');"
"accelerated-launch/service/tests/sections/s-gb-consumer-format.cjs","313","s-gb-consumer-format","1","KEEP","Current behavior, evidence, isolation, source admission, or consumer contract.","check.equal(byId(noStatements, 'GB-PRINTED-RETENTION-POLICY-ON-ITEM').reason,"
"accelerated-launch/service/tests/sections/s-gb-consumer-format.cjs","321","s-gb-consumer-format","1","KEEP","Current behavior, evidence, isolation, source admission, or consumer contract.","check.equal(noDate.unresolved_applicability.length, 2, 'an unreadable report date leaves both date-dependent GB checks unresolved');"
"accelerated-launch/service/tests/sections/s-gb-consumer-format.cjs","324","s-gb-consumer-format","1","KEEP","Current behavior, evidence, isolation, source admission, or consumer contract.","check.equal(empty.performed.length, 0, 'a presentation with no entry of any kind performs nothing');"
"accelerated-launch/service/tests/sections/s-gb-consumer-format.cjs","325","s-gb-consumer-format","1","KEEP","Current behavior, evidence, isolation, source admission, or consumer contract.","check.equal(empty.summary.performed + empty.summary.not_applicable + empty.summary.applicability_unresolved"
"accelerated-launch/service/tests/sections/s-gb-consumer-format.cjs","330","s-gb-consumer-format","4","KEEP","Current behavior, evidence, isolation, source admission, or consumer contract.","check.equal(outcome.is_a_finding, false, `synthetic ${name}: never a finding`);"
"accelerated-launch/service/tests/sections/s-gb-consumer-format.cjs","374","s-gb-consumer-format","1","KEEP","Current behavior, evidence, isolation, source admission, or consumer contract.","check.ok(!t.logText().includes(PUB_009), 'the artifact path never reaches a log record');"
"accelerated-launch/service/tests/sections/s-gb-consumer-format.cjs","379","s-gb-consumer-format","1","KEEP","Current behavior, evidence, isolation, source admission, or consumer contract.","check.equal(demoView.report_consistency_checks.length, 0, 'a demonstration model produces no GB factual check, because it is not a report');"
"accelerated-launch/service/tests/sections/s-gb-consumer-format.cjs","382","s-gb-consumer-format","3","KEEP","Current behavior, evidence, isolation, source admission, or consumer contract.","check.equal((await t.request('DELETE', `/api/cases/${caseId}`, { token: owner.token })).status, 200);"
"accelerated-launch/service/tests/sections/s-gb-consumer-format.cjs","384","s-gb-consumer-format","1","KEEP","Current behavior, evidence, isolation, source admission, or consumer contract.","check.equal(t.blobFiles().length, 0, 'nothing of the artifact is left on disk');"
"accelerated-launch/service/tests/sections/t-entitlement.cjs","62","t-entitlement","1","KEEP","Current behavior, evidence, isolation, source admission, or consumer contract.","check.equal(status.status, 200, 'an unpaid account can read its own entitlement state');"
"accelerated-launch/service/tests/sections/t-entitlement.cjs","63","t-entitlement","1","KEEP","Current behavior, evidence, isolation, source admission, or consumer contract.","check.equal(status.json.entitlement.entitled, false, 'which says it is not entitled');"
"accelerated-launch/service/tests/sections/t-entitlement.cjs","64","t-entitlement","1","KEEP","Current behavior, evidence, isolation, source admission, or consumer contract.","check.equal(status.json.entitlement.can_use_paid_product, false, 'and that paid work may not start');"
"accelerated-launch/service/tests/sections/t-entitlement.cjs","65","t-entitlement","1","KEEP","Current behavior, evidence, isolation, source admission, or consumer contract.","check.equal(status.json.entitlement.can_read_historical, true, 'while reading what it has is still allowed');"
"accelerated-launch/service/tests/sections/t-entitlement.cjs","66","t-entitlement","1","KEEP","Current behavior, evidence, isolation, source admission, or consumer contract.","check.equal(status.json.payment.is_a_working_payment, false, 'and no working payment is claimed');"
"accelerated-launch/service/tests/sections/t-entitlement.cjs","69","t-entitlement","1","KEEP","Current behavior, evidence, isolation, source admission, or consumer contract.","check.ok(/no finding/i.test(notGranted), 'the surface states that no finding is granted');"
"accelerated-launch/service/tests/sections/t-entitlement.cjs","70","t-entitlement","1","KEEP","Current behavior, evidence, isolation, source admission, or consumer contract.","check.ok(/no letter/i.test(notGranted) && /no dispute/i.test(notGranted), 'and that no letter or dispute is granted');"
"accelerated-launch/service/tests/sections/t-entitlement.cjs","71","t-entitlement","1","KEEP","Current behavior, evidence, isolation, source admission, or consumer contract.","check.ok(/no removal/i.test(notGranted), 'and that no removal is granted');"
"accelerated-launch/service/tests/sections/t-entitlement.cjs","74","t-entitlement","1","KEEP","Current behavior, evidence, isolation, source admission, or consumer contract.","check.equal(planView.status, 200, 'the billing surface is reachable WITHOUT a purchase');"
"accelerated-launch/service/tests/sections/t-entitlement.cjs","75","t-entitlement","1","KEEP","Current behavior, evidence, isolation, source admission, or consumer contract.","check.equal(planView.json.plan_catalog.plans.length, plans.PLAN_CODES.length, 'it names every recorded plan');"
"accelerated-launch/service/tests/sections/t-entitlement.cjs","76","t-entitlement","1","KEEP","Current behavior, evidence, isolation, source admission, or consumer contract.","check.equal(planView.json.entitlement.entitled, false, 'and reports the unpaid state beside them');"
"accelerated-launch/service/tests/sections/t-entitlement.cjs","77","t-entitlement","1","KEEP","Current behavior, evidence, isolation, source admission, or consumer contract.","check.ok(planView.json.plan_catalog.plans.every((p) => p.currency === plans.BILLING_CURRENCY),"
"accelerated-launch/service/tests/sections/t-entitlement.cjs","79","t-entitlement","1","KEEP","Current behavior, evidence, isolation, source admission, or consumer contract.","check.ok(planView.json.plan_catalog.plans.every((p) => Number.isInteger(p.amount_cents) && p.amount_cents >= plans.MINIMUM_CHARGE_CAD_CENTS),"
"accelerated-launch/service/tests/sections/t-entitlement.cjs","81","t-entitlement","1","KEEP","Current behavior, evidence, isolation, source admission, or consumer contract.","check.ok(!/sk_|pk_|whsec/i.test(planView.text), 'the billing surface carries no provider key');"
"accelerated-launch/service/tests/sections/t-entitlement.cjs","50","t-entitlement","7","KEEP","Current behavior, evidence, isolation, source admission, or consumer contract.","check.equal(response.status, 402, `${label}: ${name} is refused with a payment-required status`);"
"accelerated-launch/service/tests/sections/t-entitlement.cjs","51","t-entitlement","7","KEEP","Current behavior, evidence, isolation, source admission, or consumer contract.","check.equal(response.json.error.code, 'ENTITLEMENT_REQUIRED', `${label}: ${name} names the entitlement refusal`);"
"accelerated-launch/service/tests/sections/t-entitlement.cjs","52","t-entitlement","7","KEEP","Current behavior, evidence, isolation, source admission, or consumer contract.","check.ok(!/res_anything|TWO_ACCOUNTS/.test(response.text), `${label}: ${name} echoes nothing from the request`);"
"accelerated-launch/service/tests/sections/t-entitlement.cjs","88","t-entitlement","1","KEEP","Current behavior, evidence, isolation, source admission, or consumer contract.","check.equal((await t.request('GET', '/api/cases', { token: unpaid.token })).status, 200, 'the unpaid account can still list its cases');"
"accelerated-launch/service/tests/sections/t-entitlement.cjs","89","t-entitlement","1","KEEP","Current behavior, evidence, isolation, source admission, or consumer contract.","check.equal((await t.request('GET', `/api/cases/${caseId}`, { token: unpaid.token })).status, 200, 'and read the case it opened');"
"accelerated-launch/service/tests/sections/t-entitlement.cjs","90","t-entitlement","1","KEEP","Current behavior, evidence, isolation, source admission, or consumer contract.","check.equal((await t.request('PATCH', `/api/cases/${caseId}/status`, { token: unpaid.token, body: { status: 'CLOSED' } })).status, 200,"
"accelerated-launch/service/tests/sections/t-entitlement.cjs","98","t-entitlement","1","KEEP","Current behavior, evidence, isolation, source admission, or consumer contract.","check.equal(flagAttempt.status, 402, 'a client flag in the body or query grants nothing');"
"accelerated-launch/service/tests/sections/t-entitlement.cjs","103","t-entitlement","1","KEEP","Current behavior, evidence, isolation, source admission, or consumer contract.","check.equal(headerAttempt.status, 402, 'an invented header grants nothing');"
"accelerated-launch/service/tests/sections/t-entitlement.cjs","112","t-entitlement","1","KEEP","Current behavior, evidence, isolation, source admission, or consumer contract.","check.equal(noProvider.status, 503, 'with no provider connected, a checkout is refused rather than pretended');"
"accelerated-launch/service/tests/sections/t-entitlement.cjs","113","t-entitlement","1","KEEP","Current behavior, evidence, isolation, source admission, or consumer contract.","check.equal(noProvider.json.error.code, 'PAYMENT_PROVIDER_NOT_CONFIGURED', 'and the refusal names that');"
"accelerated-launch/service/tests/sections/t-entitlement.cjs","114","t-entitlement","1","KEEP","Current behavior, evidence, isolation, source admission, or consumer contract.","check.ok(/stripe/i.test(JSON.stringify(noProvider.json)), 'and records the exact external dependency');"
"accelerated-launch/service/tests/sections/t-entitlement.cjs","119","t-entitlement","1","KEEP","Current behavior, evidence, isolation, source admission, or consumer contract.","check.equal(noProviderEvent.status, 503, 'and a provider event is refused with the same reason');"
"accelerated-launch/service/tests/sections/t-entitlement.cjs","120","t-entitlement","1","KEEP","Current behavior, evidence, isolation, source admission, or consumer contract.","check.equal((await t.request('GET', '/api/entitlement', { token: unpaid.token })).json.entitlement.entitled, false,"
"accelerated-launch/service/tests/sections/t-entitlement.cjs","139","t-entitlement","1","KEEP","Current behavior, evidence, isolation, source admission, or consumer contract.","check.equal(before.json.entitlement.entitled, false, 'the buyer is not entitled before a verified event');"
"accelerated-launch/service/tests/sections/t-entitlement.cjs","142","t-entitlement","1","KEEP","Current behavior, evidence, isolation, source admission, or consumer contract.","check.equal(checkout.status, 201, 'a checkout intent is opened through the real endpoint');"
"accelerated-launch/service/tests/sections/t-entitlement.cjs","143","t-entitlement","1","KEEP","Current behavior, evidence, isolation, source admission, or consumer contract.","check.equal(checkout.json.checkout.provider_is_a_working_payment, false, 'and states the provider is not a working payment');"
"accelerated-launch/service/tests/sections/t-entitlement.cjs","144","t-entitlement","1","KEEP","Current behavior, evidence, isolation, source admission, or consumer contract.","check.equal(checkout.json.checkout.redirect_grants_nothing, true, 'and states that the redirect grants nothing');"
"accelerated-launch/service/tests/sections/t-entitlement.cjs","145","t-entitlement","1","KEEP","Current behavior, evidence, isolation, source admission, or consumer contract.","check.ok(/checkout=success/.test(checkout.json.checkout.redirect_url), 'the decoy redirect carries a success flag');"
"accelerated-launch/service/tests/sections/t-entitlement.cjs","146","t-entitlement","1","KEEP","Current behavior, evidence, isolation, source admission, or consumer contract.","check.equal((await t.request('GET', '/api/entitlement', { token: buyer.token })).json.entitlement.entitled, false,"
"accelerated-launch/service/tests/sections/t-entitlement.cjs","148","t-entitlement","1","KEEP","Current behavior, evidence, isolation, source admission, or consumer contract.","check.equal((await t.request('POST', `/api/cases/${caseId}/files`, { token: buyer.token, body: NOT_A_PDF })).status, 402,"
"accelerated-launch/service/tests/sections/t-entitlement.cjs","153","t-entitlement","1","KEEP","Current behavior, evidence, isolation, source admission, or consumer contract.","check.equal(followed.status, 200, 'the return URL is served as a plain page');"
"accelerated-launch/service/tests/sections/t-entitlement.cjs","154","t-entitlement","1","KEEP","Current behavior, evidence, isolation, source admission, or consumer contract.","check.equal((await t.request('GET', '/api/entitlement', { token: buyer.token })).json.entitlement.entitled, false,"
"accelerated-launch/service/tests/sections/t-entitlement.cjs","162","t-entitlement","1","KEEP","Current behavior, evidence, isolation, source admission, or consumer contract.","check.equal(confirm.status, 409, 'the service refuses to confirm a purchase from anything the client says');"
"accelerated-launch/service/tests/sections/t-entitlement.cjs","163","t-entitlement","1","KEEP","Current behavior, evidence, isolation, source admission, or consumer contract.","check.equal(confirm.json.error.code, 'CHECKOUT_NOT_CONFIRMED_BY_PROVIDER', 'and names the reason');"
"accelerated-launch/service/tests/sections/t-entitlement.cjs","164","t-entitlement","1","KEEP","Current behavior, evidence, isolation, source admission, or consumer contract.","check.equal((await t.request('GET', '/api/entitlement', { token: buyer.token })).json.entitlement.entitled, false, 'and nothing was granted');"
"accelerated-launch/service/tests/sections/t-entitlement.cjs","167","t-entitlement","1","KEEP","Current behavior, evidence, isolation, source admission, or consumer contract.","check.equal(payment.response.duplicate, false, 'a verified provider event activates the purchase');"
"accelerated-launch/service/tests/sections/t-entitlement.cjs","169","t-entitlement","1","KEEP","Current behavior, evidence, isolation, source admission, or consumer contract.","check.equal(activated.json.entitlement.entitled, true, 'and the account is entitled afterwards');"
"accelerated-launch/service/tests/sections/t-entitlement.cjs","170","t-entitlement","1","KEEP","Current behavior, evidence, isolation, source admission, or consumer contract.","check.equal(activated.json.entitlement.access_via, 'ONE_TIME_CREDIT', 'through the one-time credit, as the plan records');"
"accelerated-launch/service/tests/sections/t-entitlement.cjs","171","t-entitlement","1","KEEP","Current behavior, evidence, isolation, source admission, or consumer contract.","check.equal(activated.json.entitlement.state, 'ACTIVE', 'with the state named');"
"accelerated-launch/service/tests/sections/t-entitlement.cjs","172","t-entitlement","1","KEEP","Current behavior, evidence, isolation, source admission, or consumer contract.","check.ok(activated.json.entitlement.expires_at > new Date().toISOString(), 'and a future expiry');"
"accelerated-launch/service/tests/sections/t-entitlement.cjs","173","t-entitlement","1","KEEP","Current behavior, evidence, isolation, source admission, or consumer contract.","check.equal(activated.json.entitlement.is_a_working_payment, false, 'while still not claiming a working payment');"
"accelerated-launch/service/tests/sections/t-entitlement.cjs","177","t-entitlement","1","KEEP","Current behavior, evidence, isolation, source admission, or consumer contract.","check.equal(replay.status, 200, 'a duplicate event is accepted, not rejected, so a provider stops retrying');"
"accelerated-launch/service/tests/sections/t-entitlement.cjs","178","t-entitlement","1","KEEP","Current behavior, evidence, isolation, source admission, or consumer contract.","check.equal(replay.json.event.duplicate, true, 'and is reported as a duplicate');"
"accelerated-launch/service/tests/sections/t-entitlement.cjs","180","t-entitlement","1","KEEP","Current behavior, evidence, isolation, source admission, or consumer contract.","check.equal(afterReplay.json.entitlement.expires_at, activated.json.entitlement.expires_at,"
"accelerated-launch/service/tests/sections/t-entitlement.cjs","185","t-entitlement","1","KEEP","Current behavior, evidence, isolation, source admission, or consumer contract.","check.equal(renamed.json.event.duplicate, true, 'a re-sent body under a new identifier is recognised as the same event');"
"accelerated-launch/service/tests/sections/t-entitlement.cjs","186","t-entitlement","1","KEEP","Current behavior, evidence, isolation, source admission, or consumer contract.","check.equal((await t.request('GET', '/api/entitlement', { token: buyer.token })).json.entitlement.expires_at,"
"accelerated-launch/service/tests/sections/t-entitlement.cjs","219","t-entitlement","1","KEEP","Current behavior, evidence, isolation, source admission, or consumer contract.","check.equal(unsigned.status, 400, 'an unsigned event is refused');"
"accelerated-launch/service/tests/sections/t-entitlement.cjs","220","t-entitlement","1","KEEP","Current behavior, evidence, isolation, source admission, or consumer contract.","check.equal(unsigned.json.error.code, 'BILLING_EVENT_SIGNATURE_INVALID', 'with a signature refusal');"
"accelerated-launch/service/tests/sections/t-entitlement.cjs","221","t-entitlement","1","KEEP","Current behavior, evidence, isolation, source admission, or consumer contract.","check.equal(unsigned.json.error.detail.reason, 'NO_SIGNATURE_HEADER', 'naming the missing header');"
"accelerated-launch/service/tests/sections/t-entitlement.cjs","228","t-entitlement","1","KEEP","Current behavior, evidence, isolation, source admission, or consumer contract.","check.equal(tampered.status, 400, 'a signature that does not match the body is refused');"
"accelerated-launch/service/tests/sections/t-entitlement.cjs","241","t-entitlement","1","KEEP","Current behavior, evidence, isolation, source admission, or consumer contract.","check.equal(stale.status, 400, 'a correctly signed but stale event is refused');"
"accelerated-launch/service/tests/sections/t-entitlement.cjs","242","t-entitlement","1","KEEP","Current behavior, evidence, isolation, source admission, or consumer contract.","check.equal(stale.json.error.detail.reason, 'SIGNATURE_TIMESTAMP_OUTSIDE_THE_ACCEPTED_WINDOW', 'naming the window');"
"accelerated-launch/service/tests/sections/t-entitlement.cjs","246","t-entitlement","1","KEEP","Current behavior, evidence, isolation, source admission, or consumer contract.","check.equal(unsupported.status, 400, 'an event type that is not implemented is refused rather than ignored');"
"accelerated-launch/service/tests/sections/t-entitlement.cjs","247","t-entitlement","1","KEEP","Current behavior, evidence, isolation, source admission, or consumer contract.","check.equal(unsupported.json.error.code, 'BILLING_EVENT_TYPE_UNSUPPORTED', 'and the refusal names it');"
"accelerated-launch/service/tests/sections/t-entitlement.cjs","252","t-entitlement","1","KEEP","Current behavior, evidence, isolation, source admission, or consumer contract.","check.equal(ghost.status, 200, 'an event for an unknown account is acknowledged');"
"accelerated-launch/service/tests/sections/t-entitlement.cjs","253","t-entitlement","1","KEEP","Current behavior, evidence, isolation, source admission, or consumer contract.","check.equal(ghost.json.event.reason, 'EVENT_IGNORED_ACCOUNT_UNKNOWN', 'and ignored with a reason');"
"accelerated-launch/service/tests/sections/t-entitlement.cjs","255","t-entitlement","1","KEEP","Current behavior, evidence, isolation, source admission, or consumer contract.","check.equal(unknownCheckout.json.event.reason, 'EVENT_IGNORED_CHECKOUT_UNKNOWN', 'an event naming an unknown checkout is ignored');"
"accelerated-launch/service/tests/sections/t-entitlement.cjs","257","t-entitlement","1","KEEP","Current behavior, evidence, isolation, source admission, or consumer contract.","check.equal(mismatched.json.event.reason, 'EVENT_IGNORED_PLAN_MISMATCH', 'an event whose plan does not match the checkout is ignored');"
"accelerated-launch/service/tests/sections/t-entitlement.cjs","260","t-entitlement","1","KEEP","Current behavior, evidence, isolation, source admission, or consumer contract.","check.equal(stillUnpaid.json.entitlement.entitled, false, 'after every one of those attempts the account is still not entitled');"
"accelerated-launch/service/tests/sections/t-entitlement.cjs","261","t-entitlement","1","KEEP","Current behavior, evidence, isolation, source admission, or consumer contract.","check.ok(!/BILLING_EVENT_SIGNATURE_INVALID/.test(JSON.stringify(stillUnpaid.json)), 'and the entitlement view names no internal refusal');"
"accelerated-launch/service/tests/sections/t-entitlement.cjs","290","t-entitlement","1","KEEP","Current behavior, evidence, isolation, source admission, or consumer contract.","check.equal(posted.status, 200, 'an activation whose period has already ended is accepted and recorded');"
"accelerated-launch/service/tests/sections/t-entitlement.cjs","292","t-entitlement","1","KEEP","Current behavior, evidence, isolation, source admission, or consumer contract.","check.equal(lapsedStatus.json.entitlement.entitled, false, 'and the account is NOT entitled');"
"accelerated-launch/service/tests/sections/t-entitlement.cjs","293","t-entitlement","1","KEEP","Current behavior, evidence, isolation, source admission, or consumer contract.","check.equal(lapsedStatus.json.entitlement.state, 'EXPIRED', 'because the recorded expiry is in the past');"
"accelerated-launch/service/tests/sections/t-entitlement.cjs","294","t-entitlement","1","KEEP","Current behavior, evidence, isolation, source admission, or consumer contract.","check.equal(lapsedStatus.json.entitlement.can_read_historical, true, 'and it may still read what it has');"
"accelerated-launch/service/tests/sections/t-entitlement.cjs","296","t-entitlement","1","KEEP","Current behavior, evidence, isolation, source admission, or consumer contract.","check.equal((await t.request('POST', `/api/cases/${lapsedCase}/evaluate`, { token: lapsed.token, body: {} })).status, 402,"
"accelerated-launch/service/tests/sections/t-entitlement.cjs","298","t-entitlement","1","KEEP","Current behavior, evidence, isolation, source admission, or consumer contract.","check.equal((await t.request('DELETE', `/api/cases/${lapsedCase}`, { token: lapsed.token })).status, 200,"
"accelerated-launch/service/tests/sections/t-entitlement.cjs","305","t-entitlement","1","KEEP","Current behavior, evidence, isolation, source admission, or consumer contract.","check.equal(active.json.entitlement.state, 'ACTIVE', 'the subscriber is active');"
"accelerated-launch/service/tests/sections/t-entitlement.cjs","306","t-entitlement","1","KEEP","Current behavior, evidence, isolation, source admission, or consumer contract.","check.equal(active.json.entitlement.access_via, 'SUBSCRIPTION', 'through a subscription, not a credit');"
"accelerated-launch/service/tests/sections/t-entitlement.cjs","317","t-entitlement","1","KEEP","Current behavior, evidence, isolation, source admission, or consumer contract.","check.equal(failed.status, 200, 'a failed payment is processed');"
"accelerated-launch/service/tests/sections/t-entitlement.cjs","319","t-entitlement","1","KEEP","Current behavior, evidence, isolation, source admission, or consumer contract.","check.equal(grace.json.entitlement.state, 'PAST_DUE', 'and the account is PAST_DUE');"
"accelerated-launch/service/tests/sections/t-entitlement.cjs","320","t-entitlement","1","KEEP","Current behavior, evidence, isolation, source admission, or consumer contract.","check.equal(grace.json.entitlement.entitled, true, 'which is still entitled, as the legacy grace rule decides');"
"accelerated-launch/service/tests/sections/t-entitlement.cjs","321","t-entitlement","1","KEEP","Current behavior, evidence, isolation, source admission, or consumer contract.","check.ok(grace.json.entitlement.grace_until > new Date().toISOString(), 'with a recorded grace deadline');"
"accelerated-launch/service/tests/sections/t-entitlement.cjs","324","t-entitlement","1","KEEP","Current behavior, evidence, isolation, source admission, or consumer contract.","check.equal(cancelled.status, 200, 'the consumer can cancel their own purchase');"
"accelerated-launch/service/tests/sections/t-entitlement.cjs","325","t-entitlement","1","KEEP","Current behavior, evidence, isolation, source admission, or consumer contract.","check.equal(cancelled.json.cancellation.at_period_end, true, 'and it takes effect at the recorded period end');"
"accelerated-launch/service/tests/sections/t-entitlement.cjs","326","t-entitlement","1","KEEP","Current behavior, evidence, isolation, source admission, or consumer contract.","check.equal(cancelled.json.cancellation.entitlement.entitled, true, 'so access continues for the time already paid for');"
"accelerated-launch/service/tests/sections/t-entitlement.cjs","327","t-entitlement","1","KEEP","Current behavior, evidence, isolation, source admission, or consumer contract.","check.equal(cancelled.json.cancellation.entitlement.cancel_at_period_end, true, 'and the account is marked as not renewing');"
"accelerated-launch/service/tests/sections/t-entitlement.cjs","338","t-entitlement","1","KEEP","Current behavior, evidence, isolation, source admission, or consumer contract.","check.equal(refunded.status, 200, 'a refund is processed');"
"accelerated-launch/service/tests/sections/t-entitlement.cjs","340","t-entitlement","1","KEEP","Current behavior, evidence, isolation, source admission, or consumer contract.","check.equal(afterRefund.json.entitlement.entitled, false, 'and access ends immediately');"
"accelerated-launch/service/tests/sections/t-entitlement.cjs","341","t-entitlement","1","KEEP","Current behavior, evidence, isolation, source admission, or consumer contract.","check.equal(afterRefund.json.entitlement.state, 'EXPIRED', 'the row is at its end, so the state reads as ended');"
"accelerated-launch/service/tests/sections/t-entitlement.cjs","342","t-entitlement","1","KEEP","Current behavior, evidence, isolation, source admission, or consumer contract.","check.ok(/REFUND/.test(afterRefund.json.entitlement.access_ended_because), 'and the reason is recorded as a refund, not a calendar lapse');"
"accelerated-launch/service/tests/sections/t-entitlement.cjs","343","t-entitlement","1","KEEP","Current behavior, evidence, isolation, source admission, or consumer contract.","check.equal(afterRefund.json.entitlement.can_read_historical, true, 'while what the consumer already made stays readable');"
"accelerated-launch/service/tests/sections/t-entitlement.cjs","347","t-entitlement","1","KEEP","Current behavior, evidence, isolation, source admission, or consumer contract.","check.equal(nothing.status, 409, 'a cancellation with nothing left to cancel is refused');"
"accelerated-launch/service/tests/sections/t-entitlement.cjs","348","t-entitlement","1","KEEP","Current behavior, evidence, isolation, source admission, or consumer contract.","check.equal(nothing.json.error.code, 'NO_ACTIVE_PURCHASE_TO_CANCEL', 'and says so');"
"accelerated-launch/service/tests/sections/t-entitlement.cjs","349","t-entitlement","1","KEEP","Current behavior, evidence, isolation, source admission, or consumer contract.","check.ok(/EXPIRED/.test(nothing.json.error.detail.reason), 'and names the state that left nothing to cancel');"
"accelerated-launch/service/tests/sections/t-entitlement.cjs","355","t-entitlement","1","KEEP","Current behavior, evidence, isolation, source admission, or consumer contract.","check.equal(abandoned.status, 200, 'an unpaid checkout can be cancelled');"
"accelerated-launch/service/tests/sections/t-entitlement.cjs","356","t-entitlement","1","KEEP","Current behavior, evidence, isolation, source admission, or consumer contract.","check.equal(abandoned.json.cancellation.at_period_end, false, 'and it ends at once, because nothing was paid');"
"accelerated-launch/service/tests/sections/t-entitlement.cjs","357","t-entitlement","1","KEEP","Current behavior, evidence, isolation, source admission, or consumer contract.","check.equal(abandoned.json.cancellation.entitlement.entitled, false, 'and no access was ever granted');"
"accelerated-launch/service/tests/sections/t-entitlement.cjs","379","t-entitlement","1","KEEP","Current behavior, evidence, isolation, source admission, or consumer contract.","check.equal((await t.request('GET', '/api/entitlement', { token: stranger.token })).json.entitlement.entitled, false,"
"accelerated-launch/service/tests/sections/t-entitlement.cjs","381","t-entitlement","1","KEEP","Current behavior, evidence, isolation, source admission, or consumer contract.","check.equal((await t.request('POST', `/api/cases/${strangerCase}/evaluate`, { token: stranger.token, body: {} })).status, 402,"
"accelerated-launch/service/tests/sections/t-entitlement.cjs","383","t-entitlement","1","KEEP","Current behavior, evidence, isolation, source admission, or consumer contract.","check.equal((await t.request('POST', `/api/cases/${aliceCase}/evaluate`, { token: stranger.token, body: {} })).status, 403,"
"accelerated-launch/service/tests/sections/t-entitlement.cjs","385","t-entitlement","1","KEEP","Current behavior, evidence, isolation, source admission, or consumer contract.","check.equal((await t.request('POST', `/api/cases/${strangerCase}/evaluate`, { token: entitled.token, body: {} })).status, 403,"
"accelerated-launch/service/tests/sections/t-entitlement.cjs","387","t-entitlement","1","KEEP","Current behavior, evidence, isolation, source admission, or consumer contract.","check.equal((await t.request('GET', '/api/cases', { token: stranger.token })).json.cases.length, 1,"
"accelerated-launch/service/tests/sections/t-entitlement.cjs","392","t-entitlement","1","KEEP","Current behavior, evidence, isolation, source admission, or consumer contract.","check.equal(aliceView.json.entitlement.entitled, true, 'the entitled account reports itself entitled');"
"accelerated-launch/service/tests/sections/t-entitlement.cjs","393","t-entitlement","1","KEEP","Current behavior, evidence, isolation, source admission, or consumer contract.","check.ok(!new RegExp(stranger.account_id).test(aliceView.text), 'and its view carries no other account identifier');"
"accelerated-launch/service/tests/sections/t-entitlement.cjs","403","t-entitlement","1","KEEP","Current behavior, evidence, isolation, source admission, or consumer contract.","check.equal(plans.plan('report_once').amount_cents, 595, 'owner-approved one-time CAD price');"
"accelerated-launch/service/tests/sections/t-entitlement.cjs","404","t-entitlement","1","KEEP","Current behavior, evidence, isolation, source admission, or consumer contract.","check.equal(plans.plan('monthly').amount_cents, 795, 'owner-approved monthly CAD price');"
"accelerated-launch/service/tests/sections/t-entitlement.cjs","405","t-entitlement","1","KEEP","Current behavior, evidence, isolation, source admission, or consumer contract.","check.equal(plans.plan('annual').amount_cents, 7950, 'owner-approved annual CAD price');"
"accelerated-launch/service/tests/sections/t-entitlement.cjs","406","t-entitlement","1","KEEP","Current behavior, evidence, isolation, source admission, or consumer contract.","check.equal(plans.BILLING_CURRENCY, 'cad', 'owner-approved currency replaces legacy USD pricing');"
"accelerated-launch/service/tests/sections/t-entitlement.cjs","407","t-entitlement","1","KEEP","Current behavior, evidence, isolation, source admission, or consumer contract.","check.ok(/report_once:\s*""one_time""/.test(pricing), 'legacy one-time interval remains a reuse reference');"
"accelerated-launch/service/tests/sections/t-entitlement.cjs","411","t-entitlement","5","KEEP","Current behavior, evidence, isolation, source admission, or consumer contract.","check.ok(new RegExp(`""${state}""`).test(stateMachine), `the legacy state machine still names ${state}`);"
"accelerated-launch/service/tests/sections/t-entitlement.cjs","413","t-entitlement","1","KEEP","Current behavior, evidence, isolation, source admission, or consumer contract.","check.ok(/ENTITLED_STATES[\s\S]{0,200}""past_due""/.test(stateMachine), 'a past-due account is still entitled in the legacy rule read here');"
"accelerated-launch/service/tests/sections/t-entitlement.cjs","414","t-entitlement","1","KEEP","Current behavior, evidence, isolation, source admission, or consumer contract.","check.ok(/NON_ENTITLED_STATES[\s\S]{0,200}""canceled""/.test(stateMachine), 'and a cancelled one is still not');"
"accelerated-launch/service/tests/sections/t-entitlement.cjs","415","t-entitlement","1","KEEP","Current behavior, evidence, isolation, source admission, or consumer contract.","check.equal(entitlement.ENTITLED_STATES.includes('PAST_DUE'), true, 'this build keeps the same grace rule for PAST_DUE');"
"accelerated-launch/service/tests/sections/t-entitlement.cjs","416","t-entitlement","1","KEEP","Current behavior, evidence, isolation, source admission, or consumer contract.","check.equal(entitlement.NON_ENTITLED_STATES.includes('CANCELLED'), true, 'and the same non-entitlement for a cancelled purchase');"
"accelerated-launch/service/tests/sections/t-entitlement.cjs","420","t-entitlement","1","KEEP","Current behavior, evidence, isolation, source admission, or consumer contract.","check.equal(new Set(states).size, states.length, 'no state is both entitled and not entitled');"
"accelerated-launch/service/tests/sections/t-entitlement.cjs","421","t-entitlement","1","KEEP","Current behavior, evidence, isolation, source admission, or consumer contract.","check.equal(states.includes('NO_SUBSCRIPTION'), true, 'the no-purchase state is named, not implied by an absent row');"
"accelerated-launch/service/tests/sections/t-entitlement.cjs","453","t-entitlement","6","KEEP","Current behavior, evidence, isolation, source admission, or consumer contract.","check.ok(!logs.includes(value), `${label} never appears in a billing log record`);"
"accelerated-launch/service/tests/sections/t-entitlement.cjs","455","t-entitlement","1","KEEP","Current behavior, evidence, isolation, source admission, or consumer contract.","check.ok(/BILLING_EVENT/.test(logs), 'the provider callback did emit a log record');"
"accelerated-launch/service/tests/sections/t-entitlement.cjs","456","t-entitlement","1","KEEP","Current behavior, evidence, isolation, source admission, or consumer contract.","check.ok(!/sk_live|sk_test|whsec/.test(logs), 'no provider key or signing secret is ever logged');"
"accelerated-launch/service/tests/sections/u-hardening.cjs","72","u-hardening","1","KEEP","Current behavior, evidence, isolation, source admission, or consumer contract.","check.equal(idle.status, 401, 'an idle-expired session is refused');"
"accelerated-launch/service/tests/sections/u-hardening.cjs","73","u-hardening","1","KEEP","Current behavior, evidence, isolation, source admission, or consumer contract.","check.equal(readState(t).sessions.filter((row) => row.account_id === owner.account_id).length, 0,"
"accelerated-launch/service/tests/sections/u-hardening.cjs","75","u-hardening","1","KEEP","Current behavior, evidence, isolation, source admission, or consumer contract.","check.equal((await t.request('GET', '/api/cases', { token: owner.token })).status, 401, 'and the token does not come back to life');"
"accelerated-launch/service/tests/sections/u-hardening.cjs","79","u-hardening","1","KEEP","Current behavior, evidence, isolation, source admission, or consumer contract.","check.equal(reSignIn.status, 200, 'signing in again works, and mints a NEW session');"
"accelerated-launch/service/tests/sections/u-hardening.cjs","81","u-hardening","1","KEEP","Current behavior, evidence, isolation, source admission, or consumer contract.","check.notEqual(fresh, owner.token, 'the new token is not the old one');"
"accelerated-launch/service/tests/sections/u-hardening.cjs","82","u-hardening","1","KEEP","Current behavior, evidence, isolation, source admission, or consumer contract.","check.equal((await t.request('GET', '/api/cases', { token: owner.token })).status, 401, 'and the old token stays dead: signing in does not revive it');"
"accelerated-launch/service/tests/sections/u-hardening.cjs","83","u-hardening","1","KEEP","Current behavior, evidence, isolation, source admission, or consumer contract.","check.equal((await t.request('GET', '/api/cases', { token: fresh })).status, 200, 'while the new one works');"
"accelerated-launch/service/tests/sections/u-hardening.cjs","88","u-hardening","1","KEEP","Current behavior, evidence, isolation, source admission, or consumer contract.","check.equal((await t.request('GET', '/api/cases', { token: fresh })).status, 401, 'an absolute-lifetime expiry is enforced too');"
"accelerated-launch/service/tests/sections/u-hardening.cjs","97","u-hardening","1","KEEP","Current behavior, evidence, isolation, source admission, or consumer contract.","check.equal(held, accounts.MAX_ACTIVE_SESSIONS_PER_ACCOUNT, 'the account holds no more sessions than the recorded cap');"
"accelerated-launch/service/tests/sections/u-hardening.cjs","98","u-hardening","1","KEEP","Current behavior, evidence, isolation, source admission, or consumer contract.","check.equal((await t.request('GET', '/api/cases', { token: tokens[tokens.length - 1] })).status, 200, 'the newest session works');"
"accelerated-launch/service/tests/sections/u-hardening.cjs","99","u-hardening","1","KEEP","Current behavior, evidence, isolation, source admission, or consumer contract.","check.equal((await t.request('GET', '/api/cases', { token: tokens[0] })).status, 401, 'and the oldest was dropped, not kept forever');"
"accelerated-launch/service/tests/sections/u-hardening.cjs","108","u-hardening","1","KEEP","Current behavior, evidence, isolation, source admission, or consumer contract.","check.equal(statuses[0], 401, 'the first wrong password is a plain credential refusal');"
"accelerated-launch/service/tests/sections/u-hardening.cjs","109","u-hardening","1","KEEP","Current behavior, evidence, isolation, source admission, or consumer contract.","check.equal(statuses[statuses.length - 1], 429, 'and the last one is a rate refusal');"
"accelerated-launch/service/tests/sections/u-hardening.cjs","110","u-hardening","1","KEEP","Current behavior, evidence, isolation, source admission, or consumer contract.","check.equal((await t.request('POST', '/api/sessions', { body: { email: target.email, password: PASSWORD } })).status, 429,"
"accelerated-launch/service/tests/sections/u-hardening.cjs","117","u-hardening","1","KEEP","Current behavior, evidence, isolation, source admission, or consumer contract.","check.equal(afterWindow.status, 200, 'once the lockout window has passed, the correct password works again');"
"accelerated-launch/service/tests/sections/u-hardening.cjs","118","u-hardening","1","KEEP","Current behavior, evidence, isolation, source admission, or consumer contract.","check.equal(readState(t).accounts.find((a) => a.email === target.email).failed_sign_ins, 0, 'and the failure count is reset');"
"accelerated-launch/service/tests/sections/u-hardening.cjs","138","u-hardening","1","KEEP","Current behavior, evidence, isolation, source admission, or consumer contract.","check.ok(created.every((row) => row.status === 201), 'twelve concurrent case creations all succeed');"
"accelerated-launch/service/tests/sections/u-hardening.cjs","140","u-hardening","1","KEEP","Current behavior, evidence, isolation, source admission, or consumer contract.","check.equal(ids.size, 12, 'and each got its OWN case id: no write was lost to a racing write');"
"accelerated-launch/service/tests/sections/u-hardening.cjs","141","u-hardening","1","KEEP","Current behavior, evidence, isolation, source admission, or consumer contract.","check.equal(readState(t).cases.filter((row) => row.account_id === owner.account_id).length, 12,"
"accelerated-launch/service/tests/sections/u-hardening.cjs","149","u-hardening","1","KEEP","Current behavior, evidence, isolation, source admission, or consumer contract.","check.ok(uploaded.every((row) => row.status === 201), 'six concurrent uploads to ONE case all succeed');"
"accelerated-launch/service/tests/sections/u-hardening.cjs","150","u-hardening","1","KEEP","Current behavior, evidence, isolation, source admission, or consumer contract.","check.equal(new Set(uploaded.map((row) => row.json.receipt.file_id)).size, 6, 'each stored under its own opaque id');"
"accelerated-launch/service/tests/sections/u-hardening.cjs","152","u-hardening","1","KEEP","Current behavior, evidence, isolation, source admission, or consumer contract.","check.equal(rows.length, 6, 'and the state file records all six files');"
"accelerated-launch/service/tests/sections/u-hardening.cjs","153","u-hardening","1","KEEP","Current behavior, evidence, isolation, source admission, or consumer contract.","check.equal(new Set(rows.map((row) => row.file_id)).size, 6, 'with no row written twice');"
"accelerated-launch/service/tests/sections/u-hardening.cjs","154","u-hardening","1","KEEP","Current behavior, evidence, isolation, source admission, or consumer contract.","check.equal(rows.filter((row) => t.service.store.blobExists(row.file_id)).length, 6, 'and all six blobs exist on disk');"
"accelerated-launch/service/tests/sections/u-hardening.cjs","159","u-hardening","1","KEEP","Current behavior, evidence, isolation, source admission, or consumer contract.","check.ok(evaluated.every((row) => row.status === 201), 'four concurrent evaluations of one case all succeed');"
"accelerated-launch/service/tests/sections/u-hardening.cjs","160","u-hardening","1","KEEP","Current behavior, evidence, isolation, source admission, or consumer contract.","check.ok(Array.isArray(readState(t).files), 'and the state file is still valid JSON afterwards');"
"accelerated-launch/service/tests/sections/u-hardening.cjs","171","u-hardening","1","KEEP","Current behavior, evidence, isolation, source admission, or consumer contract.","check.equal(swept.orphan_blobs_removed, 1, 'a blob no row references, older than the grace period, is cleared');"
"accelerated-launch/service/tests/sections/u-hardening.cjs","172","u-hardening","1","KEEP","Current behavior, evidence, isolation, source admission, or consumer contract.","check.equal(swept.partial_blobs_removed, 1, 'and a half-written blob left by a crash is cleared');"
"accelerated-launch/service/tests/sections/u-hardening.cjs","173","u-hardening","1","KEEP","Current behavior, evidence, isolation, source admission, or consumer contract.","check.equal(t.service.store.blobExists(orphanId), false, 'the orphan file is gone from disk');"
"accelerated-launch/service/tests/sections/u-hardening.cjs","174","u-hardening","1","KEEP","Current behavior, evidence, isolation, source admission, or consumer contract.","check.equal(fs.existsSync(path.join(t.dataDir, 'blobs', partialName)), false, 'and the partial is gone too');"
"accelerated-launch/service/tests/sections/u-hardening.cjs","178","u-hardening","1","KEEP","Current behavior, evidence, isolation, source admission, or consumer contract.","check.equal(again.orphan_blobs_removed, 0, 'a blob that a row still references is never swept, however old it is');"
"accelerated-launch/service/tests/sections/u-hardening.cjs","179","u-hardening","1","KEEP","Current behavior, evidence, isolation, source admission, or consumer contract.","check.equal(rows.every((row) => t.service.store.blobExists(row.file_id)), true, 'so every stored report survives the sweep');"
"accelerated-launch/service/tests/sections/u-hardening.cjs","184","u-hardening","1","KEEP","Current behavior, evidence, isolation, source admission, or consumer contract.","check.ok(third.blobs_kept_inside_the_grace_period >= 1,"
"accelerated-launch/service/tests/sections/u-hardening.cjs","186","u-hardening","1","KEEP","Current behavior, evidence, isolation, source admission, or consumer contract.","check.equal(t.service.store.blobExists(freshId), true, 'so an in-flight upload is not deleted out from under itself');"
"accelerated-launch/service/tests/sections/u-hardening.cjs","209","u-hardening","8","KEEP","Current behavior, evidence, isolation, source admission, or consumer contract.","check.equal(accepted.status, 201, `file ${i + 1} of ${uploads.MAX_CASE_FILES} is accepted for storage and measured`);"
"accelerated-launch/service/tests/sections/u-hardening.cjs","212","u-hardening","1","KEEP","Current behavior, evidence, isolation, source admission, or consumer contract.","check.equal(over.status, 409, 'the next file is refused');"
"accelerated-launch/service/tests/sections/u-hardening.cjs","213","u-hardening","1","KEEP","Current behavior, evidence, isolation, source admission, or consumer contract.","check.equal(over.json.error.code, 'FILE_COUNT_LIMIT_REACHED', 'and the refusal names the per-case limit');"
"accelerated-launch/service/tests/sections/u-hardening.cjs","214","u-hardening","1","KEEP","Current behavior, evidence, isolation, source admission, or consumer contract.","check.equal(t.blobFiles().filter((name) => name.endsWith('.bin')).length, before + uploads.MAX_CASE_FILES,"
"accelerated-launch/service/tests/sections/u-hardening.cjs","226","u-hardening","1","KEEP","Current behavior, evidence, isolation, source admission, or consumer contract.","check.equal(quotaCode, 'ACCOUNT_STORAGE_QUOTA_EXCEEDED', 'an account at its storage cap refuses the next upload before writing');"
"accelerated-launch/service/tests/sections/u-hardening.cjs","227","u-hardening","1","KEEP","Current behavior, evidence, isolation, source admission, or consumer contract.","check.equal(uploads.MAX_ACCOUNT_STORED_BYTES, uploads.MAX_FILE_BYTES * 4, 'and the cap is a small multiple of one file limit');"
"accelerated-launch/service/tests/sections/u-hardening.cjs","238","u-hardening","1","KEEP","Current behavior, evidence, isolation, source admission, or consumer contract.","check.equal(caseCode, 'FILE_COUNT_LIMIT_REACHED', 'and a case at its cap refuses too, through the same function the upload path calls');"
"accelerated-launch/service/tests/sections/u-hardening.cjs","245","u-hardening","1","KEEP","Current behavior, evidence, isolation, source admission, or consumer contract.","check.equal(badType.status, 400, 'a refused file type is still refused at a full case');"
"accelerated-launch/service/tests/sections/u-hardening.cjs","246","u-hardening","1","KEEP","Current behavior, evidence, isolation, source admission, or consumer contract.","check.equal(t.blobFiles().filter((name) => name.endsWith('.bin')).length, beforeRefusal, 'and it wrote nothing');"
"accelerated-launch/service/tests/sections/u-hardening.cjs","267","u-hardening","1","KEEP","Current behavior, evidence, isolation, source admission, or consumer contract.","check.equal(first.status, 201, 'the first upload is accepted');"
"accelerated-launch/service/tests/sections/u-hardening.cjs","271","u-hardening","1","KEEP","Current behavior, evidence, isolation, source admission, or consumer contract.","check.equal(second.status, 201, 're-posting the same uploadKey and bytes returns the original receipt');"
"accelerated-launch/service/tests/sections/u-hardening.cjs","272","u-hardening","1","KEEP","Current behavior, evidence, isolation, source admission, or consumer contract.","check.equal(second.json.receipt.file_id, firstId, 'with the SAME file id, never a second file');"
"accelerated-launch/service/tests/sections/u-hardening.cjs","273","u-hardening","1","KEEP","Current behavior, evidence, isolation, source admission, or consumer contract.","check.equal(t.blobFiles().filter((name) => name.endsWith('.bin')).length, before + 1, 'and no second blob is written');"
"accelerated-launch/service/tests/sections/u-hardening.cjs","279","u-hardening","1","KEEP","Current behavior, evidence, isolation, source admission, or consumer contract.","check.equal(wrong.status, 400, 'the same key with different bytes is refused');"
"accelerated-launch/service/tests/sections/u-hardening.cjs","280","u-hardening","1","KEEP","Current behavior, evidence, isolation, source admission, or consumer contract.","check.equal(wrong.json.error.code, 'INVALID_REQUEST', 'and names the invalid retry');"
"accelerated-launch/service/tests/sections/u-hardening.cjs","290","u-hardening","1","KEEP","Current behavior, evidence, isolation, source admission, or consumer contract.","check.ok(fs.existsSync(path.join(t.dataDir, 'state.json.bak')), 'a backup of the previous state is kept beside the state file');"
"accelerated-launch/service/tests/sections/u-hardening.cjs","300","u-hardening","1","KEEP","Current behavior, evidence, isolation, source admission, or consumer contract.","check.equal(recovered.status, 200, 'a corrupted state file is recovered from the backup rather than answered as empty');"
"accelerated-launch/service/tests/sections/u-hardening.cjs","301","u-hardening","1","KEEP","Current behavior, evidence, isolation, source admission, or consumer contract.","check.equal(recovered.json.cases.length, backupSnapshot.cases.filter((row) => row.account_id === owner.account_id).length,"
"accelerated-launch/service/tests/sections/u-hardening.cjs","303","u-hardening","1","KEEP","Current behavior, evidence, isolation, source admission, or consumer contract.","check.equal(t.service.store.recoveredFromBackup, true, 'and the recovery is REPORTED, not silent');"
"accelerated-launch/service/tests/sections/u-hardening.cjs","304","u-hardening","1","KEEP","Current behavior, evidence, isolation, source admission, or consumer contract.","check.equal(readState(t).cases.length, backupSnapshot.cases.length, 'and the primary was rewritten from the backup');"
"accelerated-launch/service/tests/sections/u-hardening.cjs","310","u-hardening","1","KEEP","Current behavior, evidence, isolation, source admission, or consumer contract.","check.equal(refused.status, 503, 'when neither the state nor its backup can be read, the service REFUSES');"
"accelerated-launch/service/tests/sections/u-hardening.cjs","311","u-hardening","1","KEEP","Current behavior, evidence, isolation, source admission, or consumer contract.","check.equal(refused.json.error.code, 'SERVICE_STATE_UNAVAILABLE', 'with a typed refusal, not a 500');"
"accelerated-launch/service/tests/sections/u-hardening.cjs","312","u-hardening","1","KEEP","Current behavior, evidence, isolation, source admission, or consumer contract.","check.ok(/could not read its private state/i.test(refused.json.error.message), 'and a plain-language message');"
"accelerated-launch/service/tests/sections/u-hardening.cjs","313","u-hardening","1","KEEP","Current behavior, evidence, isolation, source admission, or consumer contract.","check.ok(!/not json at all/.test(refused.text), 'and the refusal echoes nothing from the broken file');"
"accelerated-launch/service/tests/sections/u-hardening.cjs","315","u-hardening","1","KEEP","Current behavior, evidence, isolation, source admission, or consumer contract.","check.equal((await t.request('GET', '/api/cases', { token: owner.token })).status, 200, 'and it serves again once the state is restored');"
"accelerated-launch/service/tests/sections/u-hardening.cjs","320","u-hardening","1","KEEP","Current behavior, evidence, isolation, source admission, or consumer contract.","check.equal(startup.state.readable, true, 'a restart reads the same state');"
"accelerated-launch/service/tests/sections/u-hardening.cjs","321","u-hardening","1","KEEP","Current behavior, evidence, isolation, source admission, or consumer contract.","check.equal(startup.state.record_counts.cases >= 1, true, 'and finds the cases the previous process wrote');"
"accelerated-launch/service/tests/sections/u-hardening.cjs","322","u-hardening","1","KEEP","Current behavior, evidence, isolation, source admission, or consumer contract.","check.equal(startup.state.version, STATE_VERSION, 'and reports the state version it read');"
"accelerated-launch/service/tests/sections/u-hardening.cjs","323","u-hardening","1","KEEP","Current behavior, evidence, isolation, source admission, or consumer contract.","check.equal(startup.payment.state, 'TEST_ADAPTER', 'and the same payment configuration');"
"accelerated-launch/service/tests/sections/u-hardening.cjs","324","u-hardening","1","KEEP","Current behavior, evidence, isolation, source admission, or consumer contract.","check.ok(/No report was read, moved or transmitted/.test(startup.plain), 'and says what the recovery did and did not do');"
"accelerated-launch/service/tests/sections/u-hardening.cjs","335","u-hardening","1","KEEP","Current behavior, evidence, isolation, source admission, or consumer contract.","check.ok(swept.expired_sessions_removed >= 1, 'a lapsed session row is swept on start');"
"accelerated-launch/service/tests/sections/u-hardening.cjs","336","u-hardening","1","KEEP","Current behavior, evidence, isolation, source admission, or consumer contract.","check.equal((await t.request('GET', '/api/session', { token: stale.token })).status, 401, 'and it does not work afterwards');"
"accelerated-launch/service/tests/sections/u-hardening.cjs","337","u-hardening","1","KEEP","Current behavior, evidence, isolation, source admission, or consumer contract.","check.equal((await t.request('GET', '/api/session', { token: owner.token })).status, 200, 'while a live session is untouched by the sweep');"
"accelerated-launch/service/tests/sections/u-hardening.cjs","372","u-hardening","1","KEEP","Current behavior, evidence, isolation, source admission, or consumer contract.","check.ok(ready, 'a second PROCESS took the write lock on a private data directory');"
"accelerated-launch/service/tests/sections/u-hardening.cjs","379","u-hardening","1","KEEP","Current behavior, evidence, isolation, source admission, or consumer contract.","check.ok(Boolean(message) && /PRIVATE_STORE_ALREADY_HAS_A_WRITER/.test(message),"
"accelerated-launch/service/tests/sections/u-hardening.cjs","381","u-hardening","1","KEEP","Current behavior, evidence, isolation, source admission, or consumer contract.","check.ok(Boolean(message) && /pid/.test(message), 'and the refusal names who holds it');"
"accelerated-launch/service/tests/sections/u-hardening.cjs","394","u-hardening","1","KEEP","Current behavior, evidence, isolation, source admission, or consumer contract.","check.ok(store.dataDir.length > 0, 'a lock left by a dead writer is taken over, so the directory is usable again');"
"accelerated-launch/service/tests/sections/u-hardening.cjs","404","u-hardening","1","KEEP","Current behavior, evidence, isolation, source admission, or consumer contract.","check.equal(policy.status, 200, 'the retention and deletion policy is published openly');"
"accelerated-launch/service/tests/sections/u-hardening.cjs","406","u-hardening","1","KEEP","Current behavior, evidence, isolation, source admission, or consumer contract.","check.ok(/until you delete/i.test(text), 'and it says a report is kept until the consumer deletes it');"
"accelerated-launch/service/tests/sections/u-hardening.cjs","407","u-hardening","1","KEEP","Current behavior, evidence, isolation, source admission, or consumer contract.","check.ok(/SHA-256 of the session token/i.test(text), 'and that only a hash of a session token is stored');"
"accelerated-launch/service/tests/sections/u-hardening.cjs","408","u-hardening","1","KEEP","Current behavior, evidence, isolation, source admission, or consumer contract.","check.ok(/no log record can carry report text/i.test(text), 'and that no report text can reach a log');"
"accelerated-launch/service/tests/sections/u-hardening.cjs","409","u-hardening","1","KEEP","Current behavior, evidence, isolation, source admission, or consumer contract.","check.ok(/no report, no identifier and no digest/i.test(text), 'and that nothing of the consumer’s appears in a public asset');"
"accelerated-launch/service/tests/sections/u-hardening.cjs","410","u-hardening","1","KEEP","Current behavior, evidence, isolation, source admission, or consumer contract.","check.equal(Object.keys(policy.json.policy).length, Object.keys(retention.POLICY).length, 'and every recorded policy clause is published');"
"accelerated-launch/service/tests/sections/u-hardening.cjs","411","u-hardening","1","KEEP","Current behavior, evidence, isolation, source admission, or consumer contract.","check.ok(/Only that the checks that ran found none/i.test(policy.json.check_classes.no_issue_found_means),"
"accelerated-launch/service/tests/sections/u-hardening.cjs","423","u-hardening","1","KEEP","Current behavior, evidence, isolation, source admission, or consumer contract.","check.ok(before.entitlements.some((row) => row.account_id === owner.account_id), 'the account holds an entitlement row');"
"accelerated-launch/service/tests/sections/u-hardening.cjs","424","u-hardening","1","KEEP","Current behavior, evidence, isolation, source admission, or consumer contract.","check.ok(before.files.some((row) => row.account_id === owner.account_id), 'and a stored file');"
"accelerated-launch/service/tests/sections/u-hardening.cjs","426","u-hardening","1","KEEP","Current behavior, evidence, isolation, source admission, or consumer contract.","check.equal(removed.status, 200, 'the account is deleted');"
"accelerated-launch/service/tests/sections/u-hardening.cjs","427","u-hardening","1","KEEP","Current behavior, evidence, isolation, source admission, or consumer contract.","check.equal(removed.json.stored_files_removed, 1, 'and reports the stored file it removed');"
"accelerated-launch/service/tests/sections/u-hardening.cjs","430","u-hardening","7","KEEP","Current behavior, evidence, isolation, source admission, or consumer contract.","check.equal(after[collection].some((row) => row.account_id === owner.account_id || row.email === owner.email), false,"
"accelerated-launch/service/tests/sections/u-hardening.cjs","433","u-hardening","1","KEEP","Current behavior, evidence, isolation, source admission, or consumer contract.","check.equal(after.billing_events.some((row) => row.account_id === owner.account_id), false,"
"accelerated-launch/service/tests/sections/u-hardening.cjs","435","u-hardening","1","KEEP","Current behavior, evidence, isolation, source admission, or consumer contract.","check.equal(after.checkout_sessions.some((row) => row.account_id === owner.account_id), false,"
"accelerated-launch/service/tests/sections/u-hardening.cjs","437","u-hardening","1","KEEP","Current behavior, evidence, isolation, source admission, or consumer contract.","check.equal(t.blobFiles().filter((name) => name.endsWith('.bin')).length, blobNamesBefore.length - 1,"
"accelerated-launch/service/tests/sections/u-hardening.cjs","461","u-hardening","4","KEEP","Current behavior, evidence, isolation, source admission, or consumer contract.","check.ok(fs.existsSync(path.join(t.dataDir, name)) || name === 'blobs', `${name} lives in the private directory, outside the repository`);"
"accelerated-launch/service/tests/sections/u-hardening.cjs","463","u-hardening","1","KEEP","Current behavior, evidence, isolation, source admission, or consumer contract.","check.ok(!fs.existsSync(path.join(harness.REPOSITORY_ROOT, 'accelerated-launch', 'service', 'state.json')),"
"accelerated-launch/service/tests/sections/u-hardening.cjs","474","u-hardening","4","KEEP","Current behavior, evidence, isolation, source admission, or consumer contract.","check.ok(!logs.includes(value), `${label} never appears in a log record`);"
"accelerated-launch/service/tests/sections/v-presentation-and-release.cjs","86","v-presentation-and-release","1","KEEP","Current behavior, evidence, isolation, source admission, or consumer contract.","check.equal(caAdapters.length, 2, 'exactly TWO presentations are registered for Canada, one per bureau');"
"accelerated-launch/service/tests/sections/v-presentation-and-release.cjs","87","v-presentation-and-release","1","KEEP","Current behavior, evidence, isolation, source admission, or consumer contract.","check.deepEqual(caAdapters.map((a) => a.presentation_id).sort(), ['PR-01', 'FAM-TU-CA-CONSUMER'].sort(),"
"accelerated-launch/service/tests/sections/v-presentation-and-release.cjs","90","v-presentation-and-release","1","KEEP","Current behavior, evidence, isolation, source admission, or consumer contract.","check.equal(exact.admission_path, 'EXACT_SPECIMEN_DIGEST', 'the Equifax Canada admission is still a pinned digest, not a structure');"
"accelerated-launch/service/tests/sections/v-presentation-and-release.cjs","91","v-presentation-and-release","1","KEEP","Current behavior, evidence, isolation, source admission, or consumer contract.","check.equal(exact.family_id, null, 'and it is still not a family');"
"accelerated-launch/service/tests/sections/v-presentation-and-release.cjs","92","v-presentation-and-release","1","KEEP","Current behavior, evidence, isolation, source admission, or consumer contract.","check.equal(exact.evidenced_sha256, caScope.ADMITTED.sha256, 'the digest recorded is the one the register pins');"
"accelerated-launch/service/tests/sections/v-presentation-and-release.cjs","93","v-presentation-and-release","1","KEEP","Current behavior, evidence, isolation, source admission, or consumer contract.","check.equal(caScope.FAMILY_ADMISSION.admitted, false, 'no EQUIFAX Canada consumer-format FAMILY is admitted');"
"accelerated-launch/service/tests/sections/v-presentation-and-release.cjs","94","v-presentation-and-release","1","KEEP","Current behavior, evidence, isolation, source admission, or consumer contract.","check.equal(caScope.COUNTRY_FAMILY_ADMISSION.admitted, true, 'while Canada as a country admits one family, named separately');"
"accelerated-launch/service/tests/sections/v-presentation-and-release.cjs","95","v-presentation-and-release","1","KEEP","Current behavior, evidence, isolation, source admission, or consumer contract.","check.ok(/TWO independent specimens/.test(caScope.FAMILY_ADMISSION.conditions_that_would_permit_one.join(' ')),"
"accelerated-launch/service/tests/sections/v-presentation-and-release.cjs","99","v-presentation-and-release","1","KEEP","Current behavior, evidence, isolation, source admission, or consumer contract.","check.equal(family.admission_path, 'EVIDENCED_STRUCTURAL_CONTRACT', 'the second Canadian admission is by measured structure');"
"accelerated-launch/service/tests/sections/v-presentation-and-release.cjs","100","v-presentation-and-release","1","KEEP","Current behavior, evidence, isolation, source admission, or consumer contract.","check.equal(family.family_id, family.presentation_id, 'and it is a registered family with a reader of its own');"
"accelerated-launch/service/tests/sections/v-presentation-and-release.cjs","110","v-presentation-and-release","1","KEEP","Current behavior, evidence, isolation, source admission, or consumer contract.","check.equal(second.register_status, 'SECONDARY_CORROBORATING_PRESENTATION_NOT_ADMITTED_FOR_A_RULE_UNIT',"
"accelerated-launch/service/tests/sections/v-presentation-and-release.cjs","114","v-presentation-and-release","1","KEEP","Current behavior, evidence, isolation, source admission, or consumer contract.","check.equal(digest, second.sha256, 'and the file still matches the digest the register recorded for it');"
"accelerated-launch/service/tests/sections/v-presentation-and-release.cjs","115","v-presentation-and-release","1","KEEP","Current behavior, evidence, isolation, source admission, or consumer contract.","check.deepEqual(caScope.RECORDED_NOT_ADMITTED.map((row) => row.presentation_id), ['PR-02'],"
"accelerated-launch/service/tests/sections/v-presentation-and-release.cjs","137","v-presentation-and-release","1","KEEP","Current behavior, evidence, isolation, source admission, or consumer contract.","check.equal(upload.status, 201, 'the real second Canadian report is stored so its measured shape can be reported');"
"accelerated-launch/service/tests/sections/v-presentation-and-release.cjs","138","v-presentation-and-release","1","KEEP","Current behavior, evidence, isolation, source admission, or consumer contract.","check.equal(upload.json.receipt.format_detection.supported, true, 'and it is ADMITTED, by the contract written for its own layout');"
"accelerated-launch/service/tests/sections/v-presentation-and-release.cjs","139","v-presentation-and-release","1","KEEP","Current behavior, evidence, isolation, source admission, or consumer contract.","check.equal(upload.json.receipt.format_detection.read_support_is, 'EVIDENCED_STRUCTURAL_CONTRACT', 'not by the Equifax digest gate');"
"accelerated-launch/service/tests/sections/v-presentation-and-release.cjs","140","v-presentation-and-release","1","KEEP","Current behavior, evidence, isolation, source admission, or consumer contract.","check.equal(upload.json.receipt.extraction_summary.extraction_ran, true, 'the file IS read, by its own reader');"
"accelerated-launch/service/tests/sections/v-presentation-and-release.cjs","141","v-presentation-and-release","1","KEEP","Current behavior, evidence, isolation, source admission, or consumer contract.","check.equal(upload.json.receipt.extraction_summary.presentation_evidence, true, 'and it supplies presentation evidence');"
"accelerated-launch/service/tests/sections/v-presentation-and-release.cjs","145","v-presentation-and-release","1","KEEP","Current behavior, evidence, isolation, source admission, or consumer contract.","check.ok(equifaxRefusal, 'the Equifax gate\'s OWN refusal of this file is still reported, so the restriction is not hidden');"
"accelerated-launch/service/tests/sections/v-presentation-and-release.cjs","146","v-presentation-and-release","1","KEEP","Current behavior, evidence, isolation, source admission, or consumer contract.","check.equal(equifaxRefusal.refusal_reason, 'DOCUMENT_ENCRYPTED',"
"accelerated-launch/service/tests/sections/v-presentation-and-release.cjs","148","v-presentation-and-release","1","KEEP","Current behavior, evidence, isolation, source admission, or consumer contract.","check.ok(equifaxRefusal.predicates_failed.includes('NOT_ENCRYPTED'), 'and the predicate it failed is named');"
"accelerated-launch/service/tests/sections/v-presentation-and-release.cjs","149","v-presentation-and-release","1","KEEP","Current behavior, evidence, isolation, source admission, or consumer contract.","check.equal(refusals.filter((row) => row.presentation_id === 'FAM-TU-CA-CONSUMER').length, 0,"
"accelerated-launch/service/tests/sections/v-presentation-and-release.cjs","151","v-presentation-and-release","1","KEEP","Current behavior, evidence, isolation, source admission, or consumer contract.","check.equal(refusals.length, 1, 'every path measured before the admitting one is reported, and nothing else is');"
"accelerated-launch/service/tests/sections/v-presentation-and-release.cjs","152","v-presentation-and-release","1","KEEP","Current behavior, evidence, isolation, source admission, or consumer contract.","check.ok(/ADMITTED_BY_THIS_PATH|CLOSEST_ADMISSION_PATH/.test(upload.json.receipt.format_detection.refusal_selection_rule),"
"accelerated-launch/service/tests/sections/v-presentation-and-release.cjs","154","v-presentation-and-release","1","KEEP","Current behavior, evidence, isolation, source admission, or consumer contract.","check.equal(upload.json.receipt.format_detection.encryption.encrypted, true,"
"accelerated-launch/service/tests/sections/v-presentation-and-release.cjs","156","v-presentation-and-release","1","KEEP","Current behavior, evidence, isolation, source admission, or consumer contract.","check.equal(upload.json.receipt.format_detection.encryption.permission_flags.copy_allowed, true,"
"accelerated-launch/service/tests/sections/v-presentation-and-release.cjs","158","v-presentation-and-release","1","KEEP","Current behavior, evidence, isolation, source admission, or consumer contract.","check.ok(!/Equifax/.test(upload.json.receipt.format_detection.read_support_is),"
"accelerated-launch/service/tests/sections/v-presentation-and-release.cjs","178","v-presentation-and-release","1","KEEP","Current behavior, evidence, isolation, source admission, or consumer contract.","check.equal(gbFamily.CURRENCY_EVIDENCE.status, 'HISTORICAL_DEMONSTRATION_EVIDENCE_ONLY',"
"accelerated-launch/service/tests/sections/v-presentation-and-release.cjs","180","v-presentation-and-release","1","KEEP","Current behavior, evidence, isolation, source admission, or consumer contract.","check.equal(gbFamily.CURRENCY_EVIDENCE.present_day_support_claimed, false, 'and does not claim present-day support');"
"accelerated-launch/service/tests/sections/v-presentation-and-release.cjs","181","v-presentation-and-release","1","KEEP","Current behavior, evidence, isolation, source admission, or consumer contract.","check.equal(gbFamily.CURRENCY_EVIDENCE.currency_validated, false, 'and does not claim validated currency');"
"accelerated-launch/service/tests/sections/v-presentation-and-release.cjs","182","v-presentation-and-release","1","KEEP","Current behavior, evidence, isolation, source admission, or consumer contract.","check.equal(gbFamily.CURRENCY_EVIDENCE.evidence_vintage, '1 June 2007', 'with the vintage named');"
"accelerated-launch/service/tests/sections/v-presentation-and-release.cjs","184","v-presentation-and-release","1","KEEP","Current behavior, evidence, isolation, source admission, or consumer contract.","check.equal(gb.present_day_support_claimed, false, 'and the coverage surface says the same');"
"accelerated-launch/service/tests/sections/v-presentation-and-release.cjs","185","v-presentation-and-release","1","KEEP","Current behavior, evidence, isolation, source admission, or consumer contract.","check.ok(/not established/i.test(gb.plain), 'in plain language a consumer can read');"
"accelerated-launch/service/tests/sections/v-presentation-and-release.cjs","189","v-presentation-and-release","1","ARCHIVE","Historical retrieval/marketing-capture reproducibility; retain in source custody verification, outside routine product regression.","check.equal(attempts.length, 4, 'every targeted retrieval attempt is recorded');"
"accelerated-launch/service/tests/sections/v-presentation-and-release.cjs","190","v-presentation-and-release","1","ARCHIVE","Historical retrieval/marketing-capture reproducibility; retain in source custody verification, outside routine product regression.","check.ok(attempts.filter((row) => /HTTP_40[34]/.test(row.result)).length >= 3,"
"accelerated-launch/service/tests/sections/v-presentation-and-release.cjs","205","v-presentation-and-release","1","ARCHIVE","Historical retrieval/marketing-capture reproducibility; retain in source custody verification, outside routine product regression.","check.deepEqual(matchedHeadings, recorded.headings_matched.slice(),"
"accelerated-launch/service/tests/sections/v-presentation-and-release.cjs","207","v-presentation-and-release","1","ARCHIVE","Historical retrieval/marketing-capture reproducibility; retain in source custody verification, outside routine product regression.","check.deepEqual(matchedFields, recorded.printed_fields_matched_as_substrings.slice().sort(),"
"accelerated-launch/service/tests/sections/v-presentation-and-release.cjs","209","v-presentation-and-release","1","ARCHIVE","Historical retrieval/marketing-capture reproducibility; retain in source custody verification, outside routine product regression.","check.equal(matchedFields.length, 5, 'a product page gets five incidental hits, which is why the interpretation is recorded');"
"accelerated-launch/service/tests/sections/v-presentation-and-release.cjs","210","v-presentation-and-release","1","ARCHIVE","Historical retrieval/marketing-capture reproducibility; retain in source custody verification, outside routine product regression.","check.equal(recorded.printed_fields_tested, contractFields.length, 'and the recorded count of tested fields is the contract’s own count');"
"accelerated-launch/service/tests/sections/v-presentation-and-release.cjs","211","v-presentation-and-release","1","ARCHIVE","Historical retrieval/marketing-capture reproducibility; retain in source custody verification, outside routine product regression.","check.equal(recorded.headings_tested, gbFamily.REQUIRED_HEADINGS.length, 'and the recorded count of tested headings is the contract’s own count');"
"accelerated-launch/service/tests/sections/v-presentation-and-release.cjs","212","v-presentation-and-release","1","ARCHIVE","Historical retrieval/marketing-capture reproducibility; retain in source custody verification, outside routine product regression.","check.ok(/PRODUCT|MARKETING/.test(recorded.interpretation),"
"accelerated-launch/service/tests/sections/v-presentation-and-release.cjs","235","v-presentation-and-release","1","KEEP","Current behavior, evidence, isolation, source admission, or consumer contract.","check.deepEqual(presentations.map((entry) => entry.presentation_id).sort(), registryIds,"
"accelerated-launch/service/tests/sections/v-presentation-and-release.cjs","237","v-presentation-and-release","1","KEEP","Current behavior, evidence, isolation, source admission, or consumer contract.","check.equal(presentations.filter((entry) => entry.present_day_support_claimed === false).length, 1,"
"accelerated-launch/service/tests/sections/v-presentation-and-release.cjs","239","v-presentation-and-release","1","KEEP","Current behavior, evidence, isolation, source admission, or consumer contract.","check.ok(/1 June 2007/.test(JSON.stringify(presentations.filter((entry) => entry.present_day_support_claimed === false))),"
"accelerated-launch/service/tests/sections/v-presentation-and-release.cjs","241","v-presentation-and-release","1","KEEP","Current behavior, evidence, isolation, source admission, or consumer contract.","check.ok(surface.json.surface.entitlement.plain.startsWith(require('../../payment-provider.cjs').describeProvider(process.env).plain),"
"accelerated-launch/service/tests/sections/v-presentation-and-release.cjs","243","v-presentation-and-release","1","KEEP","Current behavior, evidence, isolation, source admission, or consumer contract.","check.deepEqual(surface.json.surface.paid_actions, PAID_ACTIONS.slice(), 'and names exactly which steps would be paid');"
"accelerated-launch/service/tests/sections/v-presentation-and-release.cjs","244","v-presentation-and-release","1","KEEP","Current behavior, evidence, isolation, source admission, or consumer contract.","check.ok(surface.json.surface.check_classes.no_issue_found_means.startsWith('Only that the checks that ran found none'),"
"accelerated-launch/service/tests/sections/v-presentation-and-release.cjs","248","v-presentation-and-release","1","KEEP","Current behavior, evidence, isolation, source admission, or consumer contract.","check.equal(formatsView.json.formats.length, registryIds.length, 'the formats endpoint advertises the same set');"
"accelerated-launch/service/tests/sections/v-presentation-and-release.cjs","249","v-presentation-and-release","1","KEEP","Current behavior, evidence, isolation, source admission, or consumer contract.","check.ok(/NOT established/.test(formatsView.json.note), 'and its note is honest about the one family whose currency is not established');"
"accelerated-launch/service/tests/sections/v-presentation-and-release.cjs","252","v-presentation-and-release","1","KEEP","Current behavior, evidence, isolation, source admission, or consumer contract.","check.equal(scope.CA.family_admitted, true, 'the Canadian scope reports that a family IS admitted for the country');"
"accelerated-launch/service/tests/sections/v-presentation-and-release.cjs","253","v-presentation-and-release","1","KEEP","Current behavior, evidence, isolation, source admission, or consumer contract.","check.deepEqual(scope.CA.families_admitted, ['FAM-TU-CA-CONSUMER'], 'and names which one, so the claim cannot be read as a widened Equifax contract');"
"accelerated-launch/service/tests/sections/v-presentation-and-release.cjs","254","v-presentation-and-release","1","KEEP","Current behavior, evidence, isolation, source admission, or consumer contract.","check.equal(scope.CA.equifax_family_admitted, false, 'while the Equifax presentation\'s own family admission stays false, reported separately');"
"accelerated-launch/service/tests/sections/v-presentation-and-release.cjs","255","v-presentation-and-release","1","KEEP","Current behavior, evidence, isolation, source admission, or consumer contract.","check.ok(/structural contract/i.test(scope.CA.plain), 'and the consumer is told the second admission is by measured structure');"
"accelerated-launch/service/tests/sections/v-presentation-and-release.cjs","256","v-presentation-and-release","1","KEEP","Current behavior, evidence, isolation, source admission, or consumer contract.","check.ok(/No rule unit is seated on the TransUnion presentation/.test(scope.CA.plain),"
"accelerated-launch/service/tests/sections/v-presentation-and-release.cjs","258","v-presentation-and-release","1","KEEP","Current behavior, evidence, isolation, source admission, or consumer contract.","check.equal(scope.GB.present_day_support_claimed, false, 'the GB scope reports no present-day claim');"
"accelerated-launch/service/tests/sections/v-presentation-and-release.cjs","263","v-presentation-and-release","1","KEEP","Current behavior, evidence, isolation, source admission, or consumer contract.","check.ok(new RegExp(`\\b${formats.listSupportedFormats().length}\\b`).test(html), 'the UI banner counts five presentations, as the registry holds');"
"accelerated-launch/service/tests/sections/v-presentation-and-release.cjs","264","v-presentation-and-release","1","KEEP","Current behavior, evidence, isolation, source admission, or consumer contract.","check.ok(/TransUnion Canada consumer disclosure/.test(html), 'and names the second Canadian presentation it now reads');"
"accelerated-launch/service/tests/sections/v-presentation-and-release.cjs","265","v-presentation-and-release","1","KEEP","Current behavior, evidence, isolation, source admission, or consumer contract.","check.ok(!/Nova Scotia selection only/.test(uiJs), 'and the stale Nova Scotia-only claim is gone from the UI');"
"accelerated-launch/service/tests/sections/v-presentation-and-release.cjs","266","v-presentation-and-release","1","KEEP","Current behavior, evidence, isolation, source admission, or consumer contract.","check.ok(!/for <em>one<\/em> report/.test(uiJs), 'and so is the stale one-presentation claim');"
"accelerated-launch/service/tests/sections/v-presentation-and-release.cjs","267","v-presentation-and-release","1","KEEP","Current behavior, evidence, isolation, source admission, or consumer contract.","check.ok(/no payment provider is connected/.test(uiJs), 'and the UI states the payment position plainly');"
"accelerated-launch/service/tests/sections/v-presentation-and-release.cjs","268","v-presentation-and-release","1","KEEP","Current behavior, evidence, isolation, source admission, or consumer contract.","check.ok(/three kinds of check are kept apart/i.test(uiJs), 'and keeps the three check classes apart in the consumer’s words');"
"accelerated-launch/service/tests/sections/v-presentation-and-release.cjs","269","v-presentation-and-release","1","KEEP","Current behavior, evidence, isolation, source admission, or consumer contract.","check.ok(/No issue found/.test(uiJs), 'and states what “no issue found” means to the consumer');"
"accelerated-launch/service/tests/sections/v-presentation-and-release.cjs","272","v-presentation-and-release","1","KEEP","Current behavior, evidence, isolation, source admission, or consumer contract.","check.equal(disclaimerMatches.length, 1, 'exactly one legal-advice disclaimer appears in the main page');"
"accelerated-launch/service/tests/sections/v-presentation-and-release.cjs","273","v-presentation-and-release","1","KEEP","Current behavior, evidence, isolation, source admission, or consumer contract.","check.ok(/<footer[^>]*>[\s\S]*Credit Regulator Pro provides credit-report information, not legal advice\.[\s\S]*<\/footer>/.test(html), 'the single disclaimer is inside the main-page footer');"
"accelerated-launch/service/tests/sections/v-presentation-and-release.cjs","274","v-presentation-and-release","1","KEEP","Current behavior, evidence, isolation, source admission, or consumer contract.","check.ok(!/not legal advi[cs]e/i.test(uiJs), 'the wizard script (steps, results, explanations) carries no legal-advice disclaimer');"
"accelerated-launch/service/tests/sections/v-presentation-and-release.cjs","291","v-presentation-and-release","1","KEEP","Current behavior, evidence, isolation, source admission, or consumer contract.","check.equal(policy.json.check_classes.statutory_rule_comparison.is_a_statutory_check, true, 'a statutory comparison is named as one');"
"accelerated-launch/service/tests/sections/v-presentation-and-release.cjs","292","v-presentation-and-release","1","KEEP","Current behavior, evidence, isolation, source admission, or consumer contract.","check.equal(policy.json.check_classes.report_fact_consistency.is_a_statutory_check, false, 'a factual observation is not');"
"accelerated-launch/service/tests/sections/v-presentation-and-release.cjs","293","v-presentation-and-release","1","KEEP","Current behavior, evidence, isolation, source admission, or consumer contract.","check.equal(policy.json.check_classes.printed_policy_observation.is_a_statutory_check, false, 'and neither is a policy observation');"
"accelerated-launch/service/tests/sections/v-presentation-and-release.cjs","294","v-presentation-and-release","1","KEEP","Current behavior, evidence, isolation, source admission, or consumer contract.","check.ok(/never added/.test(policy.json.check_classes.never_summed), 'and the three are never summed');"
"accelerated-launch/service/tests/sections/v-presentation-and-release.cjs","295","v-presentation-and-release","1","KEEP","Current behavior, evidence, isolation, source admission, or consumer contract.","check.ok(results.SET_QUALIFICATIONS.some((line) => /Three kinds of check/.test(line)), 'the result set carries the same separation');"
"accelerated-launch/service/tests/sections/v-presentation-and-release.cjs","296","v-presentation-and-release","1","KEEP","Current behavior, evidence, isolation, source admission, or consumer contract.","check.ok(results.SET_QUALIFICATIONS.some((line) => /never substituted for one another/.test(line)),"
"accelerated-launch/service/tests/sections/v-presentation-and-release.cjs","298","v-presentation-and-release","1","KEEP","Current behavior, evidence, isolation, source admission, or consumer contract.","check.ok(results.SET_QUALIFICATIONS.some((line) => /neither is a check that passed/.test(line)),"
"accelerated-launch/service/tests/sections/v-presentation-and-release.cjs","304","v-presentation-and-release","1","KEEP","Current behavior, evidence, isolation, source admission, or consumer contract.","check.equal(view.json.view.result.eligibility.draft_eligible, false, 'no result set in this build is eligible for a draft');"
"accelerated-launch/service/tests/sections/v-presentation-and-release.cjs","305","v-presentation-and-release","1","KEEP","Current behavior, evidence, isolation, source admission, or consumer contract.","check.equal(view.json.view.download.response_draft_available, false, 'so the download boundary says no draft is available');"
"accelerated-launch/service/tests/sections/v-presentation-and-release.cjs","308","v-presentation-and-release","1","KEEP","Current behavior, evidence, isolation, source admission, or consumer contract.","check.equal(draft.status, 409, 'and asking for a draft is refused even after review');"
"accelerated-launch/service/tests/sections/v-presentation-and-release.cjs","309","v-presentation-and-release","1","KEEP","Current behavior, evidence, isolation, source admission, or consumer contract.","check.equal(draft.json.error.code, 'RESULT_NOT_ELIGIBLE_FOR_DRAFT', 'with the recorded output permission as the reason');"
"accelerated-launch/service/tests/sections/v-presentation-and-release.cjs","312","v-presentation-and-release","1","KEEP","Current behavior, evidence, isolation, source admission, or consumer contract.","check.equal(download.status, 200, 'the download interface is still exercisable');"
"accelerated-launch/service/tests/sections/v-presentation-and-release.cjs","313","v-presentation-and-release","1","KEEP","Current behavior, evidence, isolation, source admission, or consumer contract.","check.ok(/DEMONSTRATION OUTPUT/.test(download.text) && /NOT A RESPONSE DRAFT/.test(download.text),"
"accelerated-launch/service/tests/sections/v-presentation-and-release.cjs","315","v-presentation-and-release","1","KEEP","Current behavior, evidence, isolation, source admission, or consumer contract.","check.ok(!/TransUnion|Equifax|account number/i.test(download.text), 'and carries no bureau name and no account detail');"
"accelerated-launch/service/tests/sections/v-presentation-and-release.cjs","321","v-presentation-and-release","1","KEEP","Current behavior, evidence, isolation, source admission, or consumer contract.","check.equal(report.launch_ready, false, 'the release check does not report this build as launch ready');"
"accelerated-launch/service/tests/sections/v-presentation-and-release.cjs","322","v-presentation-and-release","1","KEEP","Current behavior, evidence, isolation, source admission, or consumer contract.","check.equal(report.state, 'NOT_LAUNCH_READY', 'and names the state plainly');"
"accelerated-launch/service/tests/sections/v-presentation-and-release.cjs","323","v-presentation-and-release","1","KEEP","Current behavior, evidence, isolation, source admission, or consumer contract.","check.equal(report.deployment_performed, false, 'no deployment was performed');"
"accelerated-launch/service/tests/sections/v-presentation-and-release.cjs","324","v-presentation-and-release","1","KEEP","Current behavior, evidence, isolation, source admission, or consumer contract.","check.equal(report.network_calls_made, 0, 'and no network call was made');"
"accelerated-launch/service/tests/sections/v-presentation-and-release.cjs","325","v-presentation-and-release","1","KEEP","Current behavior, evidence, isolation, source admission, or consumer contract.","check.ok(report.launch_blocking_failures.includes('PAYMENT_PROVIDER_IS_CONFIGURED_FOR_BILLING'),"
"accelerated-launch/service/tests/sections/v-presentation-and-release.cjs","327","v-presentation-and-release","1","KEEP","Current behavior, evidence, isolation, source admission, or consumer contract.","check.ok(/authorization/i.test(report.next_release_action), 'with the next release action named');"
"accelerated-launch/service/tests/sections/v-presentation-and-release.cjs","328","v-presentation-and-release","1","REWRITE","Frozen historical next-action priority is not the current Prime Directive build priority.","check.ok(/format evidence/i.test(report.next_release_action), 'and format evidence named FIRST, because that is the owner\'s priority');"
"accelerated-launch/service/tests/sections/v-presentation-and-release.cjs","329","v-presentation-and-release","1","KEEP","Current behavior, evidence, isolation, source admission, or consumer contract.","check.equal(fs.existsSync(outFile), existed, 'and running it with write disabled wrote nothing');"
"accelerated-launch/service/tests/sections/v-presentation-and-release.cjs","344","v-presentation-and-release","8","KEEP","Current behavior, evidence, isolation, source admission, or consumer contract.","check.ok(entry, `the release check includes ${id}`);"
"accelerated-launch/service/tests/sections/v-presentation-and-release.cjs","345","v-presentation-and-release","8","KEEP","Current behavior, evidence, isolation, source admission, or consumer contract.","check.equal(entry.blocks_launch, true, `${id} blocks a launch`);"
"accelerated-launch/service/tests/sections/v-presentation-and-release.cjs","346","v-presentation-and-release","8","KEEP","Current behavior, evidence, isolation, source admission, or consumer contract.","check.ok(typeof entry.category === 'string' && entry.category.length > 0, `${id} carries a category`);"
"accelerated-launch/service/tests/sections/v-presentation-and-release.cjs","350","v-presentation-and-release","1","KEEP","Current behavior, evidence, isolation, source admission, or consumer contract.","check.deepEqual(report.blockers_by_category.map((row) => row.category), [...new Set(CHECKS.map((c) => c.category))].sort(),"
"accelerated-launch/service/tests/sections/v-presentation-and-release.cjs","352","v-presentation-and-release","1","KEEP","Current behavior, evidence, isolation, source admission, or consumer contract.","check.equal(report.format_support_blocked, true, 'format support IS blocked, and the report says so in a field of its own');"
"accelerated-launch/service/tests/sections/v-presentation-and-release.cjs","353","v-presentation-and-release","1","KEEP","Current behavior, evidence, isolation, source admission, or consumer contract.","check.ok(report.format_support_blocked_in_regions.includes('GB'),"
"accelerated-launch/service/tests/sections/v-presentation-and-release.cjs","356","v-presentation-and-release","1","KEEP","Current behavior, evidence, isolation, source admission, or consumer contract.","check.deepEqual(gbCheck.affected_regions, ['GB'], 'the GB check reports its own affected region');"
"accelerated-launch/service/tests/sections/v-presentation-and-release.cjs","357","v-presentation-and-release","1","KEEP","Current behavior, evidence, isolation, source admission, or consumer contract.","check.ok(/1 June 2007/.test(gbCheck.detail), 'and states the reason in terms of the evidence, not a score');"
"accelerated-launch/service/tests/sections/v-presentation-and-release.cjs","359","v-presentation-and-release","1","KEEP","Current behavior, evidence, isolation, source admission, or consumer contract.","check.deepEqual(deploymentCheck.affected_regions, ['CA', 'AU', 'US', 'GB'], 'and the deployment blocker names every market it holds back');"
"accelerated-launch/service/tests/sections/v-presentation-and-release.cjs","360","v-presentation-and-release","1","KEEP","Current behavior, evidence, isolation, source admission, or consumer contract.","check.ok(report.blockers_by_category.some((row) => row.category === 'PAYMENT' && row.launch_blocking_checks_failed.length),"
"accelerated-launch/service/tests/sections/w-ca-second-bureau-format.cjs","89","w-ca-second-bureau-format","1","KEEP","Current behavior, evidence, isolation, source admission, or consumer contract.","check.ok(fs.existsSync(ADMISSION_RECORD), 'the TransUnion Canada admission record is present');"
"accelerated-launch/service/tests/sections/w-ca-second-bureau-format.cjs","90","w-ca-second-bureau-format","1","KEEP","Current behavior, evidence, isolation, source admission, or consumer contract.","check.ok(fs.existsSync(MEASUREMENT), 'the measurement the admission record rests on is present');"
"accelerated-launch/service/tests/sections/w-ca-second-bureau-format.cjs","94","w-ca-second-bureau-format","1","KEEP","Current behavior, evidence, isolation, source admission, or consumer contract.","check.equal(record.family.family_id, tuCa.FAMILY_ID, 'the record names the family this suite registers');"
"accelerated-launch/service/tests/sections/w-ca-second-bureau-format.cjs","95","w-ca-second-bureau-format","1","KEEP","Current behavior, evidence, isolation, source admission, or consumer contract.","check.equal(record.family.admission_path, 'EVIDENCED_STRUCTURAL_CONTRACT', 'and the path it was admitted by');"
"accelerated-launch/service/tests/sections/w-ca-second-bureau-format.cjs","96","w-ca-second-bureau-format","1","KEEP","Current behavior, evidence, isolation, source admission, or consumer contract.","check.equal(record.evidence.sha256, tuCa.FAMILY_CONTRACT.evidenced_sha256, 'the record pins the digest the module pins');"
"accelerated-launch/service/tests/sections/w-ca-second-bureau-format.cjs","97","w-ca-second-bureau-format","1","KEEP","Current behavior, evidence, isolation, source admission, or consumer contract.","check.equal(measurement.recorded_digest, tuCa.FAMILY_CONTRACT.evidenced_sha256, 'the measurement pins the same digest');"
"accelerated-launch/service/tests/sections/w-ca-second-bureau-format.cjs","98","w-ca-second-bureau-format","1","KEEP","Current behavior, evidence, isolation, source admission, or consumer contract.","check.equal(measurement.digest_matches_the_register, true, 'and a fresh reading still matches the preserved register');"
"accelerated-launch/service/tests/sections/w-ca-second-bureau-format.cjs","99","w-ca-second-bureau-format","1","KEEP","Current behavior, evidence, isolation, source admission, or consumer contract.","check.equal(measurement.register_status_as_recorded, 'SECONDARY_CORROBORATING_PRESENTATION_NOT_ADMITTED_FOR_A_RULE_UNIT',"
"accelerated-launch/service/tests/sections/w-ca-second-bureau-format.cjs","101","w-ca-second-bureau-format","1","KEEP","Current behavior, evidence, isolation, source admission, or consumer contract.","check.equal(measurement.specimen_preserved_untouched, true, 'and the record states the specimen was preserved untouched');"
"accelerated-launch/service/tests/sections/w-ca-second-bureau-format.cjs","102","w-ca-second-bureau-format","1","KEEP","Current behavior, evidence, isolation, source admission, or consumer contract.","check.equal(measurement.specimen_copied_into_this_repository, false, 'and that it was not copied into this repository');"
"accelerated-launch/service/tests/sections/w-ca-second-bureau-format.cjs","103","w-ca-second-bureau-format","1","KEEP","Current behavior, evidence, isolation, source admission, or consumer contract.","check.equal(record.amendment_procedure.an_amendment_was_required, false,"
"accelerated-launch/service/tests/sections/w-ca-second-bureau-format.cjs","105","w-ca-second-bureau-format","1","KEEP","Current behavior, evidence, isolation, source admission, or consumer contract.","check.ok(record.preserved_unchanged.some((row) => row.artifact === 'the specimen\'s own bytes'),"
"accelerated-launch/service/tests/sections/w-ca-second-bureau-format.cjs","119","w-ca-second-bureau-format","1","KEEP","Current behavior, evidence, isolation, source admission, or consumer contract.","check.equal(caScope.RECORDED_NOT_ADMITTED[0].sha256, specimens.transunion.sha256,"
"accelerated-launch/service/tests/sections/w-ca-second-bureau-format.cjs","121","w-ca-second-bureau-format","1","KEEP","Current behavior, evidence, isolation, source admission, or consumer contract.","check.equal(model.page_count, record.evidence.pages, 'the page count still matches the record');"
"accelerated-launch/service/tests/sections/w-ca-second-bureau-format.cjs","122","w-ca-second-bureau-format","1","KEEP","Current behavior, evidence, isolation, source admission, or consumer contract.","check.equal(model.pages.length, record.evidence.pages, 'and every page still carries a text layer this build reads');"
"accelerated-launch/service/tests/sections/w-ca-second-bureau-format.cjs","123","w-ca-second-bureau-format","1","KEEP","Current behavior, evidence, isolation, source admission, or consumer contract.","check.equal(model.encryption.raw, record.evidence.encryption, 'the container\'s own encryption flags are exactly the recorded ones');"
"accelerated-launch/service/tests/sections/w-ca-second-bureau-format.cjs","124","w-ca-second-bureau-format","1","KEEP","Current behavior, evidence, isolation, source admission, or consumer contract.","check.equal(model.encryption.copy_allowed, true, 'and the document still permits the text to be extracted');"
"accelerated-launch/service/tests/sections/w-ca-second-bureau-format.cjs","125","w-ca-second-bureau-format","1","KEEP","Current behavior, evidence, isolation, source admission, or consumer contract.","check.equal(model.page_size.label, 'letter', 'and the page geometry is still what the record states');"
"accelerated-launch/service/tests/sections/w-ca-second-bureau-format.cjs","127","w-ca-second-bureau-format","6","KEEP","Current behavior, evidence, isolation, source admission, or consumer contract.","check.equal(countOf(heading), expected, `re-measured: ""${heading}"" is printed ${expected} time(s), as recorded`);"
"accelerated-launch/service/tests/sections/w-ca-second-bureau-format.cjs","129","w-ca-second-bureau-format","1","KEEP","Current behavior, evidence, isolation, source admission, or consumer contract.","check.equal(lines.filter((l) => tuCa.readable(l.text).trim() === tuCa.RECORD_BOUNDARY_LABEL).length,"
"accelerated-launch/service/tests/sections/w-ca-second-bureau-format.cjs","133","w-ca-second-bureau-format","8","KEEP","Current behavior, evidence, isolation, source admission, or consumer contract.","check.equal(countOf(label), expected, `re-measured: ""${label}"" is printed ${expected} time(s), as recorded`);"
"accelerated-launch/service/tests/sections/w-ca-second-bureau-format.cjs","135","w-ca-second-bureau-format","1","KEEP","Current behavior, evidence, isolation, source admission, or consumer contract.","check.equal(record.measured_structure.printed_date_forms['Mon D, YYYY'],"
"accelerated-launch/service/tests/sections/w-ca-second-bureau-format.cjs","137","w-ca-second-bureau-format","1","KEEP","Current behavior, evidence, isolation, source admission, or consumer contract.","check.equal(record.measured_structure.printed_date_forms['Mon YYYY (printed without a day)'],"
"accelerated-launch/service/tests/sections/w-ca-second-bureau-format.cjs","139","w-ca-second-bureau-format","1","KEEP","Current behavior, evidence, isolation, source admission, or consumer contract.","check.equal((text.match(/\b\d{1,4}\/\d{1,2}\/\d{1,4}\b/g) || []).length, 0,"
"accelerated-launch/service/tests/sections/w-ca-second-bureau-format.cjs","141","w-ca-second-bureau-format","1","KEEP","Current behavior, evidence, isolation, source admission, or consumer contract.","check.ok(record.measured_structure.two_column_geometry.the_ranges_overlap,"
"accelerated-launch/service/tests/sections/w-ca-second-bureau-format.cjs","152","w-ca-second-bureau-format","1","KEEP","Current behavior, evidence, isolation, source admission, or consumer contract.","check.equal(caAdapters.length, 2, 'exactly TWO presentations are registered for Canada, one per bureau');"
"accelerated-launch/service/tests/sections/w-ca-second-bureau-format.cjs","153","w-ca-second-bureau-format","1","KEEP","Current behavior, evidence, isolation, source admission, or consumer contract.","check.deepEqual(caAdapters.map((a) => a.presentation_id).sort(), ['PR-01', tuCa.FAMILY_ID].sort(),"
"accelerated-launch/service/tests/sections/w-ca-second-bureau-format.cjs","155","w-ca-second-bureau-format","1","KEEP","Current behavior, evidence, isolation, source admission, or consumer contract.","check.equal(families.length, 1, 'exactly ONE Canadian format family is admitted');"
"accelerated-launch/service/tests/sections/w-ca-second-bureau-format.cjs","156","w-ca-second-bureau-format","1","KEEP","Current behavior, evidence, isolation, source admission, or consumer contract.","check.equal(families[0].family_id, tuCa.FAMILY_ID, 'and it is the TransUnion family, not a widened Equifax contract');"
"accelerated-launch/service/tests/sections/w-ca-second-bureau-format.cjs","157","w-ca-second-bureau-format","1","KEEP","Current behavior, evidence, isolation, source admission, or consumer contract.","check.equal(caScope.FAMILY_ADMISSION.admitted, false,"
"accelerated-launch/service/tests/sections/w-ca-second-bureau-format.cjs","159","w-ca-second-bureau-format","1","KEEP","Current behavior, evidence, isolation, source admission, or consumer contract.","check.equal(caScope.COUNTRY_FAMILY_ADMISSION.admitted, true,"
"accelerated-launch/service/tests/sections/w-ca-second-bureau-format.cjs","161","w-ca-second-bureau-format","1","KEEP","Current behavior, evidence, isolation, source admission, or consumer contract.","check.equal(formats.presentationScope().CA.family_admitted, true, 'the coverage surface reports the country-level truth');"
"accelerated-launch/service/tests/sections/w-ca-second-bureau-format.cjs","162","w-ca-second-bureau-format","1","KEEP","Current behavior, evidence, isolation, source admission, or consumer contract.","check.equal(formats.presentationScope().CA.equifax_family_admitted, false, 'and the Equifax-specific truth separately');"
"accelerated-launch/service/tests/sections/w-ca-second-bureau-format.cjs","163","w-ca-second-bureau-format","1","KEEP","Current behavior, evidence, isolation, source admission, or consumer contract.","check.ok(/structural contract/i.test(formats.presentationScope().CA.plain),"
"accelerated-launch/service/tests/sections/w-ca-second-bureau-format.cjs","167","w-ca-second-bureau-format","1","KEEP","Current behavior, evidence, isolation, source admission, or consumer contract.","check.equal(tuCa.FAMILY_CONTRACT.record_boundary_label, 'Creditor Name',"
"accelerated-launch/service/tests/sections/w-ca-second-bureau-format.cjs","169","w-ca-second-bureau-format","1","KEEP","Current behavior, evidence, isolation, source admission, or consumer contract.","check.notEqual(tuCa.FAMILY_CONTRACT.record_boundary_label, PR_01_CONTRACT.record_boundary_label,"
"accelerated-launch/service/tests/sections/w-ca-second-bureau-format.cjs","171","w-ca-second-bureau-format","1","KEEP","Current behavior, evidence, isolation, source admission, or consumer contract.","check.equal(tuCa.FAMILY_CONTRACT.printed_date_forms[0], 'Mon D, YYYY', 'and it states its own printed date form');"
"accelerated-launch/service/tests/sections/w-ca-second-bureau-format.cjs","172","w-ca-second-bureau-format","1","KEEP","Current behavior, evidence, isolation, source admission, or consumer contract.","check.ok(!PR_01_DATE_FORM.includes('Mon D, YYYY'),"
"accelerated-launch/service/tests/sections/w-ca-second-bureau-format.cjs","174","w-ca-second-bureau-format","1","KEEP","Current behavior, evidence, isolation, source admission, or consumer contract.","check.ok(!tuCa.FAMILY_CONTRACT.boundary.join(' ').includes('Equifax layout'),"
"accelerated-launch/service/tests/sections/w-ca-second-bureau-format.cjs","176","w-ca-second-bureau-format","1","KEEP","Current behavior, evidence, isolation, source admission, or consumer contract.","check.ok(/PR-01.s digest gate is untouched/.test(tuCa.FAMILY_CONTRACT.boundary.join(' ')),"
"accelerated-launch/service/tests/sections/w-ca-second-bureau-format.cjs","181","w-ca-second-bureau-format","2","KEEP","Current behavior, evidence, isolation, source admission, or consumer contract.","check.equal(adapter.presentation_required, 'PR-01', `${adapter.adapter_id} is bound to PR-01`);"
"accelerated-launch/service/tests/sections/w-ca-second-bureau-format.cjs","187","w-ca-second-bureau-format","1","KEEP","Current behavior, evidence, isolation, source admission, or consumer contract.","check.equal(judgmentContent.presentation_required, 'GENERAL-BUREAU-REPORT', 'the judgment-content rule is bound to the general-report route, not PR-01');"
"accelerated-launch/service/tests/sections/w-ca-second-bureau-format.cjs","189","w-ca-second-bureau-format","1","KEEP","Current behavior, evidence, isolation, source admission, or consumer contract.","check.equal(dismissedCharge.presentation_required, 'GENERAL-BUREAU-REPORT', 'the dismissed-charge rule is bound to the general-report route, not PR-01');"
"accelerated-launch/service/tests/sections/w-ca-second-bureau-format.cjs","198","w-ca-second-bureau-format","1","KEEP","Current behavior, evidence, isolation, source admission, or consumer contract.","check.equal(ns.results.length, 0, 'no statutory comparison is performed on the TransUnion presentation, even in Nova Scotia');"
"accelerated-launch/service/tests/sections/w-ca-second-bureau-format.cjs","199","w-ca-second-bureau-format","1","KEEP","Current behavior, evidence, isolation, source admission, or consumer contract.","check.deepEqual(ns.assessment_kinds, ['REPORT_FACT_CONSISTENCY', 'COMMON_ERROR'],"
"accelerated-launch/service/tests/sections/w-ca-second-bureau-format.cjs","201","w-ca-second-bureau-format","1","KEEP","Current behavior, evidence, isolation, source admission, or consumer contract.","check.ok(ns.unavailable_checks.length > 0, 'and every recorded limb is reported as not run against this format rather than silently dropped');"
"accelerated-launch/service/tests/sections/w-ca-second-bureau-format.cjs","202","w-ca-second-bureau-format","1","KEEP","Current behavior, evidence, isolation, source admission, or consumer contract.","check.ok(ns.unavailable_checks.every((row) => typeof row.plain === 'string' && row.plain.length > 0),"
"accelerated-launch/service/tests/sections/w-ca-second-bureau-format.cjs","204","w-ca-second-bureau-format","1","KEEP","Current behavior, evidence, isolation, source admission, or consumer contract.","check.ok(ns.unavailable_checks.some((row) => /format/i.test(row.plain)),"
"accelerated-launch/service/tests/sections/w-ca-second-bureau-format.cjs","215","w-ca-second-bureau-format","1","KEEP","Current behavior, evidence, isolation, source admission, or consumer contract.","check.ok(nsEquifax.results.length > 0, 'the same limbs DO run on the admitted Equifax presentation, so nothing was narrowed there');"
"accelerated-launch/service/tests/sections/w-ca-second-bureau-format.cjs","239","w-ca-second-bureau-format","1","KEEP","Current behavior, evidence, isolation, source admission, or consumer contract.","check.equal(extraction.presentation_id, tuCa.FAMILY_ID, 'the real specimen is read by the TransUnion family');"
"accelerated-launch/service/tests/sections/w-ca-second-bureau-format.cjs","240","w-ca-second-bureau-format","1","KEEP","Current behavior, evidence, isolation, source admission, or consumer contract.","check.equal(extraction.admission.state, 'ADMITTED_FAMILY_STRUCTURE', 'admitted on its measured structure');"
"accelerated-launch/service/tests/sections/w-ca-second-bureau-format.cjs","241","w-ca-second-bureau-format","1","KEEP","Current behavior, evidence, isolation, source admission, or consumer contract.","check.equal(extraction.admission.predicates.filter((p) => !p.passed).length, 0, 'with every predicate passing');"
"accelerated-launch/service/tests/sections/w-ca-second-bureau-format.cjs","242","w-ca-second-bureau-format","1","KEEP","Current behavior, evidence, isolation, source admission, or consumer contract.","check.equal(extraction.admission.predicates.length, 11, 'and eleven predicates actually evaluated');"
"accelerated-launch/service/tests/sections/w-ca-second-bureau-format.cjs","243","w-ca-second-bureau-format","1","KEEP","Current behavior, evidence, isolation, source admission, or consumer contract.","check.equal(extraction.support, 'ACTUAL_REPORT_EVIDENCE', 'and it is reported as actual report evidence');"
"accelerated-launch/service/tests/sections/w-ca-second-bureau-format.cjs","247","w-ca-second-bureau-format","1","KEEP","Current behavior, evidence, isolation, source admission, or consumer contract.","check.equal(tradelines.length, 4, 'four account blocks are located, one per boundary line');"
"accelerated-launch/service/tests/sections/w-ca-second-bureau-format.cjs","248","w-ca-second-bureau-format","1","KEEP","Current behavior, evidence, isolation, source admission, or consumer contract.","check.ok(enquiries.length > 100, 'and the enquiry rows are located as rows that begin with a printed date');"
"accelerated-launch/service/tests/sections/w-ca-second-bureau-format.cjs","249","w-ca-second-bureau-format","1","KEEP","Current behavior, evidence, isolation, source admission, or consumer contract.","check.deepEqual(tradelines.map((r) => r.record_index), [1, 2, 3, 4], 'each account block carries its own index');"
"accelerated-launch/service/tests/sections/w-ca-second-bureau-format.cjs","250","w-ca-second-bureau-format","1","KEEP","Current behavior, evidence, isolation, source admission, or consumer contract.","check.ok(tradelines.every((r) => r.boundary.page && r.boundary.line), 'each boundary names the page and line it began at');"
"accelerated-launch/service/tests/sections/w-ca-second-bureau-format.cjs","251","w-ca-second-bureau-format","1","KEEP","Current behavior, evidence, isolation, source admission, or consumer contract.","check.ok(tradelines.every((r) => r.end.page > r.boundary.page || r.end.line > r.boundary.line),"
"accelerated-launch/service/tests/sections/w-ca-second-bureau-format.cjs","253","w-ca-second-bureau-format","1","KEEP","Current behavior, evidence, isolation, source admission, or consumer contract.","check.ok(tradelines.every((r) => r.creditor_name_read === false),"
"accelerated-launch/service/tests/sections/w-ca-second-bureau-format.cjs","255","w-ca-second-bureau-format","1","KEEP","Current behavior, evidence, isolation, source admission, or consumer contract.","check.ok(tradelines.every((r) => r.creditor_name_printed_on_the_next_line === true),"
"accelerated-launch/service/tests/sections/w-ca-second-bureau-format.cjs","273","w-ca-second-bureau-format","1","KEEP","Current behavior, evidence, isolation, source admission, or consumer contract.","check.equal(Object.keys(states).sort().join(','), 'LABEL_PRINTED_WITHOUT_VALUE,VALUE',"
"accelerated-launch/service/tests/sections/w-ca-second-bureau-format.cjs","275","w-ca-second-bureau-format","1","KEEP","Current behavior, evidence, isolation, source admission, or consumer contract.","check.equal(states.VALUE + states.LABEL_PRINTED_WITHOUT_VALUE, 32, 'and exactly eight fields per block, four blocks');"
"accelerated-launch/service/tests/sections/w-ca-second-bureau-format.cjs","276","w-ca-second-bureau-format","1","KEEP","Current behavior, evidence, isolation, source admission, or consumer contract.","check.ok(tradelines.every((r) => r.printed['Reported Date'].state === 'VALUE' && r.printed['Reported Date'].normalized),"
"accelerated-launch/service/tests/sections/w-ca-second-bureau-format.cjs","278","w-ca-second-bureau-format","1","KEEP","Current behavior, evidence, isolation, source admission, or consumer contract.","check.ok(tradelines.every((r) => r.printed['Opened Date'].state === 'VALUE' && r.printed['Opened Date'].normalized),"
"accelerated-launch/service/tests/sections/w-ca-second-bureau-format.cjs","280","w-ca-second-bureau-format","1","KEEP","Current behavior, evidence, isolation, source admission, or consumer contract.","check.ok(tradelines.some((r) => r.printed['Closed Date'].state === 'LABEL_PRINTED_WITHOUT_VALUE'),"
"accelerated-launch/service/tests/sections/w-ca-second-bureau-format.cjs","283","w-ca-second-bureau-format","1","KEEP","Current behavior, evidence, isolation, source admission, or consumer contract.","check.equal(closedBlank + tradelines.filter((r) => r.printed['Closed Date'].state === 'VALUE').length, 4,"
"accelerated-launch/service/tests/sections/w-ca-second-bureau-format.cjs","287","w-ca-second-bureau-format","1","KEEP","Current behavior, evidence, isolation, source admission, or consumer contract.","check.deepEqual([...blankReasons], ['NO_PRINTED_DATE_AT_THIS_LABEL_VALUE_POSITION'],"
"accelerated-launch/service/tests/sections/w-ca-second-bureau-format.cjs","289","w-ca-second-bureau-format","1","KEEP","Current behavior, evidence, isolation, source admission, or consumer contract.","check.ok(!tradelines.some((r) => Object.values(r.printed).some((f) => f.state === 'VALUE_MALFORMED_PRINTED_FORM')),"
"accelerated-launch/service/tests/sections/w-ca-second-bureau-format.cjs","291","w-ca-second-bureau-format","1","KEEP","Current behavior, evidence, isolation, source admission, or consumer contract.","check.ok(!Object.keys(tradelines[0].printed).includes('Terms'), 'the Terms label is not read as a field at all');"
"accelerated-launch/service/tests/sections/w-ca-second-bureau-format.cjs","292","w-ca-second-bureau-format","1","KEEP","Current behavior, evidence, isolation, source admission, or consumer contract.","check.ok(view.printed_but_not_read.some((row) => row.printed_as.includes('Terms:')),"
"accelerated-launch/service/tests/sections/w-ca-second-bureau-format.cjs","294","w-ca-second-bureau-format","1","KEEP","Current behavior, evidence, isolation, source admission, or consumer contract.","check.ok(view.printed_but_not_read.some((row) => row.printed_as.includes('Payment')),"
"accelerated-launch/service/tests/sections/w-ca-second-bureau-format.cjs","303","w-ca-second-bureau-format","1","KEEP","Current behavior, evidence, isolation, source admission, or consumer contract.","check.equal(partials.length, 7, 'seven printed dates carry a month and a year and NO day');"
"accelerated-launch/service/tests/sections/w-ca-second-bureau-format.cjs","304","w-ca-second-bureau-format","1","KEEP","Current behavior, evidence, isolation, source admission, or consumer contract.","check.ok(partials.every((f) => f.normalized === null && f.reason === 'PRINTED_WITHOUT_A_DAY'),"
"accelerated-launch/service/tests/sections/w-ca-second-bureau-format.cjs","306","w-ca-second-bureau-format","1","KEEP","Current behavior, evidence, isolation, source admission, or consumer contract.","check.ok(partials.every((f) => /^\d{4}-\d{2}$/.test(f.month_and_year)),"
"accelerated-launch/service/tests/sections/w-ca-second-bureau-format.cjs","309","w-ca-second-bureau-format","1","KEEP","Current behavior, evidence, isolation, source admission, or consumer contract.","check.equal(view.reference_date.status, 'RESOLVED', 'the report\'s own file date is resolved');"
"accelerated-launch/service/tests/sections/w-ca-second-bureau-format.cjs","310","w-ca-second-bureau-format","1","KEEP","Current behavior, evidence, isolation, source admission, or consumer contract.","check.equal(view.reference_date.occurrences_recorded, 1, 'from exactly one printed occurrence of the phrase');"
"accelerated-launch/service/tests/sections/w-ca-second-bureau-format.cjs","311","w-ca-second-bureau-format","1","KEEP","Current behavior, evidence, isolation, source admission, or consumer contract.","check.ok(/^\d{4}-\d{2}-\d{2}$/.test(view.reference_date.normalized), 'and it normalizes to a calendar date');"
"accelerated-launch/service/tests/sections/w-ca-second-bureau-format.cjs","312","w-ca-second-bureau-format","1","KEEP","Current behavior, evidence, isolation, source admission, or consumer contract.","check.equal(view.report_text_retained, false, 'no page text is retained in the view');"
"accelerated-launch/service/tests/sections/w-ca-second-bureau-format.cjs","313","w-ca-second-bureau-format","1","KEEP","Current behavior, evidence, isolation, source admission, or consumer contract.","check.deepEqual(view.policy_statements, [], 'and no retention statement is invented for this presentation');"
"accelerated-launch/service/tests/sections/w-ca-second-bureau-format.cjs","315","w-ca-second-bureau-format","1","KEEP","Current behavior, evidence, isolation, source admission, or consumer contract.","check.ok(tradelines.length > 0 && tradelines.every((r) => r.facts && typeof r.facts['liability.openedDate'] === 'string'),"
"accelerated-launch/service/tests/sections/w-ca-second-bureau-format.cjs","338","w-ca-second-bureau-format","1","KEEP","Current behavior, evidence, isolation, source admission, or consumer contract.","check.equal(tu.summary.registered, 2, 'two factual checks are registered for the TransUnion layout');"
"accelerated-launch/service/tests/sections/w-ca-second-bureau-format.cjs","339","w-ca-second-bureau-format","1","KEEP","Current behavior, evidence, isolation, source admission, or consumer contract.","check.deepEqual(tu.summary.check_ids.slice().sort(), TU_FACTUAL_IDS.slice().sort(), 'and they are the TransUnion checks');"
"accelerated-launch/service/tests/sections/w-ca-second-bureau-format.cjs","340","w-ca-second-bureau-format","1","KEEP","Current behavior, evidence, isolation, source admission, or consumer contract.","check.ok(!tu.summary.check_ids.includes('CA-FACT-DATE-ORDER-WITHIN-RECORD'),"
"accelerated-launch/service/tests/sections/w-ca-second-bureau-format.cjs","348","w-ca-second-bureau-format","1","KEEP","Current behavior, evidence, isolation, source admission, or consumer contract.","check.deepEqual(eq.summary.check_ids.slice().sort(), PR01_FACTUAL_IDS.slice().sort(),"
"accelerated-launch/service/tests/sections/w-ca-second-bureau-format.cjs","350","w-ca-second-bureau-format","1","KEEP","Current behavior, evidence, isolation, source admission, or consumer contract.","check.equal(eq.summary.registered, 4, 'the Equifax registration is unchanged by the second contract');"
"accelerated-launch/service/tests/sections/w-ca-second-bureau-format.cjs","366","w-ca-second-bureau-format","1","KEEP","Current behavior, evidence, isolation, source admission, or consumer contract.","check.equal(synthetic, null, 'a view with no presentation selects no check, so a synthetic model can never borrow one');"
"accelerated-launch/service/tests/sections/w-ca-second-bureau-format.cjs","389","w-ca-second-bureau-format","13","KEEP","Current behavior, evidence, isolation, source admission, or consumer contract.","check.equal(factual.performed.length, 2, `${region}: both TransUnion factual checks ran on the real presentation`);"
"accelerated-launch/service/tests/sections/w-ca-second-bureau-format.cjs","390","w-ca-second-bureau-format","13","KEEP","Current behavior, evidence, isolation, source admission, or consumer contract.","check.deepEqual(factual.summary.check_ids.slice().sort(), TU_FACTUAL_IDS.slice().sort(), `${region}: and they are exactly the two named TransUnion checks`);"
"accelerated-launch/service/tests/sections/w-ca-second-bureau-format.cjs","391","w-ca-second-bureau-format","13","KEEP","Current behavior, evidence, isolation, source admission, or consumer contract.","check.equal(factual.summary.statutory_checks_named, 0, `${region}: no statutory check is among them`);"
"accelerated-launch/service/tests/sections/w-ca-second-bureau-format.cjs","392","w-ca-second-bureau-format","13","KEEP","Current behavior, evidence, isolation, source admission, or consumer contract.","check.equal(evaluated.results.length, 0, `${region}: and no statutory comparison is performed on this presentation`);"
"accelerated-launch/service/tests/sections/w-ca-second-bureau-format.cjs","393","w-ca-second-bureau-format","13","KEEP","Current behavior, evidence, isolation, source admission, or consumer contract.","check.deepEqual(evaluated.assessment_kinds, ['REPORT_FACT_CONSISTENCY', 'COMMON_ERROR'], `${region}: so its assessment names the factual and common-error classes only`);"
"accelerated-launch/service/tests/sections/w-ca-second-bureau-format.cjs","395","w-ca-second-bureau-format","1","KEEP","Current behavior, evidence, isolation, source admission, or consumer contract.","check.equal(Object.keys(perRegion).length, 13, 'all thirteen canonical Canadian selections were evaluated');"
"accelerated-launch/service/tests/sections/w-ca-second-bureau-format.cjs","396","w-ca-second-bureau-format","1","KEEP","Current behavior, evidence, isolation, source admission, or consumer contract.","check.deepEqual(Object.keys(perRegion).sort(), CA_REGIONS, 'and they are exactly the thirteen the recorded relation names');"
"accelerated-launch/service/tests/sections/w-ca-second-bureau-format.cjs","397","w-ca-second-bureau-format","1","KEEP","Current behavior, evidence, isolation, source admission, or consumer contract.","check.equal(OTHER_TWELVE.filter((r) => perRegion[r].factual_checks_performed === 2).length, 12,"
"accelerated-launch/service/tests/sections/w-ca-second-bureau-format.cjs","399","w-ca-second-bureau-format","1","KEEP","Current behavior, evidence, isolation, source admission, or consumer contract.","check.ok(Object.values(perRegion).every((row) => row.dates_compared >= 119),"
"accelerated-launch/service/tests/sections/w-ca-second-bureau-format.cjs","421","w-ca-second-bureau-format","1","KEEP","Current behavior, evidence, isolation, source admission, or consumer contract.","check.equal(upload.status, 201, 'the real TransUnion Canada disclosure is accepted by the upload gate');"
"accelerated-launch/service/tests/sections/w-ca-second-bureau-format.cjs","422","w-ca-second-bureau-format","1","KEEP","Current behavior, evidence, isolation, source admission, or consumer contract.","check.equal(upload.json.receipt.format_detection.supported, true, 'and is ADMITTED, not refused');"
"accelerated-launch/service/tests/sections/w-ca-second-bureau-format.cjs","423","w-ca-second-bureau-format","1","KEEP","Current behavior, evidence, isolation, source admission, or consumer contract.","check.equal(upload.json.receipt.format_detection.presentation_id, tuCa.FAMILY_ID, 'by the TransUnion structural contract');"
"accelerated-launch/service/tests/sections/w-ca-second-bureau-format.cjs","424","w-ca-second-bureau-format","1","KEEP","Current behavior, evidence, isolation, source admission, or consumer contract.","check.equal(upload.json.receipt.format_detection.read_support_is, 'EVIDENCED_STRUCTURAL_CONTRACT', 'and the receipt says which admission path admitted it');"
"accelerated-launch/service/tests/sections/w-ca-second-bureau-format.cjs","425","w-ca-second-bureau-format","1","KEEP","Current behavior, evidence, isolation, source admission, or consumer contract.","check.equal(upload.json.receipt.extraction_summary.presentation_evidence, true, 'it supplies presentation evidence');"
"accelerated-launch/service/tests/sections/w-ca-second-bureau-format.cjs","426","w-ca-second-bureau-format","1","KEEP","Current behavior, evidence, isolation, source admission, or consumer contract.","check.equal(upload.json.receipt.extraction_summary.reference_date_read, true, 'its own file date is read');"
"accelerated-launch/service/tests/sections/w-ca-second-bureau-format.cjs","427","w-ca-second-bureau-format","1","KEEP","Current behavior, evidence, isolation, source admission, or consumer contract.","check.ok(upload.json.receipt.extraction_summary.accounts_read >= 4, 'and its account blocks are read');"
"accelerated-launch/service/tests/sections/w-ca-second-bureau-format.cjs","430","w-ca-second-bureau-format","1","KEEP","Current behavior, evidence, isolation, source admission, or consumer contract.","check.ok(containerFlags, 'the receipt carries the measured encryption predicate rather than hiding it');"
"accelerated-launch/service/tests/sections/w-ca-second-bureau-format.cjs","431","w-ca-second-bureau-format","1","KEEP","Current behavior, evidence, isolation, source admission, or consumer contract.","check.ok(/encrypted/i.test(containerFlags.detail), 'and it states that the document is encrypted');"
"accelerated-launch/service/tests/sections/w-ca-second-bureau-format.cjs","432","w-ca-second-bureau-format","1","KEEP","Current behavior, evidence, isolation, source admission, or consumer contract.","check.ok(/permits text extraction/i.test(containerFlags.detail), 'and that the document itself permits the reading');"
"accelerated-launch/service/tests/sections/w-ca-second-bureau-format.cjs","435","w-ca-second-bureau-format","1","KEEP","Current behavior, evidence, isolation, source admission, or consumer contract.","check.equal(evaluated.status, 201, 'the case evaluates');"
"accelerated-launch/service/tests/sections/w-ca-second-bureau-format.cjs","437","w-ca-second-bureau-format","1","KEEP","Current behavior, evidence, isolation, source admission, or consumer contract.","check.equal(result.support, 'ACTUAL_REPORT_EVIDENCE', 'and the consumer sees what kind of evidence this is');"
"accelerated-launch/service/tests/sections/w-ca-second-bureau-format.cjs","438","w-ca-second-bureau-format","1","KEEP","Current behavior, evidence, isolation, source admission, or consumer contract.","check.equal(result.observations.length, 0, 'CA-ON produces no statutory observation, because none is recorded for it');"
"accelerated-launch/service/tests/sections/w-ca-second-bureau-format.cjs","439","w-ca-second-bureau-format","1","KEEP","Current behavior, evidence, isolation, source admission, or consumer contract.","check.equal(result.report_consistency_checks.length, 2, 'and exactly the two TransUnion factual checks are reported');"
"accelerated-launch/service/tests/sections/w-ca-second-bureau-format.cjs","440","w-ca-second-bureau-format","1","KEEP","Current behavior, evidence, isolation, source admission, or consumer contract.","check.ok(result.report_consistency_checks.every((c) => c.is_a_finding === false), 'none of them is a finding');"
"accelerated-launch/service/tests/sections/w-ca-second-bureau-format.cjs","441","w-ca-second-bureau-format","1","KEEP","Current behavior, evidence, isolation, source admission, or consumer contract.","check.ok(result.report_consistency_checks.every((c) => c.output_level === 'observation'), 'each is capped at an observation');"
"accelerated-launch/service/tests/sections/w-ca-second-bureau-format.cjs","442","w-ca-second-bureau-format","1","KEEP","Current behavior, evidence, isolation, source admission, or consumer contract.","check.ok(result.report_consistency_checks.every((c) => /not a legal finding|not a statutory finding/.test(c.qualification)),"
"accelerated-launch/service/tests/sections/w-ca-second-bureau-format.cjs","444","w-ca-second-bureau-format","1","KEEP","Current behavior, evidence, isolation, source admission, or consumer contract.","check.ok(!/[A-Z]{2}-(PIPEDA|CRA)/.test(JSON.stringify(result)), 'and no statutory instrument is named anywhere in the result');"
"accelerated-launch/service/tests/sections/w-ca-second-bureau-format.cjs","447","w-ca-second-bureau-format","1","KEEP","Current behavior, evidence, isolation, source admission, or consumer contract.","check.equal(stored.evidence_readings.factual_view.report_text_retained, false, 'the stored view retains no report text');"
"accelerated-launch/service/tests/sections/w-ca-second-bureau-format.cjs","448","w-ca-second-bureau-format","1","KEEP","Current behavior, evidence, isolation, source admission, or consumer contract.","check.ok(!JSON.stringify(stored.evidence_readings).includes(specimens.transunion.sha256),"
"accelerated-launch/service/tests/sections/w-ca-second-bureau-format.cjs","450","w-ca-second-bureau-format","1","KEEP","Current behavior, evidence, isolation, source admission, or consumer contract.","check.ok(!t.logText().includes(specimens.transunion.path), 'the specimen path never reaches a log record');"
"accelerated-launch/service/tests/sections/w-ca-second-bureau-format.cjs","451","w-ca-second-bureau-format","1","KEEP","Current behavior, evidence, isolation, source admission, or consumer contract.","check.ok(!/DAVID|PHILIP|WEBB/.test(t.logText()), 'and no consumer name reaches a log record');"
"accelerated-launch/service/tests/sections/w-ca-second-bureau-format.cjs","454","w-ca-second-bureau-format","1","KEEP","Current behavior, evidence, isolation, source admission, or consumer contract.","check.equal(rendered.status, 200, 'the case renders');"
"accelerated-launch/service/tests/sections/w-ca-second-bureau-format.cjs","455","w-ca-second-bureau-format","1","KEEP","Current behavior, evidence, isolation, source admission, or consumer contract.","check.ok(!/DAVID|PHILIP|WEBB/.test(rendered.text), 'and nothing the consumer sees carries the report\'s own name');"
"accelerated-launch/service/tests/sections/w-ca-second-bureau-format.cjs","458","w-ca-second-bureau-format","1","KEEP","Current behavior, evidence, isolation, source admission, or consumer contract.","check.equal(deleted.status, 200, 'the case deletes');"
"accelerated-launch/service/tests/sections/w-ca-second-bureau-format.cjs","459","w-ca-second-bureau-format","1","KEEP","Current behavior, evidence, isolation, source admission, or consumer contract.","check.equal(t.blobFiles().length, 0, 'and nothing of the report is left on disk');"
"accelerated-launch/service/tests/sections/w-ca-second-bureau-format.cjs","508","w-ca-second-bureau-format","3","KEEP","Current behavior, evidence, isolation, source admission, or consumer contract.","check.equal(detection.presentation_id, 'GENERAL-BUREAU-REPORT',"
"accelerated-launch/service/tests/sections/w-ca-second-bureau-format.cjs","510","w-ca-second-bureau-format","3","KEEP","Current behavior, evidence, isolation, source admission, or consumer contract.","check.notEqual(detection.presentation_id, tuCa.FAMILY_ID,"
"accelerated-launch/service/tests/sections/w-ca-second-bureau-format.cjs","519","w-ca-second-bureau-format","1","KEEP","Current behavior, evidence, isolation, source admission, or consumer contract.","check.equal(equifaxExact.supported, true, 'the admitted Equifax specimen is still admitted, by its own digest');"
"accelerated-launch/service/tests/sections/w-ca-second-bureau-format.cjs","521","w-ca-second-bureau-format","1","KEEP","Current behavior, evidence, isolation, source admission, or consumer contract.","check.equal(equifaxUnderTuContract.admitted, false, 'and the TransUnion contract refuses it, so neither contract reads the other\'s documents');"
"accelerated-launch/service/tests/sections/w-ca-second-bureau-format.cjs","522","w-ca-second-bureau-format","1","KEEP","Current behavior, evidence, isolation, source admission, or consumer contract.","check.ok(equifaxUnderTuContract.predicates.filter((p) => !p.passed).map((p) => p.id).includes('CONSUMER_CHANNEL_MARKERS_PRESENT'),"
"accelerated-launch/service/tests/sections/w-ca-second-bureau-format.cjs","539","w-ca-second-bureau-format","1","KEEP","Current behavior, evidence, isolation, source admission, or consumer contract.","check.equal(detection.supported, true, 'an Equifax Canada file that is not the evidenced specimen is read by the general intake');"
"accelerated-launch/service/tests/sections/w-ca-second-bureau-format.cjs","540","w-ca-second-bureau-format","1","KEEP","Current behavior, evidence, isolation, source admission, or consumer contract.","check.equal(detection.presentation_id, 'GENERAL-BUREAU-REPORT', 'as a general report, not by digest');"
"accelerated-launch/service/tests/sections/w-ca-second-bureau-format.cjs","541","w-ca-second-bureau-format","1","KEEP","Current behavior, evidence, isolation, source admission, or consumer contract.","check.equal(detection.refusals.length, 2, 'and BOTH admissions paths still report their own refusal, so neither hides the other');"
"accelerated-launch/service/tests/sections/w-ca-second-bureau-format.cjs","542","w-ca-second-bureau-format","1","KEEP","Current behavior, evidence, isolation, source admission, or consumer contract.","check.ok(detection.refusals.some((row) => row.presentation_id === 'PR-01'), 'including the digest gate');"
"accelerated-launch/service/tests/sections/w-ca-second-bureau-format.cjs","543","w-ca-second-bureau-format","1","KEEP","Current behavior, evidence, isolation, source admission, or consumer contract.","check.ok(detection.refusals.some((row) => row.presentation_id === tuCa.FAMILY_ID), 'and the structural contract');"
"accelerated-launch/service/tests/sections/w-ca-second-bureau-format.cjs","551","w-ca-second-bureau-format","1","KEEP","Current behavior, evidence, isolation, source admission, or consumer contract.","check.equal(inMemoryReading.admitted, false, 'an in-memory model that prints the right words is still refused');"
"accelerated-launch/service/tests/sections/w-ca-second-bureau-format.cjs","552","w-ca-second-bureau-format","1","KEEP","Current behavior, evidence, isolation, source admission, or consumer contract.","check.equal(inMemoryReading.refusal_reason, 'TU_CA_IN_MEMORY_MODEL_IS_NOT_A_FILE', 'because an in-memory model is not a consumer\'s file');"
"accelerated-launch/service/tests/sections/w-ca-second-bureau-format.cjs","556","w-ca-second-bureau-format","1","KEEP","Current behavior, evidence, isolation, source admission, or consumer contract.","check.equal(wrongChannel.admitted, false, 'a subscriber document that prints the right headings is refused');"
"accelerated-launch/service/tests/sections/w-ca-second-bureau-format.cjs","557","w-ca-second-bureau-format","1","KEEP","Current behavior, evidence, isolation, source admission, or consumer contract.","check.equal(wrongChannel.refusal_reason, 'TU_CA_WRONG_CHANNEL_MARKER', 'on the wrong-channel marker it prints');"
"accelerated-launch/service/tests/sections/w-ca-second-bureau-format.cjs","561","w-ca-second-bureau-format","1","KEEP","Current behavior, evidence, isolation, source admission, or consumer contract.","check.equal(fixture.refusal_reason, 'TU_CA_SYNTHETIC_OR_FIXTURE_MARKER', 'and a synthetic marker refuses a fixture');"
"accelerated-launch/service/tests/sections/w-ca-second-bureau-format.cjs","563","w-ca-second-bureau-format","1","KEEP","Current behavior, evidence, isolation, source admission, or consumer contract.","check.equal(factory.refusal_reason, 'TU_CA_SYNTHETIC_OR_FIXTURE_MARKER', 'and so does a producer that names a synthetic factory');"
"accelerated-launch/service/tests/sections/w-ca-second-bureau-format.cjs","572","w-ca-second-bureau-format","1","KEEP","Current behavior, evidence, isolation, source admission, or consumer contract.","check.equal(sealed.admitted, false, 'a PDF whose own flags withhold copying is refused');"
"accelerated-launch/service/tests/sections/w-ca-second-bureau-format.cjs","573","w-ca-second-bureau-format","1","KEEP","Current behavior, evidence, isolation, source admission, or consumer contract.","check.equal(sealed.refusal_reason, 'TU_CA_ENCRYPTED_WITHOUT_PERMISSION_TO_READ',"
"accelerated-launch/service/tests/sections/w-ca-second-bureau-format.cjs","575","w-ca-second-bureau-format","1","KEEP","Current behavior, evidence, isolation, source admission, or consumer contract.","check.equal(sealed.predicates.find((p) => p.id === 'ENCRYPTION_PERMITS_TEXT_EXTRACTION').passed, false,"
"accelerated-launch/service/tests/sections/w-ca-second-bureau-format.cjs","581","w-ca-second-bureau-format","1","KEEP","Current behavior, evidence, isolation, source admission, or consumer contract.","check.equal(sealedRead.encrypted, true, 'a real captured PDF on this machine is encrypted, measured from its container');"
"accelerated-launch/service/tests/sections/w-ca-second-bureau-format.cjs","582","w-ca-second-bureau-format","1","KEEP","Current behavior, evidence, isolation, source admission, or consumer contract.","check.equal(sealedRead.encryption.copy_allowed, false, 'and its own flags withhold copying');"
"accelerated-launch/service/tests/sections/w-ca-second-bureau-format.cjs","583","w-ca-second-bureau-format","1","KEEP","Current behavior, evidence, isolation, source admission, or consumer contract.","check.equal(sealedRead.pages.length, 0, 'so it is not read, whichever gate measures it');"
"accelerated-launch/service/tests/sections/w-ca-second-bureau-format.cjs","584","w-ca-second-bureau-format","1","KEEP","Current behavior, evidence, isolation, source admission, or consumer contract.","check.equal(tuCa.admit(sealedRead).refusal_reason, 'TU_CA_ENCRYPTED_WITHOUT_PERMISSION_TO_READ',"
"accelerated-launch/service/tests/sections/w-ca-second-bureau-format.cjs","593","w-ca-second-bureau-format","1","KEEP","Current behavior, evidence, isolation, source admission, or consumer contract.","check.equal(thin.admitted, false, 'a document with no consumer-channel markers is refused');"
"accelerated-launch/service/tests/sections/w-ca-second-bureau-format.cjs","594","w-ca-second-bureau-format","1","KEEP","Current behavior, evidence, isolation, source admission, or consumer contract.","check.equal(thin.refusal_reason, 'TU_CA_CONSUMER_CHANNEL_MARKERS_ABSENT', 'at the consumer-channel predicate');"
"accelerated-launch/service/tests/sections/w-ca-second-bureau-format.cjs","595","w-ca-second-bureau-format","1","KEEP","Current behavior, evidence, isolation, source admission, or consumer contract.","check.equal(thin.predicates.length, 11, 'and every predicate is still evaluated and recorded, not just the first');"
"accelerated-launch/service/tests/sections/w-ca-second-bureau-format.cjs","596","w-ca-second-bureau-format","1","KEEP","Current behavior, evidence, isolation, source admission, or consumer contract.","check.ok(thin.predicates.every((p) => typeof p.id === 'string' && typeof p.passed === 'boolean'),"
"accelerated-launch/service/tests/sections/w-ca-second-bureau-format.cjs","671","w-ca-second-bureau-format","1","KEEP","Current behavior, evidence, isolation, source admission, or consumer contract.","check.ok(!t.logText().includes(specimens.transunion ? specimens.transunion.sha256 : '__none__'),"
"accelerated-launch/service/tests/sections/x-b4-pay-001.cjs","38","x-b4-pay-001","1","KEEP","Current behavior, evidence, isolation, source admission, or consumer contract.","check.equal(credits().length, 1, 'a verified one-time payment earns one credit');"
"accelerated-launch/service/tests/sections/x-b4-pay-001.cjs","39","x-b4-pay-001","1","KEEP","Current behavior, evidence, isolation, source admission, or consumer contract.","check.equal(credits()[0].state, 'ELIGIBLE', 'which starts ELIGIBLE');"
"accelerated-launch/service/tests/sections/x-b4-pay-001.cjs","40","x-b4-pay-001","1","KEEP","Current behavior, evidence, isolation, source admission, or consumer contract.","check.equal(credits()[0].amount_cents, 595, 'worth CAD 5.95');"
"accelerated-launch/service/tests/sections/x-b4-pay-001.cjs","44","x-b4-pay-001","1","KEEP","Current behavior, evidence, isolation, source admission, or consumer contract.","check.equal(monthly.status, 201, 'monthly checkout opens');"
"accelerated-launch/service/tests/sections/x-b4-pay-001.cjs","45","x-b4-pay-001","1","KEEP","Current behavior, evidence, isolation, source admission, or consumer contract.","check.equal(monthly.json.checkout.upgrade_credit.reserved, true, 'and the credit is reserved');"
"accelerated-launch/service/tests/sections/x-b4-pay-001.cjs","46","x-b4-pay-001","1","KEEP","Current behavior, evidence, isolation, source admission, or consumer contract.","check.equal(monthly.json.checkout.upgrade_credit.first_invoice_cents, 200, 'first invoice subtotal CAD 2.00');"
"accelerated-launch/service/tests/sections/x-b4-pay-001.cjs","47","x-b4-pay-001","1","KEEP","Current behavior, evidence, isolation, source admission, or consumer contract.","check.equal(monthly.json.checkout.upgrade_credit.renewal_cents, 795, 'renewal stays CAD 7.95');"
"accelerated-launch/service/tests/sections/x-b4-pay-001.cjs","48","x-b4-pay-001","1","KEEP","Current behavior, evidence, isolation, source admission, or consumer contract.","check.equal(credits()[0].state, 'RESERVED', 'state is RESERVED');"
"accelerated-launch/service/tests/sections/x-b4-pay-001.cjs","52","x-b4-pay-001","1","KEEP","Current behavior, evidence, isolation, source admission, or consumer contract.","check.equal(annual.json.checkout.upgrade_credit.reserved, false, 'a concurrent annual checkout reserves nothing');"
"accelerated-launch/service/tests/sections/x-b4-pay-001.cjs","65","x-b4-pay-001","1","KEEP","Current behavior, evidence, isolation, source admission, or consumer contract.","check.equal(mPay.status, 200, 'monthly payment accepted');"
"accelerated-launch/service/tests/sections/x-b4-pay-001.cjs","66","x-b4-pay-001","1","KEEP","Current behavior, evidence, isolation, source admission, or consumer contract.","check.equal(credits()[0].state, 'REDEEMED', 'and the credit is REDEEMED');"
"accelerated-launch/service/tests/sections/x-b4-pay-001.cjs","67","x-b4-pay-001","1","KEEP","Current behavior, evidence, isolation, source admission, or consumer contract.","check.equal(credits()[0].redeemed_plan_code, 'monthly', 'and records the plan it redeemed for');"
"accelerated-launch/service/tests/sections/x-b4-pay-001.cjs","73","x-b4-pay-001","1","KEEP","Current behavior, evidence, isolation, source admission, or consumer contract.","check.equal(bMonthly.json.checkout.upgrade_credit.reserved, true, 'second account reserves');"
"accelerated-launch/service/tests/sections/x-b4-pay-001.cjs","82","x-b4-pay-001","1","KEEP","Current behavior, evidence, isolation, source admission, or consumer contract.","check.equal(bCredit.state, 'ELIGIBLE', 'an expired checkout releases the reservation without extending the window');"
"accelerated-launch/service/tests/sections/x-b4-pay-001.cjs","98","x-b4-pay-001","1","KEEP","Current behavior, evidence, isolation, source admission, or consumer contract.","check.equal(credits().find((r) => r.account_id === c.account_id).state, 'REVOKED', 'a refunded one-time payment revokes its credit');"
"accelerated-launch/service/tests/sections/x-b4-pay-001.cjs","114","x-b4-pay-001","1","KEEP","Current behavior, evidence, isolation, source admission, or consumer contract.","check.equal(unpaid.status, 200, 'unpaid event is processed');"
"accelerated-launch/service/tests/sections/x-b4-pay-001.cjs","115","x-b4-pay-001","1","KEEP","Current behavior, evidence, isolation, source admission, or consumer contract.","check.equal(unpaid.json.event.accepted, false, 'but accepted is false');"
"accelerated-launch/service/tests/sections/x-b4-pay-001.cjs","125","x-b4-pay-001","1","KEEP","Current behavior, evidence, isolation, source admission, or consumer contract.","check.equal(dlA.status, 409, 'the purchased case passes the download gate (409 = entitled but no result yet)');"
"accelerated-launch/service/tests/sections/x-b4-pay-001.cjs","126","x-b4-pay-001","1","KEEP","Current behavior, evidence, isolation, source admission, or consumer contract.","check.equal(dlA.json.error.code, 'NO_RESULT_TO_DOWNLOAD', 'and the only refusal is the missing result');"
"accelerated-launch/service/tests/sections/x-b4-pay-001.cjs","128","x-b4-pay-001","1","KEEP","Current behavior, evidence, isolation, source admission, or consumer contract.","check.equal(dlB.status, 402, 'an unpurchased second case is refused');"
"accelerated-launch/service/tests/sections/x-b4-pay-001.cjs","129","x-b4-pay-001","1","KEEP","Current behavior, evidence, isolation, source admission, or consumer contract.","check.equal(dlB.json.error.code, 'DOWNLOAD_NOT_ENTITLED', 'with the download-not-entitled code');"
"accelerated-launch/service/tests/sections/y-ingest-coverage-matrix.cjs","21","y-ingest-coverage-matrix","1","KEEP","Current behavior, evidence, isolation, source admission, or consumer contract.","check.equal(validation.ok, true, 'the authored coverage matrix agrees with the registered adapters');"
"accelerated-launch/service/tests/sections/y-ingest-coverage-matrix.cjs","22","y-ingest-coverage-matrix","1","KEEP","Current behavior, evidence, isolation, source admission, or consumer contract.","check.deepEqual(validation.problems, [], 'and no inconsistency is reported');"
"accelerated-launch/service/tests/sections/y-ingest-coverage-matrix.cjs","25","y-ingest-coverage-matrix","1","KEEP","Current behavior, evidence, isolation, source admission, or consumer contract.","check.equal(supported.length, 5, 'five report presentations are registered');"
"accelerated-launch/service/tests/sections/y-ingest-coverage-matrix.cjs","26","y-ingest-coverage-matrix","1","KEEP","Current behavior, evidence, isolation, source admission, or consumer contract.","check.deepEqual("
"accelerated-launch/service/tests/sections/y-ingest-coverage-matrix.cjs","33","y-ingest-coverage-matrix","1","KEEP","Current behavior, evidence, isolation, source admission, or consumer contract.","check.match(sentence, /five named report presentations/, 'the read-support sentence counts five presentations');"
"accelerated-launch/service/tests/sections/y-ingest-coverage-matrix.cjs","34","y-ingest-coverage-matrix","1","KEEP","Current behavior, evidence, isolation, source admission, or consumer contract.","check.match(sentence, /TransUnion Canada consumer disclosure/, 'and names the TransUnion Canada family');"
"accelerated-launch/service/tests/sections/y-ingest-coverage-matrix.cjs","44","y-ingest-coverage-matrix","8","KEEP","Current behavior, evidence, isolation, source admission, or consumer contract.","check.equal(queued(market, bureau), true, `${market} ${bureau} is recorded in the acquisition queue, not claimed supported`);"
"accelerated-launch/service/tests/sections/y-ingest-coverage-matrix.cjs","48","y-ingest-coverage-matrix","1","KEEP","Current behavior, evidence, isolation, source admission, or consumer contract.","check.ok(queue.length >= 9, 'the acquisition queue is ordered and named');"
"accelerated-launch/service/tests/sections/y-ingest-coverage-matrix.cjs","49","y-ingest-coverage-matrix","1","KEEP","Current behavior, evidence, isolation, source admission, or consumer contract.","check.deepEqual(queue.slice(0, 2).map((r) => `${r.market}:${r.bureau}`), ['US:Equifax', 'US:TransUnion'],"
"accelerated-launch/service/tests/sections/y-ingest-coverage-matrix.cjs","52","y-ingest-coverage-matrix","1","KEEP","Current behavior, evidence, isolation, source admission, or consumer contract.","check.deepEqual(formats.formatsForCountry('US').map((a) => a.country), ['US'], 'a US selection offers only US presentations');"
"accelerated-launch/service/tests/sections/y-ingest-coverage-matrix.cjs","53","y-ingest-coverage-matrix","1","KEEP","Current behavior, evidence, isolation, source admission, or consumer contract.","check.equal(formats.formatsForCountry('GB').some((a) => a.presentation_id === 'US-CONSUMER-DISCLOSURE'), false,"
"accelerated-launch/service/tests/sections/y-ingest-coverage-matrix.cjs","55","y-ingest-coverage-matrix","1","KEEP","Current behavior, evidence, isolation, source admission, or consumer contract.","check.equal(formats.formatsForCountry('AU').some((a) => a.presentation_id === 'FAM-AU-EQX-CONSUMER'), true,"
"accelerated-launch/service/tests/sections/z-general-intake.cjs","21","z-general-intake","1","KEEP","Current behavior, evidence, isolation, source admission, or consumer contract.","check.equal(generalIntake.normalizePrintedDate('2026-06-12').normalized, '2026-06-12', 'ISO date resolves');"
"accelerated-launch/service/tests/sections/z-general-intake.cjs","22","z-general-intake","1","KEEP","Current behavior, evidence, isolation, source admission, or consumer contract.","check.equal(generalIntake.normalizePrintedDate('2026/06/12').normalized, '2026-06-12', 'YYYY/MM/DD resolves');"
"accelerated-launch/service/tests/sections/z-general-intake.cjs","23","z-general-intake","1","KEEP","Current behavior, evidence, isolation, source admission, or consumer contract.","check.equal(generalIntake.normalizePrintedDate('Jun 12, 2026').normalized, '2026-06-12', 'Mon D, YYYY resolves');"
"accelerated-launch/service/tests/sections/z-general-intake.cjs","24","z-general-intake","1","KEEP","Current behavior, evidence, isolation, source admission, or consumer contract.","check.equal(generalIntake.normalizePrintedDate('06/12/2026', 'US').normalized, '2026-06-12', 'an explicit US convention MM/DD resolves');"
"accelerated-launch/service/tests/sections/z-general-intake.cjs","26","z-general-intake","1","KEEP","Current behavior, evidence, isolation, source admission, or consumer contract.","check.equal(noConv.normalized, null, 'an ambiguous numeric date without a convention resolves nothing');"
"accelerated-launch/service/tests/sections/z-general-intake.cjs","27","z-general-intake","1","KEEP","Current behavior, evidence, isolation, source admission, or consumer contract.","check.deepEqual(noConv.interpretations, ['2026-06-12', '2026-12-06'], 'and both interpretations are preserved');"
"accelerated-launch/service/tests/sections/z-general-intake.cjs","28","z-general-intake","1","KEEP","Current behavior, evidence, isolation, source admission, or consumer contract.","check.equal(generalIntake.normalizePrintedDate('13/05/2021').normalized, '2021-05-13', 'a day above 12 is unambiguous DD/MM');"
"accelerated-launch/service/tests/sections/z-general-intake.cjs","29","z-general-intake","1","KEEP","Current behavior, evidence, isolation, source admission, or consumer contract.","check.equal(generalIntake.normalizePrintedDate('05/13/2021').normalized, '2021-05-13', 'a month above 12 is unambiguous MM/DD');"
"accelerated-launch/service/tests/sections/z-general-intake.cjs","30","z-general-intake","1","KEEP","Current behavior, evidence, isolation, source admission, or consumer contract.","check.equal(generalIntake.normalizePrintedDate('Jun 2026').precision, 'MONTH', 'month-only is partial');"
"accelerated-launch/service/tests/sections/z-general-intake.cjs","31","z-general-intake","1","KEEP","Current behavior, evidence, isolation, source admission, or consumer contract.","check.equal(generalIntake.normalizePrintedDate('not a date').normalized, null, 'unrecognised is not invented');"
"accelerated-launch/service/tests/sections/z-general-intake.cjs","34","z-general-intake","1","KEEP","Current behavior, evidence, isolation, source admission, or consumer contract.","check.equal(generalIntake.normalizePrintedDate('January 5, 2021').normalized, '2021-01-05', 'a full month name resolves');"
"accelerated-launch/service/tests/sections/z-general-intake.cjs","35","z-general-intake","1","KEEP","Current behavior, evidence, isolation, source admission, or consumer contract.","check.equal(generalIntake.normalizePrintedDate('September 3, 2020').normalized, '2020-09-03', 'a 9-letter month name resolves');"
"accelerated-launch/service/tests/sections/z-general-intake.cjs","36","z-general-intake","1","KEEP","Current behavior, evidence, isolation, source admission, or consumer contract.","check.equal(generalIntake.normalizePrintedDate('December 31, 2019').normalized, '2019-12-31', 'a full month with day resolves');"
"accelerated-launch/service/tests/sections/z-general-intake.cjs","39","z-general-intake","1","KEEP","Current behavior, evidence, isolation, source admission, or consumer contract.","check.equal(generalIntake.normalizePrintedDate('02/2021').normalized, '2021-02', 'MM/YYYY is a month');"
"accelerated-launch/service/tests/sections/z-general-intake.cjs","40","z-general-intake","1","KEEP","Current behavior, evidence, isolation, source admission, or consumer contract.","check.equal(generalIntake.normalizePrintedDate('02/2021').precision, 'MONTH', 'and it is marked MONTH precision');"
"accelerated-launch/service/tests/sections/z-general-intake.cjs","41","z-general-intake","1","KEEP","Current behavior, evidence, isolation, source admission, or consumer contract.","check.equal(generalIntake.normalizePrintedDate('2021/02').normalized, '2021-02', 'YYYY/MM is a month too');"
"accelerated-launch/service/tests/sections/z-general-intake.cjs","45","z-general-intake","1","KEEP","Current behavior, evidence, isolation, source admission, or consumer contract.","check.equal(amb.normalized, '2021-05-06', 'US convention resolves the value');"
"accelerated-launch/service/tests/sections/z-general-intake.cjs","46","z-general-intake","1","KEEP","Current behavior, evidence, isolation, source admission, or consumer contract.","check.equal(amb.ambiguous, true, 'and the other interpretation is recorded as ambiguous');"
"accelerated-launch/service/tests/sections/z-general-intake.cjs","47","z-general-intake","1","KEEP","Current behavior, evidence, isolation, source admission, or consumer contract.","check.equal(amb.alternative, '2021-06-05', 'with the alternative day/month assignment');"
"accelerated-launch/service/tests/sections/z-general-intake.cjs","49","z-general-intake","1","KEEP","Current behavior, evidence, isolation, source admission, or consumer contract.","check.equal(unambiguous.normalized, '2021-05-13', 'a day above 12 forces DD/MM');"
"accelerated-launch/service/tests/sections/z-general-intake.cjs","50","z-general-intake","1","KEEP","Current behavior, evidence, isolation, source admission, or consumer contract.","check.ok(!unambiguous.ambiguous, 'and is not ambiguous');"
"accelerated-launch/service/tests/sections/z-general-intake.cjs","52","z-general-intake","1","KEEP","Current behavior, evidence, isolation, source admission, or consumer contract.","check.ok(!same.ambiguous, 'an equal day/month is not ambiguous');"
"accelerated-launch/service/tests/sections/z-general-intake.cjs","55","z-general-intake","1","KEEP","Current behavior, evidence, isolation, source admission, or consumer contract.","check.equal(generalIntake.normalizePrintedDate('January 5th, 2021').normalized, '2021-01-05', 'a month-first ordinal resolves');"
"accelerated-launch/service/tests/sections/z-general-intake.cjs","56","z-general-intake","1","KEEP","Current behavior, evidence, isolation, source admission, or consumer contract.","check.equal(generalIntake.normalizePrintedDate('5th January 2021').normalized, '2021-01-05', 'a day-first ordinal resolves');"
"accelerated-launch/service/tests/sections/z-general-intake.cjs","57","z-general-intake","1","KEEP","Current behavior, evidence, isolation, source admission, or consumer contract.","check.equal(generalIntake.normalizePrintedDate('21st December 2020').normalized, '2020-12-21', 'a 21st ordinal resolves');"
"accelerated-launch/service/tests/sections/z-general-intake.cjs","58","z-general-intake","1","KEEP","Current behavior, evidence, isolation, source admission, or consumer contract.","check.equal(generalIntake.normalizePrintedDate('February 29, 2020').normalized, '2020-02-29', 'a leap day resolves');"
"accelerated-launch/service/tests/sections/z-general-intake.cjs","59","z-general-intake","1","KEEP","Current behavior, evidence, isolation, source admission, or consumer contract.","check.equal(generalIntake.normalizePrintedDate('February 29, 2021').normalized, null, 'a non-leap February 29 is invalid');"
"accelerated-launch/service/tests/sections/z-general-intake.cjs","60","z-general-intake","1","KEEP","Current behavior, evidence, isolation, source admission, or consumer contract.","check.equal(generalIntake.normalizePrintedDate('February 30, 2021').normalized, null, 'an impossible day is invalid');"
"accelerated-launch/service/tests/sections/z-general-intake.cjs","63","z-general-intake","1","KEEP","Current behavior, evidence, isolation, source admission, or consumer contract.","check.equal(generalIntake.detectConvention([{ lines: [{ text: '13/05/2021' }] }]), 'DDMM', 'a day above 12 evidences day-first');"
"accelerated-launch/service/tests/sections/z-general-intake.cjs","64","z-general-intake","1","KEEP","Current behavior, evidence, isolation, source admission, or consumer contract.","check.equal(generalIntake.detectConvention([{ lines: [{ text: '05/13/2021' }] }]), 'US', 'a month above 12 evidences month-first');"
"accelerated-launch/service/tests/sections/z-general-intake.cjs","65","z-general-intake","1","KEEP","Current behavior, evidence, isolation, source admission, or consumer contract.","check.equal(generalIntake.detectConvention([{ lines: [{ text: '05/06/2021' }] }]), null, 'an all-ambiguous date evidences no convention');"
"accelerated-launch/service/tests/sections/z-general-intake.cjs","68","z-general-intake","1","KEEP","Current behavior, evidence, isolation, source admission, or consumer contract.","check.equal(generalIntake.detect(general).outcome, 'GENERAL', 'bureau plus content is GENERAL');"
"accelerated-launch/service/tests/sections/z-general-intake.cjs","71","z-general-intake","1","KEEP","Current behavior, evidence, isolation, source admission, or consumer contract.","check.equal(generalIntake.detect(bureauOnly).outcome, 'UNRELATED', 'bureau branding alone is UNRELATED');"
"accelerated-launch/service/tests/sections/z-general-intake.cjs","72","z-general-intake","1","KEEP","Current behavior, evidence, isolation, source admission, or consumer contract.","check.equal(generalIntake.detect(bureauOnly).reason, 'BUREAU_IDENTITY_BUT_NO_CREDIT_REPORT_CONTENT', 'names the missing content');"
"accelerated-launch/service/tests/sections/z-general-intake.cjs","75","z-general-intake","1","KEEP","Current behavior, evidence, isolation, source admission, or consumer contract.","check.equal(generalIntake.detect(unrelated).outcome, 'UNRELATED', 'no bureau is UNRELATED');"
"accelerated-launch/service/tests/sections/z-general-intake.cjs","78","z-general-intake","1","KEEP","Current behavior, evidence, isolation, source admission, or consumer contract.","check.equal(generalIntake.detect(notPdf).outcome, 'UNREADABLE', 'a non-PDF is UNREADABLE, not unrelated');"
"accelerated-launch/service/tests/sections/z-general-intake.cjs","81","z-general-intake","1","KEEP","Current behavior, evidence, isolation, source admission, or consumer contract.","check.equal(ext.outcome, 'GENERAL', 'general extractor admits');"
"accelerated-launch/service/tests/sections/z-general-intake.cjs","82","z-general-intake","1","KEEP","Current behavior, evidence, isolation, source admission, or consumer contract.","check.equal(ext.bureau, 'Equifax', 'reads the bureau');"
"accelerated-launch/service/tests/sections/z-general-intake.cjs","83","z-general-intake","1","KEEP","Current behavior, evidence, isolation, source admission, or consumer contract.","check.equal(ext.reference_date.normalized, '2026-06-12', 'reads the report date');"
"accelerated-launch/service/tests/sections/z-general-intake.cjs","84","z-general-intake","1","KEEP","Current behavior, evidence, isolation, source admission, or consumer contract.","check.equal(ext.records.length, 1, 'one account entry read');"
"accelerated-launch/service/tests/sections/z-general-intake.cjs","85","z-general-intake","1","KEEP","Current behavior, evidence, isolation, source admission, or consumer contract.","check.equal(ext.records[0].status, 'RESOLVED', 'with a resolved date');"
"accelerated-launch/service/tests/sections/z-general-intake.cjs","87","z-general-intake","1","KEEP","Current behavior, evidence, isolation, source admission, or consumer contract.","check.ok(dateFields.length >= 1, 'a date field was read');"
"accelerated-launch/service/tests/sections/z-general-intake.cjs","88","z-general-intake","1","KEEP","Current behavior, evidence, isolation, source admission, or consumer contract.","check.equal(dateFields[0].raw, '01/01/2020', 'raw value preserved');"
"accelerated-launch/service/tests/sections/z-general-intake.cjs","97","z-general-intake","1","KEEP","Current behavior, evidence, isolation, source admission, or consumer contract.","check.equal(twoExt.bureau, 'TransUnion', 'a different bureau is read');"
"accelerated-launch/service/tests/sections/z-general-intake.cjs","98","z-general-intake","1","KEEP","Current behavior, evidence, isolation, source admission, or consumer contract.","check.equal(twoExt.records.length, 2, 'two entries stay separate');"
"accelerated-launch/service/tests/sections/z-general-intake.cjs","101","z-general-intake","1","KEEP","Current behavior, evidence, isolation, source admission, or consumer contract.","check.equal(detection.supported, true, 'shared detector admits the general report');"
"accelerated-launch/service/tests/sections/z-general-intake.cjs","102","z-general-intake","1","KEEP","Current behavior, evidence, isolation, source admission, or consumer contract.","check.equal(detection.presentation_id, generalIntake.GENERAL_PRESENTATION_ID, 'as the general presentation');"
"accelerated-launch/service/tests/sections/z-general-intake.cjs","103","z-general-intake","1","KEEP","Current behavior, evidence, isolation, source admission, or consumer contract.","check.equal(detection.admission_path, generalIntake.GENERAL_ADMISSION_PATH, 'through the plausibility path');"
"accelerated-launch/service/tests/sections/z-general-intake.cjs","106","z-general-intake","1","KEEP","Current behavior, evidence, isolation, source admission, or consumer contract.","check.equal(unrelatedDetection.supported, false, 'unrelated is refused');"
"accelerated-launch/service/tests/sections/z-general-intake.cjs","107","z-general-intake","1","KEEP","Current behavior, evidence, isolation, source admission, or consumer contract.","check.equal(unrelatedDetection.refusal_reason, 'UNRELATED_DOCUMENT', 'with the UNRELATED reason');"
"accelerated-launch/service/tests/sections/z-general-intake.cjs","120","z-general-intake","1","KEEP","Current behavior, evidence, isolation, source admission, or consumer contract.","check.equal(uploaded.status, 201, 'a plausible bureau report uploads');"
"accelerated-launch/service/tests/sections/z-general-intake.cjs","121","z-general-intake","1","KEEP","Current behavior, evidence, isolation, source admission, or consumer contract.","check.equal(uploaded.json.receipt.format_detection.supported, true, 'detected as supported');"
"accelerated-launch/service/tests/sections/z-general-intake.cjs","122","z-general-intake","1","KEEP","Current behavior, evidence, isolation, source admission, or consumer contract.","check.equal(uploaded.json.receipt.format_detection.presentation_id, generalIntake.GENERAL_PRESENTATION_ID, 'as a general report');"
"accelerated-launch/service/tests/sections/z-general-intake.cjs","126","z-general-intake","1","KEEP","Current behavior, evidence, isolation, source admission, or consumer contract.","check.equal(view.result.assessment.performed_by_kind.STATUTORY_RULE_COMPARISON, 0, 'no statutory check on the general report');"
"accelerated-launch/service/tests/sections/z-general-intake.cjs","127","z-general-intake","1","KEEP","Current behavior, evidence, isolation, source admission, or consumer contract.","check.ok(view.result.checks_not_run.length > 0, 'statutory checks are named as not run');"
"accelerated-launch/service/tests/sections/z-general-intake.cjs","128","z-general-intake","1","KEEP","Current behavior, evidence, isolation, source admission, or consumer contract.","check.ok(view.result.assessment.factual_summary, 'the general factual surface ran');"
"accelerated-launch/service/tests/sections/z-general-intake.cjs","133","z-general-intake","1","KEEP","Current behavior, evidence, isolation, source admission, or consumer contract.","check.equal(refused.status, 201, 'the upload is stored');"
"accelerated-launch/service/tests/sections/z-general-intake.cjs","134","z-general-intake","1","KEEP","Current behavior, evidence, isolation, source admission, or consumer contract.","check.equal(refused.json.receipt.format_detection.supported, false, 'but not a supported report');"
"accelerated-launch/service/tests/sections/z-general-intake.cjs","135","z-general-intake","1","KEEP","Current behavior, evidence, isolation, source admission, or consumer contract.","check.equal(refused.json.receipt.format_detection.refusal_reason, 'UNRELATED_DOCUMENT', 'refused as unrelated');"
"accelerated-launch/service/tests/sections/z-general-intake.cjs","139","z-general-intake","1","KEEP","Current behavior, evidence, isolation, source admission, or consumer contract.","check.equal(uploads.detectContainerFromBytes(Buffer.from('%PDF-1.4')), 'PDF', 'PDF magic is detected');"
"accelerated-launch/service/tests/sections/z-general-intake.cjs","140","z-general-intake","1","KEEP","Current behavior, evidence, isolation, source admission, or consumer contract.","check.equal(uploads.detectContainerFromBytes(Buffer.from([0x89, 0x50, 0x4e, 0x47, 0x0d, 0x0a, 0x1a, 0x0a])), 'IMAGE', 'PNG magic is detected');"
"accelerated-launch/service/tests/sections/z-general-intake.cjs","141","z-general-intake","1","KEEP","Current behavior, evidence, isolation, source admission, or consumer contract.","check.equal(uploads.detectContainerFromBytes(Buffer.from([0xff, 0xd8, 0xff, 0xe0])), 'IMAGE', 'JPEG magic is detected');"
"accelerated-launch/service/tests/sections/z-general-intake.cjs","142","z-general-intake","1","KEEP","Current behavior, evidence, isolation, source admission, or consumer contract.","check.equal(uploads.detectContainerFromBytes(Buffer.from('hello')), 'OTHER', 'other bytes are neither');"
"accelerated-launch/service/tests/sections/z-general-intake.cjs","150","z-general-intake","1","KEEP","Current behavior, evidence, isolation, source admission, or consumer contract.","check.equal(imageUpload.status, 201, 'an image upload is accepted and reaches OCR/general intake, not a metadata refusal');"
"accelerated-launch/service/tests/sections/z-general-intake.cjs","151","z-general-intake","1","KEEP","Current behavior, evidence, isolation, source admission, or consumer contract.","check.equal(imageUpload.json.receipt.format_detection.supported, false, 'a blank 1x1 image has no readable bureau, so it is not a supported report');"
"accelerated-launch/service/tests/sections/z-general-intake.cjs","157","z-general-intake","1","KEEP","Current behavior, evidence, isolation, source admission, or consumer contract.","check.equal(usAdverseExt.records.length, 1, 'a general US report yields a reported-account record');"
"accelerated-launch/service/tests/sections/z-general-intake.cjs","158","z-general-intake","1","KEEP","Current behavior, evidence, isolation, source admission, or consumer contract.","check.equal(usAdverseExt.records[0].kind, 'REPORTED_ACCOUNT', 'with the reported-account kind');"
"accelerated-launch/service/tests/sections/z-general-intake.cjs","160","z-general-intake","1","KEEP","Current behavior, evidence, isolation, source admission, or consumer contract.","check.ok(usAdverseEval.results.some((r) => r.check.adapter_id === 'FCRA-605A-5-US-NATIONAL-7Y'), 'FCRA § 605(a)(5) now runs on a general US report with an adverse date');"
"accelerated-launch/service/tests/sections/z-general-intake.cjs","164","z-general-intake","1","KEEP","Current behavior, evidence, isolation, source admission, or consumer contract.","check.equal(auClosedExt.records.length, 1, 'a general AU report yields a liability record');"
"accelerated-launch/service/tests/sections/z-general-intake.cjs","166","z-general-intake","1","KEEP","Current behavior, evidence, isolation, source admission, or consumer contract.","check.ok(auClosedEval.results.some((r) => r.check.adapter_id === 'AU-PRIVACY-ACT-1988-S20W-ITEM1-LIABILITY-2Y'), 'AU Privacy Act s.20W item 1 now runs on a general AU report with a closure date');"
"accelerated-launch/service/tests/sections/z-general-intake.cjs","171","z-general-intake","1","KEEP","Current behavior, evidence, isolation, source admission, or consumer contract.","check.equal(auEnquiryExt.records[0].kind, 'CREDIT_ENQUIRY', 'a general AU enquiry yields a credit-enquiry record');"
"accelerated-launch/service/tests/sections/z-general-intake.cjs","173","z-general-intake","1","KEEP","Current behavior, evidence, isolation, source admission, or consumer contract.","check.ok(auEnquiryEval.results.some((r) => r.check.adapter_id === 'AU-PRIVACY-ACT-1988-S20W-ITEM3-ENQUIRY-5Y' && r.machine.state === 'EVALUATED'), 'AU s.20W item 3 (enquiry, 5y) now evaluates on a general AU report');"
"accelerated-launch/service/tests/sections/z-general-intake.cjs","178","z-general-intake","1","KEEP","Current behavior, evidence, isolation, source admission, or consumer contract.","check.ok(auOverdueEval.results.some((r) => r.check.adapter_id === 'AU-PRIVACY-ACT-1988-S20W-ITEM4-DEFAULT-5Y' && r.machine.state === 'EVALUATED'), 'AU s.20W item 4 (default, 5y) now evaluates on a general AU report');"
"accelerated-launch/service/tests/sections/z-general-intake.cjs","183","z-general-intake","1","KEEP","Current behavior, evidence, isolation, source admission, or consumer contract.","check.equal(auCleanEval.results.length, 0, 'a clean general AU report runs no AU statutory comparison (negative case)');"
"accelerated-launch/service/tests/sections/z-general-intake.cjs","188","z-general-intake","1","KEEP","Current behavior, evidence, isolation, source admission, or consumer contract.","check.equal(auNoOriginalEval.results.some((r) => r.check.adapter_id === 'AU-PRIVACY-ACT-1988-S20W-ITEM4-DEFAULT-5Y' && r.machine.state === 'EVALUATED'), false, 'an overdue record without an original-listing date is NOT aged from a current-listing date (missing-fact case)');"
"accelerated-launch/service/tests/sections/ab-acceptance-statutory.cjs","27","ab-acceptance-statutory","1","KEEP","Current behavior, evidence, isolation, source admission, or consumer contract.","check.deepEqual(outcomeOf(runEngine('US', 'US-NY', ['Experian  Consumer Credit Report', 'Report Date: June 12, 2026', 'Account 30 days past due as of Jun 2015']), 'FCRA-605A-5-US-NATIONAL-7Y'),"
"accelerated-launch/service/tests/sections/ab-acceptance-statutory.cjs","29","ab-acceptance-statutory","1","KEEP","Current behavior, evidence, isolation, source admission, or consumer contract.","check.deepEqual(outcomeOf(runEngine('US', 'US-NY', ['Experian  Consumer Credit Report', 'Report Date: June 12, 2026', 'Account 30 days past due as of Jun 2024']), 'FCRA-605A-5-US-NATIONAL-7Y'),"
"accelerated-launch/service/tests/sections/ab-acceptance-statutory.cjs","31","ab-acceptance-statutory","1","KEEP","Current behavior, evidence, isolation, source admission, or consumer contract.","check.equal(outcomeOf(runEngine('US', 'US-NY', ['Experian  Consumer Credit Report', 'Report Date: June 12, 2026', 'Account  Balance $1,240']), 'FCRA-605A-5-US-NATIONAL-7Y'),"
"accelerated-launch/service/tests/sections/ab-acceptance-statutory.cjs","33","ab-acceptance-statutory","1","KEEP","Current behavior, evidence, isolation, source admission, or consumer contract.","check.deepEqual(outcomeOf(runEngine('US', 'US-NY', ['TRANSUNION', 'Report Date: June 12, 2026', '90 days past due as of Jun 2015  Account A']), 'FCRA-605A-5-US-NATIONAL-7Y'),"
"accelerated-launch/service/tests/sections/ab-acceptance-statutory.cjs","37","ab-acceptance-statutory","1","KEEP","Current behavior, evidence, isolation, source admission, or consumer contract.","check.deepEqual(outcomeOf(runEngine('AU', 'AU-NSW', ['Equifax  Consumer Credit File', 'Report Date: 12 June 2026', 'Credit Provider X  Closed 15/03/2024']), 'AU-PRIVACY-ACT-1988-S20W-ITEM1-LIABILITY-2Y'),"
"accelerated-launch/service/tests/sections/ab-acceptance-statutory.cjs","39","ab-acceptance-statutory","1","KEEP","Current behavior, evidence, isolation, source admission, or consumer contract.","check.deepEqual(outcomeOf(runEngine('AU', 'AU-NSW', ['Equifax  Consumer Credit File', 'Report Date: 12 June 2026', 'Credit Provider X  Closed 15/03/2025']), 'AU-PRIVACY-ACT-1988-S20W-ITEM1-LIABILITY-2Y'),"
"accelerated-launch/service/tests/sections/ab-acceptance-statutory.cjs","41","ab-acceptance-statutory","1","KEEP","Current behavior, evidence, isolation, source admission, or consumer contract.","check.equal(outcomeOf(runEngine('AU', 'AU-NSW', ['Equifax  Consumer Credit File', 'Report Date: 12 June 2026', 'Credit Provider X  Balance $500']), 'AU-PRIVACY-ACT-1988-S20W-ITEM1-LIABILITY-2Y'),"
"accelerated-launch/service/tests/sections/ab-acceptance-statutory.cjs","45","ab-acceptance-statutory","1","KEEP","Current behavior, evidence, isolation, source admission, or consumer contract.","check.deepEqual(outcomeOf(runEngine('AU', 'AU-NSW', ['Equifax  Consumer Credit File', 'Report Date: 12 June 2026', 'Enquiry  Enquiry Date 20/05/2021']), 'AU-PRIVACY-ACT-1988-S20W-ITEM3-ENQUIRY-5Y'),"
"accelerated-launch/service/tests/sections/ab-acceptance-statutory.cjs","47","ab-acceptance-statutory","1","KEEP","Current behavior, evidence, isolation, source admission, or consumer contract.","check.deepEqual(outcomeOf(runEngine('AU', 'AU-NSW', ['Equifax  Consumer Credit File', 'Report Date: 12 June 2026', 'Enquiry  Enquiry Date 20/05/2022']), 'AU-PRIVACY-ACT-1988-S20W-ITEM3-ENQUIRY-5Y'),"
"accelerated-launch/service/tests/sections/ab-acceptance-statutory.cjs","51","ab-acceptance-statutory","1","KEEP","Current behavior, evidence, isolation, source admission, or consumer contract.","check.deepEqual(outcomeOf(runEngine('AU', 'AU-NSW', ['Equifax  Consumer Credit File', 'Report Date: 12 June 2026', 'Overdue Account  Original Listing 15/03/2021']), 'AU-PRIVACY-ACT-1988-S20W-ITEM4-DEFAULT-5Y'),"
"accelerated-launch/service/tests/sections/ab-acceptance-statutory.cjs","53","ab-acceptance-statutory","1","KEEP","Current behavior, evidence, isolation, source admission, or consumer contract.","check.deepEqual(outcomeOf(runEngine('AU', 'AU-NSW', ['Equifax  Consumer Credit File', 'Report Date: 12 June 2026', 'Overdue Account  Original Listing 15/03/2022']), 'AU-PRIVACY-ACT-1988-S20W-ITEM4-DEFAULT-5Y'),"
"accelerated-launch/service/tests/sections/ab-acceptance-statutory.cjs","55","ab-acceptance-statutory","1","KEEP","Current behavior, evidence, isolation, source admission, or consumer contract.","check.deepEqual(outcomeOf(runEngine('AU', 'AU-NSW', ['Equifax  Consumer Credit File', 'Report Date: 12 June 2026', 'Overdue Account  Current Listing 01/01/2024']), 'AU-PRIVACY-ACT-1988-S20W-ITEM4-DEFAULT-5Y'),"
"accelerated-launch/service/tests/sections/ab-acceptance-statutory.cjs","63","ab-acceptance-statutory","1","KEEP","Current behavior, evidence, isolation, source admission, or consumer contract.","check.equal(upload.status, 201, 'an adverse general report uploads');"
"accelerated-launch/service/tests/sections/ab-acceptance-statutory.cjs","64","ab-acceptance-statutory","1","KEEP","Current behavior, evidence, isolation, source admission, or consumer contract.","check.equal(upload.json.receipt.format_detection.presentation_id, 'GENERAL-BUREAU-REPORT', 'as a general report');"
"accelerated-launch/service/tests/sections/ab-acceptance-statutory.cjs","66","ab-acceptance-statutory","1","KEEP","Current behavior, evidence, isolation, source admission, or consumer contract.","check.equal(evaluate.status, 201, 'and is assessed');"
"accelerated-launch/service/tests/sections/ab-acceptance-statutory.cjs","67","ab-acceptance-statutory","1","KEEP","Current behavior, evidence, isolation, source admission, or consumer contract.","check.equal(evaluate.json.result.assessment.performed_by_kind.STATUTORY_RULE_COMPARISON, 1, 'one statutory comparison was performed on the uploaded report');"
"accelerated-launch/service/tests/sections/ab-acceptance-statutory.cjs","68","ab-acceptance-statutory","1","KEEP","Current behavior, evidence, isolation, source admission, or consumer contract.","check.ok(JSON.stringify(evaluate.json.result).includes('FCRA'), 'and it is the FCRA adverse-item comparison');"
"accelerated-launch/service/tests/sections/ac-evidence-policy.cjs","40","ac-evidence-policy","1","KEEP","Current behavior, evidence, isolation, source admission, or consumer contract.","check.equal(loaded.policy.policy_id, 'OWNER-EVIDENCE-001', 'the policy has a stable identifier');"
"accelerated-launch/service/tests/sections/ac-evidence-policy.cjs","41","ac-evidence-policy","1","KEEP","Current behavior, evidence, isolation, source admission, or consumer contract.","check.equal(loaded.policy.version, '1.0', 'the policy is version 1.0');"
"accelerated-launch/service/tests/sections/ac-evidence-policy.cjs","42","ac-evidence-policy","1","KEEP","Current behavior, evidence, isolation, source admission, or consumer contract.","check.equal(loaded.policy.text, POLICY_TEXT, 'the exact policy text is preserved verbatim');"
"accelerated-launch/service/tests/sections/ac-evidence-policy.cjs","43","ac-evidence-policy","1","KEEP","Current behavior, evidence, isolation, source admission, or consumer contract.","check.equal(loaded.policy.amendment_rule, 'Changes require an explicit owner-authorized amendment and a new version; released versions are preserved and never overwritten.', 'amendments require an owner authorization and a new version');"
"accelerated-launch/service/tests/sections/ac-evidence-policy.cjs","44","ac-evidence-policy","1","KEEP","Current behavior, evidence, isolation, source admission, or consumer contract.","check.deepEqual(loaded.policy.released_versions, ['1.0'], 'released versions are preserved');"
"accelerated-launch/service/tests/sections/ac-evidence-policy.cjs","45","ac-evidence-policy","1","KEEP","Current behavior, evidence, isolation, source admission, or consumer contract.","check.equal(reportedFactPolicy.loadPolicy().digest, loaded.digest, 'the integrity digest is stable across loads');"
"accelerated-launch/service/tests/sections/ac-evidence-policy.cjs","46","ac-evidence-policy","1","KEEP","Current behavior, evidence, isolation, source admission, or consumer contract.","check.match(loaded.digest, /^[0-9a-f]{64}$/, 'the integrity digest is a SHA-256 hex string');"
"accelerated-launch/service/tests/sections/ac-evidence-policy.cjs","47","ac-evidence-policy","1","KEEP","Current behavior, evidence, isolation, source admission, or consumer contract.","check.equal(loaded.digest, reportedFactPolicy.digestForPolicy(loaded.policy), 'the stored digest recomputes from the canonical text');"
"accelerated-launch/service/tests/sections/ac-evidence-policy.cjs","49","ac-evidence-policy","1","KEEP","Current behavior, evidence, isolation, source admission, or consumer contract.","check.equal(loaded.approved.approved_digest, loaded.digest, 'the owner-approved digest matches the computed digest');"
"accelerated-launch/service/tests/sections/ac-evidence-policy.cjs","53","ac-evidence-policy","4","KEEP","Current behavior, evidence, isolation, source admission, or consumer contract.","check.equal(threw, true, label);"
"accelerated-launch/service/tests/sections/ac-evidence-policy.cjs","65","ac-evidence-policy","1","KEEP","Current behavior, evidence, isolation, source admission, or consumer contract.","check.deepEqual("
"accelerated-launch/service/tests/sections/ac-evidence-policy.cjs","70","ac-evidence-policy","1","KEEP","Current behavior, evidence, isolation, source admission, or consumer contract.","check.equal("
"accelerated-launch/service/tests/sections/ac-evidence-policy.cjs","74","ac-evidence-policy","1","KEEP","Current behavior, evidence, isolation, source admission, or consumer contract.","check.equal("
"accelerated-launch/service/tests/sections/ac-evidence-policy.cjs","78","ac-evidence-policy","1","KEEP","Current behavior, evidence, isolation, source admission, or consumer contract.","check.equal("
"accelerated-launch/service/tests/sections/ac-evidence-policy.cjs","82","ac-evidence-policy","1","KEEP","Current behavior, evidence, isolation, source admission, or consumer contract.","check.equal("
"accelerated-launch/service/tests/sections/ac-evidence-policy.cjs","86","ac-evidence-policy","1","KEEP","Current behavior, evidence, isolation, source admission, or consumer contract.","check.equal("
"accelerated-launch/service/tests/sections/ac-evidence-policy.cjs","96","ac-evidence-policy","1","KEEP","Current behavior, evidence, isolation, source admission, or consumer contract.","check.deepEqual(dischargeDates(accepted.records), ['2020-01-01'], 'an explicit discharge date on a bankruptcy record is accepted');"
"accelerated-launch/service/tests/sections/ac-evidence-policy.cjs","98","ac-evidence-policy","1","KEEP","Current behavior, evidence, isolation, source admission, or consumer contract.","check.equal(acceptedField.raw, '01/01/2020', 'the raw label/value is preserved');"
"accelerated-launch/service/tests/sections/ac-evidence-policy.cjs","99","ac-evidence-policy","1","KEEP","Current behavior, evidence, isolation, source admission, or consumer contract.","check.equal(acceptedField.source, 'CLEARLY_LABELLED_REPORTED_FACT', 'the fact is labelled as a clearly established reported fact');"
"accelerated-launch/service/tests/sections/ac-evidence-policy.cjs","100","ac-evidence-policy","1","KEEP","Current behavior, evidence, isolation, source admission, or consumer contract.","check.equal(acceptedField.policy, 'OWNER-EVIDENCE-001', 'the fact records the policy it was accepted under');"
"accelerated-launch/service/tests/sections/ac-evidence-policy.cjs","101","ac-evidence-policy","1","KEEP","Current behavior, evidence, isolation, source admission, or consumer contract.","check.equal(acceptedField.policy_version, '1.0', 'the fact records the policy version');"
"accelerated-launch/service/tests/sections/ac-evidence-policy.cjs","108","ac-evidence-policy","1","KEEP","Current behavior, evidence, isolation, source admission, or consumer contract.","check.deepEqual(dischargeDates(altLayout.records), ['2020-01-01'], 'the same discharge date is accepted from an equivalent layout');"
"accelerated-launch/service/tests/sections/ac-evidence-policy.cjs","115","ac-evidence-policy","1","KEEP","Current behavior, evidence, isolation, source admission, or consumer contract.","check.deepEqual(dischargeDates(monthOnly.records), [], 'a month-only discharge date is ambiguous and withheld');"
"accelerated-launch/service/tests/sections/ac-evidence-policy.cjs","123","ac-evidence-policy","1","KEEP","Current behavior, evidence, isolation, source admission, or consumer contract.","check.deepEqual(dischargeDates(twoBankruptcies.records), ['2020-01-01', '2021-01-01'], 'two separate bankruptcies keep their own discharge dates');"
"accelerated-launch/service/tests/sections/ac-evidence-policy.cjs","130","ac-evidence-policy","1","KEEP","Current behavior, evidence, isolation, source admission, or consumer contract.","check.deepEqual(dischargeDates(sameRecordContradiction.records), [], 'two incompatible discharge dates on the same record are contradictory and withheld');"
"accelerated-launch/service/tests/sections/ac-evidence-policy.cjs","137","ac-evidence-policy","1","KEEP","Current behavior, evidence, isolation, source admission, or consumer contract.","check.deepEqual(dischargeDates(collectionDischarge.records), [], 'a collection discharge is not associated with a bankruptcy record and is withheld');"
"accelerated-launch/service/tests/sections/ac-evidence-policy.cjs","144","ac-evidence-policy","1","KEEP","Current behavior, evidence, isolation, source admission, or consumer contract.","check.deepEqual(dischargeDates(trustee.records), [], ""a trustee's discharge is never substituted for the consumer's discharge"");"
"accelerated-launch/service/tests/sections/ac-evidence-policy.cjs","151","ac-evidence-policy","1","KEEP","Current behavior, evidence, isolation, source admission, or consumer contract.","check.deepEqual(dischargeDates(filingDate.records), [], 'a filing or update date is never substituted for the discharge date');"
"accelerated-launch/service/tests/sections/ac-evidence-policy.cjs","154","ac-evidence-policy","1","KEEP","Current behavior, evidence, isolation, source admission, or consumer contract.","check.deepEqual(accepted.evidence_readings.factual_view.policy_statements, [{ policy_id: 'OWNER-EVIDENCE-001', version: '1.0' }], 'the policy version used is recorded in the assessment');"
"accelerated-launch/service/tests/sections/ac-evidence-policy.cjs","158","ac-evidence-policy","1","KEEP","Current behavior, evidence, isolation, source admission, or consumer contract.","check.equal(adapter.anchor_mode, 'SINGLE_FIELD', 'the CA-NS bankruptcy check no longer withholds the discharge date as a legal event');"
"accelerated-launch/service/tests/sections/ac-evidence-policy.cjs","159","ac-evidence-policy","1","KEEP","Current behavior, evidence, isolation, source admission, or consumer contract.","check.deepEqual(adapter.anchor_field, ['bankruptcy.dischargeDate'], 'it anchors on the clearly labelled discharge date');"
"accelerated-launch/service/tests/sections/ac-evidence-policy.cjs","160","ac-evidence-policy","1","KEEP","Current behavior, evidence, isolation, source admission, or consumer contract.","check.deepEqual(adapter.record_kinds, ['GENERAL_PUBLIC_RECORD'], 'it runs on public-record entries');"
"accelerated-launch/service/tests/sections/ac-evidence-policy.cjs","161","ac-evidence-policy","1","KEEP","Current behavior, evidence, isolation, source admission, or consumer contract.","check.equal(adapter.output_permission.finding_allowed, false, 'accepting the fact does not authorize a finding');"
"accelerated-launch/service/tests/sections/ac-evidence-policy.cjs","162","ac-evidence-policy","1","KEEP","Current behavior, evidence, isolation, source admission, or consumer contract.","check.equal(adapter.output_permission.max_conclusion, 'observation', 'the ceiling stays observation, not a finding');"
"accelerated-launch/service/tests/sections/ac-evidence-policy.cjs","163","ac-evidence-policy","1","KEEP","Current behavior, evidence, isolation, source admission, or consumer contract.","check.equal(adapter.presentation_required, 'PR-01', 'the exact-specimen PR-01 restriction is preserved');"
"accelerated-launch/service/tests/sections/ac-evidence-policy.cjs","170","ac-evidence-policy","1","KEEP","Current behavior, evidence, isolation, source admission, or consumer contract.","check.equal(exceeded.state, 'EVALUATED', 'the CA-NS bankruptcy check evaluates from the discharge date without a court document');"
"accelerated-launch/service/tests/sections/ac-evidence-policy.cjs","171","ac-evidence-policy","1","KEEP","Current behavior, evidence, isolation, source admission, or consumer contract.","check.equal(exceeded.outcome, 'PERIOD_EXCEEDED', 'six years after a 2020 discharge is exceeded by a 2026 report');"
"accelerated-launch/service/tests/sections/ac-evidence-policy.cjs","172","ac-evidence-policy","1","KEEP","Current behavior, evidence, isolation, source admission, or consumer contract.","check.deepEqual(exceeded.anchor.field, ['bankruptcy.dischargeDate'], 'the comparison anchor is the discharge date');"
"accelerated-launch/service/tests/sections/ac-evidence-policy.cjs","178","ac-evidence-policy","1","KEEP","Current behavior, evidence, isolation, source admission, or consumer contract.","check.equal(notExceeded.outcome, 'PERIOD_NOT_EXCEEDED', 'a discharge inside six years is not exceeded');"
"accelerated-launch/service/tests/sections/ac-evidence-policy.cjs","185","ac-evidence-policy","1","KEEP","Current behavior, evidence, isolation, source admission, or consumer contract.","check.equal(generalRefused.state, 'REFUSED', 'a general report is still refused by the exact-specimen presentation restriction');"
"accelerated-launch/service/tests/sections/ac-evidence-policy.cjs","190","ac-evidence-policy","1","KEEP","Current behavior, evidence, isolation, source admission, or consumer contract.","check.equal(threw, true, 'emitFinding still refuses unconditionally — accepting the fact authorizes no finding');"
"accelerated-launch/service/tests/sections/ac-evidence-policy.cjs","197","ac-evidence-policy","1","KEEP","Current behavior, evidence, isolation, source admission, or consumer contract.","check.ok(generalCaExt.records.some((r) => r.facts && r.facts['bankruptcy.dischargeDate'] === '2020-01-01'), 'a general CA report with a discharge date has the fact extracted');"
"accelerated-launch/service/tests/sections/ac-evidence-policy.cjs","199","ac-evidence-policy","1","KEEP","Current behavior, evidence, isolation, source admission, or consumer contract.","check.equal(generalCaEval.results.length, 0, 'the CA-NS statutory surface stays exact-specimen: no comparison is performed on a general report');"
"accelerated-launch/service/tests/sections/ad-legal-event-facts.cjs","32","ad-legal-event-facts","1","KEEP","Current behavior, evidence, isolation, source admission, or consumer contract.","check.deepEqual(outcomeOf(runEngine('US', 'US-NY', ['Experian  Consumer Credit Report', 'Report Date: 12 June 2026', 'Judgment  Date of Entry: 01/01/2018']), 'FCRA-605A-2-US-NATIONAL-7Y'),"
"accelerated-launch/service/tests/sections/ad-legal-event-facts.cjs","34","ad-legal-event-facts","1","KEEP","Current behavior, evidence, isolation, source admission, or consumer contract.","check.deepEqual(outcomeOf(runEngine('US', 'US-NY', ['Experian  Consumer Credit Report', 'Report Date: 12 June 2026', 'Judgment  Date Entered 01/01/2022']), 'FCRA-605A-2-US-NATIONAL-7Y'),"
"accelerated-launch/service/tests/sections/ad-legal-event-facts.cjs","36","ad-legal-event-facts","1","KEEP","Current behavior, evidence, isolation, source admission, or consumer contract.","check.deepEqual(outcomeOf(runEngine('US', 'US-NY', ['Experian  Consumer Credit Report', 'Report Date: 12 June 2026', 'Judgment  Filed 01/01/2018']), 'FCRA-605A-2-US-NATIONAL-7Y'),"
"accelerated-launch/service/tests/sections/ad-legal-event-facts.cjs","38","ad-legal-event-facts","1","KEEP","Current behavior, evidence, isolation, source admission, or consumer contract.","check.deepEqual(outcomeOf(runEngine('US', 'US-NY', ['Experian  Consumer Credit Report', 'Report Date: 12 June 2026', 'PUBLIC RECORD: CIVIL JUDGMENT - Date of Entry: 01/01/2018']), 'FCRA-605A-2-US-NATIONAL-7Y'),"
"accelerated-launch/service/tests/sections/ad-legal-event-facts.cjs","42","ad-legal-event-facts","1","KEEP","Current behavior, evidence, isolation, source admission, or consumer contract.","check.deepEqual(outcomeOf(runEngine('US', 'US-NY', ['Experian  Consumer Credit Report', 'Report Date: 12 June 2026', 'Tax Lien  Date Released 01/01/2018']), 'FCRA-605A-3-US-NATIONAL-7Y'),"
"accelerated-launch/service/tests/sections/ad-legal-event-facts.cjs","44","ad-legal-event-facts","1","KEEP","Current behavior, evidence, isolation, source admission, or consumer contract.","check.deepEqual(outcomeOf(runEngine('US', 'US-NY', ['Experian  Consumer Credit Report', 'Report Date: 12 June 2026', 'Tax Lien  Date Paid 01/01/2022']), 'FCRA-605A-3-US-NATIONAL-7Y'),"
"accelerated-launch/service/tests/sections/ad-legal-event-facts.cjs","46","ad-legal-event-facts","1","KEEP","Current behavior, evidence, isolation, source admission, or consumer contract.","check.deepEqual(outcomeOf(runEngine('US', 'US-NY', ['Experian  Consumer Credit Report', 'Report Date: 12 June 2026', 'Tax Lien  Filed 01/01/2018']), 'FCRA-605A-3-US-NATIONAL-7Y'),"
"accelerated-launch/service/tests/sections/ad-legal-event-facts.cjs","50","ad-legal-event-facts","1","KEEP","Current behavior, evidence, isolation, source admission, or consumer contract.","check.deepEqual(outcomeOf(runEngine('US', 'US-NY', ['Experian  Consumer Credit Report', 'Report Date: 12 June 2026', 'Bankruptcy  Order for Relief 01/01/2015']), 'FCRA-605A-1-US-NATIONAL-10Y'),"
"accelerated-launch/service/tests/sections/ad-legal-event-facts.cjs","52","ad-legal-event-facts","1","KEEP","Current behavior, evidence, isolation, source admission, or consumer contract.","check.deepEqual(outcomeOf(runEngine('US', 'US-NY', ['Experian  Consumer Credit Report', 'Report Date: 12 June 2026', 'Bankruptcy  Adjudicated 01/01/2020']), 'FCRA-605A-1-US-NATIONAL-10Y'),"
"accelerated-launch/service/tests/sections/ad-legal-event-facts.cjs","54","ad-legal-event-facts","1","KEEP","Current behavior, evidence, isolation, source admission, or consumer contract.","check.deepEqual(outcomeOf(runEngine('US', 'US-NY', ['Experian  Consumer Credit Report', 'Report Date: 12 June 2026', 'Bankruptcy  Filed 01/01/2015']), 'FCRA-605A-1-US-NATIONAL-10Y'),"
"accelerated-launch/service/tests/sections/ad-legal-event-facts.cjs","58","ad-legal-event-facts","1","KEEP","Current behavior, evidence, isolation, source admission, or consumer contract.","check.deepEqual(outcomeOf(runEngine('US', 'US-NY', ['Experian  Consumer Credit Report', 'Report Date: 12 June 2026', 'Bankruptcy  Adjudicated 01/01/2010']), 'US-NY-GBL-380J-F1-I-BANKRUPTCY-14Y'),"
"accelerated-launch/service/tests/sections/ad-legal-event-facts.cjs","60","ad-legal-event-facts","1","KEEP","Current behavior, evidence, isolation, source admission, or consumer contract.","check.deepEqual(outcomeOf(runEngine('US', 'US-NY', ['Experian  Consumer Credit Report', 'Report Date: 12 June 2026', 'Bankruptcy  Adjudicated 01/01/2020']), 'US-NY-GBL-380J-F1-I-BANKRUPTCY-14Y'),"
"accelerated-launch/service/tests/sections/ad-legal-event-facts.cjs","64","ad-legal-event-facts","1","KEEP","Current behavior, evidence, isolation, source admission, or consumer contract.","check.deepEqual(outcomeOf(runEngine('US', 'US-NY', ['Experian  Consumer Credit Report', 'Report Date: 12 June 2026', 'Tax Lien  Date Paid 01/01/2018']), 'US-NY-GBL-380J-F1-III-TAX-LIEN-PAID-7Y'),"
"accelerated-launch/service/tests/sections/ad-legal-event-facts.cjs","68","ad-legal-event-facts","1","KEEP","Current behavior, evidence, isolation, source admission, or consumer contract.","check.deepEqual(outcomeOf(runEngine('US', 'US-CA', ['Experian  Consumer Credit Report', 'Report Date: 12 June 2026', 'Bankruptcy  Order for Relief 01/01/2015']), 'US-CA-CCRAA-1785-13-A-1-BANKRUPTCY-10Y'),"
"accelerated-launch/service/tests/sections/ad-legal-event-facts.cjs","72","ad-legal-event-facts","1","KEEP","Current behavior, evidence, isolation, source admission, or consumer contract.","check.deepEqual(outcomeOf(runEngine('US', 'US-CA', ['Experian  Consumer Credit Report', 'Report Date: 12 June 2026', 'Tax Lien  Date Paid 01/01/2018']), 'US-CA-CCRAA-1785-13-A-4-TAX-LIEN-PAID-7Y'),"
"accelerated-launch/service/tests/sections/ad-legal-event-facts.cjs","74","ad-legal-event-facts","1","KEEP","Current behavior, evidence, isolation, source admission, or consumer contract.","check.deepEqual(outcomeOf(runEngine('US', 'US-CA', ['Experian  Consumer Credit Report', 'Report Date: 12 June 2026', 'Tax Lien  Date Paid 01/01/2022']), 'US-CA-CCRAA-1785-13-A-4-TAX-LIEN-PAID-7Y'),"
"accelerated-launch/service/tests/sections/ad-legal-event-facts.cjs","79","ad-legal-event-facts","1","KEEP","Current behavior, evidence, isolation, source admission, or consumer contract.","check.equal(collection.anchor_mode, 'SINGLE_FIELD', 'FCRA § 605(a)(4) is now anchored');"
"accelerated-launch/service/tests/sections/ad-legal-event-facts.cjs","80","ad-legal-event-facts","1","KEEP","Current behavior, evidence, isolation, source admission, or consumer contract.","check.deepEqual(collection.anchor_field, ['collection.delinquencyDate'], 'on the clearly labelled delinquency date');"
"accelerated-launch/service/tests/sections/ad-legal-event-facts.cjs","81","ad-legal-event-facts","1","KEEP","Current behavior, evidence, isolation, source admission, or consumer contract.","check.equal(collection.anchor_day_offset, 180, 'moved 180 days by § 605(c)(1)');"
"accelerated-launch/service/tests/sections/ad-legal-event-facts.cjs","83","ad-legal-event-facts","1","KEEP","Current behavior, evidence, isolation, source admission, or consumer contract.","check.equal(nyJudgment.anchor_mode, 'SINGLE_FIELD', 'the US-NY satisfied-judgment limb is now anchored');"
"accelerated-launch/service/tests/sections/ad-legal-event-facts.cjs","84","ad-legal-event-facts","1","KEEP","Current behavior, evidence, isolation, source admission, or consumer contract.","check.deepEqual(nyJudgment.anchor_field, ['publicRecord.judgmentEntryDate'], 'on the entry date');"
"accelerated-launch/service/tests/sections/ad-legal-event-facts.cjs","85","ad-legal-event-facts","1","KEEP","Current behavior, evidence, isolation, source admission, or consumer contract.","check.equal(nyJudgment.condition_field, 'publicRecord.judgmentSatisfactionDate', 'with the satisfaction-within-five-years condition');"
"accelerated-launch/service/tests/sections/ad-legal-event-facts.cjs","92","ad-legal-event-facts","1","KEEP","Current behavior, evidence, isolation, source admission, or consumer contract.","check.equal(contradictoryEntry.records.some((r) => r.facts && r.facts['publicRecord.judgmentEntryDate']), false,"
"accelerated-launch/service/tests/sections/ae-accept-003.cjs","27","ae-accept-003","1","KEEP","Current behavior, evidence, isolation, source admission, or consumer contract.","check.equal(c1.machine.state, 'EVALUATED', 'D2: collection breach evaluates');"
"accelerated-launch/service/tests/sections/ae-accept-003.cjs","28","ae-accept-003","1","KEEP","Current behavior, evidence, isolation, source admission, or consumer contract.","check.equal(c1.machine.outcome, 'PERIOD_EXCEEDED', 'D2: delinquency 2017 + 180 days + 7 years is exceeded by 2026');"
"accelerated-launch/service/tests/sections/ae-accept-003.cjs","29","ae-accept-003","1","KEEP","Current behavior, evidence, isolation, source admission, or consumer contract.","check.equal(c1.machine.anchor.iso, '2017-06-30', 'D2: the anchor is shifted 180 days after the delinquency');"
"accelerated-launch/service/tests/sections/ae-accept-003.cjs","30","ae-accept-003","1","KEEP","Current behavior, evidence, isolation, source admission, or consumer contract.","check.equal(c1.machine.finding && c1.machine.finding.classification, 'PROBABLE_VIOLATION', 'D2/ACCEPT-005: the § 1681c(b) use exception is off-report and unresolved, so a qualified PROBABLE (no VIOLATION) is preserved');"
"accelerated-launch/service/tests/sections/ae-accept-003.cjs","33","ae-accept-003","1","KEEP","Current behavior, evidence, isolation, source admission, or consumer contract.","check.equal(row(collectionNotBreach, 'FCRA-605A-4-US-NATIONAL-7Y').machine.outcome, 'PERIOD_NOT_EXCEEDED', 'D2: a recent delinquency is not exceeded');"
"accelerated-launch/service/tests/sections/ae-accept-003.cjs","36","ae-accept-003","1","KEEP","Current behavior, evidence, isolation, source admission, or consumer contract.","check.equal(row(collectionMissing, 'FCRA-605A-4-US-NATIONAL-7Y').machine.state, 'UNRESOLVED', 'D2: a collection-placement date is never substituted for the delinquency');"
"accelerated-launch/service/tests/sections/ae-accept-003.cjs","41","ae-accept-003","1","KEEP","Current behavior, evidence, isolation, source admission, or consumer contract.","check.equal(s1.machine.state, 'EVALUATED', 'D3: satisfied-within-five-years evaluates');"
"accelerated-launch/service/tests/sections/ae-accept-003.cjs","42","ae-accept-003","1","KEEP","Current behavior, evidence, isolation, source admission, or consumer contract.","check.equal(s1.machine.outcome, 'PERIOD_EXCEEDED', 'D3: entry 2010 + 5 years is exceeded by 2026');"
"accelerated-launch/service/tests/sections/ae-accept-003.cjs","43","ae-accept-003","1","KEEP","Current behavior, evidence, isolation, source admission, or consumer contract.","check.equal(s1.machine.anchor.condition_met, true, 'D3: the satisfaction condition is met');"
"accelerated-launch/service/tests/sections/ae-accept-003.cjs","44","ae-accept-003","1","KEEP","Current behavior, evidence, isolation, source admission, or consumer contract.","check.equal(s1.machine.finding && s1.machine.finding.classification, 'PROBABLE_VIOLATION', 'D3/ACCEPT-008: the § 380-j(f)(2) use exception is off-report and unresolved, so a qualified PROBABLE (no VIOLATION) is preserved');"
"accelerated-launch/service/tests/sections/ae-accept-003.cjs","47","ae-accept-003","1","KEEP","Current behavior, evidence, isolation, source admission, or consumer contract.","check.ok(satisfiedAfter.unavailable_checks.some((c) => c.adapter_id === 'US-NY-GBL-380J-F1-II-JUDGMENT-5Y' && /CONDITION_NOT_MET/.test(c.reason)),"
"accelerated-launch/service/tests/sections/ae-accept-003.cjs","51","ae-accept-003","1","KEEP","Current behavior, evidence, isolation, source admission, or consumer contract.","check.equal(row(satisfiedMissing, 'US-NY-GBL-380J-F1-II-JUDGMENT-5Y').machine.state, 'UNRESOLVED', 'D3: a missing satisfaction date is unresolved, never substituted');"
"accelerated-launch/service/tests/sections/ae-accept-003.cjs","55","ae-accept-003","1","KEEP","Current behavior, evidence, isolation, source admission, or consumer contract.","check.equal(noBreach.finding, null, 'D4: a not-exceeded period emits no finding');"
"accelerated-launch/service/tests/sections/ae-accept-003.cjs","57","ae-accept-003","1","KEEP","Current behavior, evidence, isolation, source admission, or consumer contract.","check.ok(!missingFact.finding, 'D4: a missing fact emits no finding (parser silence is never a finding)');"
"accelerated-launch/service/tests/sections/ae-accept-003.cjs","59","ae-accept-003","1","KEEP","Current behavior, evidence, isolation, source admission, or consumer contract.","check.equal(wrongJurisdictionThrows, true, 'D4: a wrong jurisdiction refuses rather than classifying');"
"accelerated-launch/service/tests/sections/ae-accept-003.cjs","62","ae-accept-003","1","KEEP","Current behavior, evidence, isolation, source admission, or consumer contract.","check.equal(incompleteObservation.state, 'EVALUATED', 'D4: the SOL-incomplete judgment still evaluates arithmetically');"
"accelerated-launch/service/tests/sections/ae-accept-003.cjs","63","ae-accept-003","1","KEEP","Current behavior, evidence, isolation, source admission, or consumer contract.","check.equal(incompleteObservation.finding, null, 'D4/ACCEPT-004: an incomplete observation emits no finding (no auto-probable from the SOL gap)');"
"accelerated-launch/service/tests/sections/af-accept-004.cjs","61","af-accept-004","1","KEEP","Current behavior, evidence, isolation, source admission, or consumer contract.","check.equal(ruleAdapters.classifyEvaluation(baseEvaluation(), 'violation'), 'VIOLATION',"
"accelerated-launch/service/tests/sections/af-accept-004.cjs","63","af-accept-004","1","KEEP","Current behavior, evidence, isolation, source admission, or consumer contract.","check.equal(ruleAdapters.classifyEvaluation(baseEvaluation(), 'observation'), null,"
"accelerated-launch/service/tests/sections/af-accept-004.cjs","67","af-accept-004","1","KEEP","Current behavior, evidence, isolation, source admission, or consumer contract.","check.equal(ruleAdapters.classifyEvaluation(Object.assign(baseEvaluation(), { breach_established: false }), 'violation'), null,"
"accelerated-launch/service/tests/sections/af-accept-004.cjs","71","af-accept-004","1","KEEP","Current behavior, evidence, isolation, source admission, or consumer contract.","check.equal(ruleAdapters.classifyEvaluation(Object.assign(baseEvaluation(), { observation_incomplete: true }), 'violation'), null,"
"accelerated-launch/service/tests/sections/af-accept-004.cjs","75","af-accept-004","1","KEEP","Current behavior, evidence, isolation, source admission, or consumer contract.","check.equal(ruleAdapters.classifyEvaluation(Object.assign(baseEvaluation(), { selected_jurisdiction: {} }), 'violation'), null,"
"accelerated-launch/service/tests/sections/af-accept-004.cjs","79","af-accept-004","1","KEEP","Current behavior, evidence, isolation, source admission, or consumer contract.","check.equal(ruleAdapters.classifyEvaluation(Object.assign(baseEvaluation(), { rule_identity: { adapter_id: 'x' } }), 'violation'), null,"
"accelerated-launch/service/tests/sections/af-accept-004.cjs","83","af-accept-004","1","KEEP","Current behavior, evidence, isolation, source admission, or consumer contract.","check.equal(ruleAdapters.classifyEvaluation(Object.assign(baseEvaluation(), { required_facts: [{ field: 'publicRecord.bankruptcyOrderForReliefDate', role: 'anchor', resolved: false, iso: null }] }), 'violation'), null,"
"accelerated-launch/service/tests/sections/af-accept-004.cjs","87","af-accept-004","1","KEEP","Current behavior, evidence, isolation, source admission, or consumer contract.","check.equal(ruleAdapters.classifyEvaluation(Object.assign(baseEvaluation(), { reference_date: { resolved: false, iso: null } }), 'violation'), null,"
"accelerated-launch/service/tests/sections/af-accept-004.cjs","91","af-accept-004","1","KEEP","Current behavior, evidence, isolation, source admission, or consumer contract.","check.equal(ruleAdapters.classifyEvaluation(Object.assign(baseEvaluation(), { timing: null }), 'violation'), null,"
"accelerated-launch/service/tests/sections/af-accept-004.cjs","95","af-accept-004","1","KEEP","Current behavior, evidence, isolation, source admission, or consumer contract.","check.equal(ruleAdapters.classifyEvaluation(Object.assign(baseEvaluation(), { conditions: [{ field: 'x', resolved: false, met: false }] }), 'violation'), null,"
"accelerated-launch/service/tests/sections/af-accept-004.cjs","99","af-accept-004","1","KEEP","Current behavior, evidence, isolation, source admission, or consumer contract.","check.equal(ruleAdapters.classifyEvaluation(Object.assign(baseEvaluation(), { exceptions: undefined }), 'violation'), null,"
"accelerated-launch/service/tests/sections/af-accept-004.cjs","103","af-accept-004","1","KEEP","Current behavior, evidence, isolation, source admission, or consumer contract.","check.equal(ruleAdapters.classifyEvaluation(Object.assign(baseEvaluation(), { exceptions: { items: [] } }), 'violation'), null,"
"accelerated-launch/service/tests/sections/af-accept-004.cjs","107","af-accept-004","1","KEEP","Current behavior, evidence, isolation, source admission, or consumer contract.","check.equal(ruleAdapters.classifyEvaluation(Object.assign(baseEvaluation(), { exceptions: { evaluation_required: true, items: [{ id: 'second-bankruptcy', applies: true, resolved: true }] } }), 'violation'), null,"
"accelerated-launch/service/tests/sections/af-accept-004.cjs","111","af-accept-004","1","KEEP","Current behavior, evidence, isolation, source admission, or consumer contract.","check.equal(ruleAdapters.classifyEvaluation(Object.assign(baseEvaluation(), { exceptions: { evaluation_required: true, items: [{ id: 'second-bankruptcy', applies: null, resolved: false }] } }), 'violation'), null,"
"accelerated-launch/service/tests/sections/af-accept-004.cjs","115","af-accept-004","1","KEEP","Current behavior, evidence, isolation, source admission, or consumer contract.","check.equal(ruleAdapters.classifyEvaluation(Object.assign(baseEvaluation(), { decisive_facts_unavailable: [{ identity: 'a second bankruptcy is not determinable from the report', decisive: true, unavailable_from_resolved_reading: true, evidence: 'the report prints no second-bankruptcy record' }] }), 'violation'), 'PROBABLE_VIOLATION',"
"accelerated-launch/service/tests/sections/af-accept-004.cjs","119","af-accept-004","1","KEEP","Current behavior, evidence, isolation, source admission, or consumer contract.","check.equal(ruleAdapters.classifyEvaluation(Object.assign(baseEvaluation(), { decisive_facts_unavailable: [{ identity: 'x' }] }), 'violation'), null,"
"accelerated-launch/service/tests/sections/af-accept-004.cjs","121","af-accept-004","1","KEEP","Current behavior, evidence, isolation, source admission, or consumer contract.","check.equal(ruleAdapters.classifyEvaluation(Object.assign(baseEvaluation(), { decisive_facts_unavailable: ['a second bankruptcy'] }), 'violation'), null,"
"accelerated-launch/service/tests/sections/af-accept-004.cjs","126","af-accept-004","1","KEEP","Current behavior, evidence, isolation, source admission, or consumer contract.","check.equal(incomplete.state, 'EVALUATED', 'the SOL-incomplete judgment still evaluates arithmetically');"
"accelerated-launch/service/tests/sections/af-accept-004.cjs","127","af-accept-004","1","KEEP","Current behavior, evidence, isolation, source admission, or consumer contract.","check.equal(incomplete.finding, null, 'runtime: an incomplete observation emits no finding');"
"accelerated-launch/service/tests/sections/af-accept-004.cjs","131","af-accept-004","1","KEEP","Current behavior, evidence, isolation, source admission, or consumer contract.","check.equal(federal.state, 'EVALUATED', 'runtime: the federal bankruptcy rule still evaluates arithmetically');"
"accelerated-launch/service/tests/sections/af-accept-004.cjs","132","af-accept-004","1","KEEP","Current behavior, evidence, isolation, source admission, or consumer contract.","check.equal(federal.outcome, 'PERIOD_EXCEEDED', 'runtime: its ten-year period is exceeded');"
"accelerated-launch/service/tests/sections/af-accept-004.cjs","133","af-accept-004","1","KEEP","Current behavior, evidence, isolation, source admission, or consumer contract.","check.equal(federal.finding && federal.finding.classification, 'PROBABLE_VIOLATION', 'runtime: the unresolved § 1681c(b) use exception blocks VIOLATION (qualified PROBABLE preserved)');"
"accelerated-launch/service/tests/sections/af-accept-004.cjs","135","af-accept-004","1","KEEP","Current behavior, evidence, isolation, source admission, or consumer contract.","check.equal(fedEval.exceptions.evaluation_required, true, 'runtime: the federal rule records the § 1681c(b) exception');"
"accelerated-launch/service/tests/sections/af-accept-004.cjs","136","af-accept-004","1","KEEP","Current behavior, evidence, isolation, source admission, or consumer contract.","check.equal(fedEval.exceptions.items.length, 3, 'runtime: it records the three exempted-use cases (credit / insurance / employment)');"
"accelerated-launch/service/tests/sections/af-accept-004.cjs","137","af-accept-004","1","KEEP","Current behavior, evidence, isolation, source admission, or consumer contract.","check.equal(fedEval.exceptions.unresolved_exception_present, true, 'runtime: the exception is unresolved, never defaulted to false');"
"accelerated-launch/service/tests/sections/af-accept-004.cjs","141","af-accept-004","1","KEEP","Current behavior, evidence, isolation, source admission, or consumer contract.","check.equal(ny.state, 'EVALUATED', 'runtime: the NY bankruptcy rule still evaluates arithmetically');"
"accelerated-launch/service/tests/sections/af-accept-004.cjs","142","af-accept-004","1","KEEP","Current behavior, evidence, isolation, source admission, or consumer contract.","check.equal(ny.outcome, 'PERIOD_EXCEEDED', 'runtime: its fourteen-year period is exceeded');"
"accelerated-launch/service/tests/sections/af-accept-004.cjs","143","af-accept-004","1","KEEP","Current behavior, evidence, isolation, source admission, or consumer contract.","check.equal(ny.finding && ny.finding.classification, 'PROBABLE_VIOLATION', 'runtime: the unresolved § 380-j(f)(2) use exception blocks VIOLATION');"
"accelerated-launch/service/tests/sections/af-accept-004.cjs","145","af-accept-004","1","KEEP","Current behavior, evidence, isolation, source admission, or consumer contract.","check.equal(nyEval.exceptions.evaluation_required, true, 'runtime: the NY rule records the § 380-j(f)(2) exception');"
"accelerated-launch/service/tests/sections/af-accept-004.cjs","146","af-accept-004","1","KEEP","Current behavior, evidence, isolation, source admission, or consumer contract.","check.equal(nyEval.exceptions.items.length, 3, 'runtime: it records the three use cases (credit / life insurance / employment)');"
"accelerated-launch/service/tests/sections/af-accept-004.cjs","150","af-accept-004","1","KEEP","Current behavior, evidence, isolation, source admission, or consumer contract.","check.equal(breach.finding.classification, 'VIOLATION', 'runtime: a resolved CA state breach derives VIOLATION');"
"accelerated-launch/service/tests/sections/af-accept-004.cjs","151","af-accept-004","1","KEEP","Current behavior, evidence, isolation, source admission, or consumer contract.","check.equal(breach.finding.evaluation.exceptions.evaluation_required, false, 'runtime: the CA rule records no cross-referenced exception in its admitted text');"
"accelerated-launch/service/tests/sections/af-accept-004.cjs","155","af-accept-004","1","KEEP","Current behavior, evidence, isolation, source admission, or consumer contract.","check.ok(!missing.finding, 'runtime: missing source evidence emits no finding (parser silence is never a finding)');"
"accelerated-launch/service/tests/sections/af-accept-004.cjs","159","af-accept-004","1","KEEP","Current behavior, evidence, isolation, source admission, or consumer contract.","check.equal(noBreach.finding, null, 'runtime: a not-exceeded period emits no finding');"
"accelerated-launch/service/tests/sections/af-accept-004.cjs","169","af-accept-004","1","KEEP","Current behavior, evidence, isolation, source admission, or consumer contract.","check.equal(wrongRefused, true, 'runtime: wrong jurisdiction refuses rather than classifying');"
"accelerated-launch/service/tests/sections/af-accept-004.cjs","175","af-accept-004","1","KEEP","Current behavior, evidence, isolation, source admission, or consumer contract.","check.equal(refused, true, 'emitFinding refuses when no finding is derived');"
"accelerated-launch/service/tests/sections/af-accept-004.cjs","177","af-accept-004","1","KEEP","Current behavior, evidence, isolation, source admission, or consumer contract.","check.equal(emitted.classification, 'VIOLATION', 'emitFinding returns the derived finding through the single guarded path');"
"accelerated-launch/service/tests/sections/af-accept-004.cjs","188","af-accept-004","1","KEEP","Current behavior, evidence, isolation, source admission, or consumer contract.","check.equal(pBk.machine.state, 'EVALUATED', 'pipeline: the federal bankruptcy limb evaluates');"
"accelerated-launch/service/tests/sections/af-accept-004.cjs","189","af-accept-004","1","KEEP","Current behavior, evidence, isolation, source admission, or consumer contract.","check.equal(pBk.machine.finding && pBk.machine.finding.classification, 'PROBABLE_VIOLATION', 'pipeline: the unresolved § 1681c(b) use exception blocks VIOLATION');"
"accelerated-launch/service/tests/sections/af-accept-004.cjs","191","af-accept-004","1","KEEP","Current behavior, evidence, isolation, source admission, or consumer contract.","check.equal(pJd.machine.state, 'EVALUATED', 'pipeline: the judgment limb evaluates');"
"accelerated-launch/service/tests/sections/af-accept-004.cjs","192","af-accept-004","1","KEEP","Current behavior, evidence, isolation, source admission, or consumer contract.","check.equal(pJd.machine.outcome, 'PERIOD_EXCEEDED', 'pipeline: the judgment minimum is exceeded');"
"accelerated-launch/service/tests/sections/af-accept-004.cjs","193","af-accept-004","1","KEEP","Current behavior, evidence, isolation, source admission, or consumer contract.","check.equal(pJd.machine.finding, null, 'pipeline: the SOL-incomplete judgment emits no finding');"
"accelerated-launch/service/tests/sections/af-accept-004.cjs","202","af-accept-004","1","KEEP","Current behavior, evidence, isolation, source admission, or consumer contract.","check.equal(pNy.machine.state, 'EVALUATED', 'pipeline: the NY bankruptcy limb evaluates');"
"accelerated-launch/service/tests/sections/af-accept-004.cjs","203","af-accept-004","1","KEEP","Current behavior, evidence, isolation, source admission, or consumer contract.","check.equal(pNy.machine.finding && pNy.machine.finding.classification, 'PROBABLE_VIOLATION', 'pipeline: the unresolved § 380-j(f)(2) use exception blocks VIOLATION');"
"accelerated-launch/service/tests/sections/af-accept-004.cjs","212","af-accept-004","1","KEEP","Current behavior, evidence, isolation, source admission, or consumer contract.","check.equal(pCa.machine.state, 'EVALUATED', 'pipeline: the CA bankruptcy limb evaluates');"
"accelerated-launch/service/tests/sections/af-accept-004.cjs","213","af-accept-004","1","KEEP","Current behavior, evidence, isolation, source admission, or consumer contract.","check.equal(pCa.machine.finding.classification, 'VIOLATION', 'pipeline: a resolved CA state breach derives VIOLATION');"
"accelerated-launch/service/tests/sections/af-accept-004.cjs","221","af-accept-004","1","KEEP","Current behavior, evidence, isolation, source admission, or consumer contract.","check.ok(pJdMissing.every((r) => !r.machine.finding), 'pipeline: an omitted judgment entry emits no finding');"
"accelerated-launch/service/tests/sections/ag-accept-006.cjs","31","ag-accept-006","1","KEEP","Current behavior, evidence, isolation, source admission, or consumer contract.","check.equal(m.state, 'DETECTED', 'medical information is detected');"
"accelerated-launch/service/tests/sections/ag-accept-006.cjs","32","ag-accept-006","1","KEEP","Current behavior, evidence, isolation, source admission, or consumer contract.","check.equal(m.classification, null, 'and it is never a legal conclusion');"
"accelerated-launch/service/tests/sections/ag-accept-006.cjs","33","ag-accept-006","1","KEEP","Current behavior, evidence, isolation, source admission, or consumer contract.","check.equal(m.is_a_finding, false, 'and never a finding');"
"accelerated-launch/service/tests/sections/ag-accept-006.cjs","34","ag-accept-006","1","KEEP","Current behavior, evidence, isolation, source admission, or consumer contract.","check.equal(m.legal_dependencies.length, 2, 'the two medical provisions are kept separate, not conflated');"
"accelerated-launch/service/tests/sections/ag-accept-006.cjs","35","ag-accept-006","1","KEEP","Current behavior, evidence, isolation, source admission, or consumer contract.","check.ok(m.legal_dependencies.some((d) => /1681c\(a\)\(6\)/.test(d.citation)), '§ 1681c(a)(6) is recorded separately');"
"accelerated-launch/service/tests/sections/ag-accept-006.cjs","36","ag-accept-006","1","KEEP","Current behavior, evidence, isolation, source admission, or consumer contract.","check.ok(m.legal_dependencies.some((d) => /1681b\(g\)/.test(d.citation)), '§ 1681b(g) is recorded separately');"
"accelerated-launch/service/tests/sections/ag-accept-006.cjs","37","ag-accept-006","1","KEEP","Current behavior, evidence, isolation, source admission, or consumer contract.","check.ok(m.legal_dependencies.every((d) => d.off_report === true), 'both dependencies are off-report');"
"accelerated-launch/service/tests/sections/ag-accept-006.cjs","38","ag-accept-006","1","KEEP","Current behavior, evidence, isolation, source admission, or consumer contract.","check.equal(m.record_matches.length, 1, 'the medical marker is tied to its record content');"
"accelerated-launch/service/tests/sections/ag-accept-006.cjs","39","ag-accept-006","1","KEEP","Current behavior, evidence, isolation, source admission, or consumer contract.","check.equal(m.record_matches[0].context, 'record', 'and its context is record content, not boilerplate');"
"accelerated-launch/service/tests/sections/ag-accept-006.cjs","44","ag-accept-006","1","KEEP","Current behavior, evidence, isolation, source admission, or consumer contract.","check.equal(d.state, 'NOT_DETECTED', 'the dispute marker regex does not fire on a generic rights notice');"
"accelerated-launch/service/tests/sections/ag-accept-006.cjs","48","ag-accept-006","1","KEEP","Current behavior, evidence, isolation, source admission, or consumer contract.","check.equal(byMarker(clean, 'medical_information').state, 'NOT_DETECTED', 'a clean report detects no medical information');"
"accelerated-launch/service/tests/sections/ag-accept-006.cjs","51","ag-accept-006","1","KEEP","Current behavior, evidence, isolation, source admission, or consumer contract.","check.ok(/Absence of a keyword does not prove/.test(byMarker(clean, 'fraud_alert').detail), 'absence is not asserted as proof of breach');"
"accelerated-launch/service/tests/sections/ag-accept-006.cjs","55","ag-accept-006","1","KEEP","Current behavior, evidence, isolation, source admission, or consumer contract.","check.equal((au.detected_report_information || []).length, 4, 'detection still runs for an AU selection (it is extraction)');"
"accelerated-launch/service/tests/sections/ag-accept-006.cjs","56","ag-accept-006","1","KEEP","Current behavior, evidence, isolation, source admission, or consumer contract.","check.ok(/FCRA §|15 U.S.C/.test(byMarker(au, 'medical_information').legal_dependencies[0].citation), 'and its legal dependency names US FCRA (informational, not evaluated for AU)');"
"accelerated-launch/service/tests/sections/ag-accept-006.cjs","59","ag-accept-006","1","KEEP","Current behavior, evidence, isolation, source admission, or consumer contract.","check.equal(medical.assessment.kinds.includes('DETECTED_REPORT_INFORMATION'), true, 'the assessment kind is DETECTED_REPORT_INFORMATION');"
"accelerated-launch/service/tests/sections/ag-accept-006.cjs","60","ag-accept-006","1","KEEP","Current behavior, evidence, isolation, source admission, or consumer contract.","check.equal(medical.assessment.kinds.includes('CONTENT_ASSESSMENT'), false, 'and it is no longer labelled a CONTENT_ASSESSMENT');"
"accelerated-launch/service/tests/sections/ag-accept-006.cjs","64","ag-accept-006","1","KEEP","Current behavior, evidence, isolation, source admission, or consumer contract.","check.equal(direct.performed.length, 4, 'all four detected-information entries run on a read report');"
"accelerated-launch/service/tests/sections/ag-accept-006.cjs","65","ag-accept-006","1","KEEP","Current behavior, evidence, isolation, source admission, or consumer contract.","check.ok(direct.performed.every((c) => c.state === 'NOT_DETECTED'), 'an empty marker set detects nothing');"
"accelerated-launch/service/tests/sections/ah-multifile-assessment.cjs","33","ah-multifile-assessment","1","KEEP","Current behavior, evidence, isolation, source admission, or consumer contract.","check.equal(two.files_examined, 2, 'both files are examined');"
"accelerated-launch/service/tests/sections/ah-multifile-assessment.cjs","34","ah-multifile-assessment","1","KEEP","Current behavior, evidence, isolation, source admission, or consumer contract.","check.equal(two.files_included, 2, 'and both are included');"
"accelerated-launch/service/tests/sections/ah-multifile-assessment.cjs","35","ah-multifile-assessment","1","KEEP","Current behavior, evidence, isolation, source admission, or consumer contract.","check.equal(two.duplicate_files_skipped, 0, 'no duplicate was present');"
"accelerated-launch/service/tests/sections/ah-multifile-assessment.cjs","36","ah-multifile-assessment","1","KEEP","Current behavior, evidence, isolation, source admission, or consumer contract.","check.equal(two.extraction.records.length, 2, 'a fact from each file is assembled into the records');"
"accelerated-launch/service/tests/sections/ah-multifile-assessment.cjs","37","ah-multifile-assessment","1","KEEP","Current behavior, evidence, isolation, source admission, or consumer contract.","check.deepEqual(two.extraction.records.map((r) => r.record_index), [1, 2], 'records are re-indexed globally');"
"accelerated-launch/service/tests/sections/ah-multifile-assessment.cjs","39","ah-multifile-assessment","1","KEEP","Current behavior, evidence, isolation, source admission, or consumer contract.","check.ok(byId.has('file-a') && byId.has('file-b'), 'each record names its source file');"
"accelerated-launch/service/tests/sections/ah-multifile-assessment.cjs","40","ah-multifile-assessment","1","KEEP","Current behavior, evidence, isolation, source admission, or consumer contract.","check.notEqual(two.extraction.records[0].source_file_id, two.extraction.records[1].source_file_id, 'the two records come from two different files');"
"accelerated-launch/service/tests/sections/ah-multifile-assessment.cjs","43","ah-multifile-assessment","1","KEEP","Current behavior, evidence, isolation, source admission, or consumer contract.","check.ok(!JSON.stringify(recA).includes('2019-02-02'), ""the earlier file's record does not borrow the later file's fact"");"
"accelerated-launch/service/tests/sections/ah-multifile-assessment.cjs","44","ah-multifile-assessment","1","KEEP","Current behavior, evidence, isolation, source admission, or consumer contract.","check.ok(!JSON.stringify(recB).includes('2015-01-01'), ""the later file's record does not borrow the earlier file's fact"");"
"accelerated-launch/service/tests/sections/ah-multifile-assessment.cjs","45","ah-multifile-assessment","1","KEEP","Current behavior, evidence, isolation, source admission, or consumer contract.","check.equal(typeof recA.location.source, 'string', 'a record carries its reading source (native text / OCR)');"
"accelerated-launch/service/tests/sections/ah-multifile-assessment.cjs","46","ah-multifile-assessment","1","KEEP","Current behavior, evidence, isolation, source admission, or consumer contract.","check.equal(recA.location.file_id, 'file-a', 'and its source file id on its location');"
"accelerated-launch/service/tests/sections/ah-multifile-assessment.cjs","50","ah-multifile-assessment","1","KEEP","Current behavior, evidence, isolation, source admission, or consumer contract.","check.equal(dup.files_examined, 3, 'three files were examined');"
"accelerated-launch/service/tests/sections/ah-multifile-assessment.cjs","51","ah-multifile-assessment","1","KEEP","Current behavior, evidence, isolation, source admission, or consumer contract.","check.equal(dup.files_included, 2, 'two distinct files were included');"
"accelerated-launch/service/tests/sections/ah-multifile-assessment.cjs","52","ah-multifile-assessment","1","KEEP","Current behavior, evidence, isolation, source admission, or consumer contract.","check.equal(dup.duplicate_files_skipped, 1, 'one exact duplicate was recognised and skipped');"
"accelerated-launch/service/tests/sections/ah-multifile-assessment.cjs","53","ah-multifile-assessment","1","KEEP","Current behavior, evidence, isolation, source admission, or consumer contract.","check.equal(dup.extraction.records.length, 2, 'the duplicated page is not counted as duplicate debt');"
"accelerated-launch/service/tests/sections/ah-multifile-assessment.cjs","58","ah-multifile-assessment","1","KEEP","Current behavior, evidence, isolation, source admission, or consumer contract.","check.equal(mixed.report_groups.length, 2, 'two distinct bureau reports are kept in separate groups');"
"accelerated-launch/service/tests/sections/ah-multifile-assessment.cjs","59","ah-multifile-assessment","1","KEEP","Current behavior, evidence, isolation, source admission, or consumer contract.","check.equal(mixed.extraction.multi_file_assembly.report_groups.length, 2, 'and the separation is recorded on the assembled extraction');"
"accelerated-launch/service/tests/sections/ah-multifile-assessment.cjs","60","ah-multifile-assessment","1","KEEP","Current behavior, evidence, isolation, source admission, or consumer contract.","check.ok(mixed.extraction.records.every((r) => typeof r.source_bureau === 'string'), 'every record names the bureau it came from');"
"accelerated-launch/service/tests/sections/ah-multifile-assessment.cjs","66","ah-multifile-assessment","1","KEEP","Current behavior, evidence, isolation, source admission, or consumer contract.","check.equal(sameBureauTwoDates.report_groups.length, 2, 'two Equifax reports with different dates are two distinct reports');"
"accelerated-launch/service/tests/sections/ah-multifile-assessment.cjs","67","ah-multifile-assessment","1","KEEP","Current behavior, evidence, isolation, source admission, or consumer contract.","check.deepEqual("
"accelerated-launch/service/tests/sections/ah-multifile-assessment.cjs","72","ah-multifile-assessment","1","KEEP","Current behavior, evidence, isolation, source admission, or consumer contract.","check.deepEqual("
"accelerated-launch/service/tests/sections/ah-multifile-assessment.cjs","85","ah-multifile-assessment","1","KEEP","Current behavior, evidence, isolation, source admission, or consumer contract.","check.equal(deduped.pages.length, 2, 'identical native text is retained, not discarded (visual content may differ)');"
"accelerated-launch/service/tests/sections/ah-multifile-assessment.cjs","86","ah-multifile-assessment","1","KEEP","Current behavior, evidence, isolation, source admission, or consumer contract.","check.equal(deduped.pages[1].suspected_duplicate, true, 'and the later page is flagged as a suspected duplicate');"
"accelerated-launch/service/tests/sections/ah-multifile-assessment.cjs","87","ah-multifile-assessment","1","KEEP","Current behavior, evidence, isolation, source admission, or consumer contract.","check.equal(deduped.skipped.length, 1, 'and the audit records the suspected duplicate');"
"accelerated-launch/service/tests/sections/ah-multifile-assessment.cjs","88","ah-multifile-assessment","1","KEEP","Current behavior, evidence, isolation, source admission, or consumer contract.","check.equal(deduped.skipped[0].reason, 'SUSPECTED_DUPLICATE_RETAINED', 'retained, never discarded');"
"accelerated-launch/service/tests/sections/ah-multifile-assessment.cjs","89","ah-multifile-assessment","1","KEEP","Current behavior, evidence, isolation, source admission, or consumer contract.","check.equal(deduped.skipped[0].duplicate_of_page, 1, 'the audit names the page it duplicates');"
"accelerated-launch/service/tests/sections/ah-multifile-assessment.cjs","94","ah-multifile-assessment","1","KEEP","Current behavior, evidence, isolation, source admission, or consumer contract.","check.equal(generalIntake.dedupePages(similarButDifferent).skipped.length, 0, 'legitimate similar accounts are never mistaken for duplicate pages');"
"accelerated-launch/service/tests/sections/ah-multifile-assessment.cjs","102","ah-multifile-assessment","1","KEEP","Current behavior, evidence, isolation, source admission, or consumer contract.","check.deepEqual(missing.likely_missing_pages, [2], 'a gap in printed page numbering is flagged');"
"accelerated-launch/service/tests/sections/ah-multifile-assessment.cjs","104","ah-multifile-assessment","1","KEEP","Current behavior, evidence, isolation, source admission, or consumer contract.","check.deepEqual(generalIntake.detectMissingPages(unnumbered).likely_missing_pages, [], 'no numbering means completeness is unknown, never invented');"
"accelerated-launch/service/tests/sections/ah-multifile-assessment.cjs","112","ah-multifile-assessment","1","KEEP","Current behavior, evidence, isolation, source admission, or consumer contract.","check.equal(lowConfidence.length, 1, 'a low-confidence line still produces a record');"
"accelerated-launch/service/tests/sections/ah-multifile-assessment.cjs","113","ah-multifile-assessment","1","KEEP","Current behavior, evidence, isolation, source admission, or consumer contract.","check.equal(lowConfidence[0].status, 'EXTRACTION_UNRESOLVED', 'but the record is unresolved, not a resolved fact');"
"accelerated-launch/service/tests/sections/ah-multifile-assessment.cjs","115","ah-multifile-assessment","1","KEEP","Current behavior, evidence, isolation, source admission, or consumer contract.","check.equal(lowDates.length, 0, 'no low-confidence date is accepted as a resolved fact');"
"accelerated-launch/service/tests/sections/ah-multifile-assessment.cjs","117","ah-multifile-assessment","1","KEEP","Current behavior, evidence, isolation, source admission, or consumer contract.","check.ok(lowUnresolved.length >= 1, 'the low-confidence date is preserved as unresolved with its reason');"
"accelerated-launch/service/tests/sections/ah-multifile-assessment.cjs","128","ah-multifile-assessment","1","KEEP","Current behavior, evidence, isolation, source admission, or consumer contract.","check.equal(continued.length, 1, 'an account name/balance line and its Opened continuation assemble into ONE record');"
"accelerated-launch/service/tests/sections/ah-multifile-assessment.cjs","131","ah-multifile-assessment","1","KEEP","Current behavior, evidence, isolation, source admission, or consumer contract.","check.ok(continuedAmounts.length >= 1, 'the balance is on the assembled record');"
"accelerated-launch/service/tests/sections/ah-multifile-assessment.cjs","132","ah-multifile-assessment","1","KEEP","Current behavior, evidence, isolation, source admission, or consumer contract.","check.ok(continuedDates.some((f) => f.state === 'VALUE'), 'and the Opened date is on the same record');"
"accelerated-launch/service/tests/sections/ah-multifile-assessment.cjs","142","ah-multifile-assessment","1","KEEP","Current behavior, evidence, isolation, source admission, or consumer contract.","check.equal(twoAccounts.length, 2, 'two accounts with their own creditor lines stay two separate records');"
"accelerated-launch/service/tests/sections/ah-multifile-assessment.cjs","149","ah-multifile-assessment","1","KEEP","Current behavior, evidence, isolation, source admission, or consumer contract.","check.equal(headerOnly.length, 0, 'a date-only report-header line is not invented into a record');"
"accelerated-launch/service/tests/sections/ah-multifile-assessment.cjs","155","ah-multifile-assessment","1","KEEP","Current behavior, evidence, isolation, source admission, or consumer contract.","check.equal(adjacent.report_groups.length, 1, 'a contiguous dateless page attaches to the dated report');"
"accelerated-launch/service/tests/sections/ah-multifile-assessment.cjs","158","ah-multifile-assessment","1","KEEP","Current behavior, evidence, isolation, source admission, or consumer contract.","check.equal(separated.report_groups.length, 3, 'a dateless page separated by another bureau is retained unresolved, not attached');"
"accelerated-launch/service/tests/sections/ah-multifile-assessment.cjs","160","ah-multifile-assessment","1","KEEP","Current behavior, evidence, isolation, source admission, or consumer contract.","check.ok(datelessGroup, 'the retained dateless page has no borrowed reference date');"
"accelerated-launch/service/tests/sections/ah-multifile-assessment.cjs","167","ah-multifile-assessment","1","KEEP","Current behavior, evidence, isolation, source admission, or consumer contract.","check.equal(generalIntake.dedupePages(textOnlyPages).skipped.length, 0, 'identical OCR text with different coordinates is kept (different image content)');"
"accelerated-launch/service/tests/sections/ah-multifile-assessment.cjs","175","ah-multifile-assessment","1","KEEP","Current behavior, evidence, isolation, source admission, or consumer contract.","check.equal(sameGeomDedup.pages.length, 2, 'an OCR page is retained even when its text and geometry match');"
"accelerated-launch/service/tests/sections/ah-multifile-assessment.cjs","176","ah-multifile-assessment","1","KEEP","Current behavior, evidence, isolation, source admission, or consumer contract.","check.equal(sameGeomDedup.pages[1].suspected_duplicate, true, 'and it is explicitly flagged as a suspected duplicate');"
"accelerated-launch/service/tests/sections/ah-multifile-assessment.cjs","177","ah-multifile-assessment","1","KEEP","Current behavior, evidence, isolation, source admission, or consumer contract.","check.equal(sameGeomDedup.skipped[0].reason, 'SUSPECTED_DUPLICATE_RETAINED', 'and the skip audit records that it was retained, not discarded');"
"accelerated-launch/service/tests/sections/ah-multifile-assessment.cjs","183","ah-multifile-assessment","1","KEEP","Current behavior, evidence, isolation, source admission, or consumer contract.","check.equal(cross.extraction.records.length, 1, 'an account on one image and its continuation on the next assemble into ONE record');"
"accelerated-launch/service/tests/sections/ah-multifile-assessment.cjs","185","ah-multifile-assessment","1","KEEP","Current behavior, evidence, isolation, source admission, or consumer contract.","check.ok(mergedRec.continuation_merged_from && mergedRec.continuation_merged_from.length === 1, 'and the merge is audited');"
"accelerated-launch/service/tests/sections/ah-multifile-assessment.cjs","186","ah-multifile-assessment","1","KEEP","Current behavior, evidence, isolation, source admission, or consumer contract.","check.equal(mergedRec.continuation_merged_from[0].file_id, 'file-cont-b', 'naming the continuation image');"
"accelerated-launch/service/tests/sections/ah-multifile-assessment.cjs","187","ah-multifile-assessment","1","KEEP","Current behavior, evidence, isolation, source admission, or consumer contract.","check.ok(mergedRec.facts && mergedRec.facts['liability.closedDate'] === '2021-02-02', 'and the continuation date reaches the assembled record');"
"accelerated-launch/service/tests/sections/ah-multifile-assessment.cjs","188","ah-multifile-assessment","1","KEEP","Current behavior, evidence, isolation, source admission, or consumer contract.","check.ok(!(fileA.extraction.records[0].facts && fileA.extraction.records[0].facts['liability.closedDate']), 'and the original per-file record is not mutated by the merge');"
"accelerated-launch/service/tests/sections/ah-multifile-assessment.cjs","194","ah-multifile-assessment","1","KEEP","Current behavior, evidence, isolation, source admission, or consumer contract.","check.equal(twoAcross.extraction.records.length, 2, 'two accounts with their own creditor lines stay separate across two images');"
"accelerated-launch/service/tests/sections/ah-multifile-assessment.cjs","201","ah-multifile-assessment","1","KEEP","Current behavior, evidence, isolation, source admission, or consumer contract.","check.ok(reCandidate, 'a continuation that precedes its account is retained, not dropped');"
"accelerated-launch/service/tests/sections/ah-multifile-assessment.cjs","202","ah-multifile-assessment","1","KEEP","Current behavior, evidence, isolation, source admission, or consumer contract.","check.ok(!reCandidate.continuation_merged_from, 'and it is not merged into a later account (no positive evidence)');"
"accelerated-launch/service/tests/sections/ah-multifile-assessment.cjs","208","ah-multifile-assessment","1","KEEP","Current behavior, evidence, isolation, source admission, or consumer contract.","check.equal(conflicting.extraction.records.length, 2, 'a continuation with its own creditor line does not borrow the earlier account');"
"accelerated-launch/service/tests/sections/ah-multifile-assessment.cjs","210","ah-multifile-assessment","1","KEEP","Current behavior, evidence, isolation, source admission, or consumer contract.","check.ok(closedRecord, 'the closure is still read');"
"accelerated-launch/service/tests/sections/ah-multifile-assessment.cjs","211","ah-multifile-assessment","1","KEEP","Current behavior, evidence, isolation, source admission, or consumer contract.","check.ok(!closedRecord.continuation_merged_from, 'and it is not attributed to a different account');"
"accelerated-launch/service/tests/sections/ah-multifile-assessment.cjs","218","ah-multifile-assessment","1","KEEP","Current behavior, evidence, isolation, source admission, or consumer contract.","check.equal(equiv.files_included, 2, 'two equivalent images with different bytes are both retained, never discarded');"
"accelerated-launch/service/tests/sections/ah-multifile-assessment.cjs","219","ah-multifile-assessment","1","KEEP","Current behavior, evidence, isolation, source admission, or consumer contract.","check.equal(equiv.suspected_equivalent_files.length, 1, 'and the equivalent pair is audited');"
"accelerated-launch/service/tests/sections/ah-multifile-assessment.cjs","220","ah-multifile-assessment","1","KEEP","Current behavior, evidence, isolation, source admission, or consumer contract.","check.equal(equiv.suspected_equivalent_files[0].equivalent_of, 'file-eq-a', 'naming the earlier image');"
"accelerated-launch/service/tests/sections/ah-multifile-assessment.cjs","221","ah-multifile-assessment","1","KEEP","Current behavior, evidence, isolation, source admission, or consumer contract.","check.equal(equiv.suspected_equivalent_files[0].reason, 'SUSPECTED_EQUIVALENT_IMAGE_RETAINED', 'flagged as suspected, not confirmed');"
"accelerated-launch/service/tests/sections/ah-multifile-assessment.cjs","230","ah-multifile-assessment","1","KEEP","Current behavior, evidence, isolation, source admission, or consumer contract.","check.equal(up1.status, 201, 'the earlier page uploads');"
"accelerated-launch/service/tests/sections/ah-multifile-assessment.cjs","231","ah-multifile-assessment","1","KEEP","Current behavior, evidence, isolation, source admission, or consumer contract.","check.equal(up2.status, 201, 'the later page uploads');"
"accelerated-launch/service/tests/sections/ah-multifile-assessment.cjs","234","ah-multifile-assessment","1","KEEP","Current behavior, evidence, isolation, source admission, or consumer contract.","check.equal(evaluated.status, 201, 'the multi-file case still evaluates');"
"accelerated-launch/service/tests/sections/ah-multifile-assessment.cjs","236","ah-multifile-assessment","1","KEEP","Current behavior, evidence, isolation, source admission, or consumer contract.","check.equal(result.read_but_no_usable_facts, null, 'the assembled report is not misread as having no usable facts');"
"accelerated-launch/service/tests/sections/ah-multifile-assessment.cjs","239","ah-multifile-assessment","1","KEEP","Current behavior, evidence, isolation, source admission, or consumer contract.","check.ok(storedResult.file_ids && storedResult.file_ids.length === 2, 'the result records both assembled files');"
"accelerated-launch/service/tests/sections/ah-multifile-assessment.cjs","244","ah-multifile-assessment","1","KEEP","Current behavior, evidence, isolation, source admission, or consumer contract.","check.ok(examined >= 2, 'both assembled entries were examined by a factual check, not just the latest page');"
"accelerated-launch/service/tests/sections/aj-ingest-dates.cjs","22","aj-ingest-dates","1","KEEP","Current behavior, evidence, isolation, source admission, or consumer contract.","check.equal(straddle.state, 'UNRESOLVED', 'a month-only anchor whose range straddles the boundary is withheld, not a finding');"
"accelerated-launch/service/tests/sections/aj-ingest-dates.cjs","23","aj-ingest-dates","1","KEEP","Current behavior, evidence, isolation, source admission, or consumer contract.","check.equal(straddle.arithmetic.reason, 'MONTH_PRECISION_STRADDLES_THE_PERIOD_BOUNDARY', 'and it says why');"
"accelerated-launch/service/tests/sections/aj-ingest-dates.cjs","30","aj-ingest-dates","1","KEEP","Current behavior, evidence, isolation, source admission, or consumer contract.","check.equal(whollyBefore.outcome, 'PERIOD_EXCEEDED', 'a month wholly before the boundary is exceeded');"
"accelerated-launch/service/tests/sections/aj-ingest-dates.cjs","37","aj-ingest-dates","1","KEEP","Current behavior, evidence, isolation, source admission, or consumer contract.","check.equal(whollyWithin.outcome, 'PERIOD_NOT_EXCEEDED', 'a month wholly inside the period is not exceeded');"
"accelerated-launch/service/tests/sections/aj-ingest-dates.cjs","44","aj-ingest-dates","1","KEEP","Current behavior, evidence, isolation, source admission, or consumer contract.","check.equal(lowConfRecords[0].status, 'EXTRACTION_UNRESOLVED', 'a low-confidence date is not a resolved fact');"
"accelerated-launch/service/tests/sections/aj-ingest-dates.cjs","59","aj-ingest-dates","1","KEEP","Current behavior, evidence, isolation, source admission, or consumer contract.","check.equal(performed.length, 0, 'no statutory comparison was performed on an unresolved (low-confidence) anchor');"
"accelerated-launch/service/tests/sections/aj-ingest-dates.cjs","60","aj-ingest-dates","1","KEEP","Current behavior, evidence, isolation, source admission, or consumer contract.","check.ok(lowEval.unresolved_checks.length > 0, 'the check is recorded as unresolved, not a violation');"
"accelerated-launch/service/tests/sections/aj-ingest-dates.cjs","61","aj-ingest-dates","1","KEEP","Current behavior, evidence, isolation, source admission, or consumer contract.","check.ok(!lowEval.results.some((r) => r.machine && r.machine.finding_emitted === true), 'no VIOLATION or PROBABLE_VIOLATION was emitted');"
"accelerated-launch/service/tests/sections/aj-ingest-dates.cjs","78","aj-ingest-dates","1","KEEP","Current behavior, evidence, isolation, source admission, or consumer contract.","check.equal(decisiveLow[0].status, 'EXTRACTION_UNRESOLVED', 'a line with a high mean but an untrusted date word yields no resolved fact');"
"accelerated-launch/service/tests/sections/aj-ingest-dates.cjs","80","aj-ingest-dates","1","KEEP","Current behavior, evidence, isolation, source admission, or consumer contract.","check.ok(decisiveDateField, 'the degraded date reading is preserved');"
"accelerated-launch/service/tests/sections/aj-ingest-dates.cjs","81","aj-ingest-dates","1","KEEP","Current behavior, evidence, isolation, source admission, or consumer contract.","check.equal(decisiveDateField.state, 'UNRESOLVED', 'and it is unresolved, not a value');"
"accelerated-launch/service/tests/sections/aj-ingest-dates.cjs","82","aj-ingest-dates","1","KEEP","Current behavior, evidence, isolation, source admission, or consumer contract.","check.equal(decisiveDateField.reason, 'LOW_CONFIDENCE_OCR_READING_ON_DECISIVE_CHARACTERS', 'and the reason names the decisive-character uncertainty');"
"accelerated-launch/service/tests/sections/aj-ingest-dates.cjs","83","aj-ingest-dates","1","KEEP","Current behavior, evidence, isolation, source admission, or consumer contract.","check.equal(decisiveDateField.location.min_confidence, 40, 'and the field location records the line minimum word confidence');"
"accelerated-launch/service/tests/sections/aj-ingest-dates.cjs","84","aj-ingest-dates","1","KEEP","Current behavior, evidence, isolation, source admission, or consumer contract.","check.equal(decisiveDateField.location.confidence, 88, 'alongside the high line mean');"
"accelerated-launch/service/tests/sections/aj-ingest-dates.cjs","100","aj-ingest-dates","1","KEEP","Current behavior, evidence, isolation, source admission, or consumer contract.","check.equal(decisiveClear[0].status, 'RESOLVED', 'a line whose decisive words are all trusted resolves the date');"
"accelerated-launch/service/tests/sections/aj-ingest-dates.cjs","101","aj-ingest-dates","1","KEEP","Current behavior, evidence, isolation, source admission, or consumer contract.","check.ok(Object.values(decisiveClear[0].printed).some((f) => f.state === 'VALUE'), 'and a resolved value is present');"
"accelerated-launch/service/tests/sections/aj-ingest-dates.cjs","110","aj-ingest-dates","1","KEEP","Current behavior, evidence, isolation, source admission, or consumer contract.","check.equal(legalRecords[0].facts['publicRecord.bankruptcyOrderForReliefDate'], undefined, 'legal-event acceptance never bypasses uncertain decisive-word trust');"
"accelerated-launch/service/tests/sections/aj-ingest-dates.cjs","111","aj-ingest-dates","1","KEEP","Current behavior, evidence, isolation, source admission, or consumer contract.","check.equal(legalRecords[0].printed.bankruptcy_order_for_relief_date.state, 'UNRESOLVED', 'the legal-event reading remains explicitly unresolved');"
"accelerated-launch/service/tests/sections/aj-ingest-dates.cjs","113","aj-ingest-dates","1","KEEP","Current behavior, evidence, isolation, source admission, or consumer contract.","check.ok(rendered.unresolved_report_fields.length > 0, 'consumer results retain unresolved printed fields');"
"accelerated-launch/service/tests/sections/aj-ingest-dates.cjs","114","aj-ingest-dates","1","KEEP","Current behavior, evidence, isolation, source admission, or consumer contract.","check.equal(rendered.unresolved_report_fields[0].account_number_in_report, 1, 'uncertainty keeps its owning account');"
"accelerated-launch/service/tests/sections/aj-ingest-dates.cjs","115","aj-ingest-dates","1","KEEP","Current behavior, evidence, isolation, source admission, or consumer contract.","check.equal(rendered.unresolved_report_fields[0].accepted_as_fact, false, 'consumer raw readings are never accepted values');"
"accelerated-launch/service/tests/sections/aj-ingest-dates.cjs","116","aj-ingest-dates","1","KEEP","Current behavior, evidence, isolation, source admission, or consumer contract.","check.match(rendered.unresolved_report_fields[0].plain, /could not read.*confidently/, 'uncertainty is explained in plain language');"
"accelerated-launch/service/tests/sections/aj-ingest-dates.cjs","117","aj-ingest-dates","1","KEEP","Current behavior, evidence, isolation, source admission, or consumer contract.","check.equal(rendered.unresolved_report_fields[0].location.line, 3, 'uncertainty retains its actual source line');"
"accelerated-launch/service/tests/sections/aj-ingest-dates.cjs","122","aj-ingest-dates","1","KEEP","Current behavior, evidence, isolation, source admission, or consumer contract.","check.equal(reExt.reference_date.normalized_value, '2026-06-12', 'the report header date, not the account as-of date, is the reference date');"
"accelerated-launch/service/tests/sections/aj-ingest-dates.cjs","123","aj-ingest-dates","1","KEEP","Current behavior, evidence, isolation, source admission, or consumer contract.","check.equal(reExt.reference_date.hint_basis, 'REPORT_HEADER', 'and the basis is a report header');"
"accelerated-launch/service/tests/sections/aj-ingest-dates.cjs","129","aj-ingest-dates","1","KEEP","Current behavior, evidence, isolation, source admission, or consumer contract.","check.ok(closed, 'a closure date was read');"
"accelerated-launch/service/tests/sections/aj-ingest-dates.cjs","130","aj-ingest-dates","1","KEEP","Current behavior, evidence, isolation, source admission, or consumer contract.","check.equal(closed.raw, 'February 5th, 2021', 'raw text is preserved');"
"accelerated-launch/service/tests/sections/aj-ingest-dates.cjs","131","aj-ingest-dates","1","KEEP","Current behavior, evidence, isolation, source admission, or consumer contract.","check.equal(closed.normalized, '2021-02-05', 'normalized value is resolved');"
"accelerated-launch/service/tests/sections/aj-ingest-dates.cjs","132","aj-ingest-dates","1","KEEP","Current behavior, evidence, isolation, source admission, or consumer contract.","check.equal(closed.precision, 'DAY', 'precision is recorded');"
"accelerated-launch/service/tests/sections/aj-ingest-dates.cjs","133","aj-ingest-dates","1","KEEP","Current behavior, evidence, isolation, source admission, or consumer contract.","check.ok(closed.location && typeof closed.location.page === 'number', 'and the source page is recorded');"
"accelerated-launch/service/tests/sections/aj-ingest-dates.cjs","141","aj-ingest-dates","1","KEEP","Current behavior, evidence, isolation, source admission, or consumer contract.","check.equal(agree.outcome, 'PERIOD_NOT_EXCEEDED', 'two interpretations that agree both resolve to the same outcome');"
"accelerated-launch/service/tests/sections/aj-ingest-dates.cjs","142","aj-ingest-dates","1","KEEP","Current behavior, evidence, isolation, source admission, or consumer contract.","check.equal(agree.arithmetic.interpretations_agree, true, 'and the agreement is recorded');"
"accelerated-launch/service/tests/sections/aj-ingest-dates.cjs","149","aj-ingest-dates","1","KEEP","Current behavior, evidence, isolation, source admission, or consumer contract.","check.equal(disagree.state, 'UNRESOLVED', 'two interpretations that disagree are withheld, never a finding');"
"accelerated-launch/service/tests/sections/aj-ingest-dates.cjs","150","aj-ingest-dates","1","KEEP","Current behavior, evidence, isolation, source admission, or consumer contract.","check.equal(disagree.arithmetic.reason, 'AMBIGUOUS_DATE_INTERPRETATIONS_DISAGREE', 'and the reason is recorded');"
"accelerated-launch/service/tests/sections/aj-ingest-dates.cjs","155","aj-ingest-dates","1","KEEP","Current behavior, evidence, isolation, source admission, or consumer contract.","check.equal(conflictExt.reference_date.status, 'EXTRACTION_UNRESOLVED', 'conflicting report headers withhold the reference date');"
"accelerated-launch/service/tests/sections/aj-ingest-dates.cjs","156","aj-ingest-dates","1","KEEP","Current behavior, evidence, isolation, source admission, or consumer contract.","check.equal(conflictExt.reference_date.reason, 'CONFLICTING_REPORT_REFERENCE_DATES', 'and name the reason');"
"accelerated-launch/service/tests/sections/aj-ingest-dates.cjs","164","aj-ingest-dates","1","KEEP","Current behavior, evidence, isolation, source admission, or consumer contract.","check.equal(adverse.arithmetic.anchor_month, '2015-06', 'a month-only anchor is compared as a month, no first day');"
"accelerated-launch/service/tests/sections/ak-ingest-008-009-010.cjs","25","ak-ingest-008-009-010","1","KEEP","Current behavior, evidence, isolation, source admission, or consumer contract.","check.equal(merged.length, 3, 'a duplicate OCR line is not added twice');"
"accelerated-launch/service/tests/sections/ak-ingest-008-009-010.cjs","26","ak-ingest-008-009-010","1","KEEP","Current behavior, evidence, isolation, source admission, or consumer contract.","check.equal(merged.filter((l) => l.text === 'Creditor A Balance $100').length, 1, 'the native value is kept once');"
"accelerated-launch/service/tests/sections/ak-ingest-008-009-010.cjs","27","ak-ingest-008-009-010","1","KEEP","Current behavior, evidence, isolation, source admission, or consumer contract.","check.equal(merged.find((l) => l.text === 'Creditor A Balance $100').source, 'NATIVE_TEXT', 'and the native source is preserved');"
"accelerated-launch/service/tests/sections/ak-ingest-008-009-010.cjs","28","ak-ingest-008-009-010","1","KEEP","Current behavior, evidence, isolation, source admission, or consumer contract.","check.equal(merged.find((l) => l.text === 'Closed 02/02/2021').source, 'LOCAL_OCR', 'a recovered line keeps its OCR source and coordinates');"
"accelerated-launch/service/tests/sections/ak-ingest-008-009-010.cjs","29","ak-ingest-008-009-010","1","KEEP","Current behavior, evidence, isolation, source admission, or consumer contract.","check.ok(merged.find((l) => l.text === 'Closed 02/02/2021').bbox, 'with its bounding box');"
"accelerated-launch/service/tests/sections/ak-ingest-008-009-010.cjs","32","ak-ingest-008-009-010","1","KEEP","Current behavior, evidence, isolation, source admission, or consumer contract.","check.equal(conflictMerged.length, 2, 'conflicting native and OCR values are both kept, never substituted');"
"accelerated-launch/service/tests/sections/ak-ingest-008-009-010.cjs","41","ak-ingest-008-009-010","1","KEEP","Current behavior, evidence, isolation, source admission, or consumer contract.","check.equal(dupLocations.filter((l) => l.text === 'Balance $100').length, 3, 'identical text at different account locations is kept, never collapsed');"
"accelerated-launch/service/tests/sections/ak-ingest-008-009-010.cjs","44","ak-ingest-008-009-010","1","KEEP","Current behavior, evidence, isolation, source admission, or consumer contract.","check.equal(generalIntake.bureauSectionOf('Experian Consumer Credit Report'), 'Experian', 'a bureau report header is a section');"
"accelerated-launch/service/tests/sections/ak-ingest-008-009-010.cjs","45","ak-ingest-008-009-010","1","KEEP","Current behavior, evidence, isolation, source admission, or consumer contract.","check.equal(generalIntake.bureauSectionOf('Equifax Consumer Credit File'), 'Equifax', 'a credit file header is a section');"
"accelerated-launch/service/tests/sections/ak-ingest-008-009-010.cjs","46","ak-ingest-008-009-010","1","KEEP","Current behavior, evidence, isolation, source admission, or consumer contract.","check.equal(generalIntake.bureauSectionOf('Experian Credit Card'), null, 'a creditor name is not a section');"
"accelerated-launch/service/tests/sections/ak-ingest-008-009-010.cjs","47","ak-ingest-008-009-010","1","KEEP","Current behavior, evidence, isolation, source admission, or consumer contract.","check.equal(generalIntake.bureauSectionOf('TransUnion Credit Report'), 'TransUnion', 'a TransUnion report header is a section');"
"accelerated-launch/service/tests/sections/ak-ingest-008-009-010.cjs","54","ak-ingest-008-009-010","1","KEEP","Current behavior, evidence, isolation, source admission, or consumer contract.","check.equal(combinedExt.records.length, 2, 'a combined report yields two records');"
"accelerated-launch/service/tests/sections/ak-ingest-008-009-010.cjs","55","ak-ingest-008-009-010","1","KEEP","Current behavior, evidence, isolation, source admission, or consumer contract.","check.deepEqual(combinedExt.records.map((r) => r.bureau).sort(), ['Equifax', 'Experian'], 'each record is attributed to its own bureau section');"
"accelerated-launch/service/tests/sections/ak-ingest-008-009-010.cjs","56","ak-ingest-008-009-010","1","KEEP","Current behavior, evidence, isolation, source admission, or consumer contract.","check.equal(combinedExt.bureaus.length, 2, 'and both bureaus are reported');"
"accelerated-launch/service/tests/sections/ak-ingest-008-009-010.cjs","61","ak-ingest-008-009-010","1","KEEP","Current behavior, evidence, isolation, source admission, or consumer contract.","check.deepEqual(differentDates.records.map(r => r.report_reference_date.normalized_value), ['2020-06-12', '2026-06-12'], 'combined records retain their own section reference dates');"
"accelerated-launch/service/tests/sections/ak-ingest-008-009-010.cjs","63","ak-ingest-008-009-010","1","KEEP","Current behavior, evidence, isolation, source admission, or consumer contract.","check.deepEqual(evaluated.results.filter(r => r.check.adapter_id === 'FCRA-605A-5-US-NATIONAL-7Y').map(r => r.machine.outcome), ['PERIOD_NOT_EXCEEDED', 'PERIOD_EXCEEDED'], 'real assessments use each bureau section date, never the neighboring report date');"
"accelerated-launch/service/tests/sections/ak-ingest-008-009-010.cjs","64","ak-ingest-008-009-010","1","KEEP","Current behavior, evidence, isolation, source admission, or consumer contract.","check.equal(generalIntake.bureauSectionOf('Equifax Credit Report: contact Experian about your rights'), null, 'a rights notice does not establish a bureau section');"
"accelerated-launch/service/tests/sections/ak-ingest-008-009-010.cjs","68","ak-ingest-008-009-010","1","KEEP","Current behavior, evidence, isolation, source admission, or consumer contract.","check.equal(conflicting.records[0].report_reference_date.status, 'EXTRACTION_UNRESOLVED', 'conflicting headers within one section withhold its reference date');"
"accelerated-launch/service/tests/sections/ak-ingest-008-009-010.cjs","73","ak-ingest-008-009-010","1","KEEP","Current behavior, evidence, isolation, source admission, or consumer contract.","check.ok(!noBorrow.records[0].facts['liability.closedDate'], 'a field in the next bureau section is not attached to the prior account');"
"accelerated-launch/service/tests/sections/ak-ingest-008-009-010.cjs","74","ak-ingest-008-009-010","1","KEEP","Current behavior, evidence, isolation, source admission, or consumer contract.","check.equal(noBorrow.records[1].report_reference_date.status, 'EXTRACTION_UNRESOLVED', 'a dateless different-bureau section never borrows the first report date');"
"accelerated-launch/service/tests/sections/ak-ingest-008-009-010.cjs","78","ak-ingest-008-009-010","1","KEEP","Current behavior, evidence, isolation, source admission, or consumer contract.","check.equal(ambiguous.records[0].report_reference_date.reason, 'AMBIGUOUS_REPORT_SEGMENT', 'multiple bureau names in one ambiguous heading cannot establish a date association');"
"accelerated-launch/service/tests/sections/ak-ingest-008-009-010.cjs","83","ak-ingest-008-009-010","1","KEEP","Current behavior, evidence, isolation, source admission, or consumer contract.","check.equal(repeated.records.length, 1, 'a repeated same-bureau header on a dateless continuation preserves its account boundary');"
"accelerated-launch/service/tests/sections/ak-ingest-008-009-010.cjs","87","ak-ingest-008-009-010","1","KEEP","Current behavior, evidence, isolation, source admission, or consumer contract.","check.equal(limits.max_file_bytes, 10 * 1024 * 1024, 'the per-file limit is 10 MB');"
"accelerated-launch/service/tests/sections/ak-ingest-008-009-010.cjs","88","ak-ingest-008-009-010","1","KEEP","Current behavior, evidence, isolation, source admission, or consumer contract.","check.equal(limits.max_case_files, 8, 'the per-case limit is 8 files');"
"accelerated-launch/service/tests/sections/ak-ingest-008-009-010.cjs","89","ak-ingest-008-009-010","1","KEEP","Current behavior, evidence, isolation, source admission, or consumer contract.","check.equal(limits.max_account_stored_bytes, 40 * 1024 * 1024, 'the per-account limit is 40 MB');"
"accelerated-launch/service/tests/sections/ak-ingest-008-009-010.cjs","90","ak-ingest-008-009-010","1","KEEP","Current behavior, evidence, isolation, source admission, or consumer contract.","check.deepEqual(limits.supported_mime_prefixes, ['application/pdf', 'image/png', 'image/jpeg'], 'PDF/PNG/JPEG are supported');"
"accelerated-launch/service/tests/sections/ak-ingest-008-009-010.cjs","91","ak-ingest-008-009-010","1","KEEP","Current behavior, evidence, isolation, source admission, or consumer contract.","check.deepEqual(limits.supported_extensions, ['.pdf', '.png', '.jpg', '.jpeg'], 'and their extensions are supported');"
"accelerated-launch/service/tests/sections/ak-ingest-008-009-010.cjs","92","ak-ingest-008-009-010","1","KEEP","Current behavior, evidence, isolation, source admission, or consumer contract.","check.deepEqual(limits.unsupported_containers, ['HEIC', 'HEIF', 'TIFF', 'ZIP'], 'HEIC/HEIF/TIFF/ZIP are explicitly bounded, never advertised as supported');"
"accelerated-launch/service/tests/sections/ak-ingest-008-009-010.cjs","93","ak-ingest-008-009-010","1","KEEP","Current behavior, evidence, isolation, source admission, or consumer contract.","check.equal(limits.max_image_pixels, 25000000, 'the image pixel cap is exposed');"
"accelerated-launch/service/tests/sections/ak-ingest-008-009-010.cjs","94","ak-ingest-008-009-010","1","KEEP","Current behavior, evidence, isolation, source admission, or consumer contract.","check.equal(limits.max_image_dimension, 12000, 'and the image dimension cap is exposed');"
"accelerated-launch/service/tests/sections/ak-ingest-008-009-010.cjs","95","ak-ingest-008-009-010","1","KEEP","Current behavior, evidence, isolation, source admission, or consumer contract.","check.ok(/HEIC|TIFF/.test(limits.recovery), 'recovery names HEIC/TIFF conversion');"
"accelerated-launch/service/tests/sections/ak-ingest-008-009-010.cjs","96","ak-ingest-008-009-010","1","KEEP","Current behavior, evidence, isolation, source admission, or consumer contract.","check.ok(/split|smaller readable PDF/i.test(limits.recovery), 'recovery gives splitting/smaller-PDF guidance for oversized reports');"
"accelerated-launch/service/tests/sections/ak-ingest-008-009-010.cjs","97","ak-ingest-008-009-010","1","KEEP","Current behavior, evidence, isolation, source admission, or consumer contract.","check.equal(uploads.detectContainerFromBytes(Buffer.from('%PDF-1.4')), 'PDF', 'PDF magic is detected');"
"accelerated-launch/service/tests/sections/ak-ingest-008-009-010.cjs","98","ak-ingest-008-009-010","1","KEEP","Current behavior, evidence, isolation, source admission, or consumer contract.","check.equal(uploads.detectContainerFromBytes(Buffer.from([0xff, 0xd8, 0xff, 0xe0])), 'IMAGE', 'JPEG magic is detected');"
"accelerated-launch/service/tests/sections/ak-ingest-008-009-010.cjs","99","ak-ingest-008-009-010","1","KEEP","Current behavior, evidence, isolation, source admission, or consumer contract.","check.ok(/never reported as a complete review/.test(limits.guidance), 'a refused upload is never reported as complete');"
"accelerated-launch/service/tests/sections/ak-ingest-008-009-010.cjs","108","ak-ingest-008-009-010","1","KEEP","Current behavior, evidence, isolation, source admission, or consumer contract.","check.equal(dimCode, null, 'a modest PNG passes the dimension bound');"
"accelerated-launch/service/tests/sections/ak-ingest-008-009-010.cjs","116","ak-ingest-008-009-010","1","KEEP","Current behavior, evidence, isolation, source admission, or consumer contract.","check.equal(hugeCode, 'IMAGE_DIMENSIONS_TOO_LARGE', 'an image wider than 12,000 px is refused');"
"accelerated-launch/service/tests/sections/ak-ingest-008-009-010.cjs","124","ak-ingest-008-009-010","1","KEEP","Current behavior, evidence, isolation, source admission, or consumer contract.","check.equal(retryReceipt.file_id, 'f1', 'the retry receipt returns the original file id');"
"accelerated-launch/service/tests/sections/ak-ingest-008-009-010.cjs","125","ak-ingest-008-009-010","1","KEEP","Current behavior, evidence, isolation, source admission, or consumer contract.","check.equal(retryReceipt.format_detection.encryption.encrypted, false, 'and carries the stored encryption result without re-extraction');"
"accelerated-launch/service/tests/sections/ak-ingest-008-009-010.cjs","126","ak-ingest-008-009-010","1","KEEP","Current behavior, evidence, isolation, source admission, or consumer contract.","check.equal(retryReceipt.extraction_summary.accounts_read, 1, 'and the stored extraction summary');"
"accelerated-launch/service/tests/sections/al-common-errors.cjs","23","al-common-errors","1","KEEP","Current behavior, evidence, isolation, source admission, or consumer contract.","check.equal(contradictory.state, 'POTENTIAL_ISSUE', 'an account opened after its closed date is a potential issue');"
"accelerated-launch/service/tests/sections/al-common-errors.cjs","24","al-common-errors","1","KEEP","Current behavior, evidence, isolation, source admission, or consumer contract.","check.equal(contradictory.is_legal_finding, false, 'and it is never a legal finding');"
"accelerated-launch/service/tests/sections/al-common-errors.cjs","30","al-common-errors","1","KEEP","Current behavior, evidence, isolation, source admission, or consumer contract.","check.equal(okDates.state, 'NOT_DETECTED', 'an account opened before its closed date is not flagged');"
"accelerated-launch/service/tests/sections/al-common-errors.cjs","37","al-common-errors","1","KEEP","Current behavior, evidence, isolation, source admission, or consumer contract.","check.equal(dup.state, 'POTENTIAL_ISSUE', 'same masked identifier + creditor name + a matching printed balance is a potential duplicate');"
"accelerated-launch/service/tests/sections/al-common-errors.cjs","44","al-common-errors","1","KEEP","Current behavior, evidence, isolation, source admission, or consumer contract.","check.equal(sameCreditorSameMaskNoThirdFact, null, 'creditor name + masked trailing digits without additional compatible evidence is not a duplicate');"
"accelerated-launch/service/tests/sections/al-common-errors.cjs","49","al-common-errors","1","KEEP","Current behavior, evidence, isolation, source admission, or consumer contract.","check.equal(collisionSimilar.state, 'SIMILAR_ENTRIES_WORTH_REVIEWING', 'the specific collision remains a qualified similarity observation');"
"accelerated-launch/service/tests/sections/al-common-errors.cjs","50","al-common-errors","1","KEEP","Current behavior, evidence, isolation, source admission, or consumer contract.","check.ok(collisionSimilar.source_records.some((m) => m.evidence && m.evidence.shared_identity_without_additional_evidence === true), 'and it records that the identity matched without additional evidence');"
"accelerated-launch/service/tests/sections/al-common-errors.cjs","56","al-common-errors","1","KEEP","Current behavior, evidence, isolation, source admission, or consumer contract.","check.equal(contradicted, null, 'different balances with the same masked identifier and creditor name are not a duplicate');"
"accelerated-launch/service/tests/sections/al-common-errors.cjs","62","al-common-errors","1","KEEP","Current behavior, evidence, isolation, source admission, or consumer contract.","check.equal(maskedCollision, null, 'matching masked trailing digits with different creditors are not a duplicate');"
"accelerated-launch/service/tests/sections/al-common-errors.cjs","68","al-common-errors","1","KEEP","Current behavior, evidence, isolation, source admission, or consumer contract.","check.equal(sameCreditorDifferentMask, null, 'two accounts with the same creditor name and dates but different masked identifiers are not a duplicate');"
"accelerated-launch/service/tests/sections/al-common-errors.cjs","74","al-common-errors","1","KEEP","Current behavior, evidence, isolation, source admission, or consumer contract.","check.equal(sameCreditorNoMask, null, 'a normalized creditor name alone never establishes a duplicate');"
"accelerated-launch/service/tests/sections/al-common-errors.cjs","79","al-common-errors","1","KEEP","Current behavior, evidence, isolation, source admission, or consumer contract.","check.equal(datesOnly, null, 'matching dates alone never establish a duplicate');"
"accelerated-launch/service/tests/sections/al-common-errors.cjs","84","al-common-errors","1","KEEP","Current behavior, evidence, isolation, source admission, or consumer contract.","check.equal(similarOnly.state, 'SIMILAR_ENTRIES_WORTH_REVIEWING', 'entries with matching dates but no corroboration are similar entries worth reviewing');"
"accelerated-launch/service/tests/sections/al-common-errors.cjs","89","al-common-errors","1","KEEP","Current behavior, evidence, isolation, source admission, or consumer contract.","check.equal(notDup, null, 'similar entries with different dates are not treated as duplicates');"
"accelerated-launch/service/tests/sections/al-common-errors.cjs","95","al-common-errors","1","REWRITE","Expected internal potential signal does not establish a contradiction; test benign interpretation and current Issue filtering explicitly.","check.equal(reAge.state, 'POTENTIAL_ISSUE', 'an adverse date after first-reported is a potential re-aging signal');"
"accelerated-launch/service/tests/sections/al-common-errors.cjs","99","al-common-errors","1","KEEP","Current behavior, evidence, isolation, source admission, or consumer contract.","check.equal(outOfOrder.state, 'POTENTIAL_ISSUE', 'an opened date after first-reported is out of order');"
"accelerated-launch/service/tests/sections/al-common-errors.cjs","103","al-common-errors","1","KEEP","Current behavior, evidence, isolation, source admission, or consumer contract.","check.equal(missing.performed.length, 0, 'checks without their facts are not performed, not invented');"
"accelerated-launch/service/tests/sections/al-common-errors.cjs","104","al-common-errors","1","KEEP","Current behavior, evidence, isolation, source admission, or consumer contract.","check.equal(missing.summary.legal_findings_emitted, 0, 'and none emits a legal finding');"
"accelerated-launch/service/tests/sections/al-common-errors.cjs","110","al-common-errors","1","KEEP","Current behavior, evidence, isolation, source admission, or consumer contract.","check.equal(statusContra.state, 'POTENTIAL_ISSUE', 'an open status with a closure date is a potential issue');"
"accelerated-launch/service/tests/sections/al-common-errors.cjs","114","al-common-errors","1","KEEP","Current behavior, evidence, isolation, source admission, or consumer contract.","check.equal(closedWithBalance, null, 'a closed account with a balance is never flagged');"
"accelerated-launch/service/tests/sections/al-common-errors.cjs","120","al-common-errors","1","KEEP","Current behavior, evidence, isolation, source admission, or consumer contract.","check.equal(pastDueExceeds.state, 'POTENTIAL_ISSUE', 'a past-due amount above the printed balance is a potential issue');"
"accelerated-launch/service/tests/sections/al-common-errors.cjs","124","al-common-errors","1","REWRITE","Expected internal potential signal does not establish a contradiction; test benign interpretation and current Issue filtering explicitly.","check.equal(paymentExceeds.state, 'POTENTIAL_ISSUE', 'a payment amount above the printed balance is a potential issue');"
"accelerated-launch/service/tests/sections/al-common-errors.cjs","128","al-common-errors","1","KEEP","Current behavior, evidence, isolation, source admission, or consumer contract.","check.equal(balanced, null, 'a past-due/payment amount at or below the balance is never flagged');"
"accelerated-launch/service/tests/sections/al-common-errors.cjs","130","al-common-errors","1","KEEP","Current behavior, evidence, isolation, source admission, or consumer contract.","check.equal(missingAmounts, null, 'a missing past-due/payment amount is skipped, never invented');"
"accelerated-launch/service/tests/sections/al-common-errors.cjs","137","al-common-errors","1","KEEP","Current behavior, evidence, isolation, source admission, or consumer contract.","check.ok(amountRec, 'a balance/payment/limit line is read into a record');"
"accelerated-launch/service/tests/sections/al-common-errors.cjs","138","al-common-errors","1","KEEP","Current behavior, evidence, isolation, source admission, or consumer contract.","check.equal(amountRec && amountRec.facts['account.balance'], 1250, 'the printed current balance is extracted distinctly');"
"accelerated-launch/service/tests/sections/al-common-errors.cjs","139","al-common-errors","1","KEEP","Current behavior, evidence, isolation, source admission, or consumer contract.","check.equal(amountRec && amountRec.facts['account.pastDueAmount'], 50, 'the printed past-due amount is extracted distinctly');"
"accelerated-launch/service/tests/sections/al-common-errors.cjs","140","al-common-errors","1","KEEP","Current behavior, evidence, isolation, source admission, or consumer contract.","check.equal(amountRec && amountRec.facts['account.paymentAmount'], 25, 'the printed payment amount is extracted distinctly');"
"accelerated-launch/service/tests/sections/al-common-errors.cjs","141","al-common-errors","1","KEEP","Current behavior, evidence, isolation, source admission, or consumer contract.","check.equal(amountRec && amountRec.facts['account.creditLimit'], 5000, 'the printed credit limit is extracted distinctly');"
"accelerated-launch/service/tests/sections/al-common-errors.cjs","142","al-common-errors","1","KEEP","Current behavior, evidence, isolation, source admission, or consumer contract.","check.equal(amountRec && amountRec.facts['account.currency'], 'USD_SYMBOL_PRINTED', 'the printed currency marker is preserved');"
"accelerated-launch/service/tests/sections/al-common-errors.cjs","144","al-common-errors","1","KEEP","Current behavior, evidence, isolation, source admission, or consumer contract.","check.ok(!amountEv.common_errors.performed.some((c) => c.check_id === 'COMMON-ERROR-BALANCE-PAYMENT-INCONSISTENCY' && c.state === 'POTENTIAL_ISSUE'), 'consistent printed amounts produce no balance/payment inconsistency');"
"accelerated-launch/service/tests/sections/al-common-errors.cjs","150","al-common-errors","1","KEEP","Current behavior, evidence, isolation, source admission, or consumer contract.","check.equal(payHistQualifying.state, 'POTENTIAL_ISSUE', 'the same period printed twice with different cells is a genuine contradiction');"
"accelerated-launch/service/tests/sections/al-common-errors.cjs","154","al-common-errors","1","KEEP","Current behavior, evidence, isolation, source admission, or consumer contract.","check.equal(payHistStaleStatus, null, 'a clean latest cell beside a charged-off status is never automatically inconsistent');"
"accelerated-launch/service/tests/sections/al-common-errors.cjs","158","al-common-errors","1","KEEP","Current behavior, evidence, isolation, source admission, or consumer contract.","check.equal(payHistHistoricalChargeOff, null, 'historical charge-off followed by a later payment is never flagged');"
"accelerated-launch/service/tests/sections/al-common-errors.cjs","162","al-common-errors","1","KEEP","Current behavior, evidence, isolation, source admission, or consumer contract.","check.equal(payHistUnknownCell, null, 'a cell with no printed legend meaning is never decoded by guessing');"
"accelerated-launch/service/tests/sections/al-common-errors.cjs","164","al-common-errors","1","KEEP","Current behavior, evidence, isolation, source admission, or consumer contract.","check.equal(payHistMissing, null, 'a missing history grid is skipped, never invented');"
"accelerated-launch/service/tests/sections/al-common-errors.cjs","171","al-common-errors","1","KEEP","Current behavior, evidence, isolation, source admission, or consumer contract.","check.equal(respQualifying.state, 'POTENTIAL_ISSUE', 'the same corroborated account with two responsibility labels in the same snapshot is a potential issue');"
"accelerated-launch/service/tests/sections/al-common-errors.cjs","176","al-common-errors","1","KEEP","Current behavior, evidence, isolation, source admission, or consumer contract.","check.equal(respDifferentSnapshot, null, 'a changed responsibility across different snapshots is never flagged');"
"accelerated-launch/service/tests/sections/al-common-errors.cjs","181","al-common-errors","1","KEEP","Current behavior, evidence, isolation, source admission, or consumer contract.","check.equal(respNoCorroboration, null, 'a masked-identifier collision without corroboration is never a responsibility conflict');"
"accelerated-launch/service/tests/sections/al-common-errors.cjs","186","al-common-errors","1","KEEP","Current behavior, evidence, isolation, source admission, or consumer contract.","check.equal(respLookalike, null, 'two different accounts with different roles are never a responsibility conflict');"
"accelerated-launch/service/tests/sections/al-common-errors.cjs","191","al-common-errors","1","KEEP","Current behavior, evidence, isolation, source admission, or consumer contract.","check.equal(respSame, null, 'the same responsibility on the same account is never flagged');"
"accelerated-launch/service/tests/sections/al-common-errors.cjs","195","al-common-errors","1","KEEP","Current behavior, evidence, isolation, source admission, or consumer contract.","check.equal(respMissing, null, 'a missing responsibility label is skipped, never invented');"
"accelerated-launch/service/tests/sections/al-common-errors.cjs","202","al-common-errors","1","KEEP","Current behavior, evidence, isolation, source admission, or consumer contract.","check.equal(idQualifying.state, 'SIMILAR_ENTRIES_WORTH_REVIEWING', 'two current addresses with different values are a qualified review observation, never a contradiction');"
"accelerated-launch/service/tests/sections/al-common-errors.cjs","209","al-common-errors","1","KEEP","Current behavior, evidence, isolation, source admission, or consumer contract.","check.equal(idLookalike, null, 'an alias, a former address and a co-applicant are distinct roles, never a discrepancy');"
"accelerated-launch/service/tests/sections/al-common-errors.cjs","214","al-common-errors","1","KEEP","Current behavior, evidence, isolation, source admission, or consumer contract.","check.equal(idSame, null, 'the same current address repeated is never flagged');"
"accelerated-launch/service/tests/sections/al-common-errors.cjs","216","al-common-errors","1","KEEP","Current behavior, evidence, isolation, source admission, or consumer contract.","check.equal(idMissing, null, 'no printed identity fields is skipped, never invented');"
"accelerated-launch/service/tests/sections/al-common-errors.cjs","223","al-common-errors","1","KEEP","Current behavior, evidence, isolation, source admission, or consumer contract.","check.ok(Array.isArray(idExt.identity_groups) && idExt.identity_groups.length >= 3, 'printed identity fields are extracted with their roles');"
"accelerated-launch/service/tests/sections/al-common-errors.cjs","225","al-common-errors","1","KEEP","Current behavior, evidence, isolation, source admission, or consumer contract.","check.ok(idEv.common_errors.performed.some((c) => c.check_id === 'COMMON-ERROR-IDENTITY-REVIEW' && c.state === 'SIMILAR_ENTRIES_WORTH_REVIEWING'), 'and a conflicting identity field is surfaced as a review observation, never identity theft');"
"accelerated-launch/service/tests/sections/al-common-errors.cjs","233","al-common-errors","1","KEEP","Current behavior, evidence, isolation, source admission, or consumer contract.","check.ok(gridRec, 'a payment-history grid is read into a record');"
"accelerated-launch/service/tests/sections/al-common-errors.cjs","234","al-common-errors","1","KEEP","Current behavior, evidence, isolation, source admission, or consumer contract.","check.equal(gridRec && gridRec.facts['account.responsibility'], 'INDIVIDUAL', 'the printed responsibility is extracted');"
"accelerated-launch/service/tests/sections/al-common-errors.cjs","235","al-common-errors","1","KEEP","Current behavior, evidence, isolation, source admission, or consumer contract.","check.equal(gridRec && gridRec.facts['account.paymentHistoryLegend'].length, 3, 'the printed legend (code -> meaning) is extracted');"
"accelerated-launch/service/tests/sections/al-common-errors.cjs","236","al-common-errors","1","KEEP","Current behavior, evidence, isolation, source admission, or consumer contract.","check.equal(gridRec && gridRec.facts['account.paymentHistoryCells'].length, 4, 'the printed cells are extracted with their periods');"
"accelerated-launch/service/tests/sections/al-common-errors.cjs","237","al-common-errors","1","KEEP","Current behavior, evidence, isolation, source admission, or consumer contract.","check.ok(gridRec && gridRec.facts['account.paymentHistoryCells'].every((c) => c.meaning !== null && c.uncertain === false), 'every cell is decoded only from the printed legend, never guessed');"
"accelerated-launch/service/tests/sections/al-common-errors.cjs","245","al-common-errors","1","KEEP","Current behavior, evidence, isolation, source admission, or consumer contract.","check.ok(altRec, 'an equivalent ""Repayment History"" layout is read into a record');"
"accelerated-launch/service/tests/sections/al-common-errors.cjs","246","al-common-errors","1","KEEP","Current behavior, evidence, isolation, source admission, or consumer contract.","check.equal(altRec && altRec.facts['account.responsibility'], 'AUTHORIZED_USER', 'the UK spelling ""Authorised User"" is read as the same role');"
"accelerated-launch/service/tests/sections/al-common-errors.cjs","247","al-common-errors","1","KEEP","Current behavior, evidence, isolation, source admission, or consumer contract.","check.ok(altRec && altRec.facts['account.paymentHistoryCells'].some((c) => c.period === 'JAN 2024' && c.code === 'OK'), 'an equivalent period form (JAN 2024:OK) is decoded from the printed legend');"
"accelerated-launch/service/tests/sections/al-common-errors.cjs","253","al-common-errors","1","KEEP","Current behavior, evidence, isolation, source admission, or consumer contract.","check.ok(ev.common_errors && ev.common_errors.performed.length >= 1, 'the common-error checks run through assessment');"
"accelerated-launch/service/tests/sections/al-common-errors.cjs","254","al-common-errors","1","KEEP","Current behavior, evidence, isolation, source admission, or consumer contract.","check.ok(ev.common_errors.performed.some((c) => c.check_id === 'COMMON-ERROR-ACCOUNT-DATES-CONTRADICTORY' && c.state === 'POTENTIAL_ISSUE'), 'and the contradictory account is flagged');"
"accelerated-launch/service/tests/sections/al-common-errors.cjs","255","al-common-errors","1","KEEP","Current behavior, evidence, isolation, source admission, or consumer contract.","check.ok(ev.common_errors.performed.every((c) => c.is_legal_finding === false), 'and none of them is a legal finding');"
"accelerated-launch/service/tests/sections/al-common-errors.cjs","256","al-common-errors","1","KEEP","Current behavior, evidence, isolation, source admission, or consumer contract.","check.ok(!ev.results.some((r) => r.machine && r.machine.finding_emitted === true), 'no VIOLATION/PROBABLE_VIOLATION is emitted from a factual inconsistency');"
"accelerated-launch/service/tests/sections/al-common-errors.cjs","261","al-common-errors","1","KEEP","Current behavior, evidence, isolation, source admission, or consumer contract.","check.ok(Array.isArray(rendered.common_errors), 'the consumer result exposes the common_errors bucket');"
"accelerated-launch/service/tests/sections/al-common-errors.cjs","262","al-common-errors","1","KEEP","Current behavior, evidence, isolation, source admission, or consumer contract.","check.ok(rendered.common_errors.some((c) => c.state === 'POTENTIAL_ISSUE' && c.is_a_finding === false), 'and a potential issue is visible, never a finding');"
"accelerated-launch/service/tests/sections/am-fdt-recovery.cjs","27","am-fdt-recovery","1","KEEP","Current behavior, evidence, isolation, source admission, or consumer contract.","check.equal(unreadable.complete, false, 'an unread page makes the reading incomplete');"
"accelerated-launch/service/tests/sections/am-fdt-recovery.cjs","28","am-fdt-recovery","1","KEEP","Current behavior, evidence, isolation, source admission, or consumer contract.","check.deepEqual(unreadable.unreadable_pages, [2], 'and names the unread page');"
"accelerated-launch/service/tests/sections/am-fdt-recovery.cjs","35","am-fdt-recovery","1","KEEP","Current behavior, evidence, isolation, source admission, or consumer contract.","check.deepEqual(partial.partial_native_pages, [1], 'a partial native text layer is detected');"
"accelerated-launch/service/tests/sections/am-fdt-recovery.cjs","42","am-fdt-recovery","1","KEEP","Current behavior, evidence, isolation, source admission, or consumer contract.","check.deepEqual(imageOnly.image_only_pages, [1], 'an image-only page is recorded');"
"accelerated-launch/service/tests/sections/am-fdt-recovery.cjs","49","am-fdt-recovery","1","KEEP","Current behavior, evidence, isolation, source admission, or consumer contract.","check.equal(untrusted.complete, false, 'a low-confidence OCR line makes the reading incomplete');"
"accelerated-launch/service/tests/sections/am-fdt-recovery.cjs","50","am-fdt-recovery","1","KEEP","Current behavior, evidence, isolation, source admission, or consumer contract.","check.equal(untrusted.untrusted_lines.length, 1, 'and preserves the untrusted line');"
"accelerated-launch/service/tests/sections/am-fdt-recovery.cjs","57","am-fdt-recovery","1","KEEP","Current behavior, evidence, isolation, source admission, or consumer contract.","check.equal(boundary.complete, false, 'an unresolved record boundary makes the reading incomplete');"
"accelerated-launch/service/tests/sections/am-fdt-recovery.cjs","58","am-fdt-recovery","1","KEEP","Current behavior, evidence, isolation, source admission, or consumer contract.","check.equal(boundary.unresolved_record_boundaries.length, 1, 'and names the continuation candidate');"
"accelerated-launch/service/tests/sections/am-fdt-recovery.cjs","68","am-fdt-recovery","1","KEEP","Current behavior, evidence, isolation, source admission, or consumer contract.","check.equal(contradictory.contradictory_extraction.length, 1, 'conflicting readings at one location are kept and flagged');"
"accelerated-launch/service/tests/sections/am-fdt-recovery.cjs","75","am-fdt-recovery","1","KEEP","Current behavior, evidence, isolation, source admission, or consumer contract.","check.equal(contentNoRecords.apparent_content_without_records, true, 'apparent account content with no resolved record is flagged');"
"accelerated-launch/service/tests/sections/am-fdt-recovery.cjs","84","am-fdt-recovery","1","KEEP","Current behavior, evidence, isolation, source admission, or consumer contract.","check.equal(audit.facts_added.length, 1, 'recovery records the fact it added');"
"accelerated-launch/service/tests/sections/am-fdt-recovery.cjs","85","am-fdt-recovery","1","KEEP","Current behavior, evidence, isolation, source admission, or consumer contract.","check.equal(audit.facts_added[0].text, 'Closed 01/01/2022', 'with the recovered value');"
"accelerated-launch/service/tests/sections/am-fdt-recovery.cjs","86","am-fdt-recovery","1","KEEP","Current behavior, evidence, isolation, source admission, or consumer contract.","check.equal(audit.substitution_forbidden, true, 'substitution is forbidden');"
"accelerated-launch/service/tests/sections/am-fdt-recovery.cjs","87","am-fdt-recovery","1","KEEP","Current behavior, evidence, isolation, source admission, or consumer contract.","check.equal(audit.recovery_pass_limit, 1, 'with a bounded pass limit');"
"accelerated-launch/service/tests/sections/am-fdt-recovery.cjs","98","am-fdt-recovery","1","KEEP","Current behavior, evidence, isolation, source admission, or consumer contract.","check.equal(imageOnlyAudit.recovery_attempts.length, 1, 'an image-only page is recorded as an attempted recovery');"
"accelerated-launch/service/tests/sections/am-fdt-recovery.cjs","99","am-fdt-recovery","1","KEEP","Current behavior, evidence, isolation, source admission, or consumer contract.","check.equal(imageOnlyAudit.facts_added.length, 1, 'the image-only page records its genuine recovered assessment fact (not skipped)');"
"accelerated-launch/service/tests/sections/am-fdt-recovery.cjs","100","am-fdt-recovery","1","KEEP","Current behavior, evidence, isolation, source admission, or consumer contract.","check.ok(/Creditor B Opened 03\/03\/2019/.test(imageOnlyAudit.facts_added[0].text), 'with the recovered fact text');"
"accelerated-launch/service/tests/sections/am-fdt-recovery.cjs","101","am-fdt-recovery","1","KEEP","Current behavior, evidence, isolation, source admission, or consumer contract.","check.equal(imageOnlyAudit.facts_added[0].source, 'LOCAL_OCR', 'with its OCR source');"
"accelerated-launch/service/tests/sections/am-fdt-recovery.cjs","102","am-fdt-recovery","1","KEEP","Current behavior, evidence, isolation, source admission, or consumer contract.","check.equal(typeof imageOnlyAudit.facts_added[0].page, 'number', 'with its page location');"
"accelerated-launch/service/tests/sections/am-fdt-recovery.cjs","103","am-fdt-recovery","1","KEEP","Current behavior, evidence, isolation, source admission, or consumer contract.","check.equal(typeof imageOnlyAudit.facts_added[0].line, 'number', 'and its line location');"
"accelerated-launch/service/tests/sections/am-fdt-recovery.cjs","104","am-fdt-recovery","1","KEEP","Current behavior, evidence, isolation, source admission, or consumer contract.","check.equal(imageOnlyAudit.ordinary_ingestion.length, 2, 'ordinary ingestion keeps the full OCR content of the image-only page');"
"accelerated-launch/service/tests/sections/am-fdt-recovery.cjs","105","am-fdt-recovery","1","KEEP","Current behavior, evidence, isolation, source admission, or consumer contract.","check.ok(imageOnlyAudit.ordinary_ingestion.every((o) => o.text.length > 0), 'ordinary ingestion carries each OCR line');"
"accelerated-launch/service/tests/sections/am-fdt-recovery.cjs","106","am-fdt-recovery","1","KEEP","Current behavior, evidence, isolation, source admission, or consumer contract.","check.ok(!imageOnlyAudit.facts_added.some((f) => /Payment History/.test(f.text)), 'arbitrary OCR text (no date/amount) is NOT counted as a recovered assessment fact');"
"accelerated-launch/service/tests/sections/am-fdt-recovery.cjs","110","am-fdt-recovery","1","KEEP","Current behavior, evidence, isolation, source admission, or consumer contract.","check.equal(emptyAudit.facts_added.length, 0, 'an unsuccessful recovery records no recovered facts');"
"accelerated-launch/service/tests/sections/am-fdt-recovery.cjs","111","am-fdt-recovery","1","KEEP","Current behavior, evidence, isolation, source admission, or consumer contract.","check.equal(emptyAudit.recovery_attempts.length, 0, 'and no attempts');"
"accelerated-launch/service/tests/sections/am-fdt-recovery.cjs","115","am-fdt-recovery","1","KEEP","Current behavior, evidence, isolation, source admission, or consumer contract.","check.equal(limits.incomplete, true, 'limitations mark the reading incomplete');"
"accelerated-launch/service/tests/sections/am-fdt-recovery.cjs","116","am-fdt-recovery","1","KEEP","Current behavior, evidence, isolation, source admission, or consumer contract.","check.ok(limits.affected_checks.includes('COMMON_ERROR'), 'and name the affected check class');"
"accelerated-launch/service/tests/sections/am-fdt-recovery.cjs","117","am-fdt-recovery","1","KEEP","Current behavior, evidence, isolation, source admission, or consumer contract.","check.equal(limits.never_equates_unread_with_absence, true, 'and never equate unread with absence');"
"accelerated-launch/service/tests/sections/am-fdt-recovery.cjs","124","am-fdt-recovery","1","KEEP","Current behavior, evidence, isolation, source admission, or consumer contract.","check.equal(completeLimits.incomplete, false, 'a complete read is not limited');"
"accelerated-launch/service/tests/sections/am-fdt-recovery.cjs","129","am-fdt-recovery","1","KEEP","Current behavior, evidence, isolation, source admission, or consumer contract.","check.equal(partialExt.reading_limitations.incomplete, true, 'a partial native-text extraction carries an incomplete limitation');"
"accelerated-launch/service/tests/sections/am-fdt-recovery.cjs","132","am-fdt-recovery","1","KEEP","Current behavior, evidence, isolation, source admission, or consumer contract.","check.equal(partialRendered.reading_limitations.incomplete, true, 'the rendered result surfaces the limitation');"
"accelerated-launch/service/tests/sections/am-fdt-recovery.cjs","133","am-fdt-recovery","1","KEEP","Current behavior, evidence, isolation, source admission, or consumer contract.","check.equal(partialRendered.reading_limitations.never_equates_unread_with_absence, true, 'never equating unread with absence');"
"accelerated-launch/service/tests/sections/am-fdt-recovery.cjs","140","am-fdt-recovery","1","KEEP","Current behavior, evidence, isolation, source admission, or consumer contract.","check.equal(commonErrors.duplicateReporting(sameDatesNoId), null, 'matching dates alone are never a duplicate');"
"accelerated-launch/service/tests/sections/am-fdt-recovery.cjs","142","am-fdt-recovery","1","KEEP","Current behavior, evidence, isolation, source admission, or consumer contract.","check.equal(similar.state, 'SIMILAR_ENTRIES_WORTH_REVIEWING', 'they are similar entries worth reviewing');"
"accelerated-launch/service/tests/sections/am-fdt-recovery.cjs","143","am-fdt-recovery","1","KEEP","Current behavior, evidence, isolation, source admission, or consumer contract.","check.ok(/worth reviewing/.test(similar.plain), 'and the wording describes them as worth reviewing, never asserts duplicate debt reporting');"
"accelerated-launch/service/tests/sections/am-fdt-recovery.cjs","149","am-fdt-recovery","1","KEEP","Current behavior, evidence, isolation, source admission, or consumer contract.","check.equal(commonErrors.duplicateReporting(twoDebtsSameDates), null, 'two legitimate debts sharing the same dates and creditor but different masked identifiers are not a duplicate');"
"accelerated-launch/service/tests/sections/am-fdt-recovery.cjs","151","am-fdt-recovery","1","KEEP","Current behavior, evidence, isolation, source admission, or consumer contract.","check.equal(similarTwoDebts.state, 'SIMILAR_ENTRIES_WORTH_REVIEWING', 'and they are worth reviewing, not asserted duplicate');"
"accelerated-launch/service/tests/sections/am-fdt-recovery.cjs","158","am-fdt-recovery","1","KEEP","Current behavior, evidence, isolation, source admission, or consumer contract.","check.equal(dup.state, 'POTENTIAL_ISSUE', 'same masked identifier + creditor name + a matching balance is a potential duplicate');"
"accelerated-launch/service/tests/sections/am-fdt-recovery.cjs","163","am-fdt-recovery","1","KEEP","Current behavior, evidence, isolation, source admission, or consumer contract.","check.equal(commonErrors.duplicateReporting(sameIdentityNoThird), null, 'same masked identifier + creditor name WITHOUT additional compatible evidence is not a duplicate');"
"accelerated-launch/service/tests/sections/am-fdt-recovery.cjs","167","am-fdt-recovery","1","KEEP","Current behavior, evidence, isolation, source admission, or consumer contract.","check.equal(bench.passed, true, 'the FDT benchmark passes its fixed acceptance criteria');"
"accelerated-launch/service/tests/sections/am-fdt-recovery.cjs","168","am-fdt-recovery","1","KEEP","Current behavior, evidence, isolation, source admission, or consumer contract.","check.equal(bench.metrics.missed_fact_rate, 0, 'no required fact missed');"
"accelerated-launch/service/tests/sections/am-fdt-recovery.cjs","169","am-fdt-recovery","1","KEEP","Current behavior, evidence, isolation, source admission, or consumer contract.","check.equal(bench.metrics.incorrect_reading_rate, 0, 'no incorrect fact accepted');"
"accelerated-launch/service/tests/sections/am-fdt-recovery.cjs","170","am-fdt-recovery","1","KEEP","Current behavior, evidence, isolation, source admission, or consumer contract.","check.equal(bench.metrics.recovery.facts_added, 1, 'recovery added the recoverable fact');"
"accelerated-launch/service/tests/sections/am-fdt-recovery.cjs","179","am-fdt-recovery","1","KEEP","Current behavior, evidence, isolation, source admission, or consumer contract.","check.ok(view.result.reading_limitations, 'the deployed native-PDF journey surfaces reading limitations in the result');"
"accelerated-launch/service/tests/sections/am-fdt-recovery.cjs","186","am-fdt-recovery","1","KEEP","Current behavior, evidence, isolation, source admission, or consumer contract.","check.equal(clarify.status, 200, 'clarification answers are recorded');"
"accelerated-launch/service/tests/sections/am-fdt-recovery.cjs","188","am-fdt-recovery","1","KEEP","Current behavior, evidence, isolation, source admission, or consumer contract.","check.ok(Array.isArray(clarifyView.clarifications), 'the consumer view exposes clarifications');"
"accelerated-launch/service/tests/sections/am-fdt-recovery.cjs","189","am-fdt-recovery","1","KEEP","Current behavior, evidence, isolation, source admission, or consumer contract.","check.ok(clarifyView.clarifications.every((c) => c.source === 'CONSUMER_STATEMENT' && c.evidence_status === 'CONSUMER_SUPPLIED'), 'every clarification is a consumer statement, not a report fact');"
"accelerated-launch/service/tests/sections/am-fdt-recovery.cjs","190","am-fdt-recovery","1","KEEP","Current behavior, evidence, isolation, source admission, or consumer contract.","check.ok(clarifyView.clarifications.some((c) => c.answer === 'SKIP'), 'a skipped answer is preserved as a first-class answer');"
"accelerated-launch/service/tests/sections/am-fdt-recovery.cjs","191","am-fdt-recovery","1","KEEP","Current behavior, evidence, isolation, source admission, or consumer contract.","check.ok(clarifyView.result && clarifyView.result.observations, 'skipping the clarification did not interrupt the independent checks');"
"accelerated-launch/service/tests/sections/am-fdt-recovery.cjs","192","am-fdt-recovery","1","KEEP","Current behavior, evidence, isolation, source admission, or consumer contract.","check.ok(!clarifyView.result.observations.some((o) => o.is_a_finding === true && o.reason === 'CONSUMER_CLARIFICATION'), 'no finding is escalated solely because a clarification answer was supplied');"
"accelerated-launch/service/tests/sections/am-fdt-recovery.cjs","197","am-fdt-recovery","1","KEEP","Current behavior, evidence, isolation, source admission, or consumer contract.","check.equal(imageUpload.status, 201, 'an image upload reaches OCR/general intake');"
"accelerated-launch/service/tests/sections/am-fdt-recovery.cjs","199","am-fdt-recovery","1","KEEP","Current behavior, evidence, isolation, source admission, or consumer contract.","check.ok(receipt.format_detection.supported === true || ['UNREADABLE_DOCUMENT', 'UNRELATED_DOCUMENT'].includes(receipt.format_detection.refusal_reason), 'an unreadable image is refused as unreadable/unrelated, never a false no-issues result');"
"accelerated-launch/service/tests/sections/an-payment-history-grid.cjs","63","an-payment-history-grid","1","KEEP","Current behavior, evidence, isolation, source admission, or consumer contract.","check.ok(rec, 'a positioned-word table is read into a record');"
"accelerated-launch/service/tests/sections/an-payment-history-grid.cjs","64","an-payment-history-grid","1","KEEP","Current behavior, evidence, isolation, source admission, or consumer contract.","check.equal(rec && rec.facts['account.paymentHistoryLegend'].length, 3, 'the printed legend is decoded');"
"accelerated-launch/service/tests/sections/an-payment-history-grid.cjs","65","an-payment-history-grid","1","KEEP","Current behavior, evidence, isolation, source admission, or consumer contract.","check.equal(rec && rec.facts['account.paymentHistoryCells'].length, 4, 'the four cells are associated with their periods');"
"accelerated-launch/service/tests/sections/an-payment-history-grid.cjs","66","an-payment-history-grid","1","KEEP","Current behavior, evidence, isolation, source admission, or consumer contract.","check.ok(rec && rec.facts['account.paymentHistoryCells'].every((c) => c.meaning !== null && c.uncertain === false), 'every cell is decoded from the printed legend');"
"accelerated-launch/service/tests/sections/an-payment-history-grid.cjs","67","an-payment-history-grid","1","KEEP","Current behavior, evidence, isolation, source admission, or consumer contract.","check.ok(rec && rec.facts['account.paymentHistoryCells'].every((c) => typeof c.source_x0 === 'number' && typeof c.source_y0 === 'number'), 'each cell preserves its source coordinates');"
"accelerated-launch/service/tests/sections/an-payment-history-grid.cjs","68","an-payment-history-grid","1","KEEP","Current behavior, evidence, isolation, source admission, or consumer contract.","check.equal(rec && rec.facts['account.reported_identity'], 'CREDITOR A', 'the grid is associated with its account');"
"accelerated-launch/service/tests/sections/an-payment-history-grid.cjs","81","an-payment-history-grid","1","KEEP","Current behavior, evidence, isolation, source admission, or consumer contract.","check.ok(cell && cell.meaning === null && cell.uncertain === true, 'an unfamiliar code keeps UNKNOWN meaning, never guessed');"
"accelerated-launch/service/tests/sections/an-payment-history-grid.cjs","92","an-payment-history-grid","1","KEEP","Current behavior, evidence, isolation, source admission, or consumer contract.","check.equal(recs.length, 2, 'two grids on one page are read into two records');"
"accelerated-launch/service/tests/sections/an-payment-history-grid.cjs","93","an-payment-history-grid","1","KEEP","Current behavior, evidence, isolation, source admission, or consumer contract.","check.ok(recs.every((r) => r.facts['account.paymentHistoryCells'].length === 4), 'each grid keeps its own four cells');"
"accelerated-launch/service/tests/sections/an-payment-history-grid.cjs","94","an-payment-history-grid","1","KEEP","Current behavior, evidence, isolation, source admission, or consumer contract.","check.ok(recs.some((r) => r.facts['account.reported_identity'] === 'CREDITOR A') && recs.some((r) => r.facts['account.reported_identity'] === 'CREDITOR B'), 'and each grid is associated with its own account');"
"accelerated-launch/service/tests/sections/an-payment-history-grid.cjs","114","an-payment-history-grid","1","KEEP","Current behavior, evidence, isolation, source admission, or consumer contract.","check.ok(rec, 'a vertical grid is read into a record');"
"accelerated-launch/service/tests/sections/an-payment-history-grid.cjs","115","an-payment-history-grid","1","KEEP","Current behavior, evidence, isolation, source admission, or consumer contract.","check.equal(rec && rec.facts['account.paymentHistoryCells'].length, 3, 'the vertical period/code rows are associated');"
"accelerated-launch/service/tests/sections/an-payment-history-grid.cjs","116","an-payment-history-grid","1","KEEP","Current behavior, evidence, isolation, source admission, or consumer contract.","check.equal(rec && rec.facts['account.paymentHistoryGrid'].layout, 'VERTICAL', 'the vertical layout is recorded');"
"accelerated-launch/service/tests/sections/an-payment-history-grid.cjs","136","an-payment-history-grid","1","KEEP","Current behavior, evidence, isolation, source admission, or consumer contract.","check.ok(cells && cells.some((c) => c.period === 'JAN 2024'), 'a wrapped ""JAN 2024"" heading pairs into one period');"
"accelerated-launch/service/tests/sections/an-payment-history-grid.cjs","137","an-payment-history-grid","1","KEEP","Current behavior, evidence, isolation, source admission, or consumer contract.","check.equal(cells.length, 2, 'two wrapped periods are read');"
"accelerated-launch/service/tests/sections/an-payment-history-grid.cjs","150","an-payment-history-grid","1","KEEP","Current behavior, evidence, isolation, source admission, or consumer contract.","check.ok(page2Rec, 'a continuation grid on page 2 is read');"
"accelerated-launch/service/tests/sections/an-payment-history-grid.cjs","151","an-payment-history-grid","1","KEEP","Current behavior, evidence, isolation, source admission, or consumer contract.","check.equal(page2Rec && page2Rec.facts['account.reported_identity'], 'CREDITOR A', 'the continuation carries the same account context from page 1');"
"accelerated-launch/service/tests/sections/an-payment-history-grid.cjs","152","an-payment-history-grid","1","KEEP","Current behavior, evidence, isolation, source admission, or consumer contract.","check.ok(page2Rec && page2Rec.facts['account.paymentHistoryGrid'].continued_from_page === 1, 'and records the page it continued from');"
"accelerated-launch/service/tests/sections/an-payment-history-grid.cjs","165","an-payment-history-grid","1","KEEP","Current behavior, evidence, isolation, source admission, or consumer contract.","check.equal(page2Rec && page2Rec.facts['account.reported_identity'], 'CREDITOR B', 'a new account on the next page keeps its own account');"
"accelerated-launch/service/tests/sections/an-payment-history-grid.cjs","183","an-payment-history-grid","1","KEEP","Current behavior, evidence, isolation, source admission, or consumer contract.","check.ok(!page2Rec || page2Rec.facts['account.paymentHistoryGrid'].continued_from_page == null, 'a page-2 grid with no continuation marker does not borrow the page-1 account');"
"accelerated-launch/service/tests/sections/ao-ingest-008-mixed-page.cjs","35","ao-ingest-008-mixed-page","1","KEEP","Current behavior, evidence, isolation, source admission, or consumer contract.","check.equal(recovered.ext.admitted, true, 'a mixed native+image page admits');"
"accelerated-launch/service/tests/sections/ao-ingest-008-mixed-page.cjs","37","ao-ingest-008-mixed-page","1","KEEP","Current behavior, evidence, isolation, source admission, or consumer contract.","check.ok(bRecord, 'the image-only account body is recovered as a record (Creditor B)');"
"accelerated-launch/service/tests/sections/ao-ingest-008-mixed-page.cjs","38","ao-ingest-008-mixed-page","1","KEEP","Current behavior, evidence, isolation, source admission, or consumer contract.","check.equal(bRecord && bRecord.facts['account.balance'], 800, 'the recovered balance fact is read (800)');"
"accelerated-launch/service/tests/sections/ao-ingest-008-mixed-page.cjs","39","ao-ingest-008-mixed-page","1","KEEP","Current behavior, evidence, isolation, source admission, or consumer contract.","check.equal(bRecord && bRecord.facts['liability.openedDate'], '2019-03-03', 'and the recovered opened date is read');"
"accelerated-launch/service/tests/sections/ao-ingest-008-mixed-page.cjs","40","ao-ingest-008-mixed-page","1","KEEP","Current behavior, evidence, isolation, source admission, or consumer contract.","check.equal(bRecord && bRecord.location.source, 'LOCAL_OCR', 'the recovered fact carries its OCR source');"
"accelerated-launch/service/tests/sections/ao-ingest-008-mixed-page.cjs","41","ao-ingest-008-mixed-page","1","KEEP","Current behavior, evidence, isolation, source admission, or consumer contract.","check.equal(bRecord && bRecord.location.page, 1, 'on the same page');"
"accelerated-launch/service/tests/sections/ao-ingest-008-mixed-page.cjs","42","ao-ingest-008-mixed-page","1","KEEP","Current behavior, evidence, isolation, source admission, or consumer contract.","check.ok(typeof (bRecord && bRecord.location.confidence) === 'number', 'with its OCR confidence');"
"accelerated-launch/service/tests/sections/ao-ingest-008-mixed-page.cjs","43","ao-ingest-008-mixed-page","1","KEEP","Current behavior, evidence, isolation, source admission, or consumer contract.","check.ok(bRecord && bRecord.location.bbox, 'with its coordinate bounding box');"
"accelerated-launch/service/tests/sections/ao-ingest-008-mixed-page.cjs","44","ao-ingest-008-mixed-page","1","KEEP","Current behavior, evidence, isolation, source admission, or consumer contract.","check.deepEqual(recovered.ext.reading_state.mixed_native_pages, [1], 'the page is reported as mixed (native + recovered region)');"
"accelerated-launch/service/tests/sections/ao-ingest-008-mixed-page.cjs","45","ao-ingest-008-mixed-page","1","KEEP","Current behavior, evidence, isolation, source admission, or consumer contract.","check.equal(recovered.ext.reading_state.complete, true, 'and the reading is complete once the region is recovered');"
"accelerated-launch/service/tests/sections/ao-ingest-008-mixed-page.cjs","47","ao-ingest-008-mixed-page","1","KEEP","Current behavior, evidence, isolation, source admission, or consumer contract.","check.ok(added.some((a) => /Creditor B Opened 03\/03\/2019 Balance \$800/.test(a.text) && a.source === 'LOCAL_OCR'), 'the recovery audit names the recovered fact with its source');"
"accelerated-launch/service/tests/sections/ao-ingest-008-mixed-page.cjs","51","ao-ingest-008-mixed-page","1","KEEP","Current behavior, evidence, isolation, source admission, or consumer contract.","check.equal(nativeOnly.ext.admitted, true, 'a fully readable native page admits');"
"accelerated-launch/service/tests/sections/ao-ingest-008-mixed-page.cjs","52","ao-ingest-008-mixed-page","1","KEEP","Current behavior, evidence, isolation, source admission, or consumer contract.","check.equal(nativeOnly.ext.records.length, 1, 'a fully readable native page produces exactly one record (no duplicate extraction)');"
"accelerated-launch/service/tests/sections/ao-ingest-008-mixed-page.cjs","53","ao-ingest-008-mixed-page","1","KEEP","Current behavior, evidence, isolation, source admission, or consumer contract.","check.equal(nativeOnly.ext.reading_state.mixed_native_pages.length, 0, 'no mixed-page recovery was triggered');"
"accelerated-launch/service/tests/sections/ao-ingest-008-mixed-page.cjs","54","ao-ingest-008-mixed-page","1","KEEP","Current behavior, evidence, isolation, source admission, or consumer contract.","check.equal(nativeOnly.ext.reading_state.image_only_pages.length, 0, 'and no image-only pass was triggered');"
"accelerated-launch/service/tests/sections/ao-ingest-008-mixed-page.cjs","55","ao-ingest-008-mixed-page","1","KEEP","Current behavior, evidence, isolation, source admission, or consumer contract.","check.equal(nativeOnly.ext.reading_state.complete, true, 'the reading is complete without any OCR pass');"
"accelerated-launch/service/tests/sections/ao-ingest-008-mixed-page.cjs","65","ao-ingest-008-mixed-page","1","KEEP","Current behavior, evidence, isolation, source admission, or consumer contract.","check.deepEqual([...new Set(amounts)].sort(), [100, 200], 'conflicting native and OCR values are both preserved, never substituted');"
"accelerated-launch/service/tests/sections/ao-ingest-008-mixed-page.cjs","66","ao-ingest-008-mixed-page","1","KEEP","Current behavior, evidence, isolation, source admission, or consumer contract.","check.ok(conflict.ext.records.filter((r) => (r.facts || {})['account.reported_identity'] === 'CREDITOR B').every((r) => r.status !== 'RESOLVED'), 'the materially disagreeing balance is withheld (no resolved conclusion)');"
"accelerated-launch/service/tests/sections/ao-ingest-008-mixed-page.cjs","67","ao-ingest-008-mixed-page","1","KEEP","Current behavior, evidence, isolation, source admission, or consumer contract.","check.equal(conflict.ext.reading_state.complete, false, 'the conflicting reading is reported as incomplete, not silently resolved');"
"accelerated-launch/service/tests/sections/ao-ingest-008-mixed-page.cjs","74","ao-ingest-008-mixed-page","1","KEEP","Current behavior, evidence, isolation, source admission, or consumer contract.","check.deepEqual(unreadable.ext.reading_state.unread_image_regions, [1], 'an image region with no recoverable content is reported as unread');"
"accelerated-launch/service/tests/sections/ao-ingest-008-mixed-page.cjs","75","ao-ingest-008-mixed-page","1","KEEP","Current behavior, evidence, isolation, source admission, or consumer contract.","check.equal(unreadable.ext.reading_state.complete, false, 'and the reading is incomplete');"
"accelerated-launch/service/tests/sections/ao-ingest-008-mixed-page.cjs","76","ao-ingest-008-mixed-page","1","KEEP","Current behavior, evidence, isolation, source admission, or consumer contract.","check.equal(unreadable.ext.reading_limitations.incomplete, true, 'the incomplete-review limitation is set');"
"accelerated-launch/service/tests/sections/ao-ingest-008-mixed-page.cjs","77","ao-ingest-008-mixed-page","1","KEEP","Current behavior, evidence, isolation, source admission, or consumer contract.","check.equal(unreadable.ext.reading_limitations.never_equates_unread_with_absence, true, 'unread content is never equated with absence');"
"accelerated-launch/service/tests/sections/ao-ingest-008-mixed-page.cjs","78","ao-ingest-008-mixed-page","1","KEEP","Current behavior, evidence, isolation, source admission, or consumer contract.","check.ok(/could not be read completely/.test(unreadable.ext.reading_limitations.plain || ''), 'the honest incomplete-review message names the limitation');"
"accelerated-launch/service/tests/sections/ao-ingest-008-mixed-page.cjs","87","ao-ingest-008-mixed-page","1","KEEP","Current behavior, evidence, isolation, source admission, or consumer contract.","check.ok(topB, 'the image-only account body is recovered when the image region is at the top');"
"accelerated-launch/service/tests/sections/ao-ingest-008-mixed-page.cjs","88","ao-ingest-008-mixed-page","1","KEEP","Current behavior, evidence, isolation, source admission, or consumer contract.","check.equal(topB && topB.facts['account.balance'], 800, 'with the same recovered balance');"
"accelerated-launch/service/tests/sections/ao-ingest-008-mixed-page.cjs","89","ao-ingest-008-mixed-page","1","KEEP","Current behavior, evidence, isolation, source admission, or consumer contract.","check.equal(topB && topB.location.source, 'LOCAL_OCR', 'and the same OCR source');"
"accelerated-launch/service/tests/sections/ap-accept-010-consistency.cjs","24","ap-accept-010-consistency","1","KEEP","Current behavior, evidence, isolation, source admission, or consumer contract.","check.equal(validator.validateCapabilityEvidence(minimalAudit, { targetBuildId: TARGET }).passed, false, ""C1: the audit's minimal evidence (behavior summary without criteria/references) is rejected"");"
"accelerated-launch/service/tests/sections/ap-accept-010-consistency.cjs","32","ap-accept-010-consistency","1","KEEP","Current behavior, evidence, isolation, source admission, or consumer contract.","check.equal(validator.validateCapabilityEvidence(genuine, { targetBuildId: TARGET }).passed, true, 'C1: genuine complete evidence (criteria + release-bound references) is accepted');"
"accelerated-launch/service/tests/sections/ap-accept-010-consistency.cjs","34","ap-accept-010-consistency","1","KEEP","Current behavior, evidence, isolation, source admission, or consumer contract.","check.equal(validator.validateCapabilityEvidence(Object.assign({}, genuine, { criteria: { recovery: { passed: true, expected: 'e', measured: 'm', evidence_refs: [path.join(__dirname, '..', '..', 'clarification.cjs')] } } }), { targetBuildId: TARGET }).passed, false, 'C1: a source-code reference (unrelated evidence) is rejected');"
"accelerated-launch/service/tests/sections/ap-accept-010-consistency.cjs","36","ap-accept-010-consistency","1","KEEP","Current behavior, evidence, isolation, source admission, or consumer contract.","check.equal(validator.validateCapabilityEvidence(genuine, { targetBuildId: TARGET, requiredCriteria: ['recovery', 'benchmark'] }).passed, false, 'C1: a missing required criterion is rejected');"
"accelerated-launch/service/tests/sections/ap-accept-010-consistency.cjs","38","ap-accept-010-consistency","1","KEEP","Current behavior, evidence, isolation, source admission, or consumer contract.","check.equal(validator.validateCapabilityEvidence(genuine, { targetBuildId: TARGET, requiredCriteria: ['something_else'] }).passed, false, 'C1: an arbitrary substitute criterion is rejected');"
"accelerated-launch/service/tests/sections/ap-accept-010-consistency.cjs","39","ap-accept-010-consistency","1","KEEP","Current behavior, evidence, isolation, source admission, or consumer contract.","check.equal(validator.validateCapabilityEvidence({ passed: true, identity: { build_id: 'x' }, behavior: {} }, { targetBuildId: TARGET }).passed, false, 'C1: obsolete minimal evidence (no served identity, wrong build) is rejected');"
"accelerated-launch/service/tests/sections/ap-accept-010-consistency.cjs","40","ap-accept-010-consistency","1","KEEP","Current behavior, evidence, isolation, source admission, or consumer contract.","check.equal(validator.validateCapabilityEvidence(genuine, { targetBuildId: null }).passed, false, 'C1: no target identity fails clearly');"
"accelerated-launch/service/tests/sections/ap-accept-010-consistency.cjs","41","ap-accept-010-consistency","1","KEEP","Current behavior, evidence, isolation, source admission, or consumer contract.","check.equal(validator.validateCapabilityEvidence({ passed: true, identity: { build_id: 'old', served_build_id: 'old' }, criteria: { c: { passed: true, expected: 'e', measured: 'm', evidence_refs: [__filename] } }, tests: [{ id: 't', passed: true }] }, { targetBuildId: TARGET }).passed, false, 'C1: an obsolete build is rejected');"
"accelerated-launch/service/tests/sections/ap-accept-010-consistency.cjs","42","ap-accept-010-consistency","1","KEEP","Current behavior, evidence, isolation, source admission, or consumer contract.","check.equal(validator.validateCapabilityEvidence({ passed: true, identity: { build_id: TARGET, served_build_id: TARGET }, deployed: true, criteria: {}, tests: [] }, { targetBuildId: TARGET }).passed, false, 'C1: a fake deployed flag with empty criteria/tests is rejected');"
"accelerated-launch/service/tests/sections/ap-accept-010-consistency.cjs","43","ap-accept-010-consistency","1","KEEP","Current behavior, evidence, isolation, source admission, or consumer contract.","check.equal(validator.validateCapabilityEvidence({ passed: true, identity: { build_id: TARGET, served_build_id: TARGET }, criteria: { c: { passed: true, expected: 'e', measured: 'm', evidence_refs: [] } }, tests: [{ id: 't', passed: true }] }, { targetBuildId: TARGET }).passed, false, 'C1: empty evidence references are rejected');"
"accelerated-launch/service/tests/sections/ap-accept-010-consistency.cjs","44","ap-accept-010-consistency","1","KEEP","Current behavior, evidence, isolation, source admission, or consumer contract.","check.equal(validator.validateCapabilityEvidence({ passed: true, identity: { build_id: TARGET, served_build_id: TARGET }, criteria: { c: { passed: false, expected: 'e', measured: 'm', evidence_refs: ['__missing__'] } }, tests: [{ id: 't', passed: true }] }, { targetBuildId: TARGET }).passed, false, 'C1: a failed criterion is rejected');"
"accelerated-launch/service/tests/sections/ap-accept-010-consistency.cjs","45","ap-accept-010-consistency","1","KEEP","Current behavior, evidence, isolation, source admission, or consumer contract.","check.equal(validator.validateCapabilityEvidence(genuine, { targetBuildId: TARGET, benchmark: { missed_fact_rate: 0 } }).passed, false, 'C1: a missing benchmark is rejected');"
"accelerated-launch/service/tests/sections/ap-accept-010-consistency.cjs","46","ap-accept-010-consistency","1","KEEP","Current behavior, evidence, isolation, source admission, or consumer contract.","check.equal(validator.validateCapabilityEvidence(Object.assign({}, genuine, { benchmark: { missed_fact_rate: 0.5, incorrect_reading_rate: 0.5 } }), { targetBuildId: TARGET, benchmark: { missed_fact_rate: 0.1 } }).passed, false, 'C1: a benchmark over threshold is rejected');"
"accelerated-launch/service/tests/sections/ap-accept-010-consistency.cjs","53","ap-accept-010-consistency","1","KEEP","Current behavior, evidence, isolation, source admission, or consumer contract.","check.equal(validator.validateCapabilityEvidence(fdtGenuine, { targetBuildId: TARGET, acceptance: { min_recovery_rate: 0.95, zero_incorrect_decisive_facts: true, zero_cross_record_or_bureau_borrowing: true, zero_unsupported_legal_findings: true } }).passed, true, 'C1: FDT prospective acceptance (>=95% recovery, zero incorrect/borrowing/unsupported) is accepted');"
"accelerated-launch/service/tests/sections/ap-accept-010-consistency.cjs","54","ap-accept-010-consistency","1","KEEP","Current behavior, evidence, isolation, source admission, or consumer contract.","check.equal(validator.validateCapabilityEvidence(Object.assign({}, fdtGenuine, { acceptance: { recovery_rate: 0.94, incorrect_decisive_facts: 0, cross_record_or_bureau_borrowing: 0, unsupported_legal_findings: 0 } }), { targetBuildId: TARGET, acceptance: { min_recovery_rate: 0.95 } }).passed, false, 'C1: FDT recovery below 95% is rejected');"
"accelerated-launch/service/tests/sections/ap-accept-010-consistency.cjs","55","ap-accept-010-consistency","1","KEEP","Current behavior, evidence, isolation, source admission, or consumer contract.","check.equal(validator.validateCapabilityEvidence(Object.assign({}, fdtGenuine, { acceptance: { recovery_rate: 1, incorrect_decisive_facts: 1, cross_record_or_bureau_borrowing: 0, unsupported_legal_findings: 0 } }), { targetBuildId: TARGET, acceptance: { zero_incorrect_decisive_facts: true } }).passed, false, 'C1: FDT incorrect decisive facts are rejected');"
"accelerated-launch/service/tests/sections/ap-accept-010-consistency.cjs","56","ap-accept-010-consistency","1","KEEP","Current behavior, evidence, isolation, source admission, or consumer contract.","check.equal(validator.validateCapabilityEvidence(Object.assign({}, fdtGenuine, { acceptance: { recovery_rate: 1, incorrect_decisive_facts: 0, cross_record_or_bureau_borrowing: 1, unsupported_legal_findings: 0 } }), { targetBuildId: TARGET, acceptance: { zero_cross_record_or_bureau_borrowing: true } }).passed, false, 'C1: FDT cross-record/bureau borrowing is rejected');"
"accelerated-launch/service/tests/sections/ap-accept-010-consistency.cjs","57","ap-accept-010-consistency","1","KEEP","Current behavior, evidence, isolation, source admission, or consumer contract.","check.equal(validator.validateCapabilityEvidence(Object.assign({}, fdtGenuine, { acceptance: { recovery_rate: 1, incorrect_decisive_facts: 0, cross_record_or_bureau_borrowing: 0, unsupported_legal_findings: 1 } }), { targetBuildId: TARGET, acceptance: { zero_unsupported_legal_findings: true } }).passed, false, 'C1: FDT unsupported legal findings are rejected');"
"accelerated-launch/service/tests/sections/ap-accept-010-consistency.cjs","59","ap-accept-010-consistency","1","KEEP","Current behavior, evidence, isolation, source admission, or consumer contract.","check.equal(validator.validateCapabilityEvidence(Object.assign({}, fdtGenuine, { acceptance: { recovery_rate: 0.95, incorrect_decisive_facts: 0, cross_record_or_bureau_borrowing: 0, unsupported_legal_findings: 0 } }), { targetBuildId: TARGET, acceptance: { min_recovery_rate: 0.95 } }).passed, true, 'C1: recovery exactly at the 95% boundary is accepted');"
"accelerated-launch/service/tests/sections/ap-accept-010-consistency.cjs","60","ap-accept-010-consistency","1","KEEP","Current behavior, evidence, isolation, source admission, or consumer contract.","check.equal(validator.validateCapabilityEvidence(Object.assign({}, fdtGenuine, { acceptance: { recovery_rate: 0.9499, incorrect_decisive_facts: 0, cross_record_or_bureau_borrowing: 0, unsupported_legal_findings: 0 } }), { targetBuildId: TARGET, acceptance: { min_recovery_rate: 0.95 } }).passed, false, 'C1: recovery just below 95% is rejected');"
"accelerated-launch/service/tests/sections/ap-accept-010-consistency.cjs","61","ap-accept-010-consistency","1","KEEP","Current behavior, evidence, isolation, source admission, or consumer contract.","check.equal(validator.validateCapabilityEvidence(Object.assign({}, genuine, { benchmark: { missed_fact_rate: 0.05, incorrect_reading_rate: 0, baseline: 'b' } }), { targetBuildId: TARGET, benchmark: { missed_fact_rate: 0.05, incorrect_reading_rate: 0, require_baseline: true } }).passed, true, 'C1: missed_fact_rate exactly at the 5% boundary is accepted');"
"accelerated-launch/service/tests/sections/ap-accept-010-consistency.cjs","62","ap-accept-010-consistency","1","KEEP","Current behavior, evidence, isolation, source admission, or consumer contract.","check.equal(validator.validateCapabilityEvidence(Object.assign({}, genuine, { benchmark: { missed_fact_rate: 0.051, incorrect_reading_rate: 0, baseline: 'b' } }), { targetBuildId: TARGET, benchmark: { missed_fact_rate: 0.05, incorrect_reading_rate: 0, require_baseline: true } }).passed, false, 'C1: missed_fact_rate just above 5% is rejected');"
"accelerated-launch/service/tests/sections/ap-accept-010-consistency.cjs","64","ap-accept-010-consistency","1","KEEP","Current behavior, evidence, isolation, source admission, or consumer contract.","check.equal(validator.validateCapabilityEvidence(Object.assign({}, genuine, { benchmark: { missed_fact_rate: NaN, incorrect_reading_rate: 0 } }), { targetBuildId: TARGET, benchmark: { missed_fact_rate: 0.05 } }).passed, false, 'C1: a NaN missed_fact_rate is rejected');"
"accelerated-launch/service/tests/sections/ap-accept-010-consistency.cjs","65","ap-accept-010-consistency","1","KEEP","Current behavior, evidence, isolation, source admission, or consumer contract.","check.equal(validator.validateCapabilityEvidence(Object.assign({}, genuine, { benchmark: { missed_fact_rate: 0, incorrect_reading_rate: Infinity } }), { targetBuildId: TARGET, benchmark: { incorrect_reading_rate: 0 } }).passed, false, 'C1: an infinite incorrect_reading_rate is rejected');"
"accelerated-launch/service/tests/sections/ap-accept-010-consistency.cjs","66","ap-accept-010-consistency","1","KEEP","Current behavior, evidence, isolation, source admission, or consumer contract.","check.equal(validator.validateCapabilityEvidence(Object.assign({}, genuine, { benchmark: { missed_fact_rate: -0.1, incorrect_reading_rate: 0 } }), { targetBuildId: TARGET, benchmark: { missed_fact_rate: 0.05 } }).passed, false, 'C1: a negative missed_fact_rate is rejected');"
"accelerated-launch/service/tests/sections/ap-accept-010-consistency.cjs","67","ap-accept-010-consistency","1","KEEP","Current behavior, evidence, isolation, source admission, or consumer contract.","check.equal(validator.validateCapabilityEvidence(Object.assign({}, fdtGenuine, { acceptance: { recovery_rate: NaN, incorrect_decisive_facts: 0, cross_record_or_bureau_borrowing: 0, unsupported_legal_findings: 0 } }), { targetBuildId: TARGET, acceptance: { min_recovery_rate: 0.95 } }).passed, false, 'C1: a NaN recovery_rate is rejected');"
"accelerated-launch/service/tests/sections/ap-accept-010-consistency.cjs","68","ap-accept-010-consistency","1","KEEP","Current behavior, evidence, isolation, source admission, or consumer contract.","check.equal(validator.validateCapabilityEvidence(Object.assign({}, fdtGenuine, { acceptance: { recovery_rate: 1.5, incorrect_decisive_facts: 0, cross_record_or_bureau_borrowing: 0, unsupported_legal_findings: 0 } }), { targetBuildId: TARGET, acceptance: { min_recovery_rate: 0.95 } }).passed, false, 'C1: a recovery_rate above 100% is rejected');"
"accelerated-launch/service/tests/sections/ap-accept-010-consistency.cjs","78","ap-accept-010-consistency","1","KEEP","Current behavior, evidence, isolation, source admission, or consumer contract.","check.equal(tie.filter((c) => c.code === '30').length, 0, 'C2: an equidistant code is never accepted for two periods');"
"accelerated-launch/service/tests/sections/ap-accept-010-consistency.cjs","79","ap-accept-010-consistency","1","KEEP","Current behavior, evidence, isolation, source admission, or consumer contract.","check.ok(tie.every((c) => c.uncertain === true), 'C2: both periods stay unresolved for a tie');"
"accelerated-launch/service/tests/sections/ap-accept-010-consistency.cjs","86","ap-accept-010-consistency","1","KEEP","Current behavior, evidence, isolation, source admission, or consumer contract.","check.deepEqual(clean.map((c) => c.code), ['OK', '30'], 'C2: a clean one-to-one alignment associates each cell with one period');"
"accelerated-launch/service/tests/sections/ap-accept-010-consistency.cjs","93","ap-accept-010-consistency","1","KEEP","Current behavior, evidence, isolation, source admission, or consumer contract.","check.equal(missingMiddle.find((c) => c.period === '2024-02').code, null, 'C2: a missing middle cell stays unresolved');"
"accelerated-launch/service/tests/sections/ap-accept-010-consistency.cjs","100","ap-accept-010-consistency","1","KEEP","Current behavior, evidence, isolation, source admission, or consumer contract.","check.deepEqual(ocrUnits.map((c) => c.code), ['OK', '30'], 'C2: OCR-pixel coordinate units resolve from local spacing, not a fixed 40-unit threshold');"
"accelerated-launch/service/tests/sections/ap-accept-010-consistency.cjs","109","ap-accept-010-consistency","1","KEEP","Current behavior, evidence, isolation, source admission, or consumer contract.","check.equal(lowConf[0].code, null, 'C3: a confidence-1 OCR code is withheld');"
"accelerated-launch/service/tests/sections/ap-accept-010-consistency.cjs","110","ap-accept-010-consistency","1","KEEP","Current behavior, evidence, isolation, source admission, or consumer contract.","check.equal(lowConf[0].raw_code, '30', 'C3: the uncertain raw reading is preserved');"
"accelerated-launch/service/tests/sections/ap-accept-010-consistency.cjs","111","ap-accept-010-consistency","1","KEEP","Current behavior, evidence, isolation, source admission, or consumer contract.","check.equal(lowConf[0].reason, 'BELOW_CONFIDENCE_FLOOR', 'C3: with the trust reason recorded');"
"accelerated-launch/service/tests/sections/ap-accept-010-consistency.cjs","118","ap-accept-010-consistency","1","KEEP","Current behavior, evidence, isolation, source admission, or consumer contract.","check.equal(reliable[0].code, '30', 'C3: a reliable OCR code is accepted');"
"accelerated-launch/service/tests/sections/ap-accept-010-consistency.cjs","119","ap-accept-010-consistency","1","KEEP","Current behavior, evidence, isolation, source admission, or consumer contract.","check.equal(reliable[0].meaning, '30 days late', 'C3: and decoded from the printed legend');"
"accelerated-launch/service/tests/sections/ap-accept-010-consistency.cjs","129","ap-accept-010-consistency","1","KEEP","Current behavior, evidence, isolation, source admission, or consumer contract.","check.equal(v.legend.length, 0, 'C4: a legend below the next account line is not borrowed');"
"accelerated-launch/service/tests/sections/ap-accept-010-consistency.cjs","146","ap-accept-010-consistency","1","KEEP","Current behavior, evidence, isolation, source admission, or consumer contract.","check.ok(!page2Grid || page2Grid.account == null, 'C4: with two grids on the prior page the continuation is ambiguous and unresolved');"
"accelerated-launch/service/tests/sections/ap-accept-010-consistency.cjs","149","ap-accept-010-consistency","1","KEEP","Current behavior, evidence, isolation, source admission, or consumer contract.","check.equal(clarification.eligibleQuestions([]).length, 0, 'C5: no records -> no questions');"
"accelerated-launch/service/tests/sections/ap-accept-010-consistency.cjs","150","ap-accept-010-consistency","1","KEEP","Current behavior, evidence, isolation, source admission, or consumer contract.","check.equal(clarification.eligibleQuestions([{ facts: { 'account.reported_identity': 'CREDITOR A', 'account.responsibility': 'INDIVIDUAL' } }]).length, 0, 'C5: a resolved responsibility produces no material question');"
"accelerated-launch/service/tests/sections/ap-accept-010-consistency.cjs","151","ap-accept-010-consistency","1","KEEP","Current behavior, evidence, isolation, source admission, or consumer contract.","check.equal(clarification.eligibleQuestions([{record_index:1,facts:{'account.reported_identity':'CREDITOR A'}}]).length, 0, 'owner: missing responsibility does not trigger a context-only question');"
"accelerated-launch/service/tests/sections/ap-accept-010-consistency.cjs","152","ap-accept-010-consistency","1","KEEP","Current behavior, evidence, isolation, source admission, or consumer contract.","check.equal(clarification.eligibleQuestions([{facts:{'account.reported_identity':'A'}},{facts:{'account.reported_identity':'B'}}]).length, 0, 'owner: more accounts do not manufacture material questions');"
"accelerated-launch/service/tests/sections/ap-accept-010-consistency.cjs","153","ap-accept-010-consistency","1","KEEP","Current behavior, evidence, isolation, source admission, or consumer contract.","check.equal(clarification.activeQuestions([{id:'account-responsibility',account:'A'},{id:'account-purpose',account:'B'}]).length, 0, 'owner: retired stored prompts are not displayed');"
"accelerated-launch/service/tests/sections/ap-accept-010-consistency.cjs","156","ap-accept-010-consistency","1","KEEP","Current behavior, evidence, isolation, source admission, or consumer contract.","check.equal(clarification.validateAnswers([{ question_id: 'account-responsibility', account: 'CREDITOR A', answer: '' }]).length, 0, 'C5: an unanswered question is never defaulted to ""individual""');"
"accelerated-launch/service/tests/sections/ap-accept-010-consistency.cjs","163","ap-accept-010-consistency","1","KEEP","Current behavior, evidence, isolation, source admission, or consumer contract.","check.equal(perAccount.length, 2, 'C5: separate accounts keep separate answers');"
"accelerated-launch/service/tests/sections/ap-accept-010-consistency.cjs","164","ap-accept-010-consistency","1","KEEP","Current behavior, evidence, isolation, source admission, or consumer contract.","check.equal(perAccount[0].account, 'CREDITOR A', 'C5: first answer names its account');"
"accelerated-launch/service/tests/sections/ap-accept-010-consistency.cjs","165","ap-accept-010-consistency","1","KEEP","Current behavior, evidence, isolation, source admission, or consumer contract.","check.equal(perAccount[0].answer, 'I_DONT_KNOW', 'C5: with ""I don\'t know""');"
"accelerated-launch/service/tests/sections/ap-accept-010-consistency.cjs","166","ap-accept-010-consistency","1","KEEP","Current behavior, evidence, isolation, source admission, or consumer contract.","check.equal(perAccount[1].account, 'CREDITOR B', 'C5: second answer names its account');"
"accelerated-launch/service/tests/sections/ap-accept-010-consistency.cjs","167","ap-accept-010-consistency","1","KEEP","Current behavior, evidence, isolation, source admission, or consumer contract.","check.equal(perAccount[1].answer, 'SKIP', 'C5: with ""Skip""');"
"accelerated-launch/service/tests/sections/ap-accept-010-consistency.cjs","173","ap-accept-010-consistency","1","KEEP","Current behavior, evidence, isolation, source admission, or consumer contract.","check.equal(historical.length, 2, 'C5: historical eligibility rows are retained');"
"accelerated-launch/service/tests/sections/ap-accept-010-consistency.cjs","174","ap-accept-010-consistency","1","KEEP","Current behavior, evidence, isolation, source admission, or consumer contract.","check.equal(historical[0].question_key, 'account-purpose|', 'C5: a historical free-text question gets a safe derived key');"
"accelerated-launch/service/tests/sections/ap-accept-010-consistency.cjs","175","ap-accept-010-consistency","1","KEEP","Current behavior, evidence, isolation, source admission, or consumer contract.","check.equal(historical[1].question_key, 'account-responsibility|', 'C5: and the choice question gets a distinct derived key');"
"accelerated-launch/service/tests/sections/ap-accept-010-consistency.cjs","176","ap-accept-010-consistency","1","KEEP","Current behavior, evidence, isolation, source admission, or consumer contract.","check.ok(historical.every((q) => !q.requires_reassessment), 'C5: distinct historical ids never collide');"
"accelerated-launch/service/tests/sections/ap-accept-010-consistency.cjs","182","ap-accept-010-consistency","1","KEEP","Current behavior, evidence, isolation, source admission, or consumer contract.","check.equal(collision[0].question_key, 'account-responsibility|', 'C5: the first duplicate keeps its derived key');"
"accelerated-launch/service/tests/sections/ap-accept-010-consistency.cjs","183","ap-accept-010-consistency","1","KEEP","Current behavior, evidence, isolation, source admission, or consumer contract.","check.equal(collision[1].requires_reassessment, true, 'C5: a colliding duplicate is marked for reassessment, never rendered as a colliding control');"
"accelerated-launch/service/tests/sections/ap-accept-010-consistency.cjs","184","ap-accept-010-consistency","1","KEEP","Current behavior, evidence, isolation, source admission, or consumer contract.","check.equal(collision[1].question_key, null, 'C5: with no question_key on the colliding row');"
"accelerated-launch/service/tests/sections/ap-accept-010-consistency.cjs","186","ap-accept-010-consistency","1","KEEP","Current behavior, evidence, isolation, source admission, or consumer contract.","check.equal(perAccount[0].outcome, 'a', 'C5: the answer records the outcome it enables');"
"accelerated-launch/service/tests/sections/ap-accept-010-consistency.cjs","193","ap-accept-010-consistency","1","KEEP","Current behavior, evidence, isolation, source admission, or consumer contract.","check.equal(answers.length, 1, 'C5: an arbitrary choice value is refused');"
"accelerated-launch/service/tests/sections/ap-accept-010-consistency.cjs","194","ap-accept-010-consistency","1","KEEP","Current behavior, evidence, isolation, source admission, or consumer contract.","check.equal(answers[0].answer, 'individual', 'C5: and the valid choice is accepted');"
"accelerated-launch/service/tests/sections/ap-accept-010-consistency.cjs","196","ap-accept-010-consistency","1","KEEP","Current behavior, evidence, isolation, source admission, or consumer contract.","check.ok(longText[0].answer.length <= clarification.FREE_TEXT_MAX, 'C5: free text is length-bounded');"
"accelerated-launch/service/tests/sections/ap-accept-010-consistency.cjs","253","ap-accept-010-consistency","1","KEEP","Current behavior, evidence, isolation, source admission, or consumer contract.","check.ok(/<option value=""I_DONT_KNOW"">/.test(panelNode.innerHTML), 'C5: the choice select carries a real I_DONT_KNOW option so the browser keeps the value');"
"accelerated-launch/service/tests/sections/ap-accept-010-consistency.cjs","254","ap-accept-010-consistency","1","KEEP","Current behavior, evidence, isolation, source admission, or consumer contract.","check.ok(/<option value=""SKIP"">/.test(panelNode.innerHTML), 'C5: and a real SKIP option');"
"accelerated-launch/service/tests/sections/ap-accept-010-consistency.cjs","259","ap-accept-010-consistency","1","KEEP","Current behavior, evidence, isolation, source admission, or consumer contract.","check.equal(postedBodies.length, 1, 'C5: Save my answers submits exactly one clarify request');"
"accelerated-launch/service/tests/sections/ap-accept-010-consistency.cjs","261","ap-accept-010-consistency","1","KEEP","Current behavior, evidence, isolation, source admission, or consumer contract.","check.equal(submitted.length, 2, 'C5: two separately stored account answers are submitted');"
"accelerated-launch/service/tests/sections/ap-accept-010-consistency.cjs","263","ap-accept-010-consistency","1","KEEP","Current behavior, evidence, isolation, source admission, or consumer contract.","check.equal(byAccount['CREDITOR A'], 'I_DONT_KNOW', ""C5: the first account stores I don't know, not an empty string"");"
"accelerated-launch/service/tests/sections/ap-accept-010-consistency.cjs","264","ap-accept-010-consistency","1","KEEP","Current behavior, evidence, isolation, source admission, or consumer contract.","check.equal(byAccount['CREDITOR B'], 'SKIP', 'C5: the second account stores Skip, not an empty string');"
"accelerated-launch/service/tests/sections/ap-accept-010-consistency.cjs","265","ap-accept-010-consistency","1","KEEP","Current behavior, evidence, isolation, source admission, or consumer contract.","check.ok(requestedUrls.includes('/api/cases/case-browser/results/r-browser/view'), 'C5: saving historical answers refreshes the selected result rather than the latest');"
"accelerated-launch/service/tests/sections/ap-accept-010-consistency.cjs","266","ap-accept-010-consistency","1","KEEP","Current behavior, evidence, isolation, source admission, or consumer contract.","check.equal(getNode('result-select').value, 'r-browser', 'C5: the selector displays the historical result actually being shown after save');"
"accelerated-launch/service/tests/sections/ap-accept-010-consistency.cjs","267","ap-accept-010-consistency","1","KEEP","Current behavior, evidence, isolation, source admission, or consumer contract.","check.ok(!getNode('result-select').innerHTML.includes('Latest · '), 'C5: a selected historical result is not mislabeled Latest');"
"accelerated-launch/service/tests/sections/ap-accept-010-consistency.cjs","280","ap-accept-010-consistency","1","KEEP","Current behavior, evidence, isolation, source admission, or consumer contract.","check.equal(histView1.view.result_id, eval1.result_id, 'C5: an explicitly selected result exposes its own result identity (not the latest)');"
"accelerated-launch/service/tests/sections/ap-accept-010-consistency.cjs","281","ap-accept-010-consistency","1","KEEP","Current behavior, evidence, isolation, source admission, or consumer contract.","check.notEqual(eval1.result_id, eval2.result_id, 'C5: the two results have distinct identities');"
"accelerated-launch/service/tests/sections/ap-accept-010-consistency.cjs","282","ap-accept-010-consistency","1","KEEP","Current behavior, evidence, isolation, source admission, or consumer contract.","check.ok(Array.isArray(histView1.view.clarification_questions), 'C5: the selected historical result exposes its clarification questions');"
"accelerated-launch/service/tests/sections/ap-accept-010-consistency.cjs","286","ap-accept-010-consistency","1","KEEP","Current behavior, evidence, isolation, source admission, or consumer contract.","check.ok(denied.status >= 400, 'C5: cross-account access to a result view is refused');"
"accelerated-launch/service/tests/sections/aq-gap-finding-001.cjs","39","aq-gap-finding-001","1","KEEP","Current behavior, evidence, isolation, source admission, or consumer contract.","check.equal(adapter.exceptions.items.find((i) => i.id === 'second-bankruptcy').report_observable, false,"
"accelerated-launch/service/tests/sections/aq-gap-finding-001.cjs","48","aq-gap-finding-001","1","KEEP","Current behavior, evidence, isolation, source admission, or consumer contract.","check.deepEqual(crossBureau, ['2020-01-01', '2020-02-15'],"
"accelerated-launch/service/tests/sections/aq-gap-finding-001.cjs","53","aq-gap-finding-001","1","KEEP","Current behavior, evidence, isolation, source admission, or consumer contract.","check.equal(exc.applies, null, 'second-bankruptcy stays unresolved (never resolved from discharge dates)');"
"accelerated-launch/service/tests/sections/aq-gap-finding-001.cjs","54","aq-gap-finding-001","1","KEEP","Current behavior, evidence, isolation, source admission, or consumer contract.","check.equal(exc.resolved, false, 'second-bankruptcy is not defaulted to false');"
"accelerated-launch/service/tests/sections/aq-gap-finding-001.cjs","57","aq-gap-finding-001","1","KEEP","Current behavior, evidence, isolation, source admission, or consumer contract.","check.deepEqual(distinctDates(['Equifax Consumer Credit Report', 'Report Date: 12 June 2026', 'Bankruptcy Discharged 01/01/2020']), ['2020-01-01'], 'one discharge extracts');"
"accelerated-launch/service/tests/sections/aq-gap-finding-001.cjs","58","aq-gap-finding-001","1","KEEP","Current behavior, evidence, isolation, source admission, or consumer contract.","check.deepEqual(distinctDates(['Equifax Consumer Credit Report', 'Report Date: 12 June 2026', 'Bankruptcy Discharged 01/01/2020, Discharged 02/02/2020']), [], 'a contradictory reading is withheld');"
"accelerated-launch/service/tests/sections/aq-gap-finding-001.cjs","65","aq-gap-finding-001","1","KEEP","Current behavior, evidence, isolation, source admission, or consumer contract.","check.equal(fc.state, 'EVALUATED', 'FCRA bankruptcy limb evaluates');"
"accelerated-launch/service/tests/sections/aq-gap-finding-001.cjs","66","aq-gap-finding-001","1","KEEP","Current behavior, evidence, isolation, source admission, or consumer contract.","check.equal(fc.outcome, 'PERIOD_EXCEEDED', 'FCRA bankruptcy limb period exceeded');"
"accelerated-launch/service/tests/sections/aq-gap-finding-001.cjs","67","aq-gap-finding-001","1","KEEP","Current behavior, evidence, isolation, source admission, or consumer contract.","check.equal(fc.finding, null, 'FCRA bankruptcy: the off-report § 1681c(b) use exception blocks a finding');"
"accelerated-launch/service/tests/sections/aq-gap-finding-001.cjs","82","aq-gap-finding-001","1","KEEP","Current behavior, evidence, isolation, source admission, or consumer contract.","check.equal(ruleAdapters.classifyEvaluation(Object.assign({}, evaluationRecord, {"
"accelerated-launch/service/tests/sections/ar-gap-finding-003.cjs","19","ar-gap-finding-003","1","KEEP","Current behavior, evidence, isolation, source admission, or consumer contract.","check.ok(adapters.every((a) => typeof a.source_version === 'string' && /^[0-9A-F]{64}$/.test(a.source_version)),"
"accelerated-launch/service/tests/sections/ar-gap-finding-003.cjs","35","ar-gap-finding-003","1","KEEP","Current behavior, evidence, isolation, source admission, or consumer contract.","check.equal(r.evaluation.rule_identity.source_version, r.evaluation.rule_identity.source_version, 'evaluation rule_identity carries a version');"
"accelerated-launch/service/tests/sections/ar-gap-finding-003.cjs","36","ar-gap-finding-003","1","KEEP","Current behavior, evidence, isolation, source admission, or consumer contract.","check.equal(r.finding.source_version, ruleAdapters.ADAPTERS.find((a) => a.adapter_id === US_CA).source_version, 'the finding retains the admitted version');"
"accelerated-launch/service/tests/sections/ar-gap-finding-003.cjs","37","ar-gap-finding-003","1","KEEP","Current behavior, evidence, isolation, source admission, or consumer contract.","check.equal(r.finding.classification, 'VIOLATION', 'the versioned rule still derives VIOLATION');"
"accelerated-launch/service/tests/sections/ar-gap-finding-003.cjs","41","ar-gap-finding-003","1","KEEP","Current behavior, evidence, isolation, source admission, or consumer contract.","check.equal(ruleAdapters.classifyEvaluation(Object.assign({}, evalRecord, {"
"accelerated-launch/service/tests/sections/ar-gap-finding-003.cjs","49","ar-gap-finding-003","1","KEEP","Current behavior, evidence, isolation, source admission, or consumer contract.","check.equal(ruleAdapters.classify(fakeResult, ruleAdapters.ADAPTERS.find((a) => a.adapter_id === US_CA)), null,"
"accelerated-launch/service/tests/sections/ar-gap-finding-003.cjs","55","ar-gap-finding-003","1","KEEP","Current behavior, evidence, isolation, source admission, or consumer contract.","check.equal(a.source_version, a.source_version, 'the version is deterministic');"
"accelerated-launch/service/tests/sections/ar-gap-finding-003.cjs","56","ar-gap-finding-003","1","KEEP","Current behavior, evidence, isolation, source admission, or consumer contract.","check.equal(typeof a.source_artifact, 'string', 'the source artifact path is retained');"
"accelerated-launch/service/tests/sections/ar-gap-finding-003.cjs","57","ar-gap-finding-003","1","KEEP","Current behavior, evidence, isolation, source admission, or consumer contract.","check.ok(a.source_entry_id !== b.source_entry_id, 'distinct rules have distinct source-entry identities');"
"accelerated-launch/service/tests/sections/ar-gap-finding-003.cjs","61","ar-gap-finding-003","1","KEEP","Current behavior, evidence, isolation, source admission, or consumer contract.","check.ok(pair.length > 0, 'the historical assessment identity is source_entry_id + version');"
"accelerated-launch/service/tests/sections/ar-gap-finding-003.cjs","62","ar-gap-finding-003","1","KEEP","Current behavior, evidence, isolation, source admission, or consumer contract.","check.equal(r.finding.source_entry_id, a.source_entry_id, 'the finding retains the source-entry identity for audit');"
"accelerated-launch/service/tests/sections/as-gap-finding-004.cjs","41","as-gap-finding-004","1","KEEP","Current behavior, evidence, isolation, source admission, or consumer contract.","check.ok(row, 'a CA breach row evaluates');"
"accelerated-launch/service/tests/sections/as-gap-finding-004.cjs","42","as-gap-finding-004","1","KEEP","Current behavior, evidence, isolation, source admission, or consumer contract.","check.equal(row.machine.finding.classification, 'VIOLATION', 'the CA breach still derives VIOLATION with source-linked evidence');"
"accelerated-launch/service/tests/sections/as-gap-finding-004.cjs","44","as-gap-finding-004","1","KEEP","Current behavior, evidence, isolation, source admission, or consumer contract.","check.equal(fact.source.raw_value, '01/01/2010', 'the exact raw printed fact is retained');"
"accelerated-launch/service/tests/sections/as-gap-finding-004.cjs","45","as-gap-finding-004","1","KEEP","Current behavior, evidence, isolation, source admission, or consumer contract.","check.equal(fact.source.normalized_value, '2010-01-01', 'the normalized value is retained');"
"accelerated-launch/service/tests/sections/as-gap-finding-004.cjs","46","as-gap-finding-004","1","KEEP","Current behavior, evidence, isolation, source admission, or consumer contract.","check.ok(fact.source.location && fact.source.location.page === 1, 'the source page location is retained');"
"accelerated-launch/service/tests/sections/as-gap-finding-004.cjs","47","as-gap-finding-004","1","KEEP","Current behavior, evidence, isolation, source admission, or consumer contract.","check.deepEqual(fact.source.normalization, { from: '01/01/2010', to: '2010-01-01' }, 'the normalization step is retained');"
"accelerated-launch/service/tests/sections/as-gap-finding-004.cjs","48","as-gap-finding-004","1","KEEP","Current behavior, evidence, isolation, source admission, or consumer contract.","check.equal(fact.source.uncertainty.status, 'RESOLVED', 'the uncertainty is retained');"
"accelerated-launch/service/tests/sections/as-gap-finding-004.cjs","49","as-gap-finding-004","1","KEEP","Current behavior, evidence, isolation, source admission, or consumer contract.","check.equal(row.machine.evaluation.policy.policy_id, 'OWNER-EVIDENCE-001', 'the policy identity is retained');"
"accelerated-launch/service/tests/sections/as-gap-finding-004.cjs","50","as-gap-finding-004","1","KEEP","Current behavior, evidence, isolation, source admission, or consumer contract.","check.equal(row.machine.evaluation.policy.version, '1.0', 'the policy version is retained');"
"accelerated-launch/service/tests/sections/as-gap-finding-004.cjs","51","as-gap-finding-004","1","KEEP","Current behavior, evidence, isolation, source admission, or consumer contract.","check.equal(row.machine.evaluation.policy.digest, 'd48e463375a2b7fb1497a3fa2f51cd9683863a3f2b37a11cf38e455811e8cb47', 'the policy digest is retained');"
"accelerated-launch/service/tests/sections/as-gap-finding-004.cjs","57","as-gap-finding-004","1","KEEP","Current behavior, evidence, isolation, source admission, or consumer contract.","check.equal(ruleAdapters.classifyEvaluation(noSource, 'violation'), null, 'an absent source blocks the finding');"
"accelerated-launch/service/tests/sections/as-gap-finding-004.cjs","64","as-gap-finding-004","1","KEEP","Current behavior, evidence, isolation, source admission, or consumer contract.","check.equal(ruleAdapters.classifyEvaluation(misassociated, 'violation'), null, 'a misassociated source (wrong normalized value) blocks the finding');"
"accelerated-launch/service/tests/sections/as-gap-finding-004.cjs","74","as-gap-finding-004","1","KEEP","Current behavior, evidence, isolation, source admission, or consumer contract.","check.equal(findings.length, 2, 'two distinct bankruptcy records produce two findings');"
"accelerated-launch/service/tests/sections/as-gap-finding-004.cjs","76","as-gap-finding-004","1","KEEP","Current behavior, evidence, isolation, source admission, or consumer contract.","check.equal(new Set(indices).size, 2, 'each finding binds to its own record (no cross-account association)');"
"accelerated-launch/service/tests/sections/as-gap-finding-004.cjs","77","as-gap-finding-004","1","KEEP","Current behavior, evidence, isolation, source admission, or consumer contract.","check.ok(indices.every((i) => Number.isInteger(i) && i > 0), 'each source carries its own record index');"
"accelerated-launch/service/tests/sections/at-gap-finding-002.cjs","37","at-gap-finding-002","1","KEEP","Current behavior, evidence, isolation, source admission, or consumer contract.","check.equal(positive.classification, 'PROBABLE_VIOLATION', 'the scoped candidate derives PROBABLE, never VIOLATION');"
"accelerated-launch/service/tests/sections/at-gap-finding-002.cjs","38","at-gap-finding-002","1","KEEP","Current behavior, evidence, isolation, source admission, or consumer contract.","check.equal(positive.decisive_fact_unavailable, 'publicRecord.bankruptcyOrderForReliefDate.historical_correspondence', 'the decisive issue is named exactly');"
"accelerated-launch/service/tests/sections/at-gap-finding-002.cjs","40","at-gap-finding-002","1","KEEP","Current behavior, evidence, isolation, source admission, or consumer contract.","check.equal(d.decisive, true, 'the decisive fact is marked decisive');"
"accelerated-launch/service/tests/sections/at-gap-finding-002.cjs","41","at-gap-finding-002","1","KEEP","Current behavior, evidence, isolation, source admission, or consumer contract.","check.equal(d.unavailable_from_resolved_reading, true, 'the decisive fact is unavailable from a resolved reading');"
"accelerated-launch/service/tests/sections/at-gap-finding-002.cjs","42","at-gap-finding-002","1","KEEP","Current behavior, evidence, isolation, source admission, or consumer contract.","check.ok(d.source && d.source.location && d.source.location.page === 1, 'the decisive fact is source-linked');"
"accelerated-launch/service/tests/sections/at-gap-finding-002.cjs","45","at-gap-finding-002","1","KEEP","Current behavior, evidence, isolation, source admission, or consumer contract.","check.equal(caFinding(["
"accelerated-launch/service/tests/sections/at-gap-finding-002.cjs","60","at-gap-finding-002","1","KEEP","Current behavior, evidence, isolation, source admission, or consumer contract.","check.equal(ordinary.classification, 'VIOLATION', 'an ordinary expired order-for-relief date without the qualifier stays VIOLATION');"
"accelerated-launch/service/tests/sections/at-gap-finding-002.cjs","70","at-gap-finding-002","1","KEEP","Current behavior, evidence, isolation, source admission, or consumer contract.","check.equal(generic.classification, 'VIOLATION', 'a generic disclaimer is not the unverified-correspondence trigger');"
"accelerated-launch/service/tests/sections/at-gap-finding-002.cjs","80","at-gap-finding-002","1","KEEP","Current behavior, evidence, isolation, source admission, or consumer contract.","check.equal(cross.classification, 'VIOLATION', 'a qualifier naming a different record does not make THIS date probable');"
"accelerated-launch/service/tests/sections/at-gap-finding-002.cjs","83","at-gap-finding-002","1","KEEP","Current behavior, evidence, isolation, source admission, or consumer contract.","check.equal(caFinding(["
"accelerated-launch/service/tests/sections/at-gap-finding-002.cjs","102","at-gap-finding-002","1","KEEP","Current behavior, evidence, isolation, source admission, or consumer contract.","check.equal(lowRecord && lowRecord.facts['publicRecord.bankruptcyOrderForReliefDate.historicalVerification'], undefined, 'a low-confidence qualifier is withheld (never a trigger)');"
"accelerated-launch/service/tests/sections/at-gap-finding-002.cjs","113","at-gap-finding-002","1","KEEP","Current behavior, evidence, isolation, source admission, or consumer contract.","check.equal(ruleAdapters.classifyEvaluation(arbitrary, 'violation'), null, 'an arbitrary decisive-fact list is refused');"
"accelerated-launch/service/tests/sections/au-closure-policy.cjs","13","au-closure-policy","1","KEEP","Current behavior, evidence, isolation, source admission, or consumer contract.","check.equal(status.implementation_status,'IMPLEMENTED_AND_TESTED','local behavioral tests close implementation without served identity');"
"accelerated-launch/service/tests/sections/au-closure-policy.cjs","14","au-closure-policy","1","KEEP","Current behavior, evidence, isolation, source admission, or consumer contract.","check.equal(status.staging_status,'PENDING_VERIFICATION','implementation closure never implies staging proof');"
"accelerated-launch/service/tests/sections/au-closure-policy.cjs","15","au-closure-policy","1","KEEP","Current behavior, evidence, isolation, source admission, or consumer contract.","check.equal(status.passed,false,'pending staging cannot clear production gate');"
"accelerated-launch/service/tests/sections/au-closure-policy.cjs","18","au-closure-policy","1","KEEP","Current behavior, evidence, isolation, source admission, or consumer contract.","check.equal(validator.validateCapabilityStatus(staged,opts).implementation_status,'IMPLEMENTED_AND_TESTED','legacy current-release behavioral acceptance also earns implementation credit');"
"accelerated-launch/service/tests/sections/au-closure-policy.cjs","19","au-closure-policy","1","KEEP","Current behavior, evidence, isolation, source admission, or consumer contract.","check.equal(validator.validateCapabilityStatus(staged,opts).staging_status,'VERIFIED_ON_STAGING','actual staged evidence retains verified status');"
"accelerated-launch/service/tests/sections/au-closure-policy.cjs","26","au-closure-policy","1","KEEP","Current behavior, evidence, isolation, source admission, or consumer contract.","check.equal(pendingStatus.implementation_status,'IMPLEMENTED_AND_TESTED','a pending staging boundary does not erase implementation closure');"
"accelerated-launch/service/tests/sections/au-closure-policy.cjs","27","au-closure-policy","1","KEEP","Current behavior, evidence, isolation, source admission, or consumer contract.","check.equal(pendingStatus.staging_status,'PENDING_VERIFICATION','an explicitly pending staging boundary stays pending, never verified');"
"accelerated-launch/service/tests/sections/au-closure-policy.cjs","28","au-closure-policy","1","KEEP","Current behavior, evidence, isolation, source admission, or consumer contract.","check.equal(pendingStatus.passed,false,'an explicitly pending staging boundary leaves the production gate unresolved');"
"accelerated-launch/service/tests/sections/au-closure-policy.cjs","29","au-closure-policy","1","KEEP","Current behavior, evidence, isolation, source admission, or consumer contract.","check.equal(validator.validateImplementationEvidence({implementation:{configured:true}},opts).passed,false,'configuration alone cannot close implementation');"
"accelerated-launch/service/tests/sections/au-closure-policy.cjs","31","au-closure-policy","1","KEEP","Current behavior, evidence, isolation, source admission, or consumer contract.","check.equal(validator.validateImplementationEvidence(failed,opts).passed,false,'failed functional tests block closure');"
"accelerated-launch/service/tests/sections/au-closure-policy.cjs","32","au-closure-policy","1","KEEP","Current behavior, evidence, isolation, source admission, or consumer contract.","check.equal(validator.validateImplementationEvidence(e,{...opts,requiredCriteria:['another_behavior']}).passed,false,'uncovered functional requirement blocks closure');"
"accelerated-launch/service/tests/sections/au-closure-policy.cjs","34","au-closure-policy","1","KEEP","Current behavior, evidence, isolation, source admission, or consumer contract.","check.equal(validator.validateImplementationEvidence(missing,opts).passed,false,'absent behavioral evidence blocks closure');"
"accelerated-launch/service/tests/sections/au-closure-policy.cjs","36","au-closure-policy","1","KEEP","Current behavior, evidence, isolation, source admission, or consumer contract.","check.equal(validator.validateImplementationEvidence(e,opts).passed,false,'changed relevant source reopens implementation');"
"accelerated-launch/service/tests/sections/av-consumer-results.cjs","30","av-consumer-results","1","KEEP","Current behavior, evidence, isolation, source admission, or consumer contract.","check.ok(finding, 'an observation is a finding when the report prints a determinable violation');"
"accelerated-launch/service/tests/sections/av-consumer-results.cjs","31","av-consumer-results","1","KEEP","Current behavior, evidence, isolation, source admission, or consumer contract.","check.equal(finding.classification, 'VIOLATION', 'the finding classification is explicit');"
"accelerated-launch/service/tests/sections/av-consumer-results.cjs","32","av-consumer-results","1","KEEP","Current behavior, evidence, isolation, source admission, or consumer contract.","check.ok(typeof finding.headline === 'string' && finding.headline.length > 0, 'a finding has a plain-English headline');"
"accelerated-launch/service/tests/sections/av-consumer-results.cjs","33","av-consumer-results","1","KEEP","Current behavior, evidence, isolation, source admission, or consumer contract.","check.ok(typeof finding.detail === 'string' && finding.detail.length > 0, 'a finding has a plain-English detail');"
"accelerated-launch/service/tests/sections/av-consumer-results.cjs","34","av-consumer-results","1","KEEP","Current behavior, evidence, isolation, source admission, or consumer contract.","check.ok(typeof finding.qualification === 'string' && finding.qualification.length > 0, 'a finding carries a qualification sentence');"
"accelerated-launch/service/tests/sections/av-consumer-results.cjs","38","av-consumer-results","1","KEEP","Current behavior, evidence, isolation, source admission, or consumer contract.","check.ok(observations.some((o) => o.is_a_finding === true), 'findings are marked as findings');"
"accelerated-launch/service/tests/sections/av-consumer-results.cjs","39","av-consumer-results","1","KEEP","Current behavior, evidence, isolation, source admission, or consumer contract.","check.ok(observations.some((o) => o.is_a_finding === false), 'non-finding observations are marked separately');"
"accelerated-launch/service/tests/sections/av-consumer-results.cjs","40","av-consumer-results","1","KEEP","Current behavior, evidence, isolation, source admission, or consumer contract.","check.ok(observations.every((o) => typeof o.check_name === 'string' && o.check_name.length > 0), 'every observation names the check it performed');"
"accelerated-launch/service/tests/sections/av-consumer-results.cjs","49","av-consumer-results","1","KEEP","Current behavior, evidence, isolation, source admission, or consumer contract.","check.deepEqual(again.observations.map((o) => o.check_name), observations.map((o) => o.check_name), 'the same report yields the same deterministic ordering');"
"accelerated-launch/service/tests/sections/av-consumer-results.cjs","51","av-consumer-results","5","KEEP","Current behavior, evidence, isolation, source admission, or consumer contract.","check.equal(Object.prototype.hasOwnProperty.call(o, 'rank'), false, 'no arbitrary rank field is claimed');"
"accelerated-launch/service/tests/sections/av-consumer-results.cjs","52","av-consumer-results","5","KEEP","Current behavior, evidence, isolation, source admission, or consumer contract.","check.equal(Object.prototype.hasOwnProperty.call(o, 'score'), false, 'no arbitrary score field is claimed');"
"accelerated-launch/service/tests/sections/av-consumer-results.cjs","63","av-consumer-results","1","KEEP","Current behavior, evidence, isolation, source admission, or consumer contract.","check.ok(unresolved.observations.every((o) => o.is_a_finding === false), 'conflicting dates withhold the finding (uncertainty, not proven)');"
"accelerated-launch/service/tests/sections/av-consumer-results.cjs","64","av-consumer-results","1","KEEP","Current behavior, evidence, isolation, source admission, or consumer contract.","check.ok(unresolved.unresolved_report_fields.length > 0, 'the unresolved printed field is reported beside its account');"
"accelerated-launch/service/tests/sections/av-consumer-results.cjs","65","av-consumer-results","1","KEEP","Current behavior, evidence, isolation, source admission, or consumer contract.","check.ok(unresolved.reading_limitations && unresolved.reading_limitations.never_equates_unread_with_absence === true, 'unread content is never equated with absence');"
"accelerated-launch/service/tests/sections/av-consumer-results.cjs","69","av-consumer-results","1","KEEP","Current behavior, evidence, isolation, source admission, or consumer contract.","check.ok(!/adapter_id|presentation_id|source_entry_id/.test(JSON.stringify(consumerVisible)), 'internal adapter/presentation identifiers never leak into the consumer-visible result');"
"accelerated-launch/service/tests/sections/av-consumer-results.cjs","70","av-consumer-results","1","KEEP","Current behavior, evidence, isolation, source admission, or consumer contract.","check.equal(violation.comprehensive_legal_check, false, 'the surface never claims a comprehensive legal check');"
"accelerated-launch/service/tests/sections/av-consumer-results.cjs","71","av-consumer-results","1","REWRITE","Nonempty string does not prove allowed scope wording or absence of a legal-advice disclaimer; stale label.","check.ok(typeof violation.disclaimer === 'string' && violation.disclaimer.length > 0, 'the surface carries the no-legal-advice disclaimer');"
"accelerated-launch/service/tests/sections/aw-consumer-explanations.cjs","86","aw-consumer-explanations","1","KEEP","Current behavior, evidence, isolation, source admission, or consumer contract.","check.ok(vFinding, 'an ordinary expired order-for-relief date renders a finding');"
"accelerated-launch/service/tests/sections/aw-consumer-explanations.cjs","87","aw-consumer-explanations","1","KEEP","Current behavior, evidence, isolation, source admission, or consumer contract.","check.equal(vFinding.rule_source.raw_value, 'January 1, 2011', 'the exact raw printed fact is surfaced');"
"accelerated-launch/service/tests/sections/aw-consumer-explanations.cjs","88","aw-consumer-explanations","1","KEEP","Current behavior, evidence, isolation, source admission, or consumer contract.","check.deepEqual(vFinding.rule_source.normalization, { from: 'January 1, 2011', to: '2011-01-01' }, 'the normalization step is surfaced');"
"accelerated-launch/service/tests/sections/aw-consumer-explanations.cjs","89","aw-consumer-explanations","1","KEEP","Current behavior, evidence, isolation, source admission, or consumer contract.","check.equal(vFinding.rule_source.location.page, 1, 'the owning source page is surfaced');"
"accelerated-launch/service/tests/sections/aw-consumer-explanations.cjs","90","aw-consumer-explanations","1","KEEP","Current behavior, evidence, isolation, source admission, or consumer contract.","check.equal(vFinding.rule_source.location.line, 4, 'the owning source line is surfaced');"
"accelerated-launch/service/tests/sections/aw-consumer-explanations.cjs","93","aw-consumer-explanations","1","KEEP","Current behavior, evidence, isolation, source admission, or consumer contract.","check.ok(vFinding.check_name.indexOf('1785.13') !== -1, 'the applicable rule citation is surfaced');"
"accelerated-launch/service/tests/sections/aw-consumer-explanations.cjs","94","aw-consumer-explanations","1","KEEP","Current behavior, evidence, isolation, source admission, or consumer contract.","check.match(vFinding.rule_source_version, /^[0-9A-F]{64}$/, 'the admitted source version digest is surfaced');"
"accelerated-launch/service/tests/sections/aw-consumer-explanations.cjs","97","aw-consumer-explanations","1","KEEP","Current behavior, evidence, isolation, source admission, or consumer contract.","check.equal(vFinding.classification, 'VIOLATION', 'the established internal classification is explicit');"
"accelerated-launch/service/tests/sections/aw-consumer-explanations.cjs","98","aw-consumer-explanations","1","KEEP","Current behavior, evidence, isolation, source admission, or consumer contract.","check.equal(vFinding.consumer_label, 'Reporting issue', 'the consumer label is the plain reporting-issue wording');"
"accelerated-launch/service/tests/sections/aw-consumer-explanations.cjs","99","aw-consumer-explanations","1","KEEP","Current behavior, evidence, isolation, source admission, or consumer contract.","check.ok(vFinding.detail.indexOf('established reporting issue') !== -1, 'the established explanation agrees with the classification');"
"accelerated-launch/service/tests/sections/aw-consumer-explanations.cjs","100","aw-consumer-explanations","1","KEEP","Current behavior, evidence, isolation, source admission, or consumer contract.","check.equal(vFinding.decisive_facts_unavailable, null, 'a resolved finding has no unavailable decisive fact');"
"accelerated-launch/service/tests/sections/aw-consumer-explanations.cjs","104","aw-consumer-explanations","1","KEEP","Current behavior, evidence, isolation, source admission, or consumer contract.","check.equal(pFinding.classification, 'PROBABLE_VIOLATION', 'the probable internal classification is explicit');"
"accelerated-launch/service/tests/sections/aw-consumer-explanations.cjs","105","aw-consumer-explanations","1","KEEP","Current behavior, evidence, isolation, source admission, or consumer contract.","check.equal(pFinding.consumer_label, 'Probable reporting issue', 'the probable consumer label preserves the uncertainty wording');"
"accelerated-launch/service/tests/sections/aw-consumer-explanations.cjs","106","aw-consumer-explanations","1","KEEP","Current behavior, evidence, isolation, source admission, or consumer contract.","check.ok(Array.isArray(pFinding.decisive_facts_unavailable) && pFinding.decisive_facts_unavailable.length > 0, 'a probable finding names its unavailable decisive fact');"
"accelerated-launch/service/tests/sections/aw-consumer-explanations.cjs","107","aw-consumer-explanations","1","KEEP","Current behavior, evidence, isolation, source admission, or consumer contract.","check.equal(pFinding.decisive_facts_unavailable[0].identity, 'publicRecord.bankruptcyOrderForReliefDate.historical_correspondence', 'the unavailable decisive fact is named exactly');"
"accelerated-launch/service/tests/sections/aw-consumer-explanations.cjs","108","aw-consumer-explanations","1","KEEP","Current behavior, evidence, isolation, source admission, or consumer contract.","check.ok(pFinding.qualification.indexOf('probable reporting issue') !== -1, 'the probable qualification says probable');"
"accelerated-launch/service/tests/sections/aw-consumer-explanations.cjs","109","aw-consumer-explanations","1","KEEP","Current behavior, evidence, isolation, source admission, or consumer contract.","check.ok(pFinding.qualification.indexOf('established reporting issue') === -1, 'a probable finding never presents the issue as established');"
"accelerated-launch/service/tests/sections/aw-consumer-explanations.cjs","113","aw-consumer-explanations","1","KEEP","Current behavior, evidence, isolation, source admission, or consumer contract.","check.ok(vBody.indexOf(vFinding.check_name) !== -1, 'the report carries the same rule citation');"
"accelerated-launch/service/tests/sections/aw-consumer-explanations.cjs","114","aw-consumer-explanations","1","KEEP","Current behavior, evidence, isolation, source admission, or consumer contract.","check.ok(vBody.indexOf(vFinding.rule_source_version) !== -1, 'the report carries the same source version');"
"accelerated-launch/service/tests/sections/aw-consumer-explanations.cjs","115","aw-consumer-explanations","1","KEEP","Current behavior, evidence, isolation, source admission, or consumer contract.","check.ok(vBody.indexOf('January 1, 2011') !== -1 && vBody.indexOf('2011-01-01') !== -1, 'the report carries the same raw fact and normalization');"
"accelerated-launch/service/tests/sections/aw-consumer-explanations.cjs","116","aw-consumer-explanations","1","KEEP","Current behavior, evidence, isolation, source admission, or consumer contract.","check.ok(/established reporting issue/.test(vBody), 'the report agrees with the VIOLATION classification');"
"accelerated-launch/service/tests/sections/aw-consumer-explanations.cjs","118","aw-consumer-explanations","1","KEEP","Current behavior, evidence, isolation, source admission, or consumer contract.","check.ok(/probable/.test(pBody) && /unverified/.test(pBody), 'the report agrees with the PROBABLE classification and its material unknown');"
"accelerated-launch/service/tests/sections/aw-consumer-explanations.cjs","128","aw-consumer-explanations","1","KEEP","Current behavior, evidence, isolation, source admission, or consumer contract.","check.ok(withheld.observations.every((o) => !o.is_a_finding), 'conflicting dates withhold the finding');"
"accelerated-launch/service/tests/sections/aw-consumer-explanations.cjs","129","aw-consumer-explanations","1","KEEP","Current behavior, evidence, isolation, source admission, or consumer contract.","check.ok(withheld.observations.every((o) => !o.qualification || o.qualification.indexOf('established reporting issue') === -1), 'a withheld check never claims an established reporting issue');"
"accelerated-launch/service/tests/sections/aw-consumer-explanations.cjs","133","aw-consumer-explanations","1","KEEP","Current behavior, evidence, isolation, source admission, or consumer contract.","check.ok(/Reporting issue/.test(ui), 'the on-screen card labels the consumer reporting-issue wording');"
"accelerated-launch/service/tests/sections/aw-consumer-explanations.cjs","134","aw-consumer-explanations","1","KEEP","Current behavior, evidence, isolation, source admission, or consumer contract.","check.ok(/Rule version/.test(ui), 'the on-screen card shows the rule version');"
"accelerated-launch/service/tests/sections/aw-consumer-explanations.cjs","135","aw-consumer-explanations","1","KEEP","Current behavior, evidence, isolation, source admission, or consumer contract.","check.ok(/Source fact/.test(ui) && /January 1, 2011/.test(ui) && /2011-01-01/.test(ui), 'the on-screen card shows the raw fact and normalization');"
"accelerated-launch/service/tests/sections/aw-consumer-explanations.cjs","137","aw-consumer-explanations","1","KEEP","Current behavior, evidence, isolation, source admission, or consumer contract.","check.ok(/Probable reporting issue/.test(pui), 'the on-screen card labels the probable consumer wording');"
"accelerated-launch/service/tests/sections/aw-consumer-explanations.cjs","138","aw-consumer-explanations","1","KEEP","Current behavior, evidence, isolation, source admission, or consumer contract.","check.ok(/Decisive fact unavailable/.test(pui), 'the on-screen card names the unavailable decisive fact');"
"accelerated-launch/service/tests/sections/aw-consumer-explanations.cjs","139","aw-consumer-explanations","1","KEEP","Current behavior, evidence, isolation, source admission, or consumer contract.","check.ok(!/not legal advi[cs]e/i.test(ui+pui+vBody+pBody), 'owner imperative: finding UI and reports have no legal-advice disclaimer');"
"accelerated-launch/service/tests/sections/aw-consumer-explanations.cjs","140","aw-consumer-explanations","1","KEEP","Current behavior, evidence, isolation, source admission, or consumer contract.","check.ok(!/INTERNAL_INCOMPLETE_READING|INTERNAL_UNCOMPLETED_CHECK|INTERNAL_UNACCEPTED_VALUE/.test(ui+pui), 'owner imperative: incomplete finding qualifications stay internal');"
"accelerated-launch/service/tests/sections/aw-consumer-explanations.cjs","141","aw-consumer-explanations","1","KEEP","Current behavior, evidence, isolation, source admission, or consumer contract.","check.ok(!/LIMITATIONS AND QUALIFICATIONS|READING WAS INCOMPLETE|COULD NOT BE READ CONFIDENTLY/.test(vBody+pBody), 'owner imperative: downloaded reports omit incomplete-check qualification sections');"
"accelerated-launch/service/tests/sections/aw-consumer-explanations.cjs","142","aw-consumer-explanations","1","KEEP","Current behavior, evidence, isolation, source admission, or consumer contract.","check.ok(!/PROBABLE VIOLATION\s*—\s*NOT A LEGAL FINDING/.test(pui), 'owner imperative: probable finding is not labelled a non-finding');"
"accelerated-launch/service/tests/sections/aw-consumer-explanations.cjs","145","aw-consumer-explanations","1","KEEP","Current behavior, evidence, isolation, source admission, or consumer contract.","check.ok(!/INTERNAL_UNFINISHED_COMPARISON/.test(emptyUI) && /No findings available/.test(emptyUI) && !/fully compliant|no violations/i.test(emptyUI), 'owner imperative: incomplete comparison stays internal and empty results do not assert compliance');"
"accelerated-launch/service/tests/sections/ay-consumer-support.cjs","12","ay-consumer-support","1","KEEP","Current behavior, evidence, isolation, source admission, or consumer contract.","check.equal(upload.status, 201, 'owned document stored');"
"accelerated-launch/service/tests/sections/ay-consumer-support.cjs","13","ay-consumer-support","1","KEEP","Current behavior, evidence, isolation, source admission, or consumer contract.","check.equal((await t.request('POST', `/api/cases/${caseId}/demonstration`, { token: a.token, body: { scenario: 'TWO_ACCOUNTS' } })).status, 201, 'a result exists');"
"accelerated-launch/service/tests/sections/ay-consumer-support.cjs","17","ay-consumer-support","1","KEEP","Current behavior, evidence, isolation, source admission, or consumer contract.","check.equal(info.status, 200, 'support reference available to the owner');"
"accelerated-launch/service/tests/sections/ay-consumer-support.cjs","18","ay-consumer-support","1","KEEP","Current behavior, evidence, isolation, source admission, or consumer contract.","check.match(info.json.reference, /^crp-ref-[0-9a-f]{24}$/, 'the reference is an opaque token');"
"accelerated-launch/service/tests/sections/ay-consumer-support.cjs","19","ay-consumer-support","1","KEEP","Current behavior, evidence, isolation, source admission, or consumer contract.","check.equal(typeof info.json.build_id, 'string', 'the build id is present');"
"accelerated-launch/service/tests/sections/ay-consumer-support.cjs","20","ay-consumer-support","1","KEEP","Current behavior, evidence, isolation, source admission, or consumer contract.","check.equal(info.json.category, 'RESULT_PRESENT', 'the category reflects the account lifecycle');"
"accelerated-launch/service/tests/sections/ay-consumer-support.cjs","21","ay-consumer-support","1","KEEP","Current behavior, evidence, isolation, source admission, or consumer contract.","check.deepEqual(info.json.jurisdiction, [{ country: 'US', region: 'US-CA' }], 'jurisdiction is present for reproduction');"
"accelerated-launch/service/tests/sections/ay-consumer-support.cjs","22","ay-consumer-support","1","KEEP","Current behavior, evidence, isolation, source admission, or consumer contract.","check.equal(info.json.case_count, 1, 'own case count present');"
"accelerated-launch/service/tests/sections/ay-consumer-support.cjs","23","ay-consumer-support","1","KEEP","Current behavior, evidence, isolation, source admission, or consumer contract.","check.equal(info.json.file_count, 1, 'own file count present');"
"accelerated-launch/service/tests/sections/ay-consumer-support.cjs","24","ay-consumer-support","1","KEEP","Current behavior, evidence, isolation, source admission, or consumer contract.","check.equal(info.json.result_count, 1, 'own result count present');"
"accelerated-launch/service/tests/sections/ay-consumer-support.cjs","26","ay-consumer-support","1","KEEP","Current behavior, evidence, isolation, source admission, or consumer contract.","check.equal(again.json.reference, info.json.reference, 'the reference is stable across requests');"
"accelerated-launch/service/tests/sections/ay-consumer-support.cjs","29","ay-consumer-support","1","KEEP","Current behavior, evidence, isolation, source admission, or consumer contract.","check.ok(!/john-smith/.test(info.text), 'original document names are not exposed');"
"accelerated-launch/service/tests/sections/ay-consumer-support.cjs","30","ay-consumer-support","1","KEEP","Current behavior, evidence, isolation, source admission, or consumer contract.","check.ok(!/crp_session=|Bearer /.test(info.text), 'session credentials are not exposed');"
"accelerated-launch/service/tests/sections/ay-consumer-support.cjs","31","ay-consumer-support","1","KEEP","Current behavior, evidence, isolation, source admission, or consumer contract.","check.ok(!info.text.includes(a.token), 'the account session token is not exposed');"
"accelerated-launch/service/tests/sections/ay-consumer-support.cjs","32","ay-consumer-support","1","KEEP","Current behavior, evidence, isolation, source admission, or consumer contract.","check.ok(!info.text.includes(a.payment.reference) && !info.text.includes(a.payment.checkout_id), 'payment tokens are not exposed');"
"accelerated-launch/service/tests/sections/ay-consumer-support.cjs","33","ay-consumer-support","1","KEEP","Current behavior, evidence, isolation, source admission, or consumer contract.","check.ok(!/adapter_id|source_entry_id|policy_digest|stored_path|original_filename/.test(info.text), 'internal identifiers and storage paths are not exposed');"
"accelerated-launch/service/tests/sections/ay-consumer-support.cjs","35","ay-consumer-support","10","KEEP","Current behavior, evidence, isolation, source admission, or consumer contract.","check.ok(Object.prototype.hasOwnProperty.call(info.json, key), `support view carries the safe field ${key}`);"
"accelerated-launch/service/tests/sections/ay-consumer-support.cjs","37","ay-consumer-support","1","KEEP","Current behavior, evidence, isolation, source admission, or consumer contract.","check.deepEqual(Object.keys(info.json).filter((k) => !['ok', 'reference', 'build_id', 'category', 'jurisdiction', 'case_count', 'file_count', 'result_count', 'generated_at', 'plain'].includes(k)), [], 'support view carries no field beyond the safe operational set');"
"accelerated-launch/service/tests/sections/ay-consumer-support.cjs","40","ay-consumer-support","1","KEEP","Current behavior, evidence, isolation, source admission, or consumer contract.","check.equal((await t.request('GET', '/api/support')).status, 401, 'support requires authentication');"
"accelerated-launch/service/tests/sections/ay-consumer-support.cjs","41","ay-consumer-support","1","KEEP","Current behavior, evidence, isolation, source admission, or consumer contract.","check.equal((await t.request('GET', `/api/support/references/${info.json.reference}`, { token: b.token })).status, 404, 'a reference owned by another account is refused');"
"accelerated-launch/service/tests/sections/ay-consumer-support.cjs","42","ay-consumer-support","1","KEEP","Current behavior, evidence, isolation, source admission, or consumer contract.","check.equal((await t.request('GET', '/api/support/references/crp-ref-000000000000000000000000', { token: a.token })).status, 404, 'an unknown reference is refused');"
"accelerated-launch/service/tests/sections/ay-consumer-support.cjs","44","ay-consumer-support","1","KEEP","Current behavior, evidence, isolation, source admission, or consumer contract.","check.equal(owned.status, 200, 'the owner can read their own reference back');"
"accelerated-launch/service/tests/sections/ay-consumer-support.cjs","45","ay-consumer-support","1","KEEP","Current behavior, evidence, isolation, source admission, or consumer contract.","check.equal(owned.json.reference, info.json.reference, 'lookup returns the same reference');"
"accelerated-launch/service/tests/sections/ay-consumer-support.cjs","49","ay-consumer-support","1","KEEP","Current behavior, evidence, isolation, source admission, or consumer contract.","check.equal(fresh.status, 200, 'support view available to any authenticated account');"
"accelerated-launch/service/tests/sections/ay-consumer-support.cjs","50","ay-consumer-support","1","KEEP","Current behavior, evidence, isolation, source admission, or consumer contract.","check.equal(fresh.json.category, 'NO_CASE', 'a fresh account reports NO_CASE');"
"accelerated-launch/service/tests/sections/ay-consumer-support.cjs","51","ay-consumer-support","1","KEEP","Current behavior, evidence, isolation, source admission, or consumer contract.","check.equal(fresh.json.case_count, 0, 'a fresh account has no cases');"
"accelerated-launch/service/tests/sections/az-consumer-support-ui.cjs","86","az-consumer-support-ui","1","KEEP","Current behavior, evidence, isolation, source admission, or consumer contract.","check.match(r1, /^crp-ref-[0-9a-f]{24}$/, 'the reference is an opaque token');"
"accelerated-launch/service/tests/sections/az-consumer-support-ui.cjs","88","az-consumer-support-ui","1","KEEP","Current behavior, evidence, isolation, source admission, or consumer contract.","check.equal(m2.referenceFor('acct-a'), r1, 'reference is stable across reconstruction with the same configured secret');"
"accelerated-launch/service/tests/sections/az-consumer-support-ui.cjs","89","az-consumer-support-ui","1","KEEP","Current behavior, evidence, isolation, source admission, or consumer contract.","check.notEqual(m1.referenceFor('acct-b'), r1, 'reference is isolated between accounts');"
"accelerated-launch/service/tests/sections/az-consumer-support-ui.cjs","91","az-consumer-support-ui","1","KEEP","Current behavior, evidence, isolation, source admission, or consumer contract.","check.notEqual(m3.referenceFor('acct-a'), r1, 'rotating the secret changes references');"
"accelerated-launch/service/tests/sections/az-consumer-support-ui.cjs","94","az-consumer-support-ui","1","KEEP","Current behavior, evidence, isolation, source admission, or consumer contract.","check.notEqual(m4.referenceFor('acct-a'), m5.referenceFor('acct-a'), 'no hardcoded fallback: an unconfigured secret is generated per process');"
"accelerated-launch/service/tests/sections/az-consumer-support-ui.cjs","130","az-consumer-support-ui","1","REWRITE","Relevant UI requirement; stale numeric step targets after history insertion. Repair, do not delete.","check.ok(/Support/.test(panel.innerHTML), 'the Support step is reachable from the wizard');"
"accelerated-launch/service/tests/sections/az-consumer-support-ui.cjs","131","az-consumer-support-ui","1","REWRITE","Relevant UI requirement; stale numeric step targets after history insertion. Repair, do not delete.","check.ok(/does not send a message/.test(panel.innerHTML), 'the copy explanation states nothing is sent and nothing is submitted');"
"accelerated-launch/service/tests/sections/az-consumer-support-ui.cjs","133","az-consumer-support-ui","1","REWRITE","Relevant UI requirement; stale numeric step targets after history insertion. Repair, do not delete.","check.ok(/Your support reference/.test(supportBox.innerHTML), 'the owned reference loads without a case');"
"accelerated-launch/service/tests/sections/az-consumer-support-ui.cjs","134","az-consumer-support-ui","1","REWRITE","Relevant UI requirement; stale numeric step targets after history insertion. Repair, do not delete.","check.ok(/crp-ref-0123456789abcdef01234567/.test(supportBox.innerHTML), 'the reference value is shown');"
"accelerated-launch/service/tests/sections/az-consumer-support-ui.cjs","135","az-consumer-support-ui","1","REWRITE","Relevant UI requirement; stale numeric step targets after history insertion. Repair, do not delete.","check.ok(/RESULT_PRESENT/.test(supportBox.innerHTML), 'the lifecycle category is shown');"
"accelerated-launch/service/tests/sections/az-consumer-support-ui.cjs","136","az-consumer-support-ui","1","REWRITE","Relevant UI requirement; stale numeric step targets after history insertion. Repair, do not delete.","check.ok(/crp-wizard-77c1605b03e2aa8d/.test(supportBox.innerHTML), 'the build id is shown');"
"accelerated-launch/service/tests/sections/ba-consumer-billing.cjs","71","ba-consumer-billing","1","KEEP","Current behavior, evidence, isolation, source admission, or consumer contract.","check.equal(plans.status, 200, 'the billing plans view is reachable without a purchase');"
"accelerated-launch/service/tests/sections/ba-consumer-billing.cjs","73","ba-consumer-billing","1","KEEP","Current behavior, evidence, isolation, source admission, or consumer contract.","check.equal(byCode.report_once.amount_cents, 595, 'one-time price is CAD 5.95');"
"accelerated-launch/service/tests/sections/ba-consumer-billing.cjs","74","ba-consumer-billing","1","KEEP","Current behavior, evidence, isolation, source admission, or consumer contract.","check.equal(byCode.monthly.amount_cents, 795, 'monthly price is CAD 7.95');"
"accelerated-launch/service/tests/sections/ba-consumer-billing.cjs","75","ba-consumer-billing","1","KEEP","Current behavior, evidence, isolation, source admission, or consumer contract.","check.equal(byCode.annual.amount_cents, 7950, 'annual price is CAD 79.50');"
"accelerated-launch/service/tests/sections/ba-consumer-billing.cjs","76","ba-consumer-billing","1","KEEP","Current behavior, evidence, isolation, source admission, or consumer contract.","check.equal(byCode.report_once.interval, 'one_time', 'one-time plan is a one-time purchase');"
"accelerated-launch/service/tests/sections/ba-consumer-billing.cjs","77","ba-consumer-billing","1","KEEP","Current behavior, evidence, isolation, source admission, or consumer contract.","check.equal(byCode.monthly.interval, 'month', 'monthly plan renews monthly');"
"accelerated-launch/service/tests/sections/ba-consumer-billing.cjs","78","ba-consumer-billing","1","KEEP","Current behavior, evidence, isolation, source admission, or consumer contract.","check.equal(plans.json.entitlement.entitled, false, 'an unpaid account reports not entitled');"
"accelerated-launch/service/tests/sections/ba-consumer-billing.cjs","79","ba-consumer-billing","1","KEEP","Current behavior, evidence, isolation, source admission, or consumer contract.","check.equal(plans.json.entitlement.can_read_historical, true, 'an unpaid account can still read what it already has');"
"accelerated-launch/service/tests/sections/ba-consumer-billing.cjs","80","ba-consumer-billing","1","KEEP","Current behavior, evidence, isolation, source admission, or consumer contract.","check.ok(!/sk_|pk_|whsec/i.test(plans.text), 'the billing view carries no provider key');"
"accelerated-launch/service/tests/sections/ba-consumer-billing.cjs","82","ba-consumer-billing","1","KEEP","Current behavior, evidence, isolation, source admission, or consumer contract.","check.equal((await t.request('GET', '/api/billing/plans')).status, 401, 'billing plans require authentication');"
"accelerated-launch/service/tests/sections/ba-consumer-billing.cjs","83","ba-consumer-billing","1","KEEP","Current behavior, evidence, isolation, source admission, or consumer contract.","check.equal((await t.request('POST', '/api/entitlement/cancel', { token: unpaid.token })).status, 409, 'an account with no purchase cannot cancel');"
"accelerated-launch/service/tests/sections/ba-consumer-billing.cjs","86","ba-consumer-billing","1","KEEP","Current behavior, evidence, isolation, source admission, or consumer contract.","check.equal(paidEnt.json.entitlement.entitled, true, 'a one-time payment entitles the account');"
"accelerated-launch/service/tests/sections/ba-consumer-billing.cjs","87","ba-consumer-billing","1","KEEP","Current behavior, evidence, isolation, source admission, or consumer contract.","check.equal(paidEnt.json.entitlement.access_via, 'ONE_TIME_CREDIT', 'through the one-time credit');"
"accelerated-launch/service/tests/sections/ba-consumer-billing.cjs","88","ba-consumer-billing","1","KEEP","Current behavior, evidence, isolation, source admission, or consumer contract.","check.equal(paidEnt.json.entitlement.plan_code, 'report_once', 'with the plan named');"
"accelerated-launch/service/tests/sections/ba-consumer-billing.cjs","89","ba-consumer-billing","1","KEEP","Current behavior, evidence, isolation, source admission, or consumer contract.","check.equal(paidEnt.json.upgrade_credit.eligible, true, 'a verified one-time payment earns an eligible upgrade credit');"
"accelerated-launch/service/tests/sections/ba-consumer-billing.cjs","90","ba-consumer-billing","1","KEEP","Current behavior, evidence, isolation, source admission, or consumer contract.","check.equal(paidEnt.json.upgrade_credit.credit_cents, 595, 'worth CAD 5.95');"
"accelerated-launch/service/tests/sections/ba-consumer-billing.cjs","93","ba-consumer-billing","1","KEEP","Current behavior, evidence, isolation, source admission, or consumer contract.","check.equal(unpaidEnt.json.entitlement.entitled, false, 'a different account sees only its own (unpaid) state, never the paid account');"
"accelerated-launch/service/tests/sections/ba-consumer-billing.cjs","96","ba-consumer-billing","1","KEEP","Current behavior, evidence, isolation, source admission, or consumer contract.","check.equal(beforeCancel.json.entitlement.access_via, 'SUBSCRIPTION', 'the subscriber holds a subscription');"
"accelerated-launch/service/tests/sections/ba-consumer-billing.cjs","97","ba-consumer-billing","1","KEEP","Current behavior, evidence, isolation, source admission, or consumer contract.","check.equal(beforeCancel.json.entitlement.cancel_at_period_end, false, 'not yet cancelling');"
"accelerated-launch/service/tests/sections/ba-consumer-billing.cjs","99","ba-consumer-billing","1","KEEP","Current behavior, evidence, isolation, source admission, or consumer contract.","check.equal(cancel.status, 200, 'cancellation succeeds');"
"accelerated-launch/service/tests/sections/ba-consumer-billing.cjs","100","ba-consumer-billing","1","KEEP","Current behavior, evidence, isolation, source admission, or consumer contract.","check.equal(cancel.json.cancellation.at_period_end, true, 'cancellation is at period end');"
"accelerated-launch/service/tests/sections/ba-consumer-billing.cjs","102","ba-consumer-billing","1","KEEP","Current behavior, evidence, isolation, source admission, or consumer contract.","check.equal(afterCancel.json.entitlement.cancel_at_period_end, true, 'cancel_at_period_end is recorded');"
"accelerated-launch/service/tests/sections/ba-consumer-billing.cjs","103","ba-consumer-billing","1","KEEP","Current behavior, evidence, isolation, source admission, or consumer contract.","check.equal(afterCancel.json.entitlement.entitled, true, 'access continues to the recorded expiry (not immediately terminated)');"
"accelerated-launch/service/tests/sections/ba-consumer-billing.cjs","106","ba-consumer-billing","1","KEEP","Current behavior, evidence, isolation, source admission, or consumer contract.","check.equal((await t.request('POST', `/api/cases/${caseId}/files`, { token: unpaid.token, body: NOT_A_PDF })).status, 402, 'an unpaid account is refused a paid upload');"
"accelerated-launch/service/tests/sections/ba-consumer-billing.cjs","138","ba-consumer-billing","1","REWRITE","Relevant UI requirement; stale numeric step targets after history insertion. Repair, do not delete.","check.ok(/Plans and prices/.test(billingBox.innerHTML), 'the Billing step shows the plans');"
"accelerated-launch/service/tests/sections/ba-consumer-billing.cjs","139","ba-consumer-billing","1","REWRITE","Relevant UI requirement; stale numeric step targets after history insertion. Repair, do not delete.","check.ok(/\$5\.95 CAD/.test(billingBox.innerHTML), 'one-time price and currency are shown');"
"accelerated-launch/service/tests/sections/ba-consumer-billing.cjs","140","ba-consumer-billing","1","REWRITE","Relevant UI requirement; stale numeric step targets after history insertion. Repair, do not delete.","check.ok(/\$7\.95 CAD/.test(billingBox.innerHTML) && /\$79\.50 CAD/.test(billingBox.innerHTML), 'recurring prices and currency are shown');"
"accelerated-launch/service/tests/sections/ba-consumer-billing.cjs","141","ba-consumer-billing","1","REWRITE","Relevant UI requirement; stale numeric step targets after history insertion. Repair, do not delete.","check.ok(/one-time purchase/.test(billingBox.innerHTML), 'one-time purchase type is shown');"
"accelerated-launch/service/tests/sections/ba-consumer-billing.cjs","142","ba-consumer-billing","1","REWRITE","Relevant UI requirement; stale numeric step targets after history insertion. Repair, do not delete.","check.ok(/renews monthly/.test(billingBox.innerHTML) && /renews annually/.test(billingBox.innerHTML), 'recurring renewal is shown');"
"accelerated-launch/service/tests/sections/ba-consumer-billing.cjs","143","ba-consumer-billing","1","REWRITE","Relevant UI requirement; stale numeric step targets after history insertion. Repair, do not delete.","check.ok(/No active purchase is recorded/.test(billingBox.innerHTML), 'the unpaid access state is shown');"
"accelerated-launch/service/tests/sections/ba-consumer-billing.cjs","144","ba-consumer-billing","1","REWRITE","Relevant UI requirement; stale numeric step targets after history insertion. Repair, do not delete.","check.ok(/No upgrade credit is currently available/.test(billingBox.innerHTML), 'no upgrade credit is shown when none is held');"
"accelerated-launch/service/tests/sections/ba-consumer-billing.cjs","145","ba-consumer-billing","1","KEEP","Current behavior, evidence, isolation, source admission, or consumer contract.","check.ok(!/cancelEntitlement/.test(billingBox.innerHTML), 'no cancellation control appears for a non-subscription account');"
"accelerated-launch/service/tests/sections/ba-consumer-billing.cjs","154","ba-consumer-billing","1","REWRITE","Relevant UI requirement; stale numeric step targets after history insertion. Repair, do not delete.","check.ok(/renews automatically/.test(dom.elementById('billingView').innerHTML), 'a subscription shows its renewal behavior');"
"accelerated-launch/service/tests/sections/ba-consumer-billing.cjs","155","ba-consumer-billing","1","REWRITE","Relevant UI requirement; stale numeric step targets after history insertion. Repair, do not delete.","check.ok(/Cancel renewal/.test(dom.elementById('billingView').innerHTML), 'a subscription shows a cancellation control');"
"accelerated-launch/service/tests/sections/ba-consumer-billing.cjs","156","ba-consumer-billing","1","REWRITE","Relevant UI requirement; stale numeric step targets after history insertion. Repair, do not delete.","check.ok(/CAD 5\.95/.test(dom.elementById('billingView').innerHTML), 'an eligible upgrade credit is shown');"
"accelerated-launch/service/tests/sections/bb-gap-ingest-001.cjs","47","bb-gap-ingest-001","1","KEEP","Current behavior, evidence, isolation, source admission, or consumer contract.","check.equal(r.assembled.files_examined, 2, 'both files are examined');"
"accelerated-launch/service/tests/sections/bb-gap-ingest-001.cjs","48","bb-gap-ingest-001","1","KEEP","Current behavior, evidence, isolation, source admission, or consumer contract.","check.equal(r.assembled.files_included, 2, 'both files are included');"
"accelerated-launch/service/tests/sections/bb-gap-ingest-001.cjs","49","bb-gap-ingest-001","1","KEEP","Current behavior, evidence, isolation, source admission, or consumer contract.","check.equal(r.assembled.duplicate_files_skipped, 0, 'no duplicate was present');"
"accelerated-launch/service/tests/sections/bb-gap-ingest-001.cjs","50","bb-gap-ingest-001","1","KEEP","Current behavior, evidence, isolation, source admission, or consumer contract.","check.equal(r.assembled.extraction.records.length, 2, 'a record from each file reaches the assembly');"
"accelerated-launch/service/tests/sections/bb-gap-ingest-001.cjs","51","bb-gap-ingest-001","1","KEEP","Current behavior, evidence, isolation, source admission, or consumer contract.","check.deepEqual(r.assembled.extraction.records.map((x) => x.record_index), [1, 2], 'records are re-indexed globally');"
"accelerated-launch/service/tests/sections/bb-gap-ingest-001.cjs","54","bb-gap-ingest-001","1","KEEP","Current behavior, evidence, isolation, source admission, or consumer contract.","check.ok(recA && recB, 'each record names its source file');"
"accelerated-launch/service/tests/sections/bb-gap-ingest-001.cjs","55","bb-gap-ingest-001","1","KEEP","Current behavior, evidence, isolation, source admission, or consumer contract.","check.ok(!JSON.stringify(recA).includes('2019-02-02'), ""the earlier page's record never borrows the later page's fact"");"
"accelerated-launch/service/tests/sections/bb-gap-ingest-001.cjs","56","bb-gap-ingest-001","1","KEEP","Current behavior, evidence, isolation, source admission, or consumer contract.","check.ok(!JSON.stringify(recB).includes('2015-01-01'), ""the later page's record never borrows the earlier page's fact"");"
"accelerated-launch/service/tests/sections/bb-gap-ingest-001.cjs","57","bb-gap-ingest-001","1","KEEP","Current behavior, evidence, isolation, source admission, or consumer contract.","check.equal(typeof recA.location.source, 'string', 'a record carries its reading source');"
"accelerated-launch/service/tests/sections/bb-gap-ingest-001.cjs","58","bb-gap-ingest-001","1","KEEP","Current behavior, evidence, isolation, source admission, or consumer contract.","check.equal(recA.location.file_id, 'file-a', 'and its source file id on its location');"
"accelerated-launch/service/tests/sections/bb-gap-ingest-001.cjs","62","bb-gap-ingest-001","1","KEEP","Current behavior, evidence, isolation, source admission, or consumer contract.","check.ok(examinedAcrossChecks.some((x) => x.printed_value === '01/01/2015'), ""the earlier page's fact reaches the consumer result"");"
"accelerated-launch/service/tests/sections/bb-gap-ingest-001.cjs","63","bb-gap-ingest-001","1","KEEP","Current behavior, evidence, isolation, source admission, or consumer contract.","check.ok(examinedAcrossChecks.some((x) => x.printed_value === '02/02/2019'), ""the later page's fact reaches the consumer result"");"
"accelerated-launch/service/tests/sections/bb-gap-ingest-001.cjs","64","bb-gap-ingest-001","1","KEEP","Current behavior, evidence, isolation, source admission, or consumer contract.","check.ok(r.rendered.checks_performed >= 2, 'the assembled evaluation performs checks for the coherent report');"
"accelerated-launch/service/tests/sections/bb-gap-ingest-001.cjs","69","bb-gap-ingest-001","1","KEEP","Current behavior, evidence, isolation, source admission, or consumer contract.","check.equal(dup.assembled.files_examined, 3, 'three files were examined');"
"accelerated-launch/service/tests/sections/bb-gap-ingest-001.cjs","70","bb-gap-ingest-001","1","KEEP","Current behavior, evidence, isolation, source admission, or consumer contract.","check.equal(dup.assembled.files_included, 2, 'two distinct files were included');"
"accelerated-launch/service/tests/sections/bb-gap-ingest-001.cjs","71","bb-gap-ingest-001","1","KEEP","Current behavior, evidence, isolation, source admission, or consumer contract.","check.equal(dup.assembled.duplicate_files_skipped, 1, 'one exact duplicate was recognised and skipped');"
"accelerated-launch/service/tests/sections/bb-gap-ingest-001.cjs","72","bb-gap-ingest-001","1","KEEP","Current behavior, evidence, isolation, source admission, or consumer contract.","check.equal(dup.assembled.extraction.records.length, 2, 'the duplicate page is not counted as duplicate debt');"
"accelerated-launch/service/tests/sections/bb-gap-ingest-001.cjs","77","bb-gap-ingest-001","1","KEEP","Current behavior, evidence, isolation, source admission, or consumer contract.","check.equal(reordered.assembled.extraction.records.length, 2, 'reordering does not silently drop a page');"
"accelerated-launch/service/tests/sections/bb-gap-ingest-001.cjs","78","bb-gap-ingest-001","1","KEEP","Current behavior, evidence, isolation, source admission, or consumer contract.","check.equal(reordered.assembled.extraction.records[0].source_file_id, 'file-b', 'upload order is preserved in the assembled records');"
"accelerated-launch/service/tests/sections/bb-gap-ingest-001.cjs","83","bb-gap-ingest-001","1","KEEP","Current behavior, evidence, isolation, source admission, or consumer contract.","check.equal(mixed.assembled.report_groups.length, 2, 'two distinct bureau reports are kept in separate groups');"
"accelerated-launch/service/tests/sections/bb-gap-ingest-001.cjs","84","bb-gap-ingest-001","1","KEEP","Current behavior, evidence, isolation, source admission, or consumer contract.","check.equal(mixed.assembled.extraction.multi_file_assembly.report_groups.length, 2, 'and the separation is recorded on the assembled extraction');"
"accelerated-launch/service/tests/sections/bb-gap-ingest-001.cjs","85","bb-gap-ingest-001","1","KEEP","Current behavior, evidence, isolation, source admission, or consumer contract.","check.ok(mixed.assembled.extraction.records.every((x) => typeof x.source_bureau === 'string'), 'every record names its bureau');"
"accelerated-launch/service/tests/sections/bb-gap-ingest-001.cjs","91","bb-gap-ingest-001","1","KEEP","Current behavior, evidence, isolation, source admission, or consumer contract.","check.equal(conflicting.assembled.extraction.records.length, 2, 'two conflicting readings stay two records, not one merged record');"
"accelerated-launch/service/tests/sections/bb-gap-ingest-001.cjs","96","bb-gap-ingest-001","1","KEEP","Current behavior, evidence, isolation, source admission, or consumer contract.","check.ok(/07\/15\/2026/.test(late.body), ""the later page's printed date reaches the generated report"");"
"accelerated-launch/service/tests/sections/bb-gap-ingest-001.cjs","97","bb-gap-ingest-001","1","KEEP","Current behavior, evidence, isolation, source admission, or consumer contract.","check.ok(/record 2|entry 2/.test(late.body), 'and the report names it as coming from the later record');"
"accelerated-launch/service/tests/sections/bb-gap-ingest-001.cjs","101","bb-gap-ingest-001","1","KEEP","Current behavior, evidence, isolation, source admission, or consumer contract.","check.deepEqual(datesOf(reorderedFacts), datesOf(r), 'reordering preserves the same examined dates');"
"accelerated-launch/service/tests/sections/bb-gap-ingest-001.cjs","102","bb-gap-ingest-001","1","KEEP","Current behavior, evidence, isolation, source admission, or consumer contract.","check.deepEqual(factsOf(reorderedFacts), factsOf(r), 'reordering preserves the same record facts');"
"accelerated-launch/service/tests/sections/bb-gap-ingest-001.cjs","103","bb-gap-ingest-001","1","KEEP","Current behavior, evidence, isolation, source admission, or consumer contract.","check.equal(reorderedFacts.rendered.checks_performed, r.rendered.checks_performed, 'reordering preserves the same checks performed');"
"accelerated-launch/service/tests/sections/bb-gap-ingest-001.cjs","106","bb-gap-ingest-001","1","KEEP","Current behavior, evidence, isolation, source admission, or consumer contract.","check.equal(dup.rendered.checks_performed, r.rendered.checks_performed, 'a duplicate upload adds no checks');"
"accelerated-launch/service/tests/sections/bb-gap-ingest-001.cjs","107","bb-gap-ingest-001","1","KEEP","Current behavior, evidence, isolation, source admission, or consumer contract.","check.deepEqual(datesOf(dup), datesOf(r), 'a duplicate upload duplicates no examined facts');"
"accelerated-launch/service/tests/sections/bb-gap-ingest-001.cjs","115","bb-gap-ingest-001","1","KEEP","Current behavior, evidence, isolation, source admission, or consumer contract.","check.equal((await t.request('POST', `/api/cases/${httpCaseId}/files`, { token: owner.token, body: uploadBody(pageA, 'page-a.pdf') })).status, 201, 'the earlier page uploads through the real endpoint');"
"accelerated-launch/service/tests/sections/bb-gap-ingest-001.cjs","116","bb-gap-ingest-001","1","KEEP","Current behavior, evidence, isolation, source admission, or consumer contract.","check.equal((await t.request('POST', `/api/cases/${httpCaseId}/files`, { token: owner.token, body: uploadBody(pageB, 'page-b.pdf') })).status, 201, 'the later page uploads through the real endpoint');"
"accelerated-launch/service/tests/sections/bb-gap-ingest-001.cjs","118","bb-gap-ingest-001","1","KEEP","Current behavior, evidence, isolation, source admission, or consumer contract.","check.equal(httpEvaluated.status, 201, 'the multi-file evaluation succeeds through the real endpoint');"
"accelerated-launch/service/tests/sections/bb-gap-ingest-001.cjs","120","bb-gap-ingest-001","1","KEEP","Current behavior, evidence, isolation, source admission, or consumer contract.","check.ok(typeof resultId === 'string' && resultId.length > 0, 'the evaluation returns a result id');"
"accelerated-launch/service/tests/sections/bb-gap-ingest-001.cjs","122","bb-gap-ingest-001","1","KEEP","Current behavior, evidence, isolation, source admission, or consumer contract.","check.equal(view.status, 200, 'the owner can open the result view');"
"accelerated-launch/service/tests/sections/bb-gap-ingest-001.cjs","123","bb-gap-ingest-001","1","KEEP","Current behavior, evidence, isolation, source admission, or consumer contract.","check.equal(view.json.view.files.length, 2, 'the view carries both assembled files');"
"accelerated-launch/service/tests/sections/bb-gap-ingest-001.cjs","125","bb-gap-ingest-001","1","KEEP","Current behavior, evidence, isolation, source admission, or consumer contract.","check.ok(viewExamined.includes('01/01/2015') && viewExamined.includes('02/02/2019'), 'the assembled view carries a fact from each page');"
"accelerated-launch/service/tests/sections/bb-gap-ingest-001.cjs","126","bb-gap-ingest-001","1","KEEP","Current behavior, evidence, isolation, source admission, or consumer contract.","check.equal((await t.request('GET', `/api/cases/${httpCaseId}`, { token: intruder.token })).status, 403, 'another account cannot read the case');"
"accelerated-launch/service/tests/sections/bb-gap-ingest-001.cjs","127","bb-gap-ingest-001","1","KEEP","Current behavior, evidence, isolation, source admission, or consumer contract.","check.equal((await t.request('GET', `/api/cases/${httpCaseId}/results/${resultId}/view`, { token: intruder.token })).status, 403, 'another account cannot read the assembled result view');"
"accelerated-launch/service/tests/sections/bc-gap-ingest-002.cjs","38","bc-gap-ingest-002","1","KEEP","Current behavior, evidence, isolation, source admission, or consumer contract.","check.equal(w.assembled.extraction.records.length, 1, 'a wrapped account name stays one record');"
"accelerated-launch/service/tests/sections/bc-gap-ingest-002.cjs","39","bc-gap-ingest-002","1","KEEP","Current behavior, evidence, isolation, source admission, or consumer contract.","check.ok(w.assembled.extraction.records[0].facts['account.balance'] === 100, 'the wrapped name keeps its balance on the owning record');"
"accelerated-launch/service/tests/sections/bc-gap-ingest-002.cjs","40","bc-gap-ingest-002","1","KEEP","Current behavior, evidence, isolation, source admission, or consumer contract.","check.equal(w.assembled.extraction.records[0].facts['liability.openedDate'], '2015-01-01', 'and its opened date');"
"accelerated-launch/service/tests/sections/bc-gap-ingest-002.cjs","45","bc-gap-ingest-002","1","KEEP","Current behavior, evidence, isolation, source admission, or consumer contract.","check.equal(c.assembled.extraction.records.length, 1, 'status and identifier continuation lines stay one record');"
"accelerated-launch/service/tests/sections/bc-gap-ingest-002.cjs","47","bc-gap-ingest-002","1","KEEP","Current behavior, evidence, isolation, source admission, or consumer contract.","check.equal(cRec.facts['account.status'], 'CHARGED OFF', 'a status continuation reaches the owning record');"
"accelerated-launch/service/tests/sections/bc-gap-ingest-002.cjs","48","bc-gap-ingest-002","1","KEEP","Current behavior, evidence, isolation, source admission, or consumer contract.","check.equal(cRec.facts['account.masked_identifier'], 'MASK-1234', 'a masked identifier continuation reaches the owning record');"
"accelerated-launch/service/tests/sections/bc-gap-ingest-002.cjs","49","bc-gap-ingest-002","1","KEEP","Current behavior, evidence, isolation, source admission, or consumer contract.","check.equal(cRec.facts['account.reported_identity'], 'CREDITOR A', 'the account identity is not overwritten by the identifier line');"
"accelerated-launch/service/tests/sections/bc-gap-ingest-002.cjs","55","bc-gap-ingest-002","1","KEEP","Current behavior, evidence, isolation, source admission, or consumer contract.","check.equal(rep.assembled.extraction.records.length, 2, 'two accounts with the same creditor name stay separate');"
"accelerated-launch/service/tests/sections/bc-gap-ingest-002.cjs","61","bc-gap-ingest-002","1","KEEP","Current behavior, evidence, isolation, source admission, or consumer contract.","check.equal(sim.assembled.extraction.records.length, 2, 'two similar creditor names stay separate accounts');"
"accelerated-launch/service/tests/sections/bc-gap-ingest-002.cjs","66","bc-gap-ingest-002","1","KEEP","Current behavior, evidence, isolation, source admission, or consumer contract.","check.equal(d.assembled.extraction.records.length, 1, 'continuation dates stay one record');"
"accelerated-launch/service/tests/sections/bc-gap-ingest-002.cjs","68","bc-gap-ingest-002","1","KEEP","Current behavior, evidence, isolation, source admission, or consumer contract.","check.equal(dRec.facts['liability.openedDate'], '2015-01-01', 'the Opened continuation reaches the correct record');"
"accelerated-launch/service/tests/sections/bc-gap-ingest-002.cjs","69","bc-gap-ingest-002","1","KEEP","Current behavior, evidence, isolation, source admission, or consumer contract.","check.equal(dRec.facts['liability.closedDate'], '2021-02-02', 'and the Closed continuation reaches the same record');"
"accelerated-launch/service/tests/sections/bc-gap-ingest-002.cjs","73","bc-gap-ingest-002","1","KEEP","Current behavior, evidence, isolation, source admission, or consumer contract.","check.equal(dRec.location.file_id, 'dcont', 'the record names its source file');"
"accelerated-launch/service/tests/sections/bc-gap-ingest-002.cjs","74","bc-gap-ingest-002","1","KEEP","Current behavior, evidence, isolation, source admission, or consumer contract.","check.equal(dRec.location.page, 1, 'and its source page');"
"accelerated-launch/service/tests/sections/bc-gap-ingest-002.cjs","76","bc-gap-ingest-002","1","KEEP","Current behavior, evidence, isolation, source admission, or consumer contract.","check.ok(openedField && openedField.location && openedField.location.line === 4, 'the Opened continuation keeps its source line');"
"accelerated-launch/service/tests/sections/bc-gap-ingest-002.cjs","82","bc-gap-ingest-002","1","KEEP","Current behavior, evidence, isolation, source admission, or consumer contract.","check.ok(!conflictRec.facts['publicRecord.bankruptcyOrderForReliefDate'], 'conflicting order-for-relief dates are withheld, never silently overwritten');"
"accelerated-launch/service/tests/sections/bc-gap-ingest-002.cjs","87","bc-gap-ingest-002","1","KEEP","Current behavior, evidence, isolation, source admission, or consumer contract.","check.equal(bkPipeline.assembled.extraction.records[0].facts['publicRecord.bankruptcyOrderForReliefDate'], '2011-01-01', 'the order-for-relief continuation reaches the public record');"
"accelerated-launch/service/tests/sections/bc-gap-ingest-002.cjs","88","bc-gap-ingest-002","1","KEEP","Current behavior, evidence, isolation, source admission, or consumer contract.","check.ok(/Source fact: printed ""January 1, 2011"" \(page 1, line 4\)/.test(bkPipeline.body), 'the generated report traces the completed finding to its source record and line');"
"accelerated-launch/service/tests/sections/bc-gap-ingest-002.cjs","95","bc-gap-ingest-002","1","KEEP","Current behavior, evidence, isolation, source admission, or consumer contract.","check.equal((await t.request('POST', `/api/cases/${caseId}/files`, { token: owner.token, body: uploadBody(pdf, 'page.pdf') })).status, 201, 'a multi-line report uploads through the real endpoint');"
"accelerated-launch/service/tests/sections/bc-gap-ingest-002.cjs","97","bc-gap-ingest-002","1","KEEP","Current behavior, evidence, isolation, source admission, or consumer contract.","check.equal(evaluated.status, 201, 'the multi-line evaluation succeeds');"
"accelerated-launch/service/tests/sections/bc-gap-ingest-002.cjs","100","bc-gap-ingest-002","1","KEEP","Current behavior, evidence, isolation, source admission, or consumer contract.","check.equal(view.status, 200, 'the owner can open the result view');"
"accelerated-launch/service/tests/sections/bc-gap-ingest-002.cjs","102","bc-gap-ingest-002","1","KEEP","Current behavior, evidence, isolation, source admission, or consumer contract.","check.ok(viewExt, 'the view carries the single assembled record');"
"accelerated-launch/service/tests/sections/bc-gap-ingest-002.cjs","103","bc-gap-ingest-002","1","KEEP","Current behavior, evidence, isolation, source admission, or consumer contract.","check.equal((await t.request('GET', `/api/cases/${caseId}`, { token: intruder.token })).status, 403, 'another account cannot read the case');"
"accelerated-launch/service/tests/sections/bc-gap-ingest-002.cjs","104","bc-gap-ingest-002","1","KEEP","Current behavior, evidence, isolation, source admission, or consumer contract.","check.equal((await t.request('GET', `/api/cases/${caseId}/results/${resultId}/view`, { token: intruder.token })).status, 403, 'another account cannot read the result view');"
"accelerated-launch/service/tests/sections/bd-gap-ingest-004.cjs","46","bd-gap-ingest-004","1","KEEP","Current behavior, evidence, isolation, source admission, or consumer contract.","check.deepEqual(equivalents.map((raw) => n(raw).normalized), ['2021-01-05', '2021-01-05', '2021-01-05', '2021-01-05', '2021-01-05', '2021-01-05'], 'equivalent written spellings normalize to the same day');"
"accelerated-launch/service/tests/sections/bd-gap-ingest-004.cjs","47","bd-gap-ingest-004","1","KEEP","Current behavior, evidence, isolation, source admission, or consumer contract.","check.equal(n('September 3, 2020').normalized, '2020-09-03', 'a 9-letter month name resolves');"
"accelerated-launch/service/tests/sections/bd-gap-ingest-004.cjs","48","bd-gap-ingest-004","1","KEEP","Current behavior, evidence, isolation, source admission, or consumer contract.","check.equal(n('21st December 2020').normalized, '2020-12-21', 'a two-digit ordinal day-first form resolves');"
"accelerated-launch/service/tests/sections/bd-gap-ingest-004.cjs","49","bd-gap-ingest-004","1","KEEP","Current behavior, evidence, isolation, source admission, or consumer contract.","check.equal(n('1 Feb 2020').normalized, '2020-02-01', 'an abbreviated month in a day-first form resolves');"
"accelerated-launch/service/tests/sections/bd-gap-ingest-004.cjs","54","bd-gap-ingest-004","1","KEEP","Current behavior, evidence, isolation, source admission, or consumer contract.","check.ok(monthsOk, 'all twelve months resolve in full and abbreviated form');"
"accelerated-launch/service/tests/sections/bd-gap-ingest-004.cjs","57","bd-gap-ingest-004","1","KEEP","Current behavior, evidence, isolation, source admission, or consumer contract.","check.equal(n('2026-06-12').normalized, '2026-06-12', 'an ISO date resolves');"
"accelerated-launch/service/tests/sections/bd-gap-ingest-004.cjs","58","bd-gap-ingest-004","1","KEEP","Current behavior, evidence, isolation, source admission, or consumer contract.","check.equal(n('2026/06/12').normalized, '2026-06-12', 'a YYYY/MM/DD date resolves');"
"accelerated-launch/service/tests/sections/bd-gap-ingest-004.cjs","59","bd-gap-ingest-004","1","KEEP","Current behavior, evidence, isolation, source admission, or consumer contract.","check.equal(n('13/05/2021').normalized, '2021-05-13', 'a day above 12 is unambiguous DD/MM');"
"accelerated-launch/service/tests/sections/bd-gap-ingest-004.cjs","60","bd-gap-ingest-004","1","KEEP","Current behavior, evidence, isolation, source admission, or consumer contract.","check.equal(n('05/13/2021').normalized, '2021-05-13', 'a month above 12 is unambiguous MM/DD');"
"accelerated-launch/service/tests/sections/bd-gap-ingest-004.cjs","64","bd-gap-ingest-004","1","KEEP","Current behavior, evidence, isolation, source admission, or consumer contract.","check.deepEqual(classes.map((f) => (f ? f.classification : null)), ['VIOLATION', 'VIOLATION', 'VIOLATION', 'VIOLATION'], 'equivalent spellings yield the same bankruptcy classification');"
"accelerated-launch/service/tests/sections/bd-gap-ingest-004.cjs","67","bd-gap-ingest-004","1","KEEP","Current behavior, evidence, isolation, source admission, or consumer contract.","check.equal(n('February 30, 2021').normalized, null, 'February 30 stays unresolved');"
"accelerated-launch/service/tests/sections/bd-gap-ingest-004.cjs","68","bd-gap-ingest-004","1","KEEP","Current behavior, evidence, isolation, source admission, or consumer contract.","check.equal(n('February 29, 2021').normalized, null, 'a non-leap February 29 stays unresolved');"
"accelerated-launch/service/tests/sections/bd-gap-ingest-004.cjs","69","bd-gap-ingest-004","1","KEEP","Current behavior, evidence, isolation, source admission, or consumer contract.","check.equal(n('April 31, 2021').normalized, null, 'April 31 stays unresolved');"
"accelerated-launch/service/tests/sections/bd-gap-ingest-004.cjs","70","bd-gap-ingest-004","1","KEEP","Current behavior, evidence, isolation, source admission, or consumer contract.","check.equal(n('February 29, 2020').normalized, '2020-02-29', 'a leap February 29 resolves');"
"accelerated-launch/service/tests/sections/bd-gap-ingest-004.cjs","73","bd-gap-ingest-004","1","KEEP","Current behavior, evidence, isolation, source admission, or consumer contract.","check.equal(n('not a date').normalized, null, 'unrecognised text is not invented');"
"accelerated-launch/service/tests/sections/bd-gap-ingest-004.cjs","75","bd-gap-ingest-004","1","KEEP","Current behavior, evidence, isolation, source admission, or consumer contract.","check.equal(amb.normalized, null, 'an ambiguous numeric without a convention resolves nothing');"
"accelerated-launch/service/tests/sections/bd-gap-ingest-004.cjs","76","bd-gap-ingest-004","1","KEEP","Current behavior, evidence, isolation, source admission, or consumer contract.","check.deepEqual(amb.interpretations, ['2026-06-12', '2026-12-06'], 'and both interpretations are preserved');"
"accelerated-launch/service/tests/sections/bd-gap-ingest-004.cjs","79","bd-gap-ingest-004","1","KEEP","Current behavior, evidence, isolation, source admission, or consumer contract.","check.equal(n('Jun 2026').precision, 'MONTH', 'a written month-year is MONTH precision');"
"accelerated-launch/service/tests/sections/bd-gap-ingest-004.cjs","80","bd-gap-ingest-004","1","KEEP","Current behavior, evidence, isolation, source admission, or consumer contract.","check.equal(n('Jun 2026').normalized, '2026-06', 'with no invented day');"
"accelerated-launch/service/tests/sections/bd-gap-ingest-004.cjs","81","bd-gap-ingest-004","1","KEEP","Current behavior, evidence, isolation, source admission, or consumer contract.","check.equal(n('02/2021').precision, 'MONTH', 'a numeric month-year is MONTH precision');"
"accelerated-launch/service/tests/sections/bd-gap-ingest-004.cjs","86","bd-gap-ingest-004","1","KEEP","Current behavior, evidence, isolation, source admission, or consumer contract.","check.equal(bp.assembled.extraction.records[0].facts['publicRecord.bankruptcyOrderForReliefDate'], '2011-01-01', 'the written order-for-relief date normalizes to the decisive fact');"
"accelerated-launch/service/tests/sections/bd-gap-ingest-004.cjs","88","bd-gap-ingest-004","1","KEEP","Current behavior, evidence, isolation, source admission, or consumer contract.","check.ok(orf, 'the printed order-for-relief field is retained');"
"accelerated-launch/service/tests/sections/bd-gap-ingest-004.cjs","89","bd-gap-ingest-004","1","KEEP","Current behavior, evidence, isolation, source admission, or consumer contract.","check.equal(orf.raw, 'January 1, 2011', 'the raw printed value survives');"
"accelerated-launch/service/tests/sections/bd-gap-ingest-004.cjs","90","bd-gap-ingest-004","1","KEEP","Current behavior, evidence, isolation, source admission, or consumer contract.","check.equal(orf.normalized, '2011-01-01', 'the normalized value survives');"
"accelerated-launch/service/tests/sections/bd-gap-ingest-004.cjs","91","bd-gap-ingest-004","1","KEEP","Current behavior, evidence, isolation, source admission, or consumer contract.","check.ok(orf.location && orf.location.line === 4, 'and the owning source line survives');"
"accelerated-launch/service/tests/sections/bd-gap-ingest-004.cjs","92","bd-gap-ingest-004","1","KEEP","Current behavior, evidence, isolation, source admission, or consumer contract.","check.ok(/Source fact: printed ""January 1, 2011"" \(page 1, line 4\)/.test(bp.body), 'the generated report traces the finding to the raw value and source line');"
"accelerated-launch/service/tests/sections/bd-gap-ingest-004.cjs","104","bd-gap-ingest-004","1","KEEP","Current behavior, evidence, isolation, source admission, or consumer contract.","check.equal(low[0].status, 'EXTRACTION_UNRESOLVED', 'a written date with an untrusted month word stays unresolved');"
"accelerated-launch/service/tests/sections/bd-gap-ingest-004.cjs","106","bd-gap-ingest-004","1","KEEP","Current behavior, evidence, isolation, source admission, or consumer contract.","check.ok(lowDate && lowDate.state === 'UNRESOLVED', 'and the written date is unresolved, not a resolved value');"
"accelerated-launch/service/tests/sections/bd-gap-ingest-004.cjs","111","bd-gap-ingest-004","1","KEEP","Current behavior, evidence, isolation, source admission, or consumer contract.","check.equal(mp.assembled.extraction.records.length, 1, 'multiple written dates stay on one record');"
"accelerated-launch/service/tests/sections/bd-gap-ingest-004.cjs","113","bd-gap-ingest-004","1","KEEP","Current behavior, evidence, isolation, source admission, or consumer contract.","check.equal(mRec.facts['liability.openedDate'], '2015-01-05', 'the written Opened date reaches its field');"
"accelerated-launch/service/tests/sections/bd-gap-ingest-004.cjs","114","bd-gap-ingest-004","1","KEEP","Current behavior, evidence, isolation, source admission, or consumer contract.","check.equal(mRec.facts['liability.closedDate'], '2021-02-05', 'the written Closed date reaches its field');"
"accelerated-launch/service/tests/sections/bd-gap-ingest-004.cjs","120","bd-gap-ingest-004","1","KEEP","Current behavior, evidence, isolation, source admission, or consumer contract.","check.equal((await t.request('POST', `/api/cases/${caseId}/files`, { token: owner.token, body: uploadBody(pdf, 'page.pdf') })).status, 201, 'a written-date report uploads through the real endpoint');"
"accelerated-launch/service/tests/sections/bd-gap-ingest-004.cjs","122","bd-gap-ingest-004","1","KEEP","Current behavior, evidence, isolation, source admission, or consumer contract.","check.equal(evaluated.status, 201, 'the written-date evaluation succeeds');"
"accelerated-launch/service/tests/sections/bd-gap-ingest-004.cjs","125","bd-gap-ingest-004","1","KEEP","Current behavior, evidence, isolation, source admission, or consumer contract.","check.equal(view.status, 200, 'the owner can open the result view');"
"accelerated-launch/service/tests/sections/be-gap-ingest-005.cjs","46","be-gap-ingest-005","1","KEEP","Current behavior, evidence, isolation, source admission, or consumer contract.","check.equal(n('13/05/2021').normalized, '2021-05-13', 'a day above 12 is unambiguous DD/MM');"
"accelerated-launch/service/tests/sections/be-gap-ingest-005.cjs","47","be-gap-ingest-005","1","KEEP","Current behavior, evidence, isolation, source admission, or consumer contract.","check.equal(n('05/13/2021').normalized, '2021-05-13', 'a month above 12 is unambiguous MM/DD');"
"accelerated-launch/service/tests/sections/be-gap-ingest-005.cjs","51","be-gap-ingest-005","1","KEEP","Current behavior, evidence, isolation, source admission, or consumer contract.","check.equal(amb.normalized, null, 'an ambiguous numeric without a convention resolves nothing');"
"accelerated-launch/service/tests/sections/be-gap-ingest-005.cjs","52","be-gap-ingest-005","1","KEEP","Current behavior, evidence, isolation, source admission, or consumer contract.","check.deepEqual(amb.interpretations, ['2026-06-12', '2026-12-06'], 'and both interpretations are preserved');"
"accelerated-launch/service/tests/sections/be-gap-ingest-005.cjs","57","be-gap-ingest-005","1","KEEP","Current behavior, evidence, isolation, source admission, or consumer contract.","check.equal(aP.assembled.extraction.reference_date.status, 'EXTRACTION_UNRESOLVED', 'an ambiguous report date stays unresolved');"
"accelerated-launch/service/tests/sections/be-gap-ingest-005.cjs","58","be-gap-ingest-005","1","KEEP","Current behavior, evidence, isolation, source admission, or consumer contract.","check.equal(aP.assembled.extraction.records[0].facts['liability.closedDate'], '2025-05-13', 'and an unambiguous account date resolves independently');"
"accelerated-launch/service/tests/sections/be-gap-ingest-005.cjs","65","be-gap-ingest-005","1","KEEP","Current behavior, evidence, isolation, source admission, or consumer contract.","check.equal(bA.facts['liability.openedDate'], '2021-05-13', ""one account's unambiguous date resolves"");"
"accelerated-launch/service/tests/sections/be-gap-ingest-005.cjs","66","be-gap-ingest-005","1","KEEP","Current behavior, evidence, isolation, source admission, or consumer contract.","check.ok(!bB.facts['liability.closedDate'], ""another account's ambiguous date stays withheld"");"
"accelerated-launch/service/tests/sections/be-gap-ingest-005.cjs","71","be-gap-ingest-005","1","KEEP","Current behavior, evidence, isolation, source admission, or consumer contract.","check.equal(cP.assembled.extraction.reference_date.normalized_value, '2026-06-13', 'an unambiguous report date resolves itself');"
"accelerated-launch/service/tests/sections/be-gap-ingest-005.cjs","72","be-gap-ingest-005","1","KEEP","Current behavior, evidence, isolation, source admission, or consumer contract.","check.ok(!cP.assembled.extraction.records[0].facts['liability.closedDate'], 'but it does not resolve an ambiguous account date');"
"accelerated-launch/service/tests/sections/be-gap-ingest-005.cjs","79","be-gap-ingest-005","1","KEEP","Current behavior, evidence, isolation, source admission, or consumer contract.","check.ok(!dRecs[0].facts['liability.closedDate'], 'a trusted ambiguous date stays unresolved with no convention');"
"accelerated-launch/service/tests/sections/be-gap-ingest-005.cjs","86","be-gap-ingest-005","1","KEEP","Current behavior, evidence, isolation, source admission, or consumer contract.","check.ok(!e1P.assembled.extraction.records[0].facts['liability.closedDate'] && !e2P.assembled.extraction.records[0].facts['liability.closedDate'], 'reordering leaves the ambiguous date unresolved either way');"
"accelerated-launch/service/tests/sections/be-gap-ingest-005.cjs","92","be-gap-ingest-005","1","KEEP","Current behavior, evidence, isolation, source admission, or consumer contract.","check.ok(!fObs || !(fObs.finding_emitted === true), 'an ambiguous decisive date never becomes a finding');"
"accelerated-launch/service/tests/sections/be-gap-ingest-005.cjs","95","be-gap-ingest-005","1","KEEP","Current behavior, evidence, isolation, source admission, or consumer contract.","check.equal(n('31/04/2021', 'DDMM').normalized, null, 'an invalid DD/MM date stays unresolved');"
"accelerated-launch/service/tests/sections/be-gap-ingest-005.cjs","96","be-gap-ingest-005","1","KEEP","Current behavior, evidence, isolation, source admission, or consumer contract.","check.equal(n('04/31/2021', 'US').normalized, null, 'an invalid MM/DD date stays unresolved');"
"accelerated-launch/service/tests/sections/be-gap-ingest-005.cjs","100","be-gap-ingest-005","1","KEEP","Current behavior, evidence, isolation, source admission, or consumer contract.","check.equal(usConv.normalized, '2026-06-12', 'an explicit US convention resolves');"
"accelerated-launch/service/tests/sections/be-gap-ingest-005.cjs","101","be-gap-ingest-005","1","KEEP","Current behavior, evidence, isolation, source admission, or consumer contract.","check.equal(usConv.ambiguous, true, 'the alternative is recorded');"
"accelerated-launch/service/tests/sections/be-gap-ingest-005.cjs","102","be-gap-ingest-005","1","KEEP","Current behavior, evidence, isolation, source admission, or consumer contract.","check.equal(usConv.alternative, '2026-12-06', 'the alternative interpretation is retained');"
"accelerated-launch/service/tests/sections/be-gap-ingest-005.cjs","103","be-gap-ingest-005","1","KEEP","Current behavior, evidence, isolation, source admission, or consumer contract.","check.equal(usConv.convention, 'MM/DD/YYYY', 'the decision convention is recorded');"
"accelerated-launch/service/tests/sections/be-gap-ingest-005.cjs","106","be-gap-ingest-005","1","KEEP","Current behavior, evidence, isolation, source admission, or consumer contract.","check.equal(caClassification('13/05/2011').classification, 'VIOLATION', 'the DD/MM spelling yields a completed finding');"
"accelerated-launch/service/tests/sections/be-gap-ingest-005.cjs","107","be-gap-ingest-005","1","KEEP","Current behavior, evidence, isolation, source admission, or consumer contract.","check.equal(caClassification('05/13/2011').classification, 'VIOLATION', 'and the MM/DD spelling yields the same completed finding');"
"accelerated-launch/service/tests/sections/be-gap-ingest-005.cjs","112","be-gap-ingest-005","1","KEEP","Current behavior, evidence, isolation, source admission, or consumer contract.","check.ok(/Source fact: printed ""05\/13\/2011""/.test(stableP.body), 'an unambiguous date keeps its reading and report trace without any convention');"
"accelerated-launch/service/tests/sections/be-gap-ingest-005.cjs","118","be-gap-ingest-005","1","KEEP","Current behavior, evidence, isolation, source admission, or consumer contract.","check.equal((await t.request('POST', `/api/cases/${caseId}/files`, { token: owner.token, body: uploadBody(pdf, 'page.pdf') })).status, 201, 'a numeric-date report uploads');"
"accelerated-launch/service/tests/sections/be-gap-ingest-005.cjs","120","be-gap-ingest-005","1","KEEP","Current behavior, evidence, isolation, source admission, or consumer contract.","check.equal(evaluated.status, 201, 'the evaluation succeeds');"
"accelerated-launch/service/tests/sections/be-gap-ingest-005.cjs","123","be-gap-ingest-005","1","KEEP","Current behavior, evidence, isolation, source admission, or consumer contract.","check.equal(view.status, 200, 'the owner can open the result view');"
"accelerated-launch/service/tests/sections/bf-gap-ingest-006.cjs","51","bf-gap-ingest-006","1","KEEP","Current behavior, evidence, isolation, source admission, or consumer contract.","check.equal(single.facts['liability.closedDate'], '2021-02', 'a single month-only closure reaches its field');"
"accelerated-launch/service/tests/sections/bf-gap-ingest-006.cjs","52","bf-gap-ingest-006","1","KEEP","Current behavior, evidence, isolation, source admission, or consumer contract.","check.equal(single.facts['liability.closedDatePrecision'], 'MONTH', 'with MONTH precision');"
"accelerated-launch/service/tests/sections/bf-gap-ingest-006.cjs","53","bf-gap-ingest-006","1","KEEP","Current behavior, evidence, isolation, source admission, or consumer contract.","check.equal(single.printed.closed_date.raw, '02/2021', 'and its raw printed value');"
"accelerated-launch/service/tests/sections/bf-gap-ingest-006.cjs","57","bf-gap-ingest-006","1","KEEP","Current behavior, evidence, isolation, source admission, or consumer contract.","check.ok(!abaRec.facts['liability.closedDate'], 'A -> B -> A stays withheld, never restored');"
"accelerated-launch/service/tests/sections/bf-gap-ingest-006.cjs","59","bf-gap-ingest-006","1","KEEP","Current behavior, evidence, isolation, source admission, or consumer contract.","check.deepEqual(closedReadings.map((f) => f.raw), ['02/2021', '03/2021', '02/2021'], 'all three raw readings are preserved in order');"
"accelerated-launch/service/tests/sections/bf-gap-ingest-006.cjs","60","bf-gap-ingest-006","1","KEEP","Current behavior, evidence, isolation, source admission, or consumer contract.","check.deepEqual(closedReadings.map((f) => f.location && f.location.line), [3, 4, 5], 'and each keeps its owning source line');"
"accelerated-launch/service/tests/sections/bf-gap-ingest-006.cjs","62","bf-gap-ingest-006","1","KEEP","Current behavior, evidence, isolation, source admission, or consumer contract.","check.ok(!abc.facts['liability.closedDate'], 'A -> B -> C stays withheld, never overwritten to the last value');"
"accelerated-launch/service/tests/sections/bf-gap-ingest-006.cjs","66","bf-gap-ingest-006","1","KEEP","Current behavior, evidence, isolation, source admission, or consumer contract.","check.ok(!within.facts['liability.closedDate'], 'a month and a day within it are not merged into a resolved anchor');"
"accelerated-launch/service/tests/sections/bf-gap-ingest-006.cjs","68","bf-gap-ingest-006","1","KEEP","Current behavior, evidence, isolation, source admission, or consumer contract.","check.ok(!outside.facts['liability.closedDate'], 'a day outside the printed month produces no resolved anchor');"
"accelerated-launch/service/tests/sections/bf-gap-ingest-006.cjs","71","bf-gap-ingest-006","1","KEEP","Current behavior, evidence, isolation, source admission, or consumer contract.","check.equal(n('13/2021').normalized, null, 'an invalid month (13) stays unresolved');"
"accelerated-launch/service/tests/sections/bf-gap-ingest-006.cjs","72","bf-gap-ingest-006","1","KEEP","Current behavior, evidence, isolation, source admission, or consumer contract.","check.equal(n('2021/13').normalized, null, 'an invalid month in YYYY/MM stays unresolved');"
"accelerated-launch/service/tests/sections/bf-gap-ingest-006.cjs","73","bf-gap-ingest-006","1","KEEP","Current behavior, evidence, isolation, source admission, or consumer contract.","check.equal(n('00/2021').normalized, null, 'a zero month stays unresolved');"
"accelerated-launch/service/tests/sections/bf-gap-ingest-006.cjs","76","bf-gap-ingest-006","1","KEEP","Current behavior, evidence, isolation, source admission, or consumer contract.","check.equal(runMonth('2020-02', '2027-02-10').state, 'UNRESOLVED', 'a leap-February anniversary that straddles is withheld');"
"accelerated-launch/service/tests/sections/bf-gap-ingest-006.cjs","77","bf-gap-ingest-006","1","KEEP","Current behavior, evidence, isolation, source admission, or consumer contract.","check.equal(runMonth('2020-02', '2027-03-01').outcome, 'PERIOD_EXCEEDED', 'a leap-February month wholly before the boundary is exceeded');"
"accelerated-launch/service/tests/sections/bf-gap-ingest-006.cjs","78","bf-gap-ingest-006","1","KEEP","Current behavior, evidence, isolation, source admission, or consumer contract.","check.equal(runMonth('2021-02', '2028-03-01').outcome, 'PERIOD_EXCEEDED', 'a non-leap February month wholly before the boundary is exceeded');"
"accelerated-launch/service/tests/sections/bf-gap-ingest-006.cjs","84","bf-gap-ingest-006","1","KEEP","Current behavior, evidence, isolation, source admission, or consumer contract.","check.equal(adverseRec.facts['reportedAccount.adverseRatingDate'], '2015-02', 'the month-only adverse anchor keeps its month');"
"accelerated-launch/service/tests/sections/bf-gap-ingest-006.cjs","85","bf-gap-ingest-006","1","KEEP","Current behavior, evidence, isolation, source admission, or consumer contract.","check.equal(adverseRec.facts['reportedAccount.adverseRatingDatePrecision'], 'MONTH', 'and its MONTH precision');"
"accelerated-launch/service/tests/sections/bf-gap-ingest-006.cjs","88","bf-gap-ingest-006","1","KEEP","Current behavior, evidence, isolation, source admission, or consumer contract.","check.equal(adverseRow.machine.outcome, 'PERIOD_EXCEEDED', 'the month-only anchor is wholly before the boundary');"
"accelerated-launch/service/tests/sections/bf-gap-ingest-006.cjs","89","bf-gap-ingest-006","1","KEEP","Current behavior, evidence, isolation, source admission, or consumer contract.","check.equal(adverseRow.machine.anchor.source.raw_value, 'Feb 2015', 'the raw month survives into the result');"
"accelerated-launch/service/tests/sections/bf-gap-ingest-006.cjs","90","bf-gap-ingest-006","1","KEEP","Current behavior, evidence, isolation, source admission, or consumer contract.","check.equal(adverseRow.machine.anchor.source.uncertainty.precision, 'MONTH', 'the MONTH precision survives into the result');"
"accelerated-launch/service/tests/sections/bf-gap-ingest-006.cjs","91","bf-gap-ingest-006","1","KEEP","Current behavior, evidence, isolation, source admission, or consumer contract.","check.equal(adverseRow.machine.arithmetic.anchor_month, '2015-02', 'the comparison range is anchored to the month, never a day');"
"accelerated-launch/service/tests/sections/bf-gap-ingest-006.cjs","93","bf-gap-ingest-006","1","KEEP","Current behavior, evidence, isolation, source admission, or consumer contract.","check.ok(!/2015-02-01|2015-02-28/.test(adverseBody), 'the report never presents the range endpoint as the printed event date');"
"accelerated-launch/service/tests/sections/bf-gap-ingest-006.cjs","99","bf-gap-ingest-006","1","KEEP","Current behavior, evidence, isolation, source admission, or consumer contract.","check.equal((await t.request('POST', `/api/cases/${caseId}/files`, { token: owner.token, body: uploadBody(pdf, 'page.pdf') })).status, 201, 'a month-only report uploads');"
"accelerated-launch/service/tests/sections/bf-gap-ingest-006.cjs","101","bf-gap-ingest-006","1","KEEP","Current behavior, evidence, isolation, source admission, or consumer contract.","check.equal(evaluated.status, 201, 'the evaluation succeeds');"
"accelerated-launch/service/tests/sections/bf-gap-ingest-006.cjs","104","bf-gap-ingest-006","1","KEEP","Current behavior, evidence, isolation, source admission, or consumer contract.","check.equal(view.status, 200, 'the owner can open the result view');"
"accelerated-launch/service/tests/sections/bg-report-use.cjs","61","bg-report-use","1","KEEP","Current behavior, evidence, isolation, source admission, or consumer contract.","check.ok(/Experian credit report dated 2026-06-12/.test(q.plain), 'the question names the particular report (bureau + reference date)');"
"accelerated-launch/service/tests/sections/bg-report-use.cjs","62","bg-report-use","1","KEEP","Current behavior, evidence, isolation, source admission, or consumer contract.","check.ok(/not why you obtained a copy to review/.test(q.benefit), 'the benefit distinguishes furnishing use from a personal disclosure');"
"accelerated-launch/service/tests/sections/bg-report-use.cjs","63","bg-report-use","1","KEEP","Current behavior, evidence, isolation, source admission, or consumer contract.","check.deepEqual(q.choices.sort(), ['credit_transaction', 'employment', 'life_insurance_underwriting'].sort(), 'only the three exempted-use categories are offered');"
"accelerated-launch/service/tests/sections/bg-report-use.cjs","64","bg-report-use","1","KEEP","Current behavior, evidence, isolation, source admission, or consumer contract.","check.equal(q.has_dont_know, true, ""I don't know is a first-class answer"");"
"accelerated-launch/service/tests/sections/bg-report-use.cjs","65","bg-report-use","1","KEEP","Current behavior, evidence, isolation, source admission, or consumer contract.","check.equal(q.has_skip, true, 'Skip is a first-class answer');"
"accelerated-launch/service/tests/sections/bg-report-use.cjs","66","bg-report-use","1","KEEP","Current behavior, evidence, isolation, source admission, or consumer contract.","check.deepEqual(q.amount_bands.credit_transaction.map((b) => b.label), ['Less than $50,000', '$50,000 to $149,999', '$150,000 or more'], 'amount bands use accurate inclusive threshold wording');"
"accelerated-launch/service/tests/sections/bg-report-use.cjs","69","bg-report-use","1","KEEP","Current behavior, evidence, isolation, source admission, or consumer contract.","check.equal(combine([{ question_id: 'report-use', answer: 'credit_transaction' }, { question_id: 'report-use', answer: 'credit_transaction', multiple_uses: true }], [{ question_id: 'report-use-amount', purpose: 'credit_transaction', answer: 'below_50k' }]).answer, 'MULTIPLE_USES', 'a multiple_uses flag on any purpose fragment is not discarded');"
"accelerated-launch/service/tests/sections/bg-report-use.cjs","70","bg-report-use","1","KEEP","Current behavior, evidence, isolation, source admission, or consumer contract.","check.equal(combine([{ question_id: 'report-use', answer: 'credit_transaction' }], [{ question_id: 'report-use-amount', purpose: 'credit_transaction', answer: 'below_50k' }, { question_id: 'report-use-amount', purpose: 'credit_transaction', answer: 'at_least_150k' }]).answer, 'CONTRADICTORY', 'conflicting amounts for one purpose are contradictory, not first-wins');"
"accelerated-launch/service/tests/sections/bg-report-use.cjs","71","bg-report-use","1","KEEP","Current behavior, evidence, isolation, source admission, or consumer contract.","check.equal(combine([{ question_id: 'report-use', answer: 'credit_transaction' }], [{ question_id: 'report-use-amount', purpose: 'life_insurance_underwriting', answer: 'below_50k' }]).answer, 'CONTRADICTORY', 'an amount tagged with a different purpose is rejected');"
"accelerated-launch/service/tests/sections/bg-report-use.cjs","75","bg-report-use","1","KEEP","Current behavior, evidence, isolation, source admission, or consumer contract.","check.equal(below.finding && below.finding.classification, 'PROBABLE_VIOLATION', 'credit below $50,000 does NOT unlock a violation (other uses unresolved; probable only)');"
"accelerated-launch/service/tests/sections/bg-report-use.cjs","76","bg-report-use","1","KEEP","Current behavior, evidence, isolation, source admission, or consumer contract.","check.equal(itemState(below, 'credit-transaction-150k').applies, false, 'the named credit item resolves below-threshold');"
"accelerated-launch/service/tests/sections/bg-report-use.cjs","77","bg-report-use","1","KEEP","Current behavior, evidence, isolation, source admission, or consumer contract.","check.equal(itemState(below, 'life-insurance-150k').applies, null, 'the life-insurance item stays unresolved, never false');"
"accelerated-launch/service/tests/sections/bg-report-use.cjs","78","bg-report-use","1","KEEP","Current behavior, evidence, isolation, source admission, or consumer contract.","check.equal(itemState(below, 'employment-75k').applies, null, 'the employment item stays unresolved, never false');"
"accelerated-launch/service/tests/sections/bg-report-use.cjs","81","bg-report-use","1","KEEP","Current behavior, evidence, isolation, source admission, or consumer contract.","check.equal(exempted.finding, null, 'credit $150,000 or more negates (exception applies → no finding)');"
"accelerated-launch/service/tests/sections/bg-report-use.cjs","82","bg-report-use","1","KEEP","Current behavior, evidence, isolation, source admission, or consumer contract.","check.equal(itemState(exempted, 'credit-transaction-150k').applies, true, 'the named credit item resolves at-threshold');"
"accelerated-launch/service/tests/sections/bg-report-use.cjs","85","bg-report-use","1","KEEP","Current behavior, evidence, isolation, source admission, or consumer contract.","check.equal(itemState(runUse(NY_BK, nyBk, combine([{ question_id: 'report-use', answer: 'credit_transaction' }], [{ question_id: 'report-use-amount', purpose: 'credit_transaction', answer: 'at_least_50k_below_150k' }])), 'credit-transaction-50k').applies, true, 'NY credit $50,000–$149,999 is $50,000 or more → applies');"
"accelerated-launch/service/tests/sections/bg-report-use.cjs","86","bg-report-use","1","KEEP","Current behavior, evidence, isolation, source admission, or consumer contract.","check.equal(itemState(runUse(NY_BK, nyBk, combine([{ question_id: 'report-use', answer: 'credit_transaction' }], [{ question_id: 'report-use-amount', purpose: 'credit_transaction', answer: 'below_50k' }])), 'credit-transaction-50k').applies, false, 'NY credit below $50,000 → does not apply');"
"accelerated-launch/service/tests/sections/bg-report-use.cjs","89","bg-report-use","1","KEEP","Current behavior, evidence, isolation, source admission, or consumer contract.","check.equal(itemState(runUse(FCRA_BK, fcBk, combine([{ question_id: 'report-use', answer: 'life_insurance_underwriting' }], [{ question_id: 'report-use-amount', purpose: 'life_insurance_underwriting', answer: 'at_least_150k' }])), 'life-insurance-150k').applies, true, 'federal life insurance ≥ $150,000 applies');"
"accelerated-launch/service/tests/sections/bg-report-use.cjs","90","bg-report-use","1","KEEP","Current behavior, evidence, isolation, source admission, or consumer contract.","check.equal(itemState(runUse(FCRA_BK, fcBk, combine([{ question_id: 'report-use', answer: 'employment' }], [{ question_id: 'report-use-amount', purpose: 'employment', answer: 'at_least_75k' }])), 'employment-75k').applies, true, 'federal employment ≥ $75,000 applies');"
"accelerated-launch/service/tests/sections/bg-report-use.cjs","91","bg-report-use","1","KEEP","Current behavior, evidence, isolation, source admission, or consumer contract.","check.equal(itemState(runUse(NY_BK, nyBk, combine([{ question_id: 'report-use', answer: 'employment' }], [{ question_id: 'report-use-amount', purpose: 'employment', answer: 'at_least_25k_below_75k' }])), 'employment-25k').applies, true, 'NY employment ≥ $25,000 applies');"
"accelerated-launch/service/tests/sections/bg-report-use.cjs","96","bg-report-use","3","KEEP","Current behavior, evidence, isolation, source admission, or consumer contract.","check.equal(st.valid, false, `${bad} is rejected, never a resolved purpose`);"
"accelerated-launch/service/tests/sections/bg-report-use.cjs","98","bg-report-use","3","KEEP","Current behavior, evidence, isolation, source admission, or consumer contract.","check.equal(badRes.finding && badRes.finding.classification, 'PROBABLE_VIOLATION', `${bad} leaves the finding probable, never a violation`);"
"accelerated-launch/service/tests/sections/bg-report-use.cjs","102","bg-report-use","1","KEEP","Current behavior, evidence, isolation, source admission, or consumer contract.","check.equal(reportUse.validateAnswer({ question_id: 'report-use', answer: 'credit_transaction', multiple_uses: true }).answer, 'MULTIPLE_USES', 'an explicit multiple_uses flag is honored');"
"accelerated-launch/service/tests/sections/bg-report-use.cjs","105","bg-report-use","2","KEEP","Current behavior, evidence, isolation, source admission, or consumer contract.","check.equal(r.finding && r.finding.classification, 'PROBABLE_VIOLATION', `${answer} leaves the finding probable, never a violation`);"
"accelerated-launch/service/tests/sections/bg-report-use.cjs","106","bg-report-use","2","KEEP","Current behavior, evidence, isolation, source admission, or consumer contract.","check.ok(r.evaluation.exceptions.items.every((i) => i.applies === null && i.resolved === false), `${answer} leaves every exception item unresolved`);"
"accelerated-launch/service/tests/sections/bg-report-use.cjs","110","bg-report-use","1","KEEP","Current behavior, evidence, isolation, source admission, or consumer contract.","check.equal(combine([{ question_id: 'report-use', answer: 'credit_transaction' }, { question_id: 'report-use', answer: 'employment' }], []).answer, 'CONTRADICTORY', 'conflicting purposes are contradictory');"
"accelerated-launch/service/tests/sections/bg-report-use.cjs","111","bg-report-use","1","KEEP","Current behavior, evidence, isolation, source admission, or consumer contract.","check.equal(itemState(runUse(FCRA_BK, fcBk, combine([{ question_id: 'report-use', answer: 'credit_transaction' }], [])), 'credit-transaction-150k').applies, null, 'a purpose without its material amount stays unresolved');"
"accelerated-launch/service/tests/sections/bg-report-use.cjs","118","bg-report-use","1","KEEP","Current behavior, evidence, isolation, source admission, or consumer contract.","check.equal(linkedItem.statement_id, 'stmt_test_123', 'the resolved exception item links to the exact statement identity');"
"accelerated-launch/service/tests/sections/bg-report-use.cjs","119","bg-report-use","1","KEEP","Current behavior, evidence, isolation, source admission, or consumer contract.","check.equal(linkedItem.policy.policy_id, 'OWNER-REPORT-USE-POLICY-001', 'the resolved exception item links to the policy identity');"
"accelerated-launch/service/tests/sections/bg-report-use.cjs","120","bg-report-use","1","KEEP","Current behavior, evidence, isolation, source admission, or consumer contract.","check.equal(linkedItem.policy.version, '1.0', 'the resolved exception item links to the policy version');"
"accelerated-launch/service/tests/sections/bg-report-use.cjs","128","bg-report-use","1","KEEP","Current behavior, evidence, isolation, source admission, or consumer contract.","check.ok(!(evalRes.result.observations || []).some((o) => o.is_a_finding === true && o.classification === 'VIOLATION'), 'before the answer, no definite violation (a probable concern may surface)');"
"accelerated-launch/service/tests/sections/bg-report-use.cjs","131","bg-report-use","1","KEEP","Current behavior, evidence, isolation, source admission, or consumer contract.","check.ok(Array.isArray(viewBefore.clarification_questions), 'the view carries a clarification-questions array');"
"accelerated-launch/service/tests/sections/bg-report-use.cjs","132","bg-report-use","1","KEEP","Current behavior, evidence, isolation, source admission, or consumer contract.","check.ok((viewBefore.clarification_questions || []).some((c) => c.id === 'report-use'), 'the report-use question IS surfaced (an answer can now remove the surfaced probable issue)');"
"accelerated-launch/service/tests/sections/bg-report-use.cjs","137","bg-report-use","1","KEEP","Current behavior, evidence, isolation, source admission, or consumer contract.","check.equal(reviewedView.reviewed, true, 'the consumer has reviewed the result');"
"accelerated-launch/service/tests/sections/bg-report-use.cjs","143","bg-report-use","1","KEEP","Current behavior, evidence, isolation, source admission, or consumer contract.","check.equal(clarify.reassessed, true, 'a report-use statement is stored and reassessed (it can now remove the surfaced probable issue)');"
"accelerated-launch/service/tests/sections/bg-report-use.cjs","146","bg-report-use","1","KEEP","Current behavior, evidence, isolation, source admission, or consumer contract.","check.ok(!(viewAfter.result.observations || []).some((o) => o.is_a_finding === true && o.classification === 'VIOLATION'), 'after a below-threshold statement the exception is still unresolved (no violation unlocked)');"
"accelerated-launch/service/tests/sections/bg-report-use.cjs","147","bg-report-use","1","KEEP","Current behavior, evidence, isolation, source admission, or consumer contract.","check.equal(viewAfter.reviewed, false, 'the reassessment invalidates the prior review so the consumer re-reviews');"
"accelerated-launch/service/tests/sections/bg-report-use.cjs","149","bg-report-use","1","KEEP","Current behavior, evidence, isolation, source admission, or consumer contract.","check.ok(stored && stored.report_identity && stored.report_identity.bureau === 'Experian', 'the statement binds the report identity (bureau) server-side');"
"accelerated-launch/service/tests/sections/bg-report-use.cjs","150","bg-report-use","1","KEEP","Current behavior, evidence, isolation, source admission, or consumer contract.","check.ok(stored && stored.report_identity && stored.report_identity.reference_date === '2026-06-12', 'the statement binds the report reference date server-side');"
"accelerated-launch/service/tests/sections/bg-report-use.cjs","151","bg-report-use","1","KEEP","Current behavior, evidence, isolation, source admission, or consumer contract.","check.ok(stored && Array.isArray(stored.report_file_ids) && stored.report_file_ids.length > 0, 'the statement binds the report file ids');"
"accelerated-launch/service/tests/sections/bg-report-use.cjs","152","bg-report-use","1","KEEP","Current behavior, evidence, isolation, source admission, or consumer contract.","check.ok(stored && typeof stored.statement_id === 'string' && stored.statement_id.startsWith('stmt_'), 'the statement carries its identity');"
"accelerated-launch/service/tests/sections/bg-report-use.cjs","153","bg-report-use","1","KEEP","Current behavior, evidence, isolation, source admission, or consumer contract.","check.ok(stored && stored.furnishing_context && stored.furnishing_context.established === false, 'the furnishing event context is retained as unknown, not an adapter-id identity');"
"accelerated-launch/service/tests/sections/bg-report-use.cjs","154","bg-report-use","1","KEEP","Current behavior, evidence, isolation, source admission, or consumer contract.","check.ok(stored && stored.policy_id === 'OWNER-REPORT-USE-POLICY-001' && stored.policy_version === '1.0', 'the statement binds the policy identity and version');"
"accelerated-launch/service/tests/sections/bg-report-use.cjs","155","bg-report-use","1","KEEP","Current behavior, evidence, isolation, source admission, or consumer contract.","check.ok(stored && stored.recorded_at, 'the statement carries its timestamp');"
"accelerated-launch/service/tests/sections/bg-report-use.cjs","165","bg-report-use","1","KEEP","Current behavior, evidence, isolation, source admission, or consumer contract.","check.equal(reportUseAnswers.filter((c) => c.superseded === true).length, 1, 'the superseded statement is retained');"
"accelerated-launch/service/tests/sections/bg-report-use.cjs","166","bg-report-use","1","KEEP","Current behavior, evidence, isolation, source admission, or consumer contract.","check.equal(reportUseAnswers.filter((c) => c.superseded !== true).length, 1, 'exactly one active report-use statement remains');"
"accelerated-launch/service/tests/sections/bg-report-use.cjs","173","bg-report-use","1","KEEP","Current behavior, evidence, isolation, source admission, or consumer contract.","check.equal(lateStored.report_file_ids.length, 1, 'the stored statement still binds only the originally assessed file, not the later upload');"
"accelerated-launch/service/tests/sections/bg-report-use.cjs","180","bg-report-use","1","KEEP","Current behavior, evidence, isolation, source admission, or consumer contract.","check.ok(!(view2.result.observations || []).some((o) => o.is_a_finding === true && o.classification === 'VIOLATION'), 'a separate report with no answer still has no violation (no cross-report reuse)');"
"accelerated-launch/service/tests/sections/bg-report-use.cjs","194","bg-report-use","1","KEEP","Current behavior, evidence, isolation, source admission, or consumer contract.","check.equal(multiStored.report_file_ids.length, 2, 'the stored statement binds every assembled file (combined-file provenance)');"
"accelerated-launch/service/tests/sections/bg-report-use.cjs","195","bg-report-use","1","KEEP","Current behavior, evidence, isolation, source admission, or consumer contract.","check.equal(multiStored.report_identity.reference_date, '2026-06-12', 'the stored statement retains the original reference date');"
"accelerated-launch/service/tests/sections/bg-report-use.cjs","199","bg-report-use","1","KEEP","Current behavior, evidence, isolation, source admission, or consumer contract.","check.ok(!/legal advi[cs]e/i.test(report), 'the downloaded assessment report carries no legal-advice disclaimer');"
"accelerated-launch/service/tests/sections/bg-report-use.cjs","244","bg-report-use","1","KEEP","Current behavior, evidence, isolation, source admission, or consumer contract.","check.equal(uiElement('footer-disclaimer').hidden, false, 'the disclaimer is visible on the main page (step 0)');"
"accelerated-launch/service/tests/sections/bg-report-use.cjs","246","bg-report-use","1","KEEP","Current behavior, evidence, isolation, source admission, or consumer contract.","check.equal(uiElement('footer-disclaimer').hidden, true, 'the disclaimer is hidden on the assessment/results step');"
"accelerated-launch/service/tests/sections/bg-report-use.cjs","248","bg-report-use","1","KEEP","Current behavior, evidence, isolation, source admission, or consumer contract.","check.ok(/Experian credit report dated 2026-06-12/.test(uiHtml), 'the wizard renders the report context in the purpose question');"
"accelerated-launch/service/tests/sections/bg-report-use.cjs","249","bg-report-use","1","KEEP","Current behavior, evidence, isolation, source admission, or consumer contract.","check.ok(/A credit transaction \(a loan or credit application\)/.test(uiHtml), 'the wizard renders the readable purpose label');"
"accelerated-launch/service/tests/sections/bg-report-use.cjs","250","bg-report-use","1","KEEP","Current behavior, evidence, isolation, source admission, or consumer contract.","check.ok(/\$150,000 or more/.test(uiHtml), 'the wizard renders the readable amount band');"
"accelerated-launch/service/tests/sections/bg-report-use.cjs","254","bg-report-use","1","KEEP","Current behavior, evidence, isolation, source admission, or consumer contract.","check.equal(bandNodes[0].hidden, false, 'choosing credit_transaction reveals its amount select');"
"accelerated-launch/service/tests/sections/bg-report-use.cjs","255","bg-report-use","1","KEEP","Current behavior, evidence, isolation, source admission, or consumer contract.","check.equal(bandNodes[1].hidden, true, 'the life-insurance amount select stays hidden');"
"accelerated-launch/service/tests/sections/bg-report-use.cjs","256","bg-report-use","1","KEEP","Current behavior, evidence, isolation, source admission, or consumer contract.","check.equal(bandNodes[2].hidden, true, 'the employment amount select stays hidden');"
"accelerated-launch/service/tests/sections/bg-report-use.cjs","259","bg-report-use","1","KEEP","Current behavior, evidence, isolation, source admission, or consumer contract.","check.ok(bandNodes.every((b) => b.hidden === true), 'Skip hides every amount select');"
"accelerated-launch/service/tests/sections/bg-report-use.cjs","266","bg-report-use","1","KEEP","Current behavior, evidence, isolation, source admission, or consumer contract.","check.ok(submitted.some((a) => a.question_id === 'report-use' && a.answer === 'credit_transaction'), 'the wizard submits the purpose through the real flow');"
"accelerated-launch/service/tests/sections/bg-report-use.cjs","267","bg-report-use","1","KEEP","Current behavior, evidence, isolation, source admission, or consumer contract.","check.ok(submitted.some((a) => a.question_id === 'report-use-amount' && a.purpose === 'credit_transaction' && a.answer === 'below_50k'), 'the wizard submits the conditional amount through the real flow');"
"accelerated-launch/service/tests/sections/bg-report-use.cjs","269","bg-report-use","1","KEEP","Current behavior, evidence, isolation, source admission, or consumer contract.","check.equal(uiElement('footer-disclaimer').hidden, true, 'the disclaimer is hidden on the review/download step');"
"accelerated-launch/service/tests/sections/bg-report-use.cjs","281","bg-report-use","1","KEEP","Current behavior, evidence, isolation, source admission, or consumer contract.","check.equal(realView.reviewed, true, 'the consumer reviewed the result');"
"accelerated-launch/service/tests/sections/bg-report-use.cjs","282","bg-report-use","1","KEEP","Current behavior, evidence, isolation, source admission, or consumer contract.","check.ok((realView.clarification_questions || []).some((c) => c.id === 'report-use'), 'the real service surfaces the report-use question (an answer can remove the probable issue)');"
"accelerated-launch/service/tests/sections/bg-report-use.cjs","308","bg-report-use","1","KEEP","Current behavior, evidence, isolation, source admission, or consumer contract.","check.equal(realEl('footer-disclaimer').hidden, true, 'the wizard hides the footer disclaimer on the results step (real view)');"
"accelerated-launch/service/tests/sections/bg-report-use.cjs","309","bg-report-use","1","KEEP","Current behavior, evidence, isolation, source admission, or consumer contract.","check.ok(/data-question=""report-use""/.test(realNodes.get('panel').innerHTML), 'the wizard renders the report-use question when the service surfaces it');"
"accelerated-launch/service/tests/sections/bh-ns-judgment-content.cjs","40","bh-ns-judgment-content","1","KEEP","Current behavior, evidence, isolation, source admission, or consumer contract.","check.equal(both.state, 'EVALUATED', 'the rule evaluates on a judgment record');"
"accelerated-launch/service/tests/sections/bh-ns-judgment-content.cjs","41","bh-ns-judgment-content","1","KEEP","Current behavior, evidence, isolation, source admission, or consumer contract.","check.equal(both.content.breach, false, 'no breach when the assignment alternative is unresolved');"
"accelerated-launch/service/tests/sections/bh-ns-judgment-content.cjs","42","bh-ns-judgment-content","1","KEEP","Current behavior, evidence, isolation, source admission, or consumer contract.","check.equal(both.content.assignment_disposition, 'UNRESOLVED', 'the assignment disposition is UNRESOLVED, never inferred not-assigned');"
"accelerated-launch/service/tests/sections/bh-ns-judgment-content.cjs","43","bh-ns-judgment-content","1","KEEP","Current behavior, evidence, isolation, source admission, or consumer contract.","check.equal(both.finding, null, 'the finding stays disabled (finding_allowed=false)');"
"accelerated-launch/service/tests/sections/bh-ns-judgment-content.cjs","50","bh-ns-judgment-content","1","KEEP","Current behavior, evidence, isolation, source admission, or consumer contract.","check.equal(amountMissing.content.breach, false, 'amount-absent alone cannot breach while assignment is unresolved');"
"accelerated-launch/service/tests/sections/bh-ns-judgment-content.cjs","51","bh-ns-judgment-content","1","KEEP","Current behavior, evidence, isolation, source admission, or consumer contract.","check.equal(amountMissing.evaluation.required_facts.length, 5, 'five decisive predicates are recorded');"
"accelerated-launch/service/tests/sections/bh-ns-judgment-content.cjs","53","bh-ns-judgment-content","1","KEEP","Current behavior, evidence, isolation, source admission, or consumer contract.","check.equal(assignmentFact.resolved, false, 'the assignment predicate is recorded unresolved');"
"accelerated-launch/service/tests/sections/bh-ns-judgment-content.cjs","60","bh-ns-judgment-content","1","KEEP","Current behavior, evidence, isolation, source admission, or consumer contract.","check.equal(assigned.content.assignment_disposition, 'ASSIGNED', 'an assignee prints the assignment alternative');"
"accelerated-launch/service/tests/sections/bh-ns-judgment-content.cjs","61","bh-ns-judgment-content","1","KEEP","Current behavior, evidence, isolation, source admission, or consumer contract.","check.equal(assigned.content.breach, false, 'the assignment alternative is never a creditor-omission');"
"accelerated-launch/service/tests/sections/bh-ns-judgment-content.cjs","72","bh-ns-judgment-content","1","KEEP","Current behavior, evidence, isolation, source admission, or consumer contract.","check.equal(noSource.finding, null, 'a missing source refuses the finding');"
"accelerated-launch/service/tests/sections/bh-ns-judgment-content.cjs","76","bh-ns-judgment-content","1","KEEP","Current behavior, evidence, isolation, source admission, or consumer contract.","check.equal(noJudgment.content.identified, false, 'no judgment identity is recorded');"
"accelerated-launch/service/tests/sections/bh-ns-judgment-content.cjs","77","bh-ns-judgment-content","1","KEEP","Current behavior, evidence, isolation, source admission, or consumer contract.","check.equal(noJudgment.content.breach, false, 'no judgment is no omission');"
"accelerated-launch/service/tests/sections/bh-ns-judgment-content.cjs","83","bh-ns-judgment-content","1","KEEP","Current behavior, evidence, isolation, source admission, or consumer contract.","check.equal(threw, true, 'the rule runs CA-NS only (wrong jurisdiction throws)');"
"accelerated-launch/service/tests/sections/bh-ns-judgment-content.cjs","90","bh-ns-judgment-content","1","KEEP","Current behavior, evidence, isolation, source admission, or consumer contract.","check.ok(multi && multi.facts['judgment.recordIdentified'] === true, 'a multiline judgment is positively identified');"
"accelerated-launch/service/tests/sections/bh-ns-judgment-content.cjs","91","bh-ns-judgment-content","1","KEEP","Current behavior, evidence, isolation, source admission, or consumer contract.","check.equal(multi.facts['judgment.creditorNameState'], 'PRESENT', 'a labelled non-blank creditor value is PRESENT');"
"accelerated-launch/service/tests/sections/bh-ns-judgment-content.cjs","92","bh-ns-judgment-content","1","KEEP","Current behavior, evidence, isolation, source admission, or consumer contract.","check.equal(multi.facts['judgment.amountState'], 'PRESENT', 'a labelled amount is PRESENT');"
"accelerated-launch/service/tests/sections/bh-ns-judgment-content.cjs","93","bh-ns-judgment-content","1","KEEP","Current behavior, evidence, isolation, source admission, or consumer contract.","check.equal(multi.facts['judgment.entryComplete'], true, 'a bounded multiline entry is complete');"
"accelerated-launch/service/tests/sections/bh-ns-judgment-content.cjs","99","bh-ns-judgment-content","1","KEEP","Current behavior, evidence, isolation, source admission, or consumer contract.","check.equal(blank.facts['judgment.creditorNameState'], 'UNRESOLVED', 'a blank creditor label is not a name');"
"accelerated-launch/service/tests/sections/bh-ns-judgment-content.cjs","100","bh-ns-judgment-content","1","KEEP","Current behavior, evidence, isolation, source admission, or consumer contract.","check.equal(blank.facts['judgment.amountState'], 'PRESENT', 'the amount is still present');"
"accelerated-launch/service/tests/sections/bh-ns-judgment-content.cjs","106","bh-ns-judgment-content","1","KEEP","Current behavior, evidence, isolation, source admission, or consumer contract.","check.equal(unlabelled.facts['judgment.creditorNameState'], 'UNRESOLVED', 'an unlabelled name is not a verified omission');"
"accelerated-launch/service/tests/sections/bh-ns-judgment-content.cjs","112","bh-ns-judgment-content","1","KEEP","Current behavior, evidence, isolation, source admission, or consumer contract.","check.equal(zero.facts['judgment.amountState'], 'PRESENT', 'a zero amount is PRESENT, not missing');"
"accelerated-launch/service/tests/sections/bh-ns-judgment-content.cjs","118","bh-ns-judgment-content","1","KEEP","Current behavior, evidence, isolation, source admission, or consumer contract.","check.equal(unrelated.facts['judgment.amountState'], 'UNRESOLVED', 'an unrelated dollar amount is not the judgment amount');"
"accelerated-launch/service/tests/sections/bh-ns-judgment-content.cjs","125","bh-ns-judgment-content","1","KEEP","Current behavior, evidence, isolation, source admission, or consumer contract.","check.equal(noAmount.facts['judgment.amountState'], 'VERIFIED_ABSENT', 'a complete entry with no monetary value is a verified-absent amount');"
"accelerated-launch/service/tests/sections/bh-ns-judgment-content.cjs","131","bh-ns-judgment-content","1","KEEP","Current behavior, evidence, isolation, source admission, or consumer contract.","check.equal(truncated.facts['judgment.entryComplete'], false, 'a truncated entry is incomplete');"
"accelerated-launch/service/tests/sections/bh-ns-judgment-content.cjs","132","bh-ns-judgment-content","1","KEEP","Current behavior, evidence, isolation, source admission, or consumer contract.","check.equal(truncated.facts['judgment.amountState'], 'UNRESOLVED', 'a truncated entry never marks VERIFIED_ABSENT');"
"accelerated-launch/service/tests/sections/bh-ns-judgment-content.cjs","138","bh-ns-judgment-content","1","KEEP","Current behavior, evidence, isolation, source admission, or consumer contract.","check.equal(dangling.facts['judgment.entryComplete'], false, 'a dangling field label is not complete');"
"accelerated-launch/service/tests/sections/bh-ns-judgment-content.cjs","145","bh-ns-judgment-content","1","KEEP","Current behavior, evidence, isolation, source admission, or consumer contract.","check.equal(two.length, 2, 'two judgments produce two records');"
"accelerated-launch/service/tests/sections/bh-ns-judgment-content.cjs","157","bh-ns-judgment-content","1","KEEP","Current behavior, evidence, isolation, source admission, or consumer contract.","check.equal(uploaded.status, 201, 'a CA judgment report uploads');"
"accelerated-launch/service/tests/sections/bh-ns-judgment-content.cjs","158","bh-ns-judgment-content","1","KEEP","Current behavior, evidence, isolation, source admission, or consumer contract.","check.equal(uploaded.json.receipt.format_detection.presentation_id, generalIntake.GENERAL_PRESENTATION_ID, 'as a general bureau report');"
"accelerated-launch/service/tests/sections/bh-ns-judgment-content.cjs","162","bh-ns-judgment-content","1","KEEP","Current behavior, evidence, isolation, source admission, or consumer contract.","check.equal(observations.every((o) => o.is_a_finding === false), true, 'no observation is a finding (permission disabled)');"
"accelerated-launch/service/tests/sections/bh-ns-judgment-content.cjs","164","bh-ns-judgment-content","1","KEEP","Current behavior, evidence, isolation, source admission, or consumer contract.","check.ok(judgmentRow, 'the judgment-content check ran on the CA general report');"
"accelerated-launch/service/tests/sections/bh-ns-judgment-content.cjs","165","bh-ns-judgment-content","1","KEEP","Current behavior, evidence, isolation, source admission, or consumer contract.","check.equal(judgmentRow.is_a_finding, false, 'the judgment-content result is not a finding');"
"accelerated-launch/service/tests/sections/bh-ns-judgment-content.cjs","166","bh-ns-judgment-content","1","KEEP","Current behavior, evidence, isolation, source admission, or consumer contract.","check.equal(judgmentRow.output_level, 'observation', 'its ceiling is observation (finding_allowed=false)');"
"accelerated-launch/service/tests/sections/bh-ns-dismissed-charge.cjs","49","bh-ns-dismissed-charge","1","KEEP","Current behavior, evidence, isolation, source admission, or consumer contract.","check.equal(dismissed.state, 'EVALUATED', 'the rule evaluates on a criminal-charge record');"
"accelerated-launch/service/tests/sections/bh-ns-dismissed-charge.cjs","50","bh-ns-dismissed-charge","1","KEEP","Current behavior, evidence, isolation, source admission, or consumer contract.","check.equal(dismissed.content.breach, true, 'a printed charge with a dismissed disposition is an inclusion');"
"accelerated-launch/service/tests/sections/bh-ns-dismissed-charge.cjs","51","bh-ns-dismissed-charge","1","KEEP","Current behavior, evidence, isolation, source admission, or consumer contract.","check.equal(dismissed.finding && dismissed.finding.classification, 'VIOLATION', 'matching evidence produces a VIOLATION through the real classifier');"
"accelerated-launch/service/tests/sections/bh-ns-dismissed-charge.cjs","55","bh-ns-dismissed-charge","1","KEEP","Current behavior, evidence, isolation, source admission, or consumer contract.","check.equal(viaSeam && viaSeam.classification, 'VIOLATION', 'the classifier seam returns VIOLATION for matching evidence');"
"accelerated-launch/service/tests/sections/bh-ns-dismissed-charge.cjs","59","bh-ns-dismissed-charge","1","KEEP","Current behavior, evidence, isolation, source admission, or consumer contract.","check.equal(ruleAdapters.classifyContentInclusion(noSource, adapter, 'violation'), null, 'missing sources suppress the finding');"
"accelerated-launch/service/tests/sections/bh-ns-dismissed-charge.cjs","63","bh-ns-dismissed-charge","1","KEEP","Current behavior, evidence, isolation, source admission, or consumer contract.","check.equal(ruleAdapters.classifyContentInclusion(runCharge(facts, mismatched), adapter, 'violation'), null, 'a mismatched source value suppresses the finding');"
"accelerated-launch/service/tests/sections/bh-ns-dismissed-charge.cjs","67","bh-ns-dismissed-charge","1","KEEP","Current behavior, evidence, isolation, source admission, or consumer contract.","check.equal(ruleAdapters.classifyContentInclusion(runCharge(facts, crossRecord), adapter, 'violation'), null, 'a cross-record identity suppresses the finding');"
"accelerated-launch/service/tests/sections/bh-ns-dismissed-charge.cjs","72","bh-ns-dismissed-charge","1","KEEP","Current behavior, evidence, isolation, source admission, or consumer contract.","check.equal(ruleAdapters.classifyContentInclusion(runCharge(contradictoryFacts, contradictorySrc), adapter, 'violation'), null, 'contradictory provenance suppresses the finding');"
"accelerated-launch/service/tests/sections/bh-ns-dismissed-charge.cjs","75","bh-ns-dismissed-charge","1","KEEP","Current behavior, evidence, isolation, source admission, or consumer contract.","check.equal(runCharge(unresolvedFacts, matchingSources(unresolvedFacts)).finding, null, 'an unresolved predicate is never a finding');"
"accelerated-launch/service/tests/sections/bh-ns-dismissed-charge.cjs","83","bh-ns-dismissed-charge","1","KEEP","Current behavior, evidence, isolation, source admission, or consumer contract.","check.equal(dismissedRec.facts['criminalCharge.chargeState'], 'PRESENT', 'the charge is PRESENT');"
"accelerated-launch/service/tests/sections/bh-ns-dismissed-charge.cjs","84","bh-ns-dismissed-charge","1","KEEP","Current behavior, evidence, isolation, source admission, or consumer contract.","check.equal(dismissedRec.facts['criminalCharge.dismissedDispositionState'], 'PRESENT', 'the dismissed disposition is PRESENT');"
"accelerated-launch/service/tests/sections/bh-ns-dismissed-charge.cjs","87","bh-ns-dismissed-charge","1","KEEP","Current behavior, evidence, isolation, source admission, or consumer contract.","check.equal(withdrawn.facts['criminalCharge.dismissedDispositionState'], 'PRESENT', 'a withdrawn disposition is PRESENT');"
"accelerated-launch/service/tests/sections/bh-ns-dismissed-charge.cjs","90","bh-ns-dismissed-charge","1","KEEP","Current behavior, evidence, isolation, source admission, or consumer contract.","check.equal(setAside.facts['criminalCharge.dismissedDispositionState'], 'PRESENT', 'a set-aside disposition is PRESENT');"
"accelerated-launch/service/tests/sections/bh-ns-dismissed-charge.cjs","93","bh-ns-dismissed-charge","1","KEEP","Current behavior, evidence, isolation, source admission, or consumer contract.","check.equal(stayed.facts['criminalCharge.dismissedDispositionState'], 'PRESENT', 'a stay of proceedings is PRESENT');"
"accelerated-launch/service/tests/sections/bh-ns-dismissed-charge.cjs","97","bh-ns-dismissed-charge","1","KEEP","Current behavior, evidence, isolation, source admission, or consumer contract.","check.equal(notDismissed.facts['criminalCharge.dismissedDispositionState'], 'VERIFIED_ABSENT', '""Not dismissed"" is not a dismissed disposition');"
"accelerated-launch/service/tests/sections/bh-ns-dismissed-charge.cjs","100","bh-ns-dismissed-charge","1","KEEP","Current behavior, evidence, isolation, source admission, or consumer contract.","check.equal(applicationPending.facts['criminalCharge.dismissedDispositionState'], 'VERIFIED_ABSENT', 'an application-withdrawn/pending outcome is not a withdrawn charge');"
"accelerated-launch/service/tests/sections/bh-ns-dismissed-charge.cjs","103","bh-ns-dismissed-charge","1","KEEP","Current behavior, evidence, isolation, source admission, or consumer contract.","check.equal(hypothetical.facts['criminalCharge.dismissedDispositionState'], 'VERIFIED_ABSENT', 'a hypothetical dismissal is not positive');"
"accelerated-launch/service/tests/sections/bh-ns-dismissed-charge.cjs","106","bh-ns-dismissed-charge","1","KEEP","Current behavior, evidence, isolation, source admission, or consumer contract.","check.equal(requested.facts['criminalCharge.dismissedDispositionState'], 'VERIFIED_ABSENT', 'a requested dismissal is not positive');"
"accelerated-launch/service/tests/sections/bh-ns-dismissed-charge.cjs","109","bh-ns-dismissed-charge","1","KEEP","Current behavior, evidence, isolation, source admission, or consumer contract.","check.equal(questioned.facts['criminalCharge.dismissedDispositionState'], 'VERIFIED_ABSENT', 'a questioned disposition is not positive');"
"accelerated-launch/service/tests/sections/bh-ns-dismissed-charge.cjs","112","bh-ns-dismissed-charge","1","KEEP","Current behavior, evidence, isolation, source admission, or consumer contract.","check.equal(convictedRec.facts['criminalCharge.dismissedDispositionState'], 'VERIFIED_ABSENT', 'a convicted disposition is not a dismissed disposition');"
"accelerated-launch/service/tests/sections/bh-ns-dismissed-charge.cjs","115","bh-ns-dismissed-charge","1","KEEP","Current behavior, evidence, isolation, source admission, or consumer contract.","check.equal(reversed.facts['criminalCharge.dismissedDispositionState'], 'VERIFIED_ABSENT', 'a reversed disposition is not a dismissed disposition');"
"accelerated-launch/service/tests/sections/bh-ns-dismissed-charge.cjs","119","bh-ns-dismissed-charge","1","KEEP","Current behavior, evidence, isolation, source admission, or consumer contract.","check.equal(unknown.facts['criminalCharge.dismissedDispositionState'], 'UNRESOLVED', 'unknown wording stays UNRESOLVED');"
"accelerated-launch/service/tests/sections/bh-ns-dismissed-charge.cjs","122","bh-ns-dismissed-charge","1","KEEP","Current behavior, evidence, isolation, source admission, or consumer contract.","check.equal(noDisposition.facts['criminalCharge.dismissedDispositionState'], 'UNRESOLVED', 'a missing disposition stays UNRESOLVED');"
"accelerated-launch/service/tests/sections/bh-ns-dismissed-charge.cjs","126","bh-ns-dismissed-charge","1","KEEP","Current behavior, evidence, isolation, source admission, or consumer contract.","check.equal(generic.facts['criminalCharge.recordIdentified'], undefined, 'a generic ""Charge"" without a criminal context is not a criminal charge');"
"accelerated-launch/service/tests/sections/bh-ns-dismissed-charge.cjs","129","bh-ns-dismissed-charge","1","KEEP","Current behavior, evidence, isolation, source admission, or consumer contract.","check.equal(civil.facts['criminalCharge.recordIdentified'], undefined, 'a civil charge is not a criminal charge');"
"accelerated-launch/service/tests/sections/bh-ns-dismissed-charge.cjs","132","bh-ns-dismissed-charge","1","KEEP","Current behavior, evidence, isolation, source admission, or consumer contract.","check.equal(monetary.facts['criminalCharge.recordIdentified'], undefined, 'a monetary charge is not a criminal charge');"
"accelerated-launch/service/tests/sections/bh-ns-dismissed-charge.cjs","136","bh-ns-dismissed-charge","1","KEEP","Current behavior, evidence, isolation, source admission, or consumer contract.","check.equal(judgment.facts['criminalCharge.recordIdentified'], undefined, 'a judgment is not a criminal charge');"
"accelerated-launch/service/tests/sections/bh-ns-dismissed-charge.cjs","137","bh-ns-dismissed-charge","1","KEEP","Current behavior, evidence, isolation, source admission, or consumer contract.","check.equal(judgment.facts['judgment.recordIdentified'], true, 'the judgment is still identified');"
"accelerated-launch/service/tests/sections/bh-ns-dismissed-charge.cjs","140","bh-ns-dismissed-charge","1","KEEP","Current behavior, evidence, isolation, source admission, or consumer contract.","check.equal(bankruptcy.facts['criminalCharge.recordIdentified'], undefined, 'a discharged bankruptcy is not a criminal charge');"
"accelerated-launch/service/tests/sections/bh-ns-dismissed-charge.cjs","144","bh-ns-dismissed-charge","1","KEEP","Current behavior, evidence, isolation, source admission, or consumer contract.","check.equal(paired.facts['criminalCharge.dismissedDispositionState'], 'PRESENT', 'a numbered dismissed disposition binds to its charge');"
"accelerated-launch/service/tests/sections/bh-ns-dismissed-charge.cjs","147","bh-ns-dismissed-charge","1","KEEP","Current behavior, evidence, isolation, source admission, or consumer contract.","check.equal(equalNoNumbers.facts['criminalCharge.dismissedDispositionState'], 'UNRESOLVED', 'equal charge/disposition counts without identifiers do not pair');"
"accelerated-launch/service/tests/sections/bh-ns-dismissed-charge.cjs","150","bh-ns-dismissed-charge","1","KEEP","Current behavior, evidence, isolation, source admission, or consumer contract.","check.equal(ambiguous.facts['criminalCharge.dismissedDispositionState'], 'UNRESOLVED', 'an unparsed multi-charge disposition list stays UNRESOLVED');"
"accelerated-launch/service/tests/sections/bh-ns-dismissed-charge.cjs","161","bh-ns-dismissed-charge","1","KEEP","Current behavior, evidence, isolation, source admission, or consumer contract.","check.equal(uploaded.status, 201, 'a CA dismissed-charge report uploads');"
"accelerated-launch/service/tests/sections/bh-ns-dismissed-charge.cjs","166","bh-ns-dismissed-charge","1","KEEP","Current behavior, evidence, isolation, source admission, or consumer contract.","check.ok(row, 'the dismissed-charge check ran on the CA general report');"
"accelerated-launch/service/tests/sections/bh-ns-dismissed-charge.cjs","167","bh-ns-dismissed-charge","1","KEEP","Current behavior, evidence, isolation, source admission, or consumer contract.","check.equal(row.is_a_finding, true, 'the dismissed-charge result is now a finding');"
"accelerated-launch/service/tests/sections/bh-ns-dismissed-charge.cjs","168","bh-ns-dismissed-charge","1","KEEP","Current behavior, evidence, isolation, source admission, or consumer contract.","check.equal(row.output_level, 'violation', 'its ceiling is violation (finding_allowed=true)');"
"accelerated-launch/service/tests/sections/bi-us-ca-tax-lien.cjs","39","bi-us-ca-tax-lien","1","KEEP","Current behavior, evidence, isolation, source admission, or consumer contract.","check.equal(breach.state, 'EVALUATED', 'the rule evaluates');"
"accelerated-launch/service/tests/sections/bi-us-ca-tax-lien.cjs","40","bi-us-ca-tax-lien","1","KEEP","Current behavior, evidence, isolation, source admission, or consumer contract.","check.equal(breach.outcome, 'PERIOD_EXCEEDED', '>7y is PERIOD_EXCEEDED');"
"accelerated-launch/service/tests/sections/bi-us-ca-tax-lien.cjs","41","bi-us-ca-tax-lien","1","KEEP","Current behavior, evidence, isolation, source admission, or consumer contract.","check.equal(breach.finding && breach.finding.classification, 'VIOLATION', 'a paid tax lien >7y derives an internal VIOLATION');"
"accelerated-launch/service/tests/sections/bi-us-ca-tax-lien.cjs","42","bi-us-ca-tax-lien","1","KEEP","Current behavior, evidence, isolation, source admission, or consumer contract.","check.equal(breach.finding && breach.finding.source_version, SOURCE_DIGEST, 'the finding binds to the corrected rules.ca.ts digest');"
"accelerated-launch/service/tests/sections/bi-us-ca-tax-lien.cjs","46","bi-us-ca-tax-lien","1","KEEP","Current behavior, evidence, isolation, source admission, or consumer contract.","check.equal(below.outcome, 'PERIOD_NOT_EXCEEDED', '<7y is PERIOD_NOT_EXCEEDED');"
"accelerated-launch/service/tests/sections/bi-us-ca-tax-lien.cjs","47","bi-us-ca-tax-lien","1","KEEP","Current behavior, evidence, isolation, source admission, or consumer contract.","check.equal(below.finding, null, 'a paid tax lien within 7 years is not a finding');"
"accelerated-launch/service/tests/sections/bi-us-ca-tax-lien.cjs","51","bi-us-ca-tax-lien","1","KEEP","Current behavior, evidence, isolation, source admission, or consumer contract.","check.equal(boundary.outcome, 'PERIOD_NOT_EXCEEDED', 'exactly seven years is not more than seven years');"
"accelerated-launch/service/tests/sections/bi-us-ca-tax-lien.cjs","52","bi-us-ca-tax-lien","1","KEEP","Current behavior, evidence, isolation, source admission, or consumer contract.","check.equal(boundary.finding, null, 'the exact boundary is not a finding');"
"accelerated-launch/service/tests/sections/bi-us-ca-tax-lien.cjs","55","bi-us-ca-tax-lien","1","KEEP","Current behavior, evidence, isolation, source admission, or consumer contract.","check.ok(!engineRun({}).finding, 'no payment date is not a finding');"
"accelerated-launch/service/tests/sections/bi-us-ca-tax-lien.cjs","62","bi-us-ca-tax-lien","1","KEEP","Current behavior, evidence, isolation, source admission, or consumer contract.","check.equal(mismatched.finding, null, 'a mismatched source value is not a finding');"
"accelerated-launch/service/tests/sections/bi-us-ca-tax-lien.cjs","69","bi-us-ca-tax-lien","1","KEEP","Current behavior, evidence, isolation, source admission, or consumer contract.","check.equal(unpaid.records.some((r) => r.facts && r.facts['publicRecord.taxLienPaidDate']), false, 'a filing-only date is not a paid date');"
"accelerated-launch/service/tests/sections/bi-us-ca-tax-lien.cjs","80","bi-us-ca-tax-lien","1","KEEP","Current behavior, evidence, isolation, source admission, or consumer contract.","check.equal(uploaded.status, 201, 'a US-CA paid-tax-lien report uploads');"
"accelerated-launch/service/tests/sections/bi-us-ca-tax-lien.cjs","85","bi-us-ca-tax-lien","1","KEEP","Current behavior, evidence, isolation, source admission, or consumer contract.","check.ok(row, 'the paid-tax-lien check ran on the US-CA report');"
"accelerated-launch/service/tests/sections/bi-us-ca-tax-lien.cjs","86","bi-us-ca-tax-lien","1","KEEP","Current behavior, evidence, isolation, source admission, or consumer contract.","check.equal(row.is_a_finding, true, 'the paid-tax-lien result is a finding');"
"accelerated-launch/service/tests/sections/bi-us-ca-tax-lien.cjs","87","bi-us-ca-tax-lien","1","KEEP","Current behavior, evidence, isolation, source admission, or consumer contract.","check.equal(row.consumer_label, 'Reporting issue', 'its consumer label is ""Reporting issue""');"
"accelerated-launch/service/tests/sections/bi-us-ca-tax-lien.cjs","88","bi-us-ca-tax-lien","1","KEEP","Current behavior, evidence, isolation, source admission, or consumer contract.","check.equal(row.rule_source_version, SOURCE_DIGEST, 'the consumer result carries the corrected source digest');"
"accelerated-launch/service/tests/sections/bi-us-ca-tax-lien.cjs","89","bi-us-ca-tax-lien","1","KEEP","Current behavior, evidence, isolation, source admission, or consumer contract.","check.ok(row.rule_source && row.rule_source.raw_value, 'the consumer result carries the payment-date source evidence');"
"accelerated-launch/service/tests/sections/bj-us-ca-collection.cjs","44","bj-us-ca-collection","1","KEEP","Current behavior, evidence, isolation, source admission, or consumer contract.","check.equal(breach.outcome, 'PERIOD_EXCEEDED', '>7y after the 180-day start is PERIOD_EXCEEDED');"
"accelerated-launch/service/tests/sections/bj-us-ca-collection.cjs","45","bj-us-ca-collection","1","KEEP","Current behavior, evidence, isolation, source admission, or consumer contract.","check.equal(breach.finding && breach.finding.classification, 'VIOLATION', 'an eligible collection beyond the period derives an internal VIOLATION');"
"accelerated-launch/service/tests/sections/bj-us-ca-collection.cjs","46","bj-us-ca-collection","1","KEEP","Current behavior, evidence, isolation, source admission, or consumer contract.","check.equal(breach.finding && breach.finding.source_version, SOURCE_DIGEST, 'the finding binds to the corrected rules.ca.ts digest');"
"accelerated-launch/service/tests/sections/bj-us-ca-collection.cjs","49","bj-us-ca-collection","1","KEEP","Current behavior, evidence, isolation, source admission, or consumer contract.","check.equal(engineRun({ 'collection.delinquencyDate': '2023-01-01' }).finding, null, 'a collection within the period is not a finding');"
"accelerated-launch/service/tests/sections/bj-us-ca-collection.cjs","50","bj-us-ca-collection","1","KEEP","Current behavior, evidence, isolation, source admission, or consumer contract.","check.equal(engineRun({ 'collection.delinquencyDate': '2019-04-15' }, '2026-10-12').finding, null, 'exactly seven years after the 180-day start is not a finding');"
"accelerated-launch/service/tests/sections/bj-us-ca-collection.cjs","53","bj-us-ca-collection","1","KEEP","Current behavior, evidence, isolation, source admission, or consumer contract.","check.ok(!engineRun({}).finding, 'no delinquency date is not a finding');"
"accelerated-launch/service/tests/sections/bj-us-ca-collection.cjs","58","bj-us-ca-collection","1","KEEP","Current behavior, evidence, isolation, source admission, or consumer contract.","check.equal(mismatched.finding, null, 'a mismatched source value is not a finding');"
"accelerated-launch/service/tests/sections/bj-us-ca-collection.cjs","62","bj-us-ca-collection","1","KEEP","Current behavior, evidence, isolation, source admission, or consumer contract.","check.equal(placedOnly.records.some((r) => r.facts && r.facts['collection.delinquencyDate']), false, 'a collection-placement date is not the delinquency');"
"accelerated-launch/service/tests/sections/bj-us-ca-collection.cjs","65","bj-us-ca-collection","1","KEEP","Current behavior, evidence, isolation, source admission, or consumer contract.","check.equal(openedOnly.records.some((r) => r.facts && r.facts['collection.delinquencyDate']), false, 'a collection-opening date is not the delinquency');"
"accelerated-launch/service/tests/sections/bj-us-ca-collection.cjs","69","bj-us-ca-collection","1","KEEP","Current behavior, evidence, isolation, source admission, or consumer contract.","check.equal(dated.records.some((r) => r.facts && r.facts['collection.delinquencyDate'] === '2018-01-01'), true, 'an explicit ""Date of First Delinquency"" on a collection record establishes the anchor');"
"accelerated-launch/service/tests/sections/bj-us-ca-collection.cjs","72","bj-us-ca-collection","1","KEEP","Current behavior, evidence, isolation, source admission, or consumer contract.","check.equal(genericDelinquency.records.some((r) => r.facts && r.facts['collection.delinquencyDate']), false, 'a generic ""Delinquency"" label without an explicit date relationship stays unresolved');"
"accelerated-launch/service/tests/sections/bj-us-ca-collection.cjs","76","bj-us-ca-collection","1","KEEP","Current behavior, evidence, isolation, source admission, or consumer contract.","check.equal(updateDateDecoy.records.some((r) => r.facts && r.facts['collection.delinquencyDate']), false, 'an unrelated ""Update Date"" never satisfies the delinquency-date relationship');"
"accelerated-launch/service/tests/sections/bj-us-ca-collection.cjs","79","bj-us-ca-collection","1","KEEP","Current behavior, evidence, isolation, source admission, or consumer contract.","check.equal(dateDelinquent.records.some((r) => r.facts && r.facts['collection.delinquencyDate']), false, '""Date Delinquent"" without the first-delinquency meaning stays unresolved');"
"accelerated-launch/service/tests/sections/bj-us-ca-collection.cjs","82","bj-us-ca-collection","1","KEEP","Current behavior, evidence, isolation, source admission, or consumer contract.","check.equal(dofd.records.some((r) => r.facts && r.facts['collection.delinquencyDate'] === '2018-01-01'), true, 'an explicit ""DOFD"" abbreviation establishes the first-delinquency anchor');"
"accelerated-launch/service/tests/sections/bj-us-ca-collection.cjs","85","bj-us-ca-collection","1","KEEP","Current behavior, evidence, isolation, source admission, or consumer contract.","check.equal(chargeOffOnly.records.some((r) => r.facts && r.facts['collection.delinquencyDate'] === '2018-01-01'), true, 'a charge-off-only record with an explicit first-delinquency date establishes the anchor');"
"accelerated-launch/service/tests/sections/bj-us-ca-collection.cjs","88","bj-us-ca-collection","1","KEEP","Current behavior, evidence, isolation, source admission, or consumer contract.","check.equal(contradictory.records.some((r) => r.facts && r.facts['collection.delinquencyDate']), false, 'two incompatible delinquency dates (cure/re-delinquency ambiguity) are withheld');"
"accelerated-launch/service/tests/sections/bj-us-ca-collection.cjs","95","bj-us-ca-collection","1","KEEP","Current behavior, evidence, isolation, source admission, or consumer contract.","check.equal(multiAction.records.some((r) => r.facts && r.facts['collection.delinquencyDate'] === '2018-01-01'), true, 'the delinquency, not the later collection/charge-off action, is the anchor');"
"accelerated-launch/service/tests/sections/bj-us-ca-collection.cjs","103","bj-us-ca-collection","1","KEEP","Current behavior, evidence, isolation, source admission, or consumer contract.","check.ok(delinquencies.includes('2018-01-01') && delinquencies.includes('2023-01-01'), 'each account retains its own delinquency; a transfer does not reset the original');"
"accelerated-launch/service/tests/sections/bj-us-ca-collection.cjs","109","bj-us-ca-collection","1","KEEP","Current behavior, evidence, isolation, source admission, or consumer contract.","check.equal(threw, true, 'the rule runs US-CA only (wrong jurisdiction throws)');"
"accelerated-launch/service/tests/sections/bj-us-ca-collection.cjs","119","bj-us-ca-collection","1","KEEP","Current behavior, evidence, isolation, source admission, or consumer contract.","check.equal(uploaded.status, 201, 'a US-CA collection report uploads');"
"accelerated-launch/service/tests/sections/bj-us-ca-collection.cjs","124","bj-us-ca-collection","1","KEEP","Current behavior, evidence, isolation, source admission, or consumer contract.","check.ok(row, 'the collection check ran on the US-CA report');"
"accelerated-launch/service/tests/sections/bj-us-ca-collection.cjs","125","bj-us-ca-collection","1","KEEP","Current behavior, evidence, isolation, source admission, or consumer contract.","check.equal(row.is_a_finding, true, 'the collection result is a finding');"
"accelerated-launch/service/tests/sections/bj-us-ca-collection.cjs","126","bj-us-ca-collection","1","KEEP","Current behavior, evidence, isolation, source admission, or consumer contract.","check.equal(row.consumer_label, 'Reporting issue', 'its consumer label is ""Reporting issue""');"
"accelerated-launch/service/tests/sections/bj-us-ca-collection.cjs","127","bj-us-ca-collection","1","KEEP","Current behavior, evidence, isolation, source admission, or consumer contract.","check.equal(row.rule_source_version, SOURCE_DIGEST, 'the consumer result carries the corrected source digest');"
"accelerated-launch/service/tests/sections/bj-us-ca-collection.cjs","128","bj-us-ca-collection","1","KEEP","Current behavior, evidence, isolation, source admission, or consumer contract.","check.ok(row.rule_source && row.rule_source.raw_value, 'the consumer result carries the delinquency source evidence');"
"accelerated-launch/service/tests/sections/bj-us-ca-collection.cjs","141","bj-us-ca-collection","1","KEEP","Current behavior, evidence, isolation, source admission, or consumer contract.","check.ok(coRow && coRow.is_a_finding === true, 'a charge-off-only record with an explicit first-delinquency date reaches the same finding');"
"accelerated-launch/service/tests/sections/bj-us-ca-collection.cjs","142","bj-us-ca-collection","1","KEEP","Current behavior, evidence, isolation, source admission, or consumer contract.","check.equal(coRow.consumer_label, 'Reporting issue', 'its consumer label is ""Reporting issue""');"
"accelerated-launch/service/tests/sections/bk-us-ca-adverse-rating.cjs","46","bk-us-ca-adverse-rating","1","KEEP","Current behavior, evidence, isolation, source admission, or consumer contract.","check.equal(breach.outcome, 'PERIOD_EXCEEDED', 'the period is still computed');"
"accelerated-launch/service/tests/sections/bk-us-ca-adverse-rating.cjs","47","bk-us-ca-adverse-rating","1","KEEP","Current behavior, evidence, isolation, source admission, or consumer contract.","check.equal(breach.finding, null, 'but no finding is emitted (fail closed)');"
"accelerated-launch/service/tests/sections/bk-us-ca-adverse-rating.cjs","48","bk-us-ca-adverse-rating","1","KEEP","Current behavior, evidence, isolation, source admission, or consumer contract.","check.equal(breach.finding_emitted, false, 'and finding_emitted is false');"
"accelerated-launch/service/tests/sections/bk-us-ca-adverse-rating.cjs","49","bk-us-ca-adverse-rating","1","KEEP","Current behavior, evidence, isolation, source admission, or consumer contract.","check.equal(breach.anchor && breach.anchor.anchor_day_offset, undefined, 'and no 180-day offset is applied');"
"accelerated-launch/service/tests/sections/bk-us-ca-adverse-rating.cjs","55","bk-us-ca-adverse-rating","1","KEEP","Current behavior, evidence, isolation, source admission, or consumer contract.","check.equal(threw, true, 'the rule runs US-CA only (wrong jurisdiction throws)');"
"accelerated-launch/service/tests/sections/bk-us-ca-adverse-rating.cjs","61","bk-us-ca-adverse-rating","1","KEEP","Current behavior, evidence, isolation, source admission, or consumer contract.","check.equal(applicability.resolveApplicability(rule, ev, collectionRec).applicability, 'NOT_APPLICABLE',"
"accelerated-launch/service/tests/sections/bk-us-ca-adverse-rating.cjs","64","bk-us-ca-adverse-rating","1","KEEP","Current behavior, evidence, isolation, source admission, or consumer contract.","check.equal(applicability.resolveApplicability(rule, ev, unknownRec).applicability, 'APPLICABILITY_UNRESOLVED',"
"accelerated-launch/service/tests/sections/bk-us-ca-adverse-rating.cjs","67","bk-us-ca-adverse-rating","1","KEEP","Current behavior, evidence, isolation, source admission, or consumer contract.","check.equal(applicability.resolveApplicability(rule, ev, eventDateRec).applicability, 'APPLICABLE',"
"accelerated-launch/service/tests/sections/bk-us-ca-adverse-rating.cjs","73","bk-us-ca-adverse-rating","1","KEEP","Current behavior, evidence, isolation, source admission, or consumer contract.","check.ok(plainRec, 'a ""days past due"" annotation on an account is read as an adverse rating');"
"accelerated-launch/service/tests/sections/bk-us-ca-adverse-rating.cjs","74","bk-us-ca-adverse-rating","1","KEEP","Current behavior, evidence, isolation, source admission, or consumer contract.","check.equal(plainRec && plainRec.facts['reportedAccount.adverseRatingDate'], '2015-06', 'with the rating month as the anchor');"
"accelerated-launch/service/tests/sections/bk-us-ca-adverse-rating.cjs","75","bk-us-ca-adverse-rating","1","KEEP","Current behavior, evidence, isolation, source admission, or consumer contract.","check.equal(plainRec && plainRec.facts['reportedAccount.accountActionContext'], undefined, 'and no account/action context (UNKNOWN)');"
"accelerated-launch/service/tests/sections/bk-us-ca-adverse-rating.cjs","80","bk-us-ca-adverse-rating","1","KEEP","Current behavior, evidence, isolation, source admission, or consumer contract.","check.ok(collRec, 'the collection account is still read');"
"accelerated-launch/service/tests/sections/bk-us-ca-adverse-rating.cjs","81","bk-us-ca-adverse-rating","1","KEEP","Current behavior, evidence, isolation, source admission, or consumer contract.","check.equal(collRec && collRec.facts['reportedAccount.accountActionContext'], 'COLLECTION_OR_CHARGE_OFF', 'and carries the established collection/charge-off context');"
"accelerated-launch/service/tests/sections/bk-us-ca-adverse-rating.cjs","88","bk-us-ca-adverse-rating","3","KEEP","Current behavior, evidence, isolation, source admission, or consumer contract.","check.ok(rec, `""${word}"" is read as an adverse rating`);"
"accelerated-launch/service/tests/sections/bk-us-ca-adverse-rating.cjs","89","bk-us-ca-adverse-rating","3","KEEP","Current behavior, evidence, isolation, source admission, or consumer contract.","check.equal(rec && rec.facts['reportedAccount.accountActionContext'], undefined, `""${word}"" is NOT assigned the collection/charge-off meaning`);"
"accelerated-launch/service/tests/sections/bk-us-ca-adverse-rating.cjs","99","bk-us-ca-adverse-rating","1","KEEP","Current behavior, evidence, isolation, source admission, or consumer contract.","check.deepEqual(contexts, ['UNKNOWN', 'COLLECTION_OR_CHARGE_OFF'], 'each account keeps its own action context (no cross-account borrowing)');"
"accelerated-launch/service/tests/sections/bk-us-ca-adverse-rating.cjs","109","bk-us-ca-adverse-rating","1","KEEP","Current behavior, evidence, isolation, source admission, or consumer contract.","check.ok(contAdv, 'the adverse account is still read');"
"accelerated-launch/service/tests/sections/bk-us-ca-adverse-rating.cjs","110","bk-us-ca-adverse-rating","1","KEEP","Current behavior, evidence, isolation, source admission, or consumer contract.","check.equal(contAdv && contAdv.facts['reportedAccount.accountActionContext'], undefined,"
"accelerated-launch/service/tests/sections/bk-us-ca-adverse-rating.cjs","117","bk-us-ca-adverse-rating","1","KEEP","Current behavior, evidence, isolation, source admission, or consumer contract.","check.equal(contradictRec && contradictRec.facts['reportedAccount.accountActionContext'], 'COLLECTION_OR_CHARGE_OFF',"
"accelerated-launch/service/tests/sections/bk-us-ca-adverse-rating.cjs","130","bk-us-ca-adverse-rating","1","KEEP","Current behavior, evidence, isolation, source admission, or consumer contract.","check.equal(uploaded.status, 201, 'a US-CA report uploads');"
"accelerated-launch/service/tests/sections/bk-us-ca-adverse-rating.cjs","135","bk-us-ca-adverse-rating","1","KEEP","Current behavior, evidence, isolation, source admission, or consumer contract.","check.equal(row, undefined, 'the bare ""days past due"" account emits no (a)(8) finding (context unresolved, fail closed)');"
"accelerated-launch/service/tests/sections/bl-us-ca-correction-packet.cjs","89","bl-us-ca-correction-packet","1","KEEP","Current behavior, evidence, isolation, source admission, or consumer contract.","check.equal(engineRun(TAX_LIEN, { 'publicRecord.taxLienPaidDate': '2018-01-01' }).packet_eligible, true, 'tax-lien rule records packet_eligible true');"
"accelerated-launch/service/tests/sections/bl-us-ca-correction-packet.cjs","90","bl-us-ca-correction-packet","1","KEEP","Current behavior, evidence, isolation, source admission, or consumer contract.","check.equal(engineRun(BANKRUPTCY, { 'publicRecord.bankruptcyOrderForReliefDate': '2010-01-01' }).packet_eligible, true, 'bankruptcy rule records packet_eligible true');"
"accelerated-launch/service/tests/sections/bl-us-ca-correction-packet.cjs","91","bl-us-ca-correction-packet","1","KEEP","Current behavior, evidence, isolation, source admission, or consumer contract.","check.equal(engineRun(COLLECTION, { 'collection.delinquencyDate': '2018-01-01' }).packet_eligible, true, 'collection rule records packet_eligible true');"
"accelerated-launch/service/tests/sections/bl-us-ca-correction-packet.cjs","93","bl-us-ca-correction-packet","1","KEEP","Current behavior, evidence, isolation, source admission, or consumer contract.","check.equal(adverse.output_permission.packet_eligible, false, 'the fail-closed (a)(8) rule stays packet_eligible false');"
"accelerated-launch/service/tests/sections/bl-us-ca-correction-packet.cjs","97","bl-us-ca-correction-packet","1","REWRITE","Deprecated packetEligibility helper is not the unified issue selection gate. Test the active Issue eligibility path instead.","check.equal(evaluation.packetEligibility([{ record_index: 1, check: {}, machine: breach }]).length, 1, 'a VIOLATION from an eligible rule is packet eligible');"
"accelerated-launch/service/tests/sections/bl-us-ca-correction-packet.cjs","98","bl-us-ca-correction-packet","1","REWRITE","Deprecated packetEligibility helper is not the unified issue selection gate. Test the active Issue eligibility path instead.","check.equal(evaluation.packetEligibility([{ record_index: 1, check: {}, machine: { packet_eligible: true, finding: { classification: 'PROBABLE_VIOLATION' } } }]).length, 0, 'a PROBABLE finding is never packet eligible');"
"accelerated-launch/service/tests/sections/bl-us-ca-correction-packet.cjs","99","bl-us-ca-correction-packet","1","REWRITE","Deprecated packetEligibility helper is not the unified issue selection gate. Test the active Issue eligibility path instead.","check.equal(evaluation.packetEligibility([{ record_index: 1, check: {}, machine: { packet_eligible: true, finding: null } }]).length, 0, 'an observation-only result is never packet eligible');"
"accelerated-launch/service/tests/sections/bl-us-ca-correction-packet.cjs","100","bl-us-ca-correction-packet","1","REWRITE","Deprecated packetEligibility helper is not the unified issue selection gate. Test the active Issue eligibility path instead.","check.equal(evaluation.packetEligibility([{ record_index: 1, check: {}, machine: { packet_eligible: false, finding: { classification: 'VIOLATION' } } }]).length, 0, 'a VIOLATION from a non-eligible rule is never packet eligible');"
"accelerated-launch/service/tests/sections/bl-us-ca-correction-packet.cjs","108","bl-us-ca-correction-packet","1","KEEP","Current behavior, evidence, isolation, source admission, or consumer contract.","check.equal(ownerUpload.up.status, 201, 'the paid upload succeeds');"
"accelerated-launch/service/tests/sections/bl-us-ca-correction-packet.cjs","109","bl-us-ca-correction-packet","1","KEEP","Current behavior, evidence, isolation, source admission, or consumer contract.","check.equal(ownerUpload.ev.status, 201, 'and the evaluation succeeds');"
"accelerated-launch/service/tests/sections/bl-us-ca-correction-packet.cjs","112","bl-us-ca-correction-packet","1","KEEP","Current behavior, evidence, isolation, source admission, or consumer contract.","check.ok(view.eligible_issues.length >= 1, 'eligible findings are listed');"
"accelerated-launch/service/tests/sections/bl-us-ca-correction-packet.cjs","114","bl-us-ca-correction-packet","1","KEEP","Current behavior, evidence, isolation, source admission, or consumer contract.","check.ok(finding, 'and the paid-tax-lien violation is among them');"
"accelerated-launch/service/tests/sections/bl-us-ca-correction-packet.cjs","115","bl-us-ca-correction-packet","1","KEEP","Current behavior, evidence, isolation, source admission, or consumer contract.","check.equal(finding.normalized_value, '2018-01-01', 'with its normalized printed date');"
"accelerated-launch/service/tests/sections/bl-us-ca-correction-packet.cjs","116","bl-us-ca-correction-packet","1","KEEP","Current behavior, evidence, isolation, source admission, or consumer contract.","check.ok(finding.printed_value, 'and its raw printed value');"
"accelerated-launch/service/tests/sections/bl-us-ca-correction-packet.cjs","117","bl-us-ca-correction-packet","1","KEEP","Current behavior, evidence, isolation, source admission, or consumer contract.","check.ok(finding.issue_id, 'with an opaque finding id (no adapter id leaks)');"
"accelerated-launch/service/tests/sections/bl-us-ca-correction-packet.cjs","118","bl-us-ca-correction-packet","1","KEEP","Current behavior, evidence, isolation, source admission, or consumer contract.","check.ok(!JSON.stringify(finding).includes('US-CA-CCRAA'), 'and the consumer view never exposes the internal adapter id');"
"accelerated-launch/service/tests/sections/bl-us-ca-correction-packet.cjs","121","bl-us-ca-correction-packet","1","KEEP","Current behavior, evidence, isolation, source admission, or consumer contract.","check.equal(selected.status, 200, 'selection is recorded');"
"accelerated-launch/service/tests/sections/bl-us-ca-correction-packet.cjs","122","bl-us-ca-correction-packet","1","KEEP","Current behavior, evidence, isolation, source admission, or consumer contract.","check.equal(selected.json.view.packet.selected_count, 1, 'with one finding selected');"
"accelerated-launch/service/tests/sections/bl-us-ca-correction-packet.cjs","125","bl-us-ca-correction-packet","1","KEEP","Current behavior, evidence, isolation, source admission, or consumer contract.","check.equal(worded.json.view.packet.wording, 'Please verify this entry and correct it if it is out of date.', 'consumer wording is stored separately');"
"accelerated-launch/service/tests/sections/bl-us-ca-correction-packet.cjs","126","bl-us-ca-correction-packet","1","KEEP","Current behavior, evidence, isolation, source admission, or consumer contract.","check.equal(worded.json.view.packet.approved, false, 'editing leaves the packet unapproved');"
"accelerated-launch/service/tests/sections/bl-us-ca-correction-packet.cjs","129","bl-us-ca-correction-packet","1","KEEP","Current behavior, evidence, isolation, source admission, or consumer contract.","check.equal(approved.status, 200, 'approval succeeds');"
"accelerated-launch/service/tests/sections/bl-us-ca-correction-packet.cjs","130","bl-us-ca-correction-packet","1","KEEP","Current behavior, evidence, isolation, source admission, or consumer contract.","check.equal(approved.json.view.packet.approved, true, 'and the packet is approved');"
"accelerated-launch/service/tests/sections/bl-us-ca-correction-packet.cjs","131","bl-us-ca-correction-packet","1","KEEP","Current behavior, evidence, isolation, source admission, or consumer contract.","check.ok(approved.json.view.packet.approved_version, 'with a recorded approved-version hash');"
"accelerated-launch/service/tests/sections/bl-us-ca-correction-packet.cjs","132","bl-us-ca-correction-packet","1","KEEP","Current behavior, evidence, isolation, source admission, or consumer contract.","check.equal(approved.json.view.packet.download_available, true, 'and the download is available');"
"accelerated-launch/service/tests/sections/bl-us-ca-correction-packet.cjs","136","bl-us-ca-correction-packet","1","KEEP","Current behavior, evidence, isolation, source admission, or consumer contract.","check.equal(download.status, 200, 'the approved packet downloads');"
"accelerated-launch/service/tests/sections/bl-us-ca-correction-packet.cjs","137","bl-us-ca-correction-packet","1","KEEP","Current behavior, evidence, isolation, source admission, or consumer contract.","check.ok(/1785\.13\(a\)\(4\)/.test(download.text), 'and states the rule citation');"
"accelerated-launch/service/tests/sections/bl-us-ca-correction-packet.cjs","138","bl-us-ca-correction-packet","1","KEEP","Current behavior, evidence, isolation, source admission, or consumer contract.","check.ok(download.text.includes('01/01/2018'), 'and the printed date it measured from');"
"accelerated-launch/service/tests/sections/bl-us-ca-correction-packet.cjs","139","bl-us-ca-correction-packet","1","KEEP","Current behavior, evidence, isolation, source admission, or consumer contract.","check.ok(download.text.includes('Request (correction)'), 'and a factual correction request');"
"accelerated-launch/service/tests/sections/bl-us-ca-correction-packet.cjs","140","bl-us-ca-correction-packet","1","KEEP","Current behavior, evidence, isolation, source admission, or consumer contract.","check.ok(download.text.includes('Please verify this entry and correct it if it is out of date.'), 'and the consumer wording, kept in its own section');"
"accelerated-launch/service/tests/sections/bl-us-ca-correction-packet.cjs","141","bl-us-ca-correction-packet","1","KEEP","Current behavior, evidence, isolation, source admission, or consumer contract.","check.ok(download.text.includes(approvedVersion), 'and is bound to the approved version');"
"accelerated-launch/service/tests/sections/bl-us-ca-correction-packet.cjs","142","bl-us-ca-correction-packet","1","KEEP","Current behavior, evidence, isolation, source admission, or consumer contract.","check.ok(!/not legal advi/i.test(download.text), 'with no legal-advice disclaimer');"
"accelerated-launch/service/tests/sections/bl-us-ca-correction-packet.cjs","147","bl-us-ca-correction-packet","1","KEEP","Current behavior, evidence, isolation, source admission, or consumer contract.","check.equal(cross.status, 403, 'another account cannot read this packet');"
"accelerated-launch/service/tests/sections/bl-us-ca-correction-packet.cjs","151","bl-us-ca-correction-packet","1","KEEP","Current behavior, evidence, isolation, source admission, or consumer contract.","check.equal(badSelect.status, 400, 'an unknown finding id is refused');"
"accelerated-launch/service/tests/sections/bl-us-ca-correction-packet.cjs","152","bl-us-ca-correction-packet","1","KEEP","Current behavior, evidence, isolation, source admission, or consumer contract.","check.equal(badSelect.json.error.code, 'INVALID_FINDING_SELECTION', 'with the invalid-selection code');"
"accelerated-launch/service/tests/sections/bl-us-ca-correction-packet.cjs","157","bl-us-ca-correction-packet","1","KEEP","Current behavior, evidence, isolation, source admission, or consumer contract.","check.equal(approveNone.status, 409, 'approving with no selection is refused');"
"accelerated-launch/service/tests/sections/bl-us-ca-correction-packet.cjs","158","bl-us-ca-correction-packet","1","KEEP","Current behavior, evidence, isolation, source admission, or consumer contract.","check.equal(approveNone.json.error.code, 'PACKET_NO_SELECTION', 'with the no-selection code');"
"accelerated-launch/service/tests/sections/bl-us-ca-correction-packet.cjs","164","bl-us-ca-correction-packet","1","KEEP","Current behavior, evidence, isolation, source admission, or consumer contract.","check.equal(reselected.json.view.packet.approved, false, 'a changed selection invalidates the approval');"
"accelerated-launch/service/tests/sections/bl-us-ca-correction-packet.cjs","166","bl-us-ca-correction-packet","1","KEEP","Current behavior, evidence, isolation, source admission, or consumer contract.","check.equal(staleDownload.status, 409, 'and downloading without a fresh approval is refused');"
"accelerated-launch/service/tests/sections/bl-us-ca-correction-packet.cjs","167","bl-us-ca-correction-packet","1","KEEP","Current behavior, evidence, isolation, source admission, or consumer contract.","check.equal(staleDownload.json.error.code, 'PACKET_NOT_APPROVED', 'with the not-approved code');"
"accelerated-launch/service/tests/sections/bl-us-ca-correction-packet.cjs","174","bl-us-ca-correction-packet","1","KEEP","Current behavior, evidence, isolation, source admission, or consumer contract.","check.equal(staleAfterEval.status, 409, 'a re-evaluation invalidates the approval');"
"accelerated-launch/service/tests/sections/bl-us-ca-correction-packet.cjs","175","bl-us-ca-correction-packet","1","KEEP","Current behavior, evidence, isolation, source admission, or consumer contract.","check.equal(staleAfterEval.json.error.code, 'PACKET_APPROVAL_STALE', 'with the stale-approval code');"
"accelerated-launch/service/tests/sections/bl-us-ca-correction-packet.cjs","187","bl-us-ca-correction-packet","1","KEEP","Current behavior, evidence, isolation, source admission, or consumer contract.","check.equal(noEntDownload.status, 402, 'downloading without an entitlement bound to this case is refused');"
"accelerated-launch/service/tests/sections/bl-us-ca-correction-packet.cjs","188","bl-us-ca-correction-packet","1","KEEP","Current behavior, evidence, isolation, source admission, or consumer contract.","check.equal(noEntDownload.json.error.code, 'DOWNLOAD_NOT_ENTITLED', 'with the download-not-entitled code');"
"accelerated-launch/service/tests/sections/bm-prime-directive-batch1.cjs","65","bm-prime-directive-batch1","1","KEEP","Current behavior, evidence, isolation, source admission, or consumer contract.","check.equal(potentials.length, 1, 'one supported potential issue is produced');"
"accelerated-launch/service/tests/sections/bm-prime-directive-batch1.cjs","66","bm-prime-directive-batch1","1","KEEP","Current behavior, evidence, isolation, source admission, or consumer contract.","check.equal(potentials[0].classification, null, 'a potential issue is never a VIOLATION/PROBABLE classification');"
"accelerated-launch/service/tests/sections/bm-prime-directive-batch1.cjs","67","bm-prime-directive-batch1","1","KEEP","Current behavior, evidence, isolation, source admission, or consumer contract.","check.equal(potentials[0].basis_type, 'FACTUAL_CONSISTENCY', 'and it is a factual consistency issue, not a statutory one');"
"accelerated-launch/service/tests/sections/bm-prime-directive-batch1.cjs","68","bm-prime-directive-batch1","1","KEEP","Current behavior, evidence, isolation, source admission, or consumer contract.","check.equal(potentials[0].request_type, 'VERIFICATION', 'with a verification (not correction) request');"
"accelerated-launch/service/tests/sections/bm-prime-directive-batch1.cjs","69","bm-prime-directive-batch1","1","KEEP","Current behavior, evidence, isolation, source admission, or consumer contract.","check.equal(potentials[0].eligible, true, 'and it is packet-eligible for a verification request');"
"accelerated-launch/service/tests/sections/bm-prime-directive-batch1.cjs","70","bm-prime-directive-batch1","1","KEEP","Current behavior, evidence, isolation, source admission, or consumer contract.","check.equal(all.filter((i) => i.confidence === 'DEFINITE' || i.confidence === 'PROBABLE').length, 0, 'no definite/probable finding is manufactured from the discrepancy');"
"accelerated-launch/service/tests/sections/bm-prime-directive-batch1.cjs","71","bm-prime-directive-batch1","1","KEEP","Current behavior, evidence, isolation, source admission, or consumer contract.","check.equal(potentials[0].record_index, 1, 'the discrepancy is on account 1 (opened after closed)');"
"accelerated-launch/service/tests/sections/bm-prime-directive-batch1.cjs","72","bm-prime-directive-batch1","1","KEEP","Current behavior, evidence, isolation, source admission, or consumer contract.","check.ok(all.every((i) => i.record_index !== 2), 'the benign account (opened before closed) is never flagged');"
"accelerated-launch/service/tests/sections/bm-prime-directive-batch1.cjs","79","bm-prime-directive-batch1","1","KEEP","Current behavior, evidence, isolation, source admission, or consumer contract.","check.equal((await service.request('POST', `/api/cases/${c.case_id}/files`, { token: owner.token, body: uploadBody(pdf, 'contradictory-dates.pdf') })).status, 201, 'the fictional report uploads');"
"accelerated-launch/service/tests/sections/bm-prime-directive-batch1.cjs","80","bm-prime-directive-batch1","1","KEEP","Current behavior, evidence, isolation, source admission, or consumer contract.","check.equal((await service.request('POST', `/api/cases/${c.case_id}/evaluate`, { token: owner.token })).status, 201, 'evaluation succeeds');"
"accelerated-launch/service/tests/sections/bm-prime-directive-batch1.cjs","85","bm-prime-directive-batch1","1","KEEP","Current behavior, evidence, isolation, source admission, or consumer contract.","check.equal(cards.length, 1, 'the result surfaces exactly one potential issue card');"
"accelerated-launch/service/tests/sections/bm-prime-directive-batch1.cjs","86","bm-prime-directive-batch1","1","KEEP","Current behavior, evidence, isolation, source admission, or consumer contract.","check.ok(cards[0].explanation.includes('opened date later than its closed date'), 'the card states what the report says');"
"accelerated-launch/service/tests/sections/bm-prime-directive-batch1.cjs","87","bm-prime-directive-batch1","1","KEEP","Current behavior, evidence, isolation, source admission, or consumer contract.","check.ok(cards[0].uncertainty.includes('not, by itself, an established legal violation'), 'the card states the specific uncertainty');"
"accelerated-launch/service/tests/sections/bm-prime-directive-batch1.cjs","88","bm-prime-directive-batch1","1","KEEP","Current behavior, evidence, isolation, source admission, or consumer contract.","check.ok((result.issues || []).every((i) => i.confidence !== 'NOT_DETECTED'), 'NOT_DETECTED entries are never surfaced as issue cards');"
"accelerated-launch/service/tests/sections/bm-prime-directive-batch1.cjs","92","bm-prime-directive-batch1","1","KEEP","Current behavior, evidence, isolation, source admission, or consumer contract.","check.ok((benignEv.common_errors.performed || []).filter((c) => c.state === 'NOT_DETECTED').length >= 1, 'a benign account produces a NOT_DETECTED common-error entry');"
"accelerated-launch/service/tests/sections/bm-prime-directive-batch1.cjs","93","bm-prime-directive-batch1","1","KEEP","Current behavior, evidence, isolation, source admission, or consumer contract.","check.equal(issues.issuesFor({ evaluation: benignEv, extraction: benignExt }).filter((i) => i.confidence === 'POTENTIAL').length, 0, 'and NOT_DETECTED is never surfaced as an issue card');"
"accelerated-launch/service/tests/sections/bm-prime-directive-batch1.cjs","96","bm-prime-directive-batch1","1","KEEP","Current behavior, evidence, isolation, source admission, or consumer contract.","check.equal(pv.eligible_issues.length, 1, 'exactly one eligible issue (the potential discrepancy) is offered');"
"accelerated-launch/service/tests/sections/bm-prime-directive-batch1.cjs","97","bm-prime-directive-batch1","1","KEEP","Current behavior, evidence, isolation, source admission, or consumer contract.","check.equal(pv.eligible_issues[0].confidence, 'POTENTIAL', 'and it is a potential (verification) issue');"
"accelerated-launch/service/tests/sections/bm-prime-directive-batch1.cjs","98","bm-prime-directive-batch1","1","KEEP","Current behavior, evidence, isolation, source admission, or consumer contract.","check.ok(!/COMMON-ERROR|US-CA-CCRAA/.test(JSON.stringify(pv.eligible_issues[0])), 'the consumer view never exposes internal check/adapter ids');"
"accelerated-launch/service/tests/sections/bm-prime-directive-batch1.cjs","104","bm-prime-directive-batch1","1","KEEP","Current behavior, evidence, isolation, source admission, or consumer contract.","check.equal(approved.status, 200, 'approval succeeds');"
"accelerated-launch/service/tests/sections/bm-prime-directive-batch1.cjs","108","bm-prime-directive-batch1","1","KEEP","Current behavior, evidence, isolation, source admission, or consumer contract.","check.equal(dl.status, 200, 'the approved packet downloads');"
"accelerated-launch/service/tests/sections/bm-prime-directive-batch1.cjs","109","bm-prime-directive-batch1","1","KEEP","Current behavior, evidence, isolation, source admission, or consumer contract.","check.ok(/opened date later than its closed date/.test(dl.text), 'the request agrees with the reviewed facts');"
"accelerated-launch/service/tests/sections/bm-prime-directive-batch1.cjs","110","bm-prime-directive-batch1","1","KEEP","Current behavior, evidence, isolation, source admission, or consumer contract.","check.ok(/verify the opened and closed dates/.test(dl.text), 'with the recorded verification request wording');"
"accelerated-launch/service/tests/sections/bm-prime-directive-batch1.cjs","111","bm-prime-directive-batch1","1","KEEP","Current behavior, evidence, isolation, source admission, or consumer contract.","check.ok(/Request \(verification\)/.test(dl.text), 'and is labelled a verification request');"
"accelerated-launch/service/tests/sections/bm-prime-directive-batch1.cjs","112","bm-prime-directive-batch1","1","KEEP","Current behavior, evidence, isolation, source admission, or consumer contract.","check.ok(!/Request \(correction\)/.test(dl.text), 'no correction request is asserted');"
"accelerated-launch/service/tests/sections/bm-prime-directive-batch1.cjs","113","bm-prime-directive-batch1","1","KEEP","Current behavior, evidence, isolation, source admission, or consumer contract.","check.ok(!/established reporting issue/.test(dl.text), 'no definite reporting issue is asserted for a potential discrepancy');"
"accelerated-launch/service/tests/sections/bm-prime-directive-batch1.cjs","114","bm-prime-directive-batch1","1","KEEP","Current behavior, evidence, isolation, source admission, or consumer contract.","check.ok(dl.text.includes('Please confirm the correct opened and closed dates.'), 'and the consumer wording, in its own section');"
"accelerated-launch/service/tests/sections/bm-prime-directive-batch1.cjs","115","bm-prime-directive-batch1","1","KEEP","Current behavior, evidence, isolation, source admission, or consumer contract.","check.ok(dl.text.includes(approvedVersion), 'bound to the approved version');"
"accelerated-launch/service/tests/sections/bm-prime-directive-batch1.cjs","116","bm-prime-directive-batch1","1","KEEP","Current behavior, evidence, isolation, source admission, or consumer contract.","check.ok(!/not legal advi/i.test(dl.text), 'with no legal-advice disclaimer');"
"accelerated-launch/service/tests/sections/bm-prime-directive-batch1.cjs","121","bm-prime-directive-batch1","1","KEEP","Current behavior, evidence, isolation, source admission, or consumer contract.","check.equal((await service.request('GET', `/api/cases/${c.case_id}/packet`, { token: other.token })).status, 403, 'another account cannot read this packet');"
"accelerated-launch/service/tests/sections/bm-prime-directive-batch1.cjs","126","bm-prime-directive-batch1","1","KEEP","Current behavior, evidence, isolation, source admission, or consumer contract.","check.equal(stale.status, 409, 're-selecting invalidates the prior approval');"
"accelerated-launch/service/tests/sections/bm-prime-directive-batch1.cjs","127","bm-prime-directive-batch1","1","KEEP","Current behavior, evidence, isolation, source admission, or consumer contract.","check.equal(stale.json.error.code, 'PACKET_NOT_APPROVED', 'with the not-approved code');"
"accelerated-launch/service/tests/sections/bm-prime-directive-batch1.cjs","131","bm-prime-directive-batch1","1","KEEP","Current behavior, evidence, isolation, source admission, or consumer contract.","check.equal(bad.status, 400, 'an unknown issue id is refused');"
"accelerated-launch/service/tests/sections/bm-prime-directive-batch1.cjs","132","bm-prime-directive-batch1","1","KEEP","Current behavior, evidence, isolation, source admission, or consumer contract.","check.equal(bad.json.error.code, 'INVALID_FINDING_SELECTION', 'with the invalid-selection code');"
"accelerated-launch/service/tests/sections/bm-prime-directive-batch1.cjs","149","bm-prime-directive-batch1","1","KEEP","Current behavior, evidence, isolation, source admission, or consumer contract.","check.equal(probables.length, 1, 'a supported probable issue is produced');"
"accelerated-launch/service/tests/sections/bm-prime-directive-batch1.cjs","150","bm-prime-directive-batch1","1","KEEP","Current behavior, evidence, isolation, source admission, or consumer contract.","check.equal(probables[0].classification, 'PROBABLE_VIOLATION', 'retaining its PROBABLE_VIOLATION classification');"
"accelerated-launch/service/tests/sections/bm-prime-directive-batch1.cjs","151","bm-prime-directive-batch1","1","KEEP","Current behavior, evidence, isolation, source admission, or consumer contract.","check.equal(probables[0].basis_type, 'STATUTORY_RETENTION', 'as a statutory retention issue');"
"accelerated-launch/service/tests/sections/bm-prime-directive-batch1.cjs","152","bm-prime-directive-batch1","1","KEEP","Current behavior, evidence, isolation, source admission, or consumer contract.","check.equal(probables[0].request_type, 'VERIFICATION', 'with a verification (not correction) request');"
"accelerated-launch/service/tests/sections/bm-prime-directive-batch1.cjs","153","bm-prime-directive-batch1","1","KEEP","Current behavior, evidence, isolation, source admission, or consumer contract.","check.equal(probables[0].eligible, true, 'and it is packet-eligible');"
"accelerated-launch/service/tests/sections/bm-prime-directive-batch1.cjs","154","bm-prime-directive-batch1","1","KEEP","Current behavior, evidence, isolation, source admission, or consumer contract.","check.ok(probables[0].uncertainty.includes('cannot be established'), 'retaining its specific uncertainty');"
"accelerated-launch/service/tests/sections/bm-prime-directive-batch1.cjs","155","bm-prime-directive-batch1","1","KEEP","Current behavior, evidence, isolation, source admission, or consumer contract.","check.ok(probables[0].decisive_fact_unavailable, 'naming the decisive unavailable fact');"
"accelerated-launch/service/tests/sections/bm-prime-directive-batch1.cjs","162","bm-prime-directive-batch1","1","KEEP","Current behavior, evidence, isolation, source admission, or consumer contract.","check.equal(pUp.status, 201, 'the bankruptcy public-record report uploads');"
"accelerated-launch/service/tests/sections/bm-prime-directive-batch1.cjs","164","bm-prime-directive-batch1","1","KEEP","Current behavior, evidence, isolation, source admission, or consumer contract.","check.equal(pEval.status, 201, 'and evaluates through the upload path');"
"accelerated-launch/service/tests/sections/bm-prime-directive-batch1.cjs","167","bm-prime-directive-batch1","1","KEEP","Current behavior, evidence, isolation, source admission, or consumer contract.","check.ok(pProbable, 'the probable issue is offered for selection');"
"accelerated-launch/service/tests/sections/bm-prime-directive-batch1.cjs","168","bm-prime-directive-batch1","1","KEEP","Current behavior, evidence, isolation, source admission, or consumer contract.","check.ok(pProbable.uncertainty.includes('cannot be established'), 'with its specific uncertainty in the review');"
"accelerated-launch/service/tests/sections/bm-prime-directive-batch1.cjs","172","bm-prime-directive-batch1","1","KEEP","Current behavior, evidence, isolation, source admission, or consumer contract.","check.equal(pDl.status, 200, 'the probable issue downloads');"
"accelerated-launch/service/tests/sections/bm-prime-directive-batch1.cjs","173","bm-prime-directive-batch1","1","KEEP","Current behavior, evidence, isolation, source admission, or consumer contract.","check.ok(/probable reporting issue/.test(pDl.text), 'as a probable (not definite) reporting issue');"
"accelerated-launch/service/tests/sections/bm-prime-directive-batch1.cjs","174","bm-prime-directive-batch1","1","KEEP","Current behavior, evidence, isolation, source admission, or consumer contract.","check.ok(/verify the event date/.test(pDl.text), 'with a verification request');"
"accelerated-launch/service/tests/sections/bm-prime-directive-batch1.cjs","175","bm-prime-directive-batch1","1","KEEP","Current behavior, evidence, isolation, source admission, or consumer contract.","check.ok(!/established reporting issue/.test(pDl.text), 'never asserting a definite breach');"
"accelerated-launch/service/tests/sections/bn-prime-directive-ui.cjs","107","bn-prime-directive-ui","1","KEEP","Current behavior, evidence, isolation, source admission, or consumer contract.","check.ok(/Potential reporting issues for your review/.test(panel.innerHTML), 'the results step renders the potential-issue section');"
"accelerated-launch/service/tests/sections/bn-prime-directive-ui.cjs","108","bn-prime-directive-ui","1","KEEP","Current behavior, evidence, isolation, source admission, or consumer contract.","check.ok(/opened date later than its closed date/.test(panel.innerHTML), 'and states what the report says');"
"accelerated-launch/service/tests/sections/bn-prime-directive-ui.cjs","109","bn-prime-directive-ui","1","KEEP","Current behavior, evidence, isolation, source admission, or consumer contract.","check.ok(/not, by itself, an established legal violation/.test(panel.innerHTML), 'and its specific uncertainty');"
"accelerated-launch/service/tests/sections/bn-prime-directive-ui.cjs","110","bn-prime-directive-ui","1","KEEP","Current behavior, evidence, isolation, source admission, or consumer contract.","check.ok(!/NOT_DETECTED/.test(panel.innerHTML), 'and never surfaces a NOT_DETECTED diagnostic as a card');"
"accelerated-launch/service/tests/sections/bn-prime-directive-ui.cjs","116","bn-prime-directive-ui","1","KEEP","Current behavior, evidence, isolation, source admission, or consumer contract.","check.ok(packetBlock, 'the review step mounts the correction-packet block');"
"accelerated-launch/service/tests/sections/bn-prime-directive-ui.cjs","117","bn-prime-directive-ui","1","KEEP","Current behavior, evidence, isolation, source admission, or consumer contract.","check.ok(/Correction packet/.test(packetBlock.innerHTML), 'with a correction-packet heading');"
"accelerated-launch/service/tests/sections/bn-prime-directive-ui.cjs","118","bn-prime-directive-ui","1","KEEP","Current behavior, evidence, isolation, source admission, or consumer contract.","check.ok(/POTENTIAL REPORTING ISSUE/.test(packetBlock.innerHTML), 'with the confidence label');"
"accelerated-launch/service/tests/sections/bn-prime-directive-ui.cjs","119","bn-prime-directive-ui","1","KEEP","Current behavior, evidence, isolation, source admission, or consumer contract.","check.ok(/opened date later than its closed date/.test(packetBlock.innerHTML), 'with the issue explanation');"
"accelerated-launch/service/tests/sections/bn-prime-directive-ui.cjs","120","bn-prime-directive-ui","1","KEEP","Current behavior, evidence, isolation, source admission, or consumer contract.","check.ok(/data-check-issue=/.test(packetBlock.innerHTML), 'with a per-issue selection checkbox');"
"accelerated-launch/service/tests/sections/bn-prime-directive-ui.cjs","121","bn-prime-directive-ui","1","KEEP","Current behavior, evidence, isolation, source admission, or consumer contract.","check.ok(/packet-wording/.test(packetBlock.innerHTML), 'with a consumer wording textarea kept separate from the report facts');"
"accelerated-launch/service/tests/sections/bn-prime-directive-ui.cjs","122","bn-prime-directive-ui","1","KEEP","Current behavior, evidence, isolation, source admission, or consumer contract.","check.ok(/Approve this version/.test(packetBlock.innerHTML), 'with an explicit approve action');"
"accelerated-launch/service/tests/sections/bn-prime-directive-ui.cjs","123","bn-prime-directive-ui","1","KEEP","Current behavior, evidence, isolation, source admission, or consumer contract.","check.ok(/Download correction packet/.test(packetBlock.innerHTML), 'and a download action');"
"accelerated-launch/service/tests/sections/bn-prime-directive-ui.cjs","124","bn-prime-directive-ui","1","KEEP","Current behavior, evidence, isolation, source admission, or consumer contract.","check.ok(dom.calls.includes('GET /api/cases/case_stub/packet'), 'the packet state is fetched from the service');"
"accelerated-launch/service/tests/sections/bo-prime-directive-interaction.cjs","111","bo-prime-directive-interaction","1","KEEP","Current behavior, evidence, isolation, source admission, or consumer contract.","check.equal((await service.request('POST', `/api/cases/${c.case_id}/files`, { token: owner.token, body: uploadBody(pdf, 'contra.pdf') })).status, 201, 'the fictional report uploads');"
"accelerated-launch/service/tests/sections/bo-prime-directive-interaction.cjs","112","bo-prime-directive-interaction","1","KEEP","Current behavior, evidence, isolation, source admission, or consumer contract.","check.equal((await service.request('POST', `/api/cases/${c.case_id}/evaluate`, { token: owner.token })).status, 201, 'evaluation succeeds');"
"accelerated-launch/service/tests/sections/bo-prime-directive-interaction.cjs","116","bo-prime-directive-interaction","1","KEEP","Current behavior, evidence, isolation, source admission, or consumer contract.","check.ok(potential, 'the real result carries the potential issue');"
"accelerated-launch/service/tests/sections/bo-prime-directive-interaction.cjs","132","bo-prime-directive-interaction","1","KEEP","Current behavior, evidence, isolation, source admission, or consumer contract.","check.ok(/Correction packet/.test(block.innerHTML), 'the packet block renders against the real service');"
"accelerated-launch/service/tests/sections/bo-prime-directive-interaction.cjs","145","bo-prime-directive-interaction","1","KEEP","Current behavior, evidence, isolation, source admission, or consumer contract.","check.ok(dom.calls.some((x) => /POST .*packet\/approve/.test(x)), 'the approve endpoint is called');"
"accelerated-launch/service/tests/sections/bo-prime-directive-interaction.cjs","146","bo-prime-directive-interaction","1","KEEP","Current behavior, evidence, isolation, source admission, or consumer contract.","check.ok(dom.calls.some((x) => /POST .*packet\/wording/.test(x)), 'the wording endpoint is called');"
"accelerated-launch/service/tests/sections/bo-prime-directive-interaction.cjs","147","bo-prime-directive-interaction","1","KEEP","Current behavior, evidence, isolation, source admission, or consumer contract.","check.equal(vm.runInContext('state.error', ctx), null, 'no UI error during the approve');"
"accelerated-launch/service/tests/sections/bo-prime-directive-interaction.cjs","151","bo-prime-directive-interaction","1","KEEP","Current behavior, evidence, isolation, source admission, or consumer contract.","check.ok(dom.calls.some((x) => /NAVIGATE .*packet-download/.test(x)), 'the UI navigates to the packet download');"
"accelerated-launch/service/tests/sections/bo-prime-directive-interaction.cjs","154","bo-prime-directive-interaction","1","KEEP","Current behavior, evidence, isolation, source admission, or consumer contract.","check.equal(pvAfter.packet.approved, true, 'the packet is approved after the UI approve action');"
"accelerated-launch/service/tests/sections/bo-prime-directive-interaction.cjs","155","bo-prime-directive-interaction","1","KEEP","Current behavior, evidence, isolation, source admission, or consumer contract.","check.equal(pvAfter.packet.selected_count, 1, 'with one issue selected');"
"accelerated-launch/service/tests/sections/bo-prime-directive-interaction.cjs","158","bo-prime-directive-interaction","1","KEEP","Current behavior, evidence, isolation, source admission, or consumer contract.","check.equal(dl.status, 200, 'the matching packet downloads');"
"accelerated-launch/service/tests/sections/bo-prime-directive-interaction.cjs","159","bo-prime-directive-interaction","1","KEEP","Current behavior, evidence, isolation, source admission, or consumer contract.","check.ok(/opened date later than its closed date/.test(dl.text), 'and agrees with the reviewed facts');"
"accelerated-launch/service/tests/sections/bo-prime-directive-interaction.cjs","160","bo-prime-directive-interaction","1","KEEP","Current behavior, evidence, isolation, source admission, or consumer contract.","check.ok(dl.text.includes('Changed wording (unsaved before approve).'), 'and carries the wording the consumer saw at approval, not the earlier saved wording');"
"accelerated-launch/service/tests/sections/bo-prime-directive-interaction.cjs","161","bo-prime-directive-interaction","1","KEEP","Current behavior, evidence, isolation, source admission, or consumer contract.","check.ok(!dl.text.includes('First wording.'), 'and not the older saved wording');"
"accelerated-launch/service/tests/sections/bo-prime-directive-interaction.cjs","162","bo-prime-directive-interaction","1","KEEP","Current behavior, evidence, isolation, source admission, or consumer contract.","check.ok(!/not legal advi/i.test(dl.text), 'with no legal-advice disclaimer');"
"accelerated-launch/service/tests/sections/bo-prime-directive-interaction.cjs","169","bo-prime-directive-interaction","1","KEEP","Current behavior, evidence, isolation, source admission, or consumer contract.","check.equal(dom.elementById('packet-download').disabled, true, 'editing wording after approval disables the download until re-approval');"
"accelerated-launch/service/tests/sections/bp-prime-directive-batch2.cjs","107","bp-prime-directive-batch2","1","KEEP","Current behavior, evidence, isolation, source admission, or consumer contract.","check.equal(pastDueIssues.length, 1, 'past-due > balance produces one potential issue');"
"accelerated-launch/service/tests/sections/bp-prime-directive-batch2.cjs","108","bp-prime-directive-batch2","1","KEEP","Current behavior, evidence, isolation, source admission, or consumer contract.","check.equal(pastDueIssues[0].reason, 'PAST_DUE_EXCEEDS_BALANCE', 'with the past-due reason');"
"accelerated-launch/service/tests/sections/bp-prime-directive-batch2.cjs","109","bp-prime-directive-batch2","1","KEEP","Current behavior, evidence, isolation, source admission, or consumer contract.","check.equal(pastDueIssues[0].classification, null, 'and never a legal classification');"
"accelerated-launch/service/tests/sections/bp-prime-directive-batch2.cjs","110","bp-prime-directive-batch2","1","KEEP","Current behavior, evidence, isolation, source admission, or consumer contract.","check.equal(pastDueIssues[0].request_type, 'VERIFICATION', 'with a verification request');"
"accelerated-launch/service/tests/sections/bp-prime-directive-batch2.cjs","111","bp-prime-directive-batch2","1","KEEP","Current behavior, evidence, isolation, source admission, or consumer contract.","check.ok(/past-due amount/.test(pastDueIssues[0].explanation), 'explaining the discrepancy');"
"accelerated-launch/service/tests/sections/bp-prime-directive-batch2.cjs","114","bp-prime-directive-batch2","1","KEEP","Current behavior, evidence, isolation, source admission, or consumer contract.","check.equal(benign.iss.filter((i) => i.check_id === 'COMMON-ERROR-BALANCE-PAYMENT-INCONSISTENCY').length, 0, 'a past-due amount at or below the balance is never flagged');"
"accelerated-launch/service/tests/sections/bp-prime-directive-batch2.cjs","117","bp-prime-directive-batch2","1","KEEP","Current behavior, evidence, isolation, source admission, or consumer contract.","check.equal(paymentOnly.iss.filter((i) => i.check_id === 'COMMON-ERROR-BALANCE-PAYMENT-INCONSISTENCY').length, 0, 'a payment above the balance is NOT promoted (payment meaning and timing matter)');"
"accelerated-launch/service/tests/sections/bp-prime-directive-batch2.cjs","122","bp-prime-directive-batch2","1","KEEP","Current behavior, evidence, isolation, source admission, or consumer contract.","check.equal(dupIssues.length, 1, 'a corroborated potential duplicate produces one issue');"
"accelerated-launch/service/tests/sections/bp-prime-directive-batch2.cjs","123","bp-prime-directive-batch2","1","KEEP","Current behavior, evidence, isolation, source admission, or consumer contract.","check.equal(dupIssues[0].classification, null, 'and never a legal classification');"
"accelerated-launch/service/tests/sections/bp-prime-directive-batch2.cjs","124","bp-prime-directive-batch2","1","KEEP","Current behavior, evidence, isolation, source admission, or consumer contract.","check.ok(/may be the same account reported twice/.test(dupIssues[0].explanation), 'with qualified potential-duplicate wording');"
"accelerated-launch/service/tests/sections/bp-prime-directive-batch2.cjs","125","bp-prime-directive-batch2","1","KEEP","Current behavior, evidence, isolation, source admission, or consumer contract.","check.ok(/unconfirmed/.test(dupIssues[0].uncertainty), 'stating the duplication is unconfirmed');"
"accelerated-launch/service/tests/sections/bp-prime-directive-batch2.cjs","128","bp-prime-directive-batch2","1","KEEP","Current behavior, evidence, isolation, source admission, or consumer contract.","check.equal(noCorroboration.iss.filter((i) => i.check_id === 'COMMON-ERROR-DUPLICATE-REPORTING').length, 0, 'same identity with contradicting balances is never promoted as a duplicate');"
"accelerated-launch/service/tests/sections/bp-prime-directive-batch2.cjs","133","bp-prime-directive-batch2","1","KEEP","Current behavior, evidence, isolation, source admission, or consumer contract.","check.equal(respIssues.length, 1, 'conflicting responsibility labels on the same corroborated account produce one issue');"
"accelerated-launch/service/tests/sections/bp-prime-directive-batch2.cjs","134","bp-prime-directive-batch2","1","KEEP","Current behavior, evidence, isolation, source admission, or consumer contract.","check.equal(respIssues[0].classification, null, 'and never a legal classification');"
"accelerated-launch/service/tests/sections/bp-prime-directive-batch2.cjs","135","bp-prime-directive-batch2","1","KEEP","Current behavior, evidence, isolation, source admission, or consumer contract.","check.ok(/two different responsibility labels/.test(respIssues[0].explanation), 'explaining the conflict');"
"accelerated-launch/service/tests/sections/bp-prime-directive-batch2.cjs","136","bp-prime-directive-batch2","1","KEEP","Current behavior, evidence, isolation, source admission, or consumer contract.","check.ok(/joint account|authorized-user/.test(respIssues[0].uncertainty), 'with the benign alternatives');"
"accelerated-launch/service/tests/sections/bp-prime-directive-batch2.cjs","143","bp-prime-directive-batch2","1","KEEP","Current behavior, evidence, isolation, source admission, or consumer contract.","check.equal((await service.request('POST', `/api/cases/${c.case_id}/files`, { token: owner.token, body: uploadBody(pdf, 'balance.pdf') })).status, 201, 'the balance report uploads');"
"accelerated-launch/service/tests/sections/bp-prime-directive-batch2.cjs","144","bp-prime-directive-batch2","1","KEEP","Current behavior, evidence, isolation, source admission, or consumer contract.","check.equal((await service.request('POST', `/api/cases/${c.case_id}/evaluate`, { token: owner.token })).status, 201, 'evaluation succeeds');"
"accelerated-launch/service/tests/sections/bp-prime-directive-batch2.cjs","147","bp-prime-directive-batch2","1","KEEP","Current behavior, evidence, isolation, source admission, or consumer contract.","check.ok(balIssue, 'the past-due issue is offered for selection');"
"accelerated-launch/service/tests/sections/bp-prime-directive-batch2.cjs","148","bp-prime-directive-batch2","1","KEEP","Current behavior, evidence, isolation, source admission, or consumer contract.","check.ok(balIssue.source_facts && balIssue.source_facts.some((f) => f.raw_value), 'with the printed balance/past-due raw provenance carried through');"
"accelerated-launch/service/tests/sections/bp-prime-directive-batch2.cjs","152","bp-prime-directive-batch2","1","KEEP","Current behavior, evidence, isolation, source admission, or consumer contract.","check.equal(dl.status, 200, 'the balance/past-due packet downloads');"
"accelerated-launch/service/tests/sections/bp-prime-directive-batch2.cjs","153","bp-prime-directive-batch2","1","KEEP","Current behavior, evidence, isolation, source admission, or consumer contract.","check.ok(/past-due amount/.test(dl.text), 'with the factual verification request');"
"accelerated-launch/service/tests/sections/bp-prime-directive-batch2.cjs","154","bp-prime-directive-batch2","1","KEEP","Current behavior, evidence, isolation, source admission, or consumer contract.","check.ok(/verify the balance/.test(dl.text), 'and the recorded request wording');"
"accelerated-launch/service/tests/sections/bp-prime-directive-batch2.cjs","155","bp-prime-directive-batch2","1","KEEP","Current behavior, evidence, isolation, source admission, or consumer contract.","check.ok(/not, by itself, an established legal violation/.test(dl.text), 'stating it is not an established legal violation');"
"accelerated-launch/service/tests/sections/bp-prime-directive-batch2.cjs","156","bp-prime-directive-batch2","1","KEEP","Current behavior, evidence, isolation, source admission, or consumer contract.","check.ok(!/established reporting issue/.test(dl.text), 'never asserting a definite reporting issue');"
"accelerated-launch/service/tests/sections/bp-prime-directive-batch2.cjs","161","bp-prime-directive-batch2","1","KEEP","Current behavior, evidence, isolation, source admission, or consumer contract.","check.equal(dupRun.up.status, 201, 'the duplicate report uploads');"
"accelerated-launch/service/tests/sections/bp-prime-directive-batch2.cjs","162","bp-prime-directive-batch2","1","KEEP","Current behavior, evidence, isolation, source admission, or consumer contract.","check.equal(dupRun.ev.status, 201, 'and evaluates');"
"accelerated-launch/service/tests/sections/bp-prime-directive-batch2.cjs","163","bp-prime-directive-batch2","1","KEEP","Current behavior, evidence, isolation, source admission, or consumer contract.","check.ok(dupRun.issue, 'the potential duplicate is offered for selection');"
"accelerated-launch/service/tests/sections/bp-prime-directive-batch2.cjs","164","bp-prime-directive-batch2","1","KEEP","Current behavior, evidence, isolation, source admission, or consumer contract.","check.ok(dupRun.issue.uncertainty.includes('unconfirmed'), 'with qualified potential-duplicate wording in the review');"
"accelerated-launch/service/tests/sections/bp-prime-directive-batch2.cjs","165","bp-prime-directive-batch2","1","KEEP","Current behavior, evidence, isolation, source admission, or consumer contract.","check.equal(dupRun.dl.status, 200, 'the potential-duplicate packet downloads');"
"accelerated-launch/service/tests/sections/bp-prime-directive-batch2.cjs","166","bp-prime-directive-batch2","1","KEEP","Current behavior, evidence, isolation, source admission, or consumer contract.","check.ok(/reported twice/.test(dupRun.dl.text), 'with the qualified potential-duplicate request');"
"accelerated-launch/service/tests/sections/bp-prime-directive-batch2.cjs","167","bp-prime-directive-batch2","1","KEEP","Current behavior, evidence, isolation, source admission, or consumer contract.","check.ok(/verify whether/.test(dupRun.dl.text), 'and the recorded verification wording');"
"accelerated-launch/service/tests/sections/bp-prime-directive-batch2.cjs","168","bp-prime-directive-batch2","1","KEEP","Current behavior, evidence, isolation, source admission, or consumer contract.","check.ok(!/established reporting issue/.test(dupRun.dl.text), 'never asserting a definite finding');"
"accelerated-launch/service/tests/sections/bp-prime-directive-batch2.cjs","173","bp-prime-directive-batch2","1","KEEP","Current behavior, evidence, isolation, source admission, or consumer contract.","check.equal(respRun.up.status, 201, 'the responsibility report uploads');"
"accelerated-launch/service/tests/sections/bp-prime-directive-batch2.cjs","174","bp-prime-directive-batch2","1","KEEP","Current behavior, evidence, isolation, source admission, or consumer contract.","check.equal(respRun.ev.status, 201, 'and evaluates');"
"accelerated-launch/service/tests/sections/bp-prime-directive-batch2.cjs","175","bp-prime-directive-batch2","1","KEEP","Current behavior, evidence, isolation, source admission, or consumer contract.","check.ok(respRun.issue, 'the responsibility conflict is offered for selection');"
"accelerated-launch/service/tests/sections/bp-prime-directive-batch2.cjs","176","bp-prime-directive-batch2","1","KEEP","Current behavior, evidence, isolation, source admission, or consumer contract.","check.ok(respRun.issue.uncertainty.includes('joint account'), 'with the benign alternatives in the review');"
"accelerated-launch/service/tests/sections/bp-prime-directive-batch2.cjs","177","bp-prime-directive-batch2","1","KEEP","Current behavior, evidence, isolation, source admission, or consumer contract.","check.equal(respRun.dl.status, 200, 'the responsibility packet downloads');"
"accelerated-launch/service/tests/sections/bp-prime-directive-batch2.cjs","178","bp-prime-directive-batch2","1","KEEP","Current behavior, evidence, isolation, source admission, or consumer contract.","check.ok(/responsibility labels/.test(respRun.dl.text), 'with the factual verification request');"
"accelerated-launch/service/tests/sections/bp-prime-directive-batch2.cjs","179","bp-prime-directive-batch2","1","KEEP","Current behavior, evidence, isolation, source admission, or consumer contract.","check.ok(/verify the responsibility/.test(respRun.dl.text), 'and the recorded request wording');"
"accelerated-launch/service/tests/sections/bp-prime-directive-batch2.cjs","186","bp-prime-directive-batch2","1","KEEP","Current behavior, evidence, isolation, source admission, or consumer contract.","check.equal(staleDl.status, 409, 'editing wording after approval invalidates the approval');"
"accelerated-launch/service/tests/sections/bp-prime-directive-batch2.cjs","187","bp-prime-directive-batch2","1","KEEP","Current behavior, evidence, isolation, source admission, or consumer contract.","check.equal(staleDl.json.error.code, 'PACKET_NOT_APPROVED', 'and the download is refused, never the older approved packet');"
"accelerated-launch/service/tests/sections/bq-format-capability.cjs","57","bq-format-capability","1","KEEP","Current behavior, evidence, isolation, source admission, or consumer contract.","check.equal(posIssues.length, 1, 'the AU liability record maps onto the account-dates issue');"
"accelerated-launch/service/tests/sections/bq-format-capability.cjs","58","bq-format-capability","1","KEEP","Current behavior, evidence, isolation, source admission, or consumer contract.","check.equal(posIssues[0].classification, null, 'never a legal classification');"
"accelerated-launch/service/tests/sections/bq-format-capability.cjs","59","bq-format-capability","1","KEEP","Current behavior, evidence, isolation, source admission, or consumer contract.","check.equal(posIssues[0].request_type, 'VERIFICATION', 'as a verification request');"
"accelerated-launch/service/tests/sections/bq-format-capability.cjs","60","bq-format-capability","1","KEEP","Current behavior, evidence, isolation, source admission, or consumer contract.","check.ok(posIssues[0].source_facts.some((f) => f.raw_value === '1 January 2020' && f.normalized_value === '2020-01-01'), 'with the printed opened date carried as raw + normalized provenance');"
"accelerated-launch/service/tests/sections/bq-format-capability.cjs","62","bq-format-capability","1","KEEP","Current behavior, evidence, isolation, source admission, or consumer contract.","check.ok(material.includes('1 January 2020') && material.includes('2020-01-01'), 'and the packet material content carries the same raw reading');"
"accelerated-launch/service/tests/sections/bq-format-capability.cjs","71","bq-format-capability","1","KEEP","Current behavior, evidence, isolation, source admission, or consumer contract.","check.equal(benign.iss.filter((i) => i.check_id === 'COMMON-ERROR-ACCOUNT-DATES-CONTRADICTORY').length, 0, 'consistent AU liability dates produce no issue');"
"accelerated-launch/service/tests/sections/bq-format-capability.cjs","82","bq-format-capability","1","KEEP","Current behavior, evidence, isolation, source admission, or consumer contract.","check.equal(us.iss.length, 0, 'no selectable issue is produced from fields that none of the six checks read');"
"accelerated-launch/service/tests/sections/bq-format-capability.cjs","86","bq-format-capability","1","KEEP","Current behavior, evidence, isolation, source admission, or consumer contract.","check.equal(capAU.checks['COMMON-ERROR-ACCOUNT-DATES-CONTRADICTORY'].supported, true, 'AU supplies the account-dates fields');"
"accelerated-launch/service/tests/sections/bq-format-capability.cjs","87","bq-format-capability","1","KEEP","Current behavior, evidence, isolation, source admission, or consumer contract.","check.equal(capAU.checks['COMMON-ERROR-BALANCE-PAYMENT-INCONSISTENCY'].supported, false, 'AU does not supply balance/past-due amounts');"
"accelerated-launch/service/tests/sections/bq-format-capability.cjs","88","bq-format-capability","1","KEEP","Current behavior, evidence, isolation, source admission, or consumer contract.","check.deepEqual(capAU.checks['COMMON-ERROR-BALANCE-PAYMENT-INCONSISTENCY'].missing_fields, ['account.balance', 'account.pastDueAmount'], 'and the gap is named precisely');"
"accelerated-launch/service/tests/sections/bq-format-capability.cjs","89","bq-format-capability","1","KEEP","Current behavior, evidence, isolation, source admission, or consumer contract.","check.equal(capAU.checks['COMMON-ERROR-DUPLICATE-REPORTING'].supported, false, 'AU does not supply a masked account identifier (its printed account number is an unmasked bureau reference)');"
"accelerated-launch/service/tests/sections/bq-format-capability.cjs","90","bq-format-capability","1","KEEP","Current behavior, evidence, isolation, source admission, or consumer contract.","check.deepEqual(capAU.checks['COMMON-ERROR-DUPLICATE-REPORTING'].missing_fields, ['account.masked_identifier', 'account.reported_identity'], 'naming the duplicate identity gap exactly');"
"accelerated-launch/service/tests/sections/bq-format-capability.cjs","93","bq-format-capability","1","KEEP","Current behavior, evidence, isolation, source admission, or consumer contract.","check.equal(capAUStatus.checks['COMMON-ERROR-STATUS-DATE-CONTRADICTION'].supported, false, 'AU does not supply a lifecycle status (its ""Current Repayment Status"" is repayment performance, never mapped to the lifecycle status fact)');"
"accelerated-launch/service/tests/sections/bq-format-capability.cjs","100","bq-format-capability","1","KEEP","Current behavior, evidence, isolation, source admission, or consumer contract.","check.ok(Object.values(capUS.checks).every((c) => c.supported === false), 'the US-Experian surface supports none of the six issue types today');"
"accelerated-launch/service/tests/sections/bq-format-capability.cjs","101","bq-format-capability","1","KEEP","Current behavior, evidence, isolation, source admission, or consumer contract.","check.deepEqual(capUS.checks['COMMON-ERROR-ACCOUNT-DATES-CONTRADICTORY'].missing_fields, ['liability.openedDate', 'liability.closedDate'], 'naming the account-dates gap exactly');"
"accelerated-launch/service/tests/sections/bq-format-capability.cjs","105","bq-format-capability","1","KEEP","Current behavior, evidence, isolation, source admission, or consumer contract.","check.ok(Object.values(capGeneral.checks).every((c) => c === true), 'the general-intake reader can structurally supply every one of the six issue types');"
"accelerated-launch/service/tests/sections/bq-format-capability.cjs","108","bq-format-capability","1","KEEP","Current behavior, evidence, isolation, source admission, or consumer contract.","check.equal(capAUReader.checks['COMMON-ERROR-ACCOUNT-DATES-CONTRADICTORY'], true, 'the AU reader supports account-dates');"
"accelerated-launch/service/tests/sections/bq-format-capability.cjs","109","bq-format-capability","1","KEEP","Current behavior, evidence, isolation, source admission, or consumer contract.","check.equal(capAUReader.checks['COMMON-ERROR-STATUS-DATE-CONTRADICTION'], false, 'but not status/closure (no lifecycle status is mapped)');"
"accelerated-launch/service/tests/sections/bq-format-capability.cjs","110","bq-format-capability","1","KEEP","Current behavior, evidence, isolation, source admission, or consumer contract.","check.equal(capAUReader.checks['COMMON-ERROR-DUPLICATE-REPORTING'], false, 'nor duplicate (its account number is an unmasked bureau reference, never a masked identifier)');"
"accelerated-launch/service/tests/sections/bq-format-capability.cjs","111","bq-format-capability","1","KEEP","Current behavior, evidence, isolation, source admission, or consumer contract.","check.equal(capAUReader.checks['COMMON-ERROR-BALANCE-PAYMENT-INCONSISTENCY'], false, 'nor balance/past-due (no amount pair)');"
"accelerated-launch/service/tests/sections/bq-format-capability.cjs","112","bq-format-capability","1","KEEP","Current behavior, evidence, isolation, source admission, or consumer contract.","check.equal(capAUReader.checks['COMMON-ERROR-RESPONSIBILITY-INCONSISTENCY'], false, 'nor responsibility (no responsibility label)');"
"accelerated-launch/service/tests/sections/bq-format-capability.cjs","113","bq-format-capability","1","KEEP","Current behavior, evidence, isolation, source admission, or consumer contract.","check.equal(capAUReader.checks['COMMON-ERROR-PAYMENT-HISTORY-INCONSISTENCY'], false, 'nor payment-history (no graphical payment-history cell read)');"
"accelerated-launch/service/tests/sections/bq-format-capability.cjs","114","bq-format-capability","1","KEEP","Current behavior, evidence, isolation, source admission, or consumer contract.","check.equal(commonErrors.presentationCapability('US-CONSUMER-DISCLOSURE').checks['COMMON-ERROR-ACCOUNT-DATES-CONTRADICTORY'], false, 'the US reader supports no account-dates field');"
"accelerated-launch/service/tests/sections/bq-format-capability.cjs","115","bq-format-capability","1","KEEP","Current behavior, evidence, isolation, source admission, or consumer contract.","check.equal(commonErrors.presentationCapability('FAM-GB-EXP-CONSUMER').checks['COMMON-ERROR-ACCOUNT-DATES-CONTRADICTORY'], true, 'the GB reader now maps Started/Settled to account-dates');"
"accelerated-launch/service/tests/sections/bq-format-capability.cjs","116","bq-format-capability","1","KEEP","Current behavior, evidence, isolation, source admission, or consumer contract.","check.equal(commonErrors.presentationCapability('FAM-TU-CA').checks['COMMON-ERROR-ACCOUNT-DATES-CONTRADICTORY'], true, 'and the TU-CA reader maps Opened/Closed Date to account-dates');"
"accelerated-launch/service/tests/sections/br-qualified-assessment.cjs","32","br-qualified-assessment","1","KEEP","Current behavior, evidence, isolation, source admission, or consumer contract.","check.ok(positive.row, 'the adverse-rating rule runs');"
"accelerated-launch/service/tests/sections/br-qualified-assessment.cjs","33","br-qualified-assessment","1","KEEP","Current behavior, evidence, isolation, source admission, or consumer contract.","check.equal(positive.row.machine.outcome, 'PERIOD_EXCEEDED', 'with the retention period exceeded');"
"accelerated-launch/service/tests/sections/br-qualified-assessment.cjs","34","br-qualified-assessment","1","KEEP","Current behavior, evidence, isolation, source admission, or consumer contract.","check.equal(positive.row.machine.finding.classification, 'PROBABLE_VIOLATION', 'an unresolved exception derives PROBABLE, never VIOLATION');"
"accelerated-launch/service/tests/sections/br-qualified-assessment.cjs","35","br-qualified-assessment","1","KEEP","Current behavior, evidence, isolation, source admission, or consumer contract.","check.equal(positive.row.machine.finding.decisive_fact_unavailable, 'exception:credit-transaction-150k', 'and the unresolved exception is named exactly');"
"accelerated-launch/service/tests/sections/br-qualified-assessment.cjs","36","br-qualified-assessment","1","KEEP","Current behavior, evidence, isolation, source admission, or consumer contract.","check.ok(positive.row.machine.finding.decisive_facts.every((d) => d.unavailable_from_resolved_reading === true), 'each unresolved exception is a decisive fact unavailable from a resolved reading');"
"accelerated-launch/service/tests/sections/br-qualified-assessment.cjs","40","br-qualified-assessment","1","KEEP","Current behavior, evidence, isolation, source admission, or consumer contract.","check.equal(posIssues.length, 1, 'the qualified concern becomes one consumer issue');"
"accelerated-launch/service/tests/sections/br-qualified-assessment.cjs","41","br-qualified-assessment","1","KEEP","Current behavior, evidence, isolation, source admission, or consumer contract.","check.equal(posIssues[0].request_type, 'VERIFICATION', 'as a verification request (never a correction)');"
"accelerated-launch/service/tests/sections/br-qualified-assessment.cjs","42","br-qualified-assessment","1","KEEP","Current behavior, evidence, isolation, source admission, or consumer contract.","check.ok(/cannot be determined from your report/.test(posIssues[0].explanation), 'stating the exception cannot be determined');"
"accelerated-launch/service/tests/sections/br-qualified-assessment.cjs","43","br-qualified-assessment","1","KEEP","Current behavior, evidence, isolation, source admission, or consumer contract.","check.ok(/credit transaction involving \$150,000/.test(posIssues[0].uncertainty), 'naming the benign alternative (a permitted use)');"
"accelerated-launch/service/tests/sections/br-qualified-assessment.cjs","44","br-qualified-assessment","1","KEEP","Current behavior, evidence, isolation, source admission, or consumer contract.","check.ok(/not an established one/.test(posIssues[0].uncertainty), 'staying probable, never established');"
"accelerated-launch/service/tests/sections/br-qualified-assessment.cjs","48","br-qualified-assessment","1","KEEP","Current behavior, evidence, isolation, source admission, or consumer contract.","check.equal(inPeriod.row.machine.finding, null, 'an in-period adverse date yields no finding');"
"accelerated-launch/service/tests/sections/br-qualified-assessment.cjs","52","br-qualified-assessment","1","KEEP","Current behavior, evidence, isolation, source admission, or consumer contract.","check.ok(!missing.row || missing.row.machine.finding === null, 'a missing anchor yields no finding (missing information is not a concern)');"
"accelerated-launch/service/tests/sections/br-qualified-assessment.cjs","61","br-qualified-assessment","1","KEEP","Current behavior, evidence, isolation, source admission, or consumer contract.","check.equal(caA8.finding, null, 'California (a)(8) stays disabled as a definite violation');"
"accelerated-launch/service/tests/sections/br-qualified-assessment.cjs","62","br-qualified-assessment","1","KEEP","Current behavior, evidence, isolation, source admission, or consumer contract.","check.equal(caA8.finding_emitted, false, 'and emits no finding through the qualified path');"
"accelerated-launch/service/tests/sections/br-qualified-assessment.cjs","68","br-qualified-assessment","1","KEEP","Current behavior, evidence, isolation, source admission, or consumer contract.","check.equal(defRow.machine.finding.classification, 'VIOLATION', 'an ordinary expired order-for-relief stays a definite VIOLATION');"
"accelerated-launch/service/tests/sections/bs-prime-directive-delivery.cjs","86","bs-prime-directive-delivery","1","KEEP","Current behavior, evidence, isolation, source admission, or consumer contract.","check.equal(up.status, 201, 'the adverse-rating report uploads');"
"accelerated-launch/service/tests/sections/bs-prime-directive-delivery.cjs","88","bs-prime-directive-delivery","1","KEEP","Current behavior, evidence, isolation, source admission, or consumer contract.","check.equal(ev.status, 201, 'and evaluates');"
"accelerated-launch/service/tests/sections/bs-prime-directive-delivery.cjs","92","bs-prime-directive-delivery","1","KEEP","Current behavior, evidence, isolation, source admission, or consumer contract.","check.ok(qual, 'the qualified probable issue is offered for selection');"
"accelerated-launch/service/tests/sections/bs-prime-directive-delivery.cjs","93","bs-prime-directive-delivery","1","KEEP","Current behavior, evidence, isolation, source admission, or consumer contract.","check.equal(qual.confidence, 'PROBABLE', 'as a probable issue');"
"accelerated-launch/service/tests/sections/bs-prime-directive-delivery.cjs","94","bs-prime-directive-delivery","1","KEEP","Current behavior, evidence, isolation, source admission, or consumer contract.","check.equal(qual.request_type, 'VERIFICATION', 'with a verification request');"
"accelerated-launch/service/tests/sections/bs-prime-directive-delivery.cjs","96","bs-prime-directive-delivery","1","KEEP","Current behavior, evidence, isolation, source admission, or consumer contract.","check.ok(/entry older than the ordinary reporting period/.test(qual.explanation), 'the explanation leads with the affirmative concern');"
"accelerated-launch/service/tests/sections/bs-prime-directive-delivery.cjs","97","bs-prime-directive-delivery","1","KEEP","Current behavior, evidence, isolation, source admission, or consumer contract.","check.ok(/not shown to be absent/.test(qual.uncertainty), 'the uncertainty states the exception is unknown, not absent');"
"accelerated-launch/service/tests/sections/bs-prime-directive-delivery.cjs","98","bs-prime-directive-delivery","1","KEEP","Current behavior, evidence, isolation, source admission, or consumer contract.","check.ok(/credit transaction involving \$150,000/.test(qual.uncertainty), 'and names the benign alternative (a permitted use)');"
"accelerated-launch/service/tests/sections/bs-prime-directive-delivery.cjs","99","bs-prime-directive-delivery","1","KEEP","Current behavior, evidence, isolation, source admission, or consumer contract.","check.ok(/probable reporting issue, not an established one/.test(qual.uncertainty), 'staying probable, never established');"
"accelerated-launch/service/tests/sections/bs-prime-directive-delivery.cjs","104","bs-prime-directive-delivery","1","KEEP","Current behavior, evidence, isolation, source admission, or consumer contract.","check.equal(dl.status, 200, 'the qualified probable packet downloads');"
"accelerated-launch/service/tests/sections/bs-prime-directive-delivery.cjs","105","bs-prime-directive-delivery","1","KEEP","Current behavior, evidence, isolation, source admission, or consumer contract.","check.ok(/entry older than the ordinary reporting period/.test(dl.text), 'with the affirmative concern in the packet');"
"accelerated-launch/service/tests/sections/bs-prime-directive-delivery.cjs","106","bs-prime-directive-delivery","1","KEEP","Current behavior, evidence, isolation, source admission, or consumer contract.","check.ok(/not shown to be absent/.test(dl.text), 'with the exception uncertainty');"
"accelerated-launch/service/tests/sections/bs-prime-directive-delivery.cjs","107","bs-prime-directive-delivery","1","KEEP","Current behavior, evidence, isolation, source admission, or consumer contract.","check.ok(/verify whether an exception/.test(dl.text), 'with the verification request');"
"accelerated-launch/service/tests/sections/bs-prime-directive-delivery.cjs","108","bs-prime-directive-delivery","1","KEEP","Current behavior, evidence, isolation, source admission, or consumer contract.","check.ok(!/established reporting issue/.test(dl.text), 'never asserting a definite breach');"
"accelerated-launch/service/tests/sections/bs-prime-directive-delivery.cjs","118","bs-prime-directive-delivery","1","KEEP","Current behavior, evidence, isolation, source admission, or consumer contract.","check.ok(auIssue, 'the AU contradictory-date issue is produced');"
"accelerated-launch/service/tests/sections/bs-prime-directive-delivery.cjs","135","bs-prime-directive-delivery","1","KEEP","Current behavior, evidence, isolation, source admission, or consumer contract.","check.ok(auSel, 'the AU issue is offered for selection');"
"accelerated-launch/service/tests/sections/bs-prime-directive-delivery.cjs","136","bs-prime-directive-delivery","1","KEEP","Current behavior, evidence, isolation, source admission, or consumer contract.","check.ok(auSel.source_facts && auSel.source_facts.some((f) => f.raw_value === '1 January 2020' && f.normalized_value === '2020-01-01'), 'preserving the printed raw reading and normalization');"
"accelerated-launch/service/tests/sections/bs-prime-directive-delivery.cjs","137","bs-prime-directive-delivery","1","KEEP","Current behavior, evidence, isolation, source admission, or consumer contract.","check.ok(auSel.source_facts && auSel.source_facts.some((f) => f.location && f.location.page === 3), 'and the source page location');"
"accelerated-launch/service/tests/sections/bs-prime-directive-delivery.cjs","141","bs-prime-directive-delivery","1","KEEP","Current behavior, evidence, isolation, source admission, or consumer contract.","check.equal(auDl.status, 200, 'the AU contradictory-date packet downloads');"
"accelerated-launch/service/tests/sections/bs-prime-directive-delivery.cjs","142","bs-prime-directive-delivery","1","KEEP","Current behavior, evidence, isolation, source admission, or consumer contract.","check.ok(/1 January 2020/.test(auDl.text), 'with the printed opened date');"
"accelerated-launch/service/tests/sections/bs-prime-directive-delivery.cjs","143","bs-prime-directive-delivery","1","KEEP","Current behavior, evidence, isolation, source admission, or consumer contract.","check.ok(/opened date later than its closed date/.test(auDl.text), 'and the factual verification request');"
"accelerated-launch/service/tests/sections/bs-prime-directive-delivery.cjs","152","bs-prime-directive-delivery","1","KEEP","Current behavior, evidence, isolation, source admission, or consumer contract.","check.ok(rPv.eligible_issues.some((i) => (i.citation && i.citation.indexOf('1681c(a)(5)') !== -1)), 'the probable issue surfaces before the answer');"
"accelerated-launch/service/tests/sections/bs-prime-directive-delivery.cjs","158","bs-prime-directive-delivery","1","KEEP","Current behavior, evidence, isolation, source admission, or consumer contract.","check.ok(!rAfter.eligible_issues.some((i) => (i.citation && i.citation.indexOf('1681c(a)(5)') !== -1)), 'an at-threshold report-use answer removes the surfaced probable issue');"
"accelerated-launch/service/tests/sections/bs-prime-directive-delivery.cjs","166","bs-prime-directive-delivery","1","KEEP","Current behavior, evidence, isolation, source admission, or consumer contract.","check.ok(!ipPv.eligible_issues.some((i) => (i.citation && i.citation.indexOf('1681c(a)(5)') !== -1)), 'an in-period adverse date surfaces no issue');"
"accelerated-launch/service/tests/sections/bs-prime-directive-delivery.cjs","174","bs-prime-directive-delivery","1","KEEP","Current behavior, evidence, isolation, source admission, or consumer contract.","check.ok(!mPv.eligible_issues.some((i) => (i.citation && i.citation.indexOf('1681c(a)(5)') !== -1)), 'missing decisive evidence surfaces no issue (missing information is not a concern)');"
"accelerated-launch/service/tests/sections/bs-prime-directive-delivery.cjs","178","bs-prime-directive-delivery","1","KEEP","Current behavior, evidence, isolation, source admission, or consumer contract.","check.equal(cross.status, 403, 'another account cannot read the packet');"
"accelerated-launch/service/tests/sections/bs-prime-directive-delivery.cjs","182","bs-prime-directive-delivery","1","KEEP","Current behavior, evidence, isolation, source admission, or consumer contract.","check.equal(staleDl.status, 409, 'editing wording after approval invalidates the download');"
"accelerated-launch/service/tests/sections/bt-ordinary-field-coverage.cjs","103","bt-ordinary-field-coverage","1","KEEP","Current behavior, evidence, isolation, source admission, or consumer contract.","check.equal(statusDateIssues(au.iss).length, 0, 'the reproduced AU ""Current"" repayment sentence beside a closure date produces no status/closure issue');"
"accelerated-launch/service/tests/sections/bt-ordinary-field-coverage.cjs","105","bt-ordinary-field-coverage","1","KEEP","Current behavior, evidence, isolation, source admission, or consumer contract.","check.equal(auRec.facts['account.status'], undefined, 'the AU repayment sentence is never mapped to the lifecycle status fact');"
"accelerated-launch/service/tests/sections/bt-ordinary-field-coverage.cjs","106","bt-ordinary-field-coverage","1","KEEP","Current behavior, evidence, isolation, source admission, or consumer contract.","check.equal(auRec.printed.current_repayment_status.raw, 'The consumer credit is not overdue - Current up to and including the grace period', 'and its raw reading is preserved');"
"accelerated-launch/service/tests/sections/bt-ordinary-field-coverage.cjs","107","bt-ordinary-field-coverage","1","KEEP","Current behavior, evidence, isolation, source admission, or consumer contract.","check.ok(auRec.printed.current_repayment_status.location && auRec.printed.current_repayment_status.location.page === 3, 'with its source location');"
"accelerated-launch/service/tests/sections/bt-ordinary-field-coverage.cjs","116","bt-ordinary-field-coverage","1","KEEP","Current behavior, evidence, isolation, source admission, or consumer contract.","check.equal(openIssues.length, 1, 'an open lifecycle status beside a closure date is still one issue');"
"accelerated-launch/service/tests/sections/bt-ordinary-field-coverage.cjs","117","bt-ordinary-field-coverage","1","KEEP","Current behavior, evidence, isolation, source admission, or consumer contract.","check.equal(openIssues[0].classification, null, 'never a legal classification');"
"accelerated-launch/service/tests/sections/bt-ordinary-field-coverage.cjs","118","bt-ordinary-field-coverage","1","KEEP","Current behavior, evidence, isolation, source admission, or consumer contract.","check.equal(openIssues[0].request_type, 'VERIFICATION', 'as a verification request');"
"accelerated-launch/service/tests/sections/bt-ordinary-field-coverage.cjs","126","bt-ordinary-field-coverage","1","KEEP","Current behavior, evidence, isolation, source admission, or consumer contract.","check.equal(statusDateIssues(current.iss).length, 0, 'a ""Current"" repayment status beside a closure date is never read as open');"
"accelerated-launch/service/tests/sections/bt-ordinary-field-coverage.cjs","134","bt-ordinary-field-coverage","1","KEEP","Current behavior, evidence, isolation, source admission, or consumer contract.","check.equal(up.status, 201, 'the open-status report uploads');"
"accelerated-launch/service/tests/sections/bt-ordinary-field-coverage.cjs","138","bt-ordinary-field-coverage","1","KEEP","Current behavior, evidence, isolation, source admission, or consumer contract.","check.ok(sel, 'the lifecycle-open status/closure issue is offered for selection');"
"accelerated-launch/service/tests/sections/bt-ordinary-field-coverage.cjs","142","bt-ordinary-field-coverage","1","KEEP","Current behavior, evidence, isolation, source admission, or consumer contract.","check.equal(dl.status, 200, 'the retained positive downloads');"
"accelerated-launch/service/tests/sections/bt-ordinary-field-coverage.cjs","143","bt-ordinary-field-coverage","1","KEEP","Current behavior, evidence, isolation, source admission, or consumer contract.","check.ok(/status says it is open/.test(dl.text), 'with the factual verification request');"
"accelerated-launch/service/tests/sections/bu-gb-tu-ca-fields.cjs","37","bu-gb-tu-ca-fields","1","KEEP","Current behavior, evidence, isolation, source admission, or consumer contract.","check.equal(gbIssues.length, 1, 'a GB account opened after its settlement date is one account-dates issue');"
"accelerated-launch/service/tests/sections/bu-gb-tu-ca-fields.cjs","38","bu-gb-tu-ca-fields","1","KEEP","Current behavior, evidence, isolation, source admission, or consumer contract.","check.equal(gbIssues[0].classification, null, 'never a legal classification');"
"accelerated-launch/service/tests/sections/bu-gb-tu-ca-fields.cjs","39","bu-gb-tu-ca-fields","1","KEEP","Current behavior, evidence, isolation, source admission, or consumer contract.","check.equal(gbIssues[0].request_type, 'VERIFICATION', 'as a verification request');"
"accelerated-launch/service/tests/sections/bu-gb-tu-ca-fields.cjs","40","bu-gb-tu-ca-fields","1","KEEP","Current behavior, evidence, isolation, source admission, or consumer contract.","check.ok(gbIssues[0].source_facts.some((f) => f.raw_value === '19/10/06' && f.source_field === 'Started' && f.normalized_value === '2006-10-19'), 'with the printed Started reading carried as raw + normalized + source label');"
"accelerated-launch/service/tests/sections/bu-gb-tu-ca-fields.cjs","41","bu-gb-tu-ca-fields","1","KEEP","Current behavior, evidence, isolation, source admission, or consumer contract.","check.ok(gbIssues[0].source_facts.some((f) => f.raw_value === '19/10/05' && f.source_field === 'Settled' && f.location && f.location.page === 1), 'and the Settled reading with its location');"
"accelerated-launch/service/tests/sections/bu-gb-tu-ca-fields.cjs","45","bu-gb-tu-ca-fields","1","KEEP","Current behavior, evidence, isolation, source admission, or consumer contract.","check.equal(tuIssues.length, 1, 'a TU-CA tradeline opened after its close date is one account-dates issue');"
"accelerated-launch/service/tests/sections/bu-gb-tu-ca-fields.cjs","46","bu-gb-tu-ca-fields","1","KEEP","Current behavior, evidence, isolation, source admission, or consumer contract.","check.ok(tuIssues[0].source_facts.some((f) => f.raw_value === 'Oct 2, 2025' && f.source_field === 'Opened Date'), 'with the printed Opened Date carried as raw + source label');"
"accelerated-launch/service/tests/sections/bu-gb-tu-ca-fields.cjs","47","bu-gb-tu-ca-fields","1","KEEP","Current behavior, evidence, isolation, source admission, or consumer contract.","check.ok(tuIssues[0].source_facts.some((f) => f.raw_value === 'Oct 2, 2024' && f.source_field === 'Closed Date'), 'and the Closed Date');"
"accelerated-launch/service/tests/sections/bu-gb-tu-ca-fields.cjs","49","bu-gb-tu-ca-fields","1","KEEP","Current behavior, evidence, isolation, source admission, or consumer contract.","check.equal(accountDatesIssues(pipeline(gbExtraction(['Started 19/10/05', 'Settled 19/10/06'])).iss).length, 0, 'a GB account opened before it settled produces no issue');"
"accelerated-launch/service/tests/sections/bu-gb-tu-ca-fields.cjs","50","bu-gb-tu-ca-fields","1","KEEP","Current behavior, evidence, isolation, source admission, or consumer contract.","check.equal(accountDatesIssues(pipeline(tuExtraction(['Opened Date  Oct 2, 2024', 'Closed Date  Oct 2, 2025'])).iss).length, 0, 'a TU-CA tradeline opened before it closed produces no issue');"
"accelerated-launch/service/tests/sections/bu-gb-tu-ca-fields.cjs","58","bu-gb-tu-ca-fields","1","KEEP","Current behavior, evidence, isolation, source admission, or consumer contract.","check.ok(gbSel, 'the GB account-dates issue is offered for selection');"
"accelerated-launch/service/tests/sections/bu-gb-tu-ca-fields.cjs","62","bu-gb-tu-ca-fields","1","KEEP","Current behavior, evidence, isolation, source admission, or consumer contract.","check.equal(gbDl.status, 200, 'the GB account-dates packet downloads');"
"accelerated-launch/service/tests/sections/bu-gb-tu-ca-fields.cjs","63","bu-gb-tu-ca-fields","1","KEEP","Current behavior, evidence, isolation, source admission, or consumer contract.","check.ok(/opened date later than its closed date/.test(gbDl.text), 'with the factual verification request');"
"accelerated-launch/service/tests/sections/bu-gb-tu-ca-fields.cjs","64","bu-gb-tu-ca-fields","1","KEEP","Current behavior, evidence, isolation, source admission, or consumer contract.","check.ok(gbDl.text.includes('19/10/06'), 'with the printed Started reading as evidence');"
"accelerated-launch/service/tests/sections/bu-gb-tu-ca-fields.cjs","71","bu-gb-tu-ca-fields","1","KEEP","Current behavior, evidence, isolation, source admission, or consumer contract.","check.ok(tuSel, 'the TU-CA account-dates issue is offered for selection');"
"accelerated-launch/service/tests/sections/bu-gb-tu-ca-fields.cjs","75","bu-gb-tu-ca-fields","1","KEEP","Current behavior, evidence, isolation, source admission, or consumer contract.","check.equal(tuDl.status, 200, 'the TU-CA account-dates packet downloads');"
"accelerated-launch/service/tests/sections/bu-gb-tu-ca-fields.cjs","76","bu-gb-tu-ca-fields","1","KEEP","Current behavior, evidence, isolation, source admission, or consumer contract.","check.ok(tuDl.text.includes('Oct 2, 2025'), 'with the printed Opened Date as evidence');"
"accelerated-launch/service/tests/sections/bv-admission-and-upload.cjs","75","bv-admission-and-upload","1","KEEP","Current behavior, evidence, isolation, source admission, or consumer contract.","check.equal(auAdmit.admitted, true, 'a fictional AU PDF with the family structure is admitted');"
"accelerated-launch/service/tests/sections/bv-admission-and-upload.cjs","76","bv-admission-and-upload","1","KEEP","Current behavior, evidence, isolation, source admission, or consumer contract.","check.ok(auAdmit.predicates.every((p) => p.passed), 'on every structural predicate');"
"accelerated-launch/service/tests/sections/bv-admission-and-upload.cjs","78","bv-admission-and-upload","1","KEEP","Current behavior, evidence, isolation, source admission, or consumer contract.","check.equal(auMissing.refusal_reason, 'NOT_THE_EVIDENCED_FAMILY_STRUCTURE', 'an AU PDF missing a required heading is refused at the structure predicate');"
"accelerated-launch/service/tests/sections/bv-admission-and-upload.cjs","80","bv-admission-and-upload","1","KEEP","Current behavior, evidence, isolation, source admission, or consumer contract.","check.equal(gbAdmit.admitted, true, 'a fictional GB PDF with the family structure is admitted');"
"accelerated-launch/service/tests/sections/bv-admission-and-upload.cjs","82","bv-admission-and-upload","1","KEEP","Current behavior, evidence, isolation, source admission, or consumer contract.","check.equal(gbFixture.refusal_reason, 'FAMILY_SYNTHETIC_OR_FIXTURE_MARKER', 'a GB PDF printing a fixture marker is refused');"
"accelerated-launch/service/tests/sections/bv-admission-and-upload.cjs","84","bv-admission-and-upload","1","KEEP","Current behavior, evidence, isolation, source admission, or consumer contract.","check.equal(tuAdmit.admitted, false, 'the TU-CA fixture writer is refused');"
"accelerated-launch/service/tests/sections/bv-admission-and-upload.cjs","86","bv-admission-and-upload","1","KEEP","Current behavior, evidence, isolation, source admission, or consumer contract.","check.ok(producerPredicate && /producer names a synthetic factory/.test(producerPredicate.detail), 'because the TU-CA contract also names the synthetic factory producer (a genuine safeguard, not removed)');"
"accelerated-launch/service/tests/sections/bv-admission-and-upload.cjs","53","bv-admission-and-upload","2","KEEP","Current behavior, evidence, isolation, source admission, or consumer contract.","check.equal(up.status, 201, `${filename} uploads`);"
"accelerated-launch/service/tests/sections/bv-admission-and-upload.cjs","54","bv-admission-and-upload","2","KEEP","Current behavior, evidence, isolation, source admission, or consumer contract.","check.equal(up.json.receipt.format_detection.presentation_id, expectedPresentation, `and is admitted as ${expectedPresentation}`);"
"accelerated-launch/service/tests/sections/bv-admission-and-upload.cjs","56","bv-admission-and-upload","2","KEEP","Current behavior, evidence, isolation, source admission, or consumer contract.","check.equal(ev.status, 201, 'and evaluates');"
"accelerated-launch/service/tests/sections/bv-admission-and-upload.cjs","96","bv-admission-and-upload","1","KEEP","Current behavior, evidence, isolation, source admission, or consumer contract.","check.ok(sel, 'the AU account-dates issue is offered for selection through the real upload path');"
"accelerated-launch/service/tests/sections/bv-admission-and-upload.cjs","97","bv-admission-and-upload","1","KEEP","Current behavior, evidence, isolation, source admission, or consumer contract.","check.ok(sel.source_facts.some((f) => f.raw_value === '1 January 2020'), 'with the printed opened date as raw provenance');"
"accelerated-launch/service/tests/sections/bv-admission-and-upload.cjs","101","bv-admission-and-upload","1","KEEP","Current behavior, evidence, isolation, source admission, or consumer contract.","check.equal(auDl.status, 200, 'the AU packet downloads');"
"accelerated-launch/service/tests/sections/bv-admission-and-upload.cjs","102","bv-admission-and-upload","1","KEEP","Current behavior, evidence, isolation, source admission, or consumer contract.","check.ok(auDl.text.includes('1 January 2020'), 'with the printed raw reading');"
"accelerated-launch/service/tests/sections/bv-admission-and-upload.cjs","111","bv-admission-and-upload","1","KEEP","Current behavior, evidence, isolation, source admission, or consumer contract.","check.ok(sel, 'the GB account-dates issue is offered for selection through the real upload path');"
"accelerated-launch/service/tests/sections/bv-admission-and-upload.cjs","112","bv-admission-and-upload","1","KEEP","Current behavior, evidence, isolation, source admission, or consumer contract.","check.ok(sel.source_facts.some((f) => f.raw_value === '19/10/06'), 'with the printed Started reading as raw provenance');"
"accelerated-launch/service/tests/sections/bv-admission-and-upload.cjs","116","bv-admission-and-upload","1","KEEP","Current behavior, evidence, isolation, source admission, or consumer contract.","check.equal(gbDl.status, 200, 'the GB packet downloads');"
"accelerated-launch/service/tests/sections/bv-admission-and-upload.cjs","117","bv-admission-and-upload","1","KEEP","Current behavior, evidence, isolation, source admission, or consumer contract.","check.ok(gbDl.text.includes('19/10/06'), 'with the printed raw reading');"
"accelerated-launch/service/tests/sections/bv-admission-and-upload.cjs","124","bv-admission-and-upload","1","KEEP","Current behavior, evidence, isolation, source admission, or consumer contract.","check.equal(bp.length, 1, 'a past-due amount larger than its balance is one balance/payment issue');"
"accelerated-launch/service/tests/sections/bv-admission-and-upload.cjs","125","bv-admission-and-upload","1","KEEP","Current behavior, evidence, isolation, source admission, or consumer contract.","check.equal(bp[0].classification, null, 'never a legal classification');"
"accelerated-launch/service/tests/sections/bv-admission-and-upload.cjs","126","bv-admission-and-upload","1","KEEP","Current behavior, evidence, isolation, source admission, or consumer contract.","check.equal(bp[0].request_type, 'VERIFICATION', 'as a verification request');"
"accelerated-launch/service/tests/sections/bv-admission-and-upload.cjs","133","bv-admission-and-upload","1","KEEP","Current behavior, evidence, isolation, source admission, or consumer contract.","check.ok(sel, 'the US balance/payment issue is offered for selection (downstream fixture)');"
"accelerated-launch/service/tests/sections/bv-admission-and-upload.cjs","137","bv-admission-and-upload","1","KEEP","Current behavior, evidence, isolation, source admission, or consumer contract.","check.equal(usDl.status, 200, 'the US balance/payment packet downloads');"
"accelerated-launch/service/tests/sections/bv-admission-and-upload.cjs","138","bv-admission-and-upload","1","KEEP","Current behavior, evidence, isolation, source admission, or consumer contract.","check.ok(usDl.text.includes('$150'), 'with the printed past-due amount as evidence');"
"accelerated-launch/service/tests/sections/bw-browser-wizzard.cjs","101","bw-browser-wizzard","1","KEEP","Current behavior, evidence, isolation, source admission, or consumer contract.","check.equal(await page.locator('[data-check-issue]').count(), 1, 'the common potential issue renders as one selectable card');"
"accelerated-launch/service/tests/sections/bw-browser-wizzard.cjs","103","bw-browser-wizzard","1","KEEP","Current behavior, evidence, isolation, source admission, or consumer contract.","check.ok(/opened date later than its closed date/.test(potBlock), 'with readable evidence and the affirmative concern');"
"accelerated-launch/service/tests/sections/bw-browser-wizzard.cjs","104","bw-browser-wizzard","1","KEEP","Current behavior, evidence, isolation, source admission, or consumer contract.","check.ok(/not, by itself, an established legal violation/.test(potBlock), 'with clear uncertainty, never a definite breach');"
"accelerated-launch/service/tests/sections/bw-browser-wizzard.cjs","105","bw-browser-wizzard","1","KEEP","Current behavior, evidence, isolation, source admission, or consumer contract.","check.ok(/01\/01\/2020/.test(potBlock), 'with the printed raw readings');"
"accelerated-launch/service/tests/sections/bw-browser-wizzard.cjs","110","bw-browser-wizzard","1","KEEP","Current behavior, evidence, isolation, source admission, or consumer contract.","check.equal(await page.locator('#packet-download').isEnabled(), true, 'download is enabled right after approval');"
"accelerated-launch/service/tests/sections/bw-browser-wizzard.cjs","113","bw-browser-wizzard","1","KEEP","Current behavior, evidence, isolation, source admission, or consumer contract.","check.equal(await page.locator('#packet-download').isDisabled(), true, 'editing wording after approval disables download');"
"accelerated-launch/service/tests/sections/bw-browser-wizzard.cjs","117","bw-browser-wizzard","1","KEEP","Current behavior, evidence, isolation, source admission, or consumer contract.","check.equal(dl1.status, 200, 're-approving the changed version re-enables download');"
"accelerated-launch/service/tests/sections/bw-browser-wizzard.cjs","118","bw-browser-wizzard","1","KEEP","Current behavior, evidence, isolation, source admission, or consumer contract.","check.ok(/^CRP-correction-packet-case_.+\.txt$/.test(dl1.filename), 'the browser wrote the real packet FILE (not just an API response)');"
"accelerated-launch/service/tests/sections/bw-browser-wizzard.cjs","119","bw-browser-wizzard","1","KEEP","Current behavior, evidence, isolation, source admission, or consumer contract.","check.ok(/opened date later than its closed date/.test(dl1.text), 'and the packet matches the selected approved content');"
"accelerated-launch/service/tests/sections/bw-browser-wizzard.cjs","120","bw-browser-wizzard","1","KEEP","Current behavior, evidence, isolation, source admission, or consumer contract.","check.ok(dl1.text.includes('CHANGED WORDS AFTER APPROVAL'), 'carrying the changed wording');"
"accelerated-launch/service/tests/sections/bw-browser-wizzard.cjs","121","bw-browser-wizzard","1","KEEP","Current behavior, evidence, isolation, source admission, or consumer contract.","check.ok(dl1.text.includes('01/01/2020'), 'and the printed raw reading');"
"accelerated-launch/service/tests/sections/bw-browser-wizzard.cjs","122","bw-browser-wizzard","1","KEEP","Current behavior, evidence, isolation, source admission, or consumer contract.","check.ok(!/established reporting issue/.test(dl1.text), 'never asserting a definite breach');"
"accelerated-launch/service/tests/sections/bw-browser-wizzard.cjs","130","bw-browser-wizzard","1","KEEP","Current behavior, evidence, isolation, source admission, or consumer contract.","check.ok(/PROBABLE REPORTING ISSUE/.test(probBlock), 'the qualified probable retention issue renders as probable');"
"accelerated-launch/service/tests/sections/bw-browser-wizzard.cjs","131","bw-browser-wizzard","1","KEEP","Current behavior, evidence, isolation, source admission, or consumer contract.","check.ok(/entry older than the ordinary reporting period|not shown to be absent/.test(probBlock), 'with the affirmative concern and the exception uncertainty');"
"accelerated-launch/service/tests/sections/bw-browser-wizzard.cjs","132","bw-browser-wizzard","1","KEEP","Current behavior, evidence, isolation, source admission, or consumer contract.","check.ok(!/ESTABLISHED REPORTING ISSUE/.test(probBlock), 'never an established issue');"
"accelerated-launch/service/tests/sections/bw-browser-wizzard.cjs","139","bw-browser-wizzard","1","KEEP","Current behavior, evidence, isolation, source admission, or consumer contract.","check.equal(await page.locator('[data-check-issue]').count(), 2, 'two issues render for the two contradictory accounts');"
"accelerated-launch/service/tests/sections/bw-browser-wizzard.cjs","141","bw-browser-wizzard","1","KEEP","Current behavior, evidence, isolation, source admission, or consumer contract.","check.equal(labels.length, 2, 'each is a distinct selectable card');"
"accelerated-launch/service/tests/sections/bw-browser-wizzard.cjs","146","bw-browser-wizzard","1","KEEP","Current behavior, evidence, isolation, source admission, or consumer contract.","check.equal(dlMulti.status, 200, 'the packet downloads with the partial selection');"
"accelerated-launch/service/tests/sections/bw-browser-wizzard.cjs","147","bw-browser-wizzard","1","KEEP","Current behavior, evidence, isolation, source admission, or consumer contract.","check.ok(dlMulti.text.includes('credit account 1'), 'and contains only the selected issue');"
"accelerated-launch/service/tests/sections/bw-browser-wizzard.cjs","148","bw-browser-wizzard","1","KEEP","Current behavior, evidence, isolation, source admission, or consumer contract.","check.ok(!dlMulti.text.includes('credit account 2'), 'never the unselected issue');"
"accelerated-launch/service/tests/sections/bw-browser-wizzard.cjs","156","bw-browser-wizzard","1","KEEP","Current behavior, evidence, isolation, source admission, or consumer contract.","check.ok(/No issue on this case is eligible/.test(benignBlock), 'a benign report produces no selectable issue');"
"accelerated-launch/service/tests/sections/bw-browser-wizzard.cjs","157","bw-browser-wizzard","1","KEEP","Current behavior, evidence, isolation, source admission, or consumer contract.","check.ok(!/found no problems|all clear|no issues detected|you are fine|compliant/.test(benignBlock), 'without misleading reassurance');"
"accelerated-launch/service/tests/sections/bw-browser-wizzard.cjs","174","bw-browser-wizzard","1","KEEP","Current behavior, evidence, isolation, source admission, or consumer contract.","check.ok(/Equifax/.test(historyText), 'the history shows the bureau');"
"accelerated-launch/service/tests/sections/bw-browser-wizzard.cjs","175","bw-browser-wizzard","1","KEEP","Current behavior, evidence, isolation, source admission, or consumer contract.","check.ok(/2025-06-01/.test(historyText) && /2026-06-01/.test(historyText), 'and both report dates');"
"accelerated-launch/service/tests/sections/bw-browser-wizzard.cjs","176","bw-browser-wizzard","1","KEEP","Current behavior, evidence, isolation, source admission, or consumer contract.","check.equal(await page.locator('#cmp-left option').count(), 2, 'the account can choose two of its own reports');"
"accelerated-launch/service/tests/sections/bw-browser-wizzard.cjs","181","bw-browser-wizzard","1","KEEP","Current behavior, evidence, isolation, source admission, or consumer contract.","check.ok(/CHANGED/.test(comparisonText), 'the comparison shows the changed issue');"
"accelerated-launch/service/tests/sections/bw-browser-wizzard.cjs","182","bw-browser-wizzard","1","KEEP","Current behavior, evidence, isolation, source admission, or consumer contract.","check.ok(/First report:/.test(comparisonText) && /Second report:/.test(comparisonText), 'and both report identities');"
"accelerated-launch/service/tests/sections/bw-browser-wizzard.cjs","183","bw-browser-wizzard","1","KEEP","Current behavior, evidence, isolation, source admission, or consumer contract.","check.ok(/never proves/.test(comparisonText), 'with the absence note');"
"accelerated-launch/service/tests/sections/bx-all82-factual-verification.cjs","31","bx-all82-factual-verification","1","KEEP","Current behavior, evidence, isolation, source admission, or consumer contract.","check.equal(pay.response.accepted, true, 'the account holds an active subscription for the journey');"
"accelerated-launch/service/tests/sections/bx-all82-factual-verification.cjs","62","bx-all82-factual-verification","1","KEEP","Current behavior, evidence, isolation, source admission, or consumer contract.","check.equal(regions.length, 82, 'the 82 canonical regions are enumerated');"
"accelerated-launch/service/tests/sections/bx-all82-factual-verification.cjs","63","bx-all82-factual-verification","1","KEEP","Current behavior, evidence, isolation, source admission, or consumer contract.","check.equal(surfaced.length, 82, 'every jurisdiction runs the potential issue through select -> approve -> entitled download');"
"accelerated-launch/service/tests/sections/bx-all82-factual-verification.cjs","64","bx-all82-factual-verification","1","KEEP","Current behavior, evidence, isolation, source admission, or consumer contract.","check.deepEqual(missing, [], 'with no jurisdiction lacking the journey');"
"accelerated-launch/service/tests/sections/bx-all82-factual-verification.cjs","65","bx-all82-factual-verification","1","KEEP","Current behavior, evidence, isolation, source admission, or consumer contract.","check.deepEqual([...presentations], ['GENERAL-BUREAU-REPORT'], 'all through the same jurisdiction-agnostic general intake');"
"accelerated-launch/service/tests/sections/bx-all82-factual-verification.cjs","66","bx-all82-factual-verification","1","KEEP","Current behavior, evidence, isolation, source admission, or consumer contract.","check.equal(contentMatched, 82, 'every downloaded packet matches the selected approved issue content');"
"accelerated-launch/service/tests/sections/bx-all82-factual-verification.cjs","67","bx-all82-factual-verification","1","REWRITE","Identical report/date in all cases cannot prove own-case packet association. Use distinct per-case facts and identity controls.","check.equal(associationMatched, 82, 'and carries its own case report identity (case/report association preserved)');"
"accelerated-launch/service/tests/sections/by-packet-reconciliation.cjs","104","by-packet-reconciliation","1","KEEP","Current behavior, evidence, isolation, source admission, or consumer contract.","check.equal(dismissMachine.finding && dismissMachine.finding.classification, 'VIOLATION', 'the content rule emits a VIOLATION');"
"accelerated-launch/service/tests/sections/by-packet-reconciliation.cjs","106","by-packet-reconciliation","1","KEEP","Current behavior, evidence, isolation, source admission, or consumer contract.","check.equal(dismissIssues.length, 1, 'and it reaches the issue path (it was previously dropped for lacking a retention anchor)');"
"accelerated-launch/service/tests/sections/by-packet-reconciliation.cjs","108","by-packet-reconciliation","1","KEEP","Current behavior, evidence, isolation, source admission, or consumer contract.","check.equal(ci.basis_type, issues.BASIS_TYPE.CONTENT_FINDING, 'as a CONTENT_FINDING, not a retention comparison');"
"accelerated-launch/service/tests/sections/by-packet-reconciliation.cjs","109","by-packet-reconciliation","1","KEEP","Current behavior, evidence, isolation, source admission, or consumer contract.","check.equal(ci.eligible, true, 'and it is eligible for a correction request');"
"accelerated-launch/service/tests/sections/by-packet-reconciliation.cjs","110","by-packet-reconciliation","1","KEEP","Current behavior, evidence, isolation, source admission, or consumer contract.","check.ok(!/years have passed/.test(ci.explanation || ''), 'its explanation states the prohibited content, never invented retention arithmetic');"
"accelerated-launch/service/tests/sections/by-packet-reconciliation.cjs","111","by-packet-reconciliation","1","KEEP","Current behavior, evidence, isolation, source admission, or consumer contract.","check.ok(ci.uncertainty && ci.request_wording, 'with a recorded uncertainty and request wording');"
"accelerated-launch/service/tests/sections/by-packet-reconciliation.cjs","112","by-packet-reconciliation","1","KEEP","Current behavior, evidence, isolation, source admission, or consumer contract.","check.ok(Array.isArray(ci.source_facts) && ci.source_facts.length === 4, 'and its four decisive content facts as evidence');"
"accelerated-launch/service/tests/sections/by-packet-reconciliation.cjs","116","by-packet-reconciliation","1","KEEP","Current behavior, evidence, isolation, source admission, or consumer contract.","check.equal(auAdapters.length, 3, 'the three AU findings are in the catalog');"
"accelerated-launch/service/tests/sections/by-packet-reconciliation.cjs","119","by-packet-reconciliation","3","KEEP","Current behavior, evidence, isolation, source admission, or consumer contract.","check.equal(m.finding && m.finding.classification, 'VIOLATION', `${a.adapter_id} emits a VIOLATION`);"
"accelerated-launch/service/tests/sections/by-packet-reconciliation.cjs","121","by-packet-reconciliation","3","KEEP","Current behavior, evidence, isolation, source admission, or consumer contract.","check.equal(list.length, 1, `${a.adapter_id} reaches the issue path (it was previously dropped by the packet allowlist)`);"
"accelerated-launch/service/tests/sections/by-packet-reconciliation.cjs","122","by-packet-reconciliation","3","KEEP","Current behavior, evidence, isolation, source admission, or consumer contract.","check.equal(list[0].eligible, true, `${a.adapter_id} is now packet eligible`);"
"accelerated-launch/service/tests/sections/by-packet-reconciliation.cjs","123","by-packet-reconciliation","3","KEEP","Current behavior, evidence, isolation, source admission, or consumer contract.","check.equal(list[0].request_type, issues.REQUEST_TYPE.CORRECTION, 'as a correction request');"
"accelerated-launch/service/tests/sections/by-packet-reconciliation.cjs","124","by-packet-reconciliation","3","KEEP","Current behavior, evidence, isolation, source admission, or consumer contract.","check.ok(list[0].period_years != null, 'with its recorded retention period');"
"accelerated-launch/service/tests/sections/by-packet-reconciliation.cjs","136","by-packet-reconciliation","13","KEEP","Current behavior, evidence, isolation, source admission, or consumer contract.","check.ok(list.length >= 1, `${a.adapter_id} emits a ${cls} finding and reaches the issue path`);"
"accelerated-launch/service/tests/sections/by-packet-reconciliation.cjs","137","by-packet-reconciliation","13","KEEP","Current behavior, evidence, isolation, source admission, or consumer contract.","check.ok(list.every((i) => i.uncertainty && i.request_wording), `${a.adapter_id} carries its recorded uncertainty and request wording`);"
"accelerated-launch/service/tests/sections/by-packet-reconciliation.cjs","139","by-packet-reconciliation","1","KEEP","Current behavior, evidence, isolation, source admission, or consumer contract.","check.ok(emitted.length >= 13, `every admitted finding adapter was driven to a finding (${emitted.length})`);"
"accelerated-launch/service/tests/sections/by-packet-reconciliation.cjs","140","by-packet-reconciliation","1","KEEP","Current behavior, evidence, isolation, source admission, or consumer contract.","check.ok(emitted.every((e) => e.eligible), 'and every emitted finding is eligible for a consumer packet (no omission)');"
"accelerated-launch/service/tests/sections/by-packet-reconciliation.cjs","84","by-packet-reconciliation","2","KEEP","Current behavior, evidence, isolation, source admission, or consumer contract.","check.equal(up.status, 201, `${filename} uploads`);"
"accelerated-launch/service/tests/sections/by-packet-reconciliation.cjs","88","by-packet-reconciliation","2","KEEP","Current behavior, evidence, isolation, source admission, or consumer contract.","check.ok(issue, 'a finding on this case is an eligible packet issue');"
"accelerated-launch/service/tests/sections/by-packet-reconciliation.cjs","92","by-packet-reconciliation","2","KEEP","Current behavior, evidence, isolation, source admission, or consumer contract.","check.equal(dl.status, 200, 'the entitled packet downloads');"
"accelerated-launch/service/tests/sections/by-packet-reconciliation.cjs","145","by-packet-reconciliation","1","KEEP","Current behavior, evidence, isolation, source admission, or consumer contract.","check.equal(contentRun.issue.basis_type, issues.BASIS_TYPE.CONTENT_FINDING, 'the content finding is the eligible issue');"
"accelerated-launch/service/tests/sections/by-packet-reconciliation.cjs","146","by-packet-reconciliation","1","KEEP","Current behavior, evidence, isolation, source admission, or consumer contract.","check.ok(/prohibits/.test(contentRun.text), 'the packet states the prohibition');"
"accelerated-launch/service/tests/sections/by-packet-reconciliation.cjs","147","by-packet-reconciliation","1","KEEP","Current behavior, evidence, isolation, source admission, or consumer contract.","check.ok(!/retention period has been exceeded/.test(contentRun.text), 'and never a retention period');"
"accelerated-launch/service/tests/sections/by-packet-reconciliation.cjs","148","by-packet-reconciliation","1","KEEP","Current behavior, evidence, isolation, source admission, or consumer contract.","check.ok(contentRun.text.includes(contentRun.issue.citation), 'the packet names the recorded rule');"
"accelerated-launch/service/tests/sections/by-packet-reconciliation.cjs","149","by-packet-reconciliation","1","KEEP","Current behavior, evidence, isolation, source admission, or consumer contract.","check.ok(/dismissed_disposition_presence/.test(contentRun.text), 'and states the decisive content facts');"
"accelerated-launch/service/tests/sections/by-packet-reconciliation.cjs","159","by-packet-reconciliation","1","KEEP","Current behavior, evidence, isolation, source admission, or consumer contract.","check.equal(auRun.issue.basis_type, issues.BASIS_TYPE.STATUTORY_RETENTION, 'the AU liability finding is the eligible retention issue');"
"accelerated-launch/service/tests/sections/by-packet-reconciliation.cjs","160","by-packet-reconciliation","1","KEEP","Current behavior, evidence, isolation, source admission, or consumer contract.","check.equal(auRun.issue.confidence, 'DEFINITE', 'as a definite correction request');"
"accelerated-launch/service/tests/sections/by-packet-reconciliation.cjs","161","by-packet-reconciliation","1","KEEP","Current behavior, evidence, isolation, source admission, or consumer contract.","check.ok(/retention period has been exceeded|More than 2 years/.test(auRun.text), 'the packet states the recorded retention basis');"
"accelerated-launch/service/tests/sections/by-packet-reconciliation.cjs","162","by-packet-reconciliation","1","KEEP","Current behavior, evidence, isolation, source admission, or consumer contract.","check.ok(auRun.report_identity && (auRun.report_identity.bureau || auRun.report_identity.reference_date), 'the AU packet carries ITS own case report identity');"
"accelerated-launch/service/tests/sections/by-packet-reconciliation.cjs","163","by-packet-reconciliation","1","KEEP","Current behavior, evidence, isolation, source admission, or consumer contract.","check.ok(/Report: /.test(auRun.text), 'and the AU packet states the report it came from');"
"accelerated-launch/service/tests/sections/by-packet-reconciliation.cjs","164","by-packet-reconciliation","1","KEEP","Current behavior, evidence, isolation, source admission, or consumer contract.","check.ok(auRun.issue.issue_id !== contentRun.issue.issue_id, 'the two packets are bound to their own case, not shared');"
"accelerated-launch/service/tests/sections/bz-report-history.cjs","60","bz-report-history","1","KEEP","Current behavior, evidence, isolation, source admission, or consumer contract.","check.equal(hist.total, 1, 'the history lists the account\'s own single assessment');"
"accelerated-launch/service/tests/sections/bz-report-history.cjs","61","bz-report-history","1","KEEP","Current behavior, evidence, isolation, source admission, or consumer contract.","check.equal(hist.assessments[0].bureau, 'Equifax', 'and shows the bureau');"
"accelerated-launch/service/tests/sections/bz-report-history.cjs","62","bz-report-history","1","KEEP","Current behavior, evidence, isolation, source admission, or consumer contract.","check.equal(hist.assessments[0].report_date, '2025-06-01', 'and the report date');"
"accelerated-launch/service/tests/sections/bz-report-history.cjs","63","bz-report-history","1","KEEP","Current behavior, evidence, isolation, source admission, or consumer contract.","check.equal(hist.assessments[0].result_id, A.result_id, 'and names the owned assessment');"
"accelerated-launch/service/tests/sections/bz-report-history.cjs","68","bz-report-history","1","KEEP","Current behavior, evidence, isolation, source admission, or consumer contract.","check.equal(cmpB.order.state, 'DETERMINED', 'the order is determined from the report dates');"
"accelerated-launch/service/tests/sections/bz-report-history.cjs","69","bz-report-history","1","KEEP","Current behavior, evidence, isolation, source admission, or consumer contract.","check.equal(cmpB.order.earlier, 'left', 'the earlier report is the one with the earlier date');"
"accelerated-launch/service/tests/sections/bz-report-history.cjs","70","bz-report-history","1","KEEP","Current behavior, evidence, isolation, source admission, or consumer contract.","check.equal(cmpB.direction_claimed, true, 'and a direction is claimed');"
"accelerated-launch/service/tests/sections/bz-report-history.cjs","72","bz-report-history","1","KEEP","Current behavior, evidence, isolation, source admission, or consumer contract.","check.equal(unchangedOut.outcome, 'STILL_OBSERVED', 'an unchanged issue is still observed');"
"accelerated-launch/service/tests/sections/bz-report-history.cjs","73","bz-report-history","1","KEEP","Current behavior, evidence, isolation, source admission, or consumer contract.","check.equal(unchangedOut.match.state, 'CONFIDENT', 'on a confidently matched account');"
"accelerated-launch/service/tests/sections/bz-report-history.cjs","79","bz-report-history","1","KEEP","Current behavior, evidence, isolation, source admission, or consumer contract.","check.equal(changedOut.outcome, 'CHANGED', 'a changed issue is flagged changed');"
"accelerated-launch/service/tests/sections/bz-report-history.cjs","80","bz-report-history","1","KEEP","Current behavior, evidence, isolation, source admission, or consumer contract.","check.equal(changedOut.earlier.evidence.opened, '2020-01-01', 'with the earlier before-fact');"
"accelerated-launch/service/tests/sections/bz-report-history.cjs","81","bz-report-history","1","KEEP","Current behavior, evidence, isolation, source admission, or consumer contract.","check.equal(changedOut.later.evidence.opened, '2021-01-01', 'and the later after-fact');"
"accelerated-launch/service/tests/sections/bz-report-history.cjs","85","bz-report-history","1","KEEP","Current behavior, evidence, isolation, source admission, or consumer contract.","check.equal(cmpOut.order.state, 'DETERMINED', 'the order is still determined');"
"accelerated-launch/service/tests/sections/bz-report-history.cjs","86","bz-report-history","1","KEEP","Current behavior, evidence, isolation, source admission, or consumer contract.","check.equal(cmpOut.order.earlier, 'right', 'and the earlier report is correctly identified even when selected second');"
"accelerated-launch/service/tests/sections/bz-report-history.cjs","88","bz-report-history","1","KEEP","Current behavior, evidence, isolation, source admission, or consumer contract.","check.equal(outOut.outcome, 'CHANGED', 'the outcome is unchanged by the selection order');"
"accelerated-launch/service/tests/sections/bz-report-history.cjs","89","bz-report-history","1","KEEP","Current behavior, evidence, isolation, source admission, or consumer contract.","check.equal(outOut.earlier.evidence.opened, '2020-01-01', 'and the before/after facts keep their direction');"
"accelerated-launch/service/tests/sections/bz-report-history.cjs","95","bz-report-history","1","KEEP","Current behavior, evidence, isolation, source admission, or consumer contract.","check.equal(goneOut.outcome, 'NO_LONGER_OBSERVED', 'an issue the later report no longer shows is no longer observed');"
"accelerated-launch/service/tests/sections/bz-report-history.cjs","96","bz-report-history","1","KEEP","Current behavior, evidence, isolation, source admission, or consumer contract.","check.ok(/never proves/.test(cmpD.note), 'and the absence note is present in the same view');"
"accelerated-launch/service/tests/sections/bz-report-history.cjs","101","bz-report-history","1","KEEP","Current behavior, evidence, isolation, source admission, or consumer contract.","check.equal(uncOut.match.state, 'QUALIFIED', 'a masked-identifier-only match is qualified');"
"accelerated-launch/service/tests/sections/bz-report-history.cjs","102","bz-report-history","1","KEEP","Current behavior, evidence, isolation, source admission, or consumer contract.","check.equal(uncOut.outcome, 'NOT_COMPARABLE', 'and it is not merged into an outcome');"
"accelerated-launch/service/tests/sections/bz-report-history.cjs","107","bz-report-history","1","KEEP","Current behavior, evidence, isolation, source admission, or consumer contract.","check.equal(noMatchOut.match.state, 'NONE', 'a different account with no shared identity evidence does not match');"
"accelerated-launch/service/tests/sections/bz-report-history.cjs","108","bz-report-history","1","KEEP","Current behavior, evidence, isolation, source admission, or consumer contract.","check.equal(noMatchOut.outcome, 'NOT_COMPARABLE', 'and is not silently merged');"
"accelerated-launch/service/tests/sections/bz-report-history.cjs","113","bz-report-history","1","KEEP","Current behavior, evidence, isolation, source admission, or consumer contract.","check.equal(cmpG.different_bureau, true, 'the comparison flags the two different bureaus');"
"accelerated-launch/service/tests/sections/bz-report-history.cjs","115","bz-report-history","1","KEEP","Current behavior, evidence, isolation, source admission, or consumer contract.","check.equal(crossOut.match.state, 'CONFIDENT', 'the same account is still matched across bureaus');"
"accelerated-launch/service/tests/sections/bz-report-history.cjs","116","bz-report-history","1","KEEP","Current behavior, evidence, isolation, source admission, or consumer contract.","check.equal(crossOut.match.cross_bureau, true, 'and the cross-bureau difference is preserved');"
"accelerated-launch/service/tests/sections/bz-report-history.cjs","121","bz-report-history","1","KEEP","Current behavior, evidence, isolation, source admission, or consumer contract.","check.equal(missingOut.match.state, 'CONFIDENT', 'the account is still matched');"
"accelerated-launch/service/tests/sections/bz-report-history.cjs","122","bz-report-history","1","KEEP","Current behavior, evidence, isolation, source admission, or consumer contract.","check.equal(missingOut.outcome, 'NOT_COMPARABLE', 'but a missing field makes the outcome not comparable');"
"accelerated-launch/service/tests/sections/bz-report-history.cjs","123","bz-report-history","1","KEEP","Current behavior, evidence, isolation, source admission, or consumer contract.","check.equal(missingOut.reason, 'FIELD_NOT_READ_IN_LATER_REPORT', 'and the reason names the missing field');"
"accelerated-launch/service/tests/sections/bz-report-history.cjs","128","bz-report-history","1","KEEP","Current behavior, evidence, isolation, source admission, or consumer contract.","check.equal(cmpI.order.state, 'SAME_REPORT_DATE', 'two reports with the same date claim no order');"
"accelerated-launch/service/tests/sections/bz-report-history.cjs","129","bz-report-history","1","KEEP","Current behavior, evidence, isolation, source admission, or consumer contract.","check.equal(cmpI.direction_claimed, false, 'and no direction is claimed');"
"accelerated-launch/service/tests/sections/bz-report-history.cjs","134","bz-report-history","1","KEEP","Current behavior, evidence, isolation, source admission, or consumer contract.","check.equal((await compare(t, stranger, A.result_id, B.result_id)).status, 403, 'another account cannot compare your reports');"
"accelerated-launch/service/tests/sections/bz-report-history.cjs","135","bz-report-history","1","KEEP","Current behavior, evidence, isolation, source admission, or consumer contract.","check.equal((await t.request('GET', '/api/history', { token: stranger.token })).json.total, 0, 'and sees none of your history');"
"accelerated-launch/service/tests/sections/bz-report-history.cjs","136","bz-report-history","1","KEEP","Current behavior, evidence, isolation, source admission, or consumer contract.","check.equal((await compare(t, actor, 'res_does_not_exist', B.result_id)).status, 404, 'an unknown result id is not found');"
"accelerated-launch/service/tests/sections/bz-report-history.cjs","137","bz-report-history","1","KEEP","Current behavior, evidence, isolation, source admission, or consumer contract.","check.equal((await compare(t, actor, A.result_id, A.result_id)).status, 400, 'comparing a report with itself is refused');"
"accelerated-launch/service/tests/sections/bz-report-history.cjs","141","bz-report-history","1","KEEP","Current behavior, evidence, isolation, source admission, or consumer contract.","check.equal((await t.request('GET', '/api/history', { token: unpaid.token })).status, 200, 'reading your own empty history needs no purchase');"
"accelerated-launch/service/tests/sections/bz-report-history.cjs","149","bz-report-history","1","KEEP","Current behavior, evidence, isolation, source admission, or consumer contract.","check.equal(approved.packet.approved, true, 'a packet on the changed case is approved');"
"accelerated-launch/service/tests/sections/bz-report-history.cjs","152","bz-report-history","1","KEEP","Current behavior, evidence, isolation, source admission, or consumer contract.","check.equal(beforeDownload.status, 200, 'and downloads');"
"accelerated-launch/service/tests/sections/bz-report-history.cjs","155","bz-report-history","1","KEEP","Current behavior, evidence, isolation, source admission, or consumer contract.","check.equal(cmpAfter.status, 200, 'a comparison involving the packet\'s case succeeds');"
"accelerated-launch/service/tests/sections/bz-report-history.cjs","157","bz-report-history","1","KEEP","Current behavior, evidence, isolation, source admission, or consumer contract.","check.equal(afterView.packet.approved_version, beforeVersion, 'the approved packet version is unchanged by the comparison');"
"accelerated-launch/service/tests/sections/bz-report-history.cjs","158","bz-report-history","1","KEEP","Current behavior, evidence, isolation, source admission, or consumer contract.","check.equal(afterView.packet.download_available, true, 'and it is still downloadable');"
"accelerated-launch/service/tests/sections/bz-report-history.cjs","160","bz-report-history","1","KEEP","Current behavior, evidence, isolation, source admission, or consumer contract.","check.equal(afterDownload.status, 200, 'the packet download still works after the comparison');"
"accelerated-launch/service/tests/sections/bz-report-history.cjs","162","bz-report-history","1","KEEP","Current behavior, evidence, isolation, source admission, or consumer contract.","check.equal(stripProduced(afterDownload.text), stripProduced(beforeDownload.text), 'with identical content (the generation timestamp aside)');"
"accelerated-launch/service/tests/sections/bz-report-history.cjs","166","bz-report-history","1","KEEP","Current behavior, evidence, isolation, source admission, or consumer contract.","check.ok(laterPv.eligible_issues.length >= 1, 'the later assessment still offers its own supported issue for a packet');"
