"source_entry_id","record_type","legal_family","legacy_jurisdiction_reference","canonical_jurisdiction_status","canonical_country_code","canonical_region_code","provision_or_citation","source_locator","source_artifact","source_artifact_sha256","catalogue_status","legal_provision_key","canonical_entry_id","duplicate_group_id","duplicate_link_basis","duplicate_evidence","disposition","disposition_basis","disposition_state","blocker_type","missing_artifact","clearing_authority"
"CRP-LSRC-0001","AUTHORITY_RECORD","F2","US_FEDERAL","COUNTRY_WIDE_SOURCE","null","null","NOT RECORDED (registrar record, locatorPrefix `15 U.S.C. §`)","https://www.govinfo.gov/content/pkg/USCODE-2023-title15/html/","packages\backend\src\services\legalCorpus\authorities.ts","79EC22A5F9AB6A12E86AD63606410CF5A19271786B089540EAC32038CA8E0EB5","ADMITTED_SOURCE_ONLY"," |  | US_FEDERAL | Fair Credit Reporting Act (FCRA) | NOT RECORDED (registrar record, locatorPrefix `15 U.S.C. §`)","CRP-LSRC-0001","NONE","NO_REPEATED_STRING_MEASURED","no repeated (source_artifact, provision_or_citation) pair and no repeated citation string measured for this row","UNRESOLVED","CRP_PHASE5_NEXT_GATE_RECONCILIATION.md §5.2 (measured: 21 of 437 records carry a durable per-ID disposition; none of them is this ID) - no durable per-ID basis exists in this workspace to assign EXCLUDED, GAP or REFUSAL","BLOCKED_MISSING_EVIDENCE","NO_DURABLE_RESCREEN_RECORD","a durable per-ID corrected-logic rescreen disposition for CRP-LSRC-0001 - no register section, work-order ledger, catalogue field or SOURCE_CAPTURES evidence package in this workspace records one","WORK - record a durable per-ID rescreen disposition in an authorised batch; where the disposition turns on report-field or event-date mapping it additionally requires an AUTHORISED_EVIDENCE_ROUTE"
"CRP-LSRC-0002","AUTHORITY_RECORD","F2","US_FEDERAL","COUNTRY_WIDE_SOURCE","null","null","NOT RECORDED (registrar record, locatorPrefix `12 CFR §`)","https://www.ecfr.gov/api/versioner/v1/full/2026-01-01/title-12.xml?part=1022","packages\backend\src\services\legalCorpus\authorities.ts","79EC22A5F9AB6A12E86AD63606410CF5A19271786B089540EAC32038CA8E0EB5","ADMITTED_SOURCE_ONLY"," |  | US_FEDERAL | Regulation V — Fair Credit Reporting (12 C.F.R. part 1022) | NOT RECORDED (registrar record, locatorPrefix `12 CFR §`)","CRP-LSRC-0002","NONE","NO_REPEATED_STRING_MEASURED","no repeated (source_artifact, provision_or_citation) pair and no repeated citation string measured for this row","UNRESOLVED","CRP_PHASE5_NEXT_GATE_RECONCILIATION.md §5.2 (measured: 21 of 437 records carry a durable per-ID disposition; none of them is this ID) - no durable per-ID basis exists in this workspace to assign EXCLUDED, GAP or REFUSAL","BLOCKED_MISSING_EVIDENCE","NO_DURABLE_RESCREEN_RECORD","a durable per-ID corrected-logic rescreen disposition for CRP-LSRC-0002 - no register section, work-order ledger, catalogue field or SOURCE_CAPTURES evidence package in this workspace records one","WORK - record a durable per-ID rescreen disposition in an authorised batch; where the disposition turns on report-field or event-date mapping it additionally requires an AUTHORISED_EVIDENCE_ROUTE"
"CRP-LSRC-0003","CONTENT_RULE","F1","US_FEDERAL","COUNTRY_WIDE_SOURCE","null","null","§ 605(a)(5) — 15 U.S.C. § 1681c(a)(5)","https://www.govinfo.gov/content/pkg/USCODE-2023-title15/html/USCODE-2023-title15-chap41-subchapIII-1681c.htm","packages\backend\src\services\legalRules.ts","FE5C1BA63AE85923E378D4278C3D6E85461E8DF648847F43FE02FB4185BD41F6","ADMITTED_SOURCE_ONLY"," |  | US_FEDERAL | Fair Credit Reporting Act (FCRA), 15 U.S.C. § 1681 et seq. | § 605(a)(5) — 15 U.S.C. § 1681c(a)(5)","CRP-LSRC-0003","DUP-CITE-001","REPEATED_CITATION_ONLY","the citation string occurs on 2 catalogue rows across 2 distinct source_artifact values (ids: CRP-LSRC-0003, CRP-LSRC-0018); string-identity duplicate indicator only, not a proven duplicate legal provision","UNRESOLVED","CRP_PHASE5_NEXT_GATE_RECONCILIATION.md §5.2 (measured: 21 of 437 records carry a durable per-ID disposition; none of them is this ID) - no durable per-ID basis exists in this workspace to assign EXCLUDED, GAP or REFUSAL","BLOCKED_MISSING_EVIDENCE","NO_DURABLE_RESCREEN_RECORD","a durable per-ID corrected-logic rescreen disposition for CRP-LSRC-0003 - no register section, work-order ledger, catalogue field or SOURCE_CAPTURES evidence package in this workspace records one","WORK - record a durable per-ID rescreen disposition in an authorised batch; where the disposition turns on report-field or event-date mapping it additionally requires an AUTHORISED_EVIDENCE_ROUTE"
"CRP-LSRC-0004","CONTENT_RULE","F1","US_FEDERAL","COUNTRY_WIDE_SOURCE","null","null","§ 605(a)(1) — 15 U.S.C. § 1681c(a)(1)","https://www.govinfo.gov/content/pkg/USCODE-2023-title15/html/USCODE-2023-title15-chap41-subchapIII-1681c.htm","packages\backend\src\services\legalRules.ts","FE5C1BA63AE85923E378D4278C3D6E85461E8DF648847F43FE02FB4185BD41F6","ADMITTED_SOURCE_ONLY"," |  | US_FEDERAL | Fair Credit Reporting Act (FCRA), 15 U.S.C. § 1681 et seq. | § 605(a)(1) — 15 U.S.C. § 1681c(a)(1)","CRP-LSRC-0004","DUP-CITE-002","REPEATED_CITATION_ONLY","the citation string occurs on 2 catalogue rows across 2 distinct source_artifact values (ids: CRP-LSRC-0004, CRP-LSRC-0014); string-identity duplicate indicator only, not a proven duplicate legal provision","UNRESOLVED","CRP_PHASE5_NEXT_GATE_RECONCILIATION.md §5.2 (measured: 21 of 437 records carry a durable per-ID disposition; none of them is this ID) - no durable per-ID basis exists in this workspace to assign EXCLUDED, GAP or REFUSAL","BLOCKED_MISSING_EVIDENCE","NO_DURABLE_RESCREEN_RECORD","a durable per-ID corrected-logic rescreen disposition for CRP-LSRC-0004 - no register section, work-order ledger, catalogue field or SOURCE_CAPTURES evidence package in this workspace records one","WORK - record a durable per-ID rescreen disposition in an authorised batch; where the disposition turns on report-field or event-date mapping it additionally requires an AUTHORISED_EVIDENCE_ROUTE"
"CRP-LSRC-0005","CONTENT_RULE","F1","US_FEDERAL","COUNTRY_WIDE_SOURCE","null","null","§ 605(a)(2) — 15 U.S.C. § 1681c(a)(2)","https://www.govinfo.gov/content/pkg/USCODE-2023-title15/html/USCODE-2023-title15-chap41-subchapIII-1681c.htm","packages\backend\src\services\legalRules.ts","FE5C1BA63AE85923E378D4278C3D6E85461E8DF648847F43FE02FB4185BD41F6","ADMITTED_SOURCE_ONLY"," |  | US_FEDERAL | Fair Credit Reporting Act (FCRA), 15 U.S.C. § 1681 et seq. | § 605(a)(2) — 15 U.S.C. § 1681c(a)(2)","CRP-LSRC-0005","DUP-CITE-003","REPEATED_CITATION_ONLY","the citation string occurs on 2 catalogue rows across 2 distinct source_artifact values (ids: CRP-LSRC-0005, CRP-LSRC-0015); string-identity duplicate indicator only, not a proven duplicate legal provision","UNRESOLVED","CRP_PHASE5_NEXT_GATE_RECONCILIATION.md §5.2 (measured: 21 of 437 records carry a durable per-ID disposition; none of them is this ID) - no durable per-ID basis exists in this workspace to assign EXCLUDED, GAP or REFUSAL","BLOCKED_MISSING_EVIDENCE","NO_DURABLE_RESCREEN_RECORD","a durable per-ID corrected-logic rescreen disposition for CRP-LSRC-0005 - no register section, work-order ledger, catalogue field or SOURCE_CAPTURES evidence package in this workspace records one","WORK - record a durable per-ID rescreen disposition in an authorised batch; where the disposition turns on report-field or event-date mapping it additionally requires an AUTHORISED_EVIDENCE_ROUTE"
"CRP-LSRC-0006","CONTENT_RULE","F1","US_FEDERAL","COUNTRY_WIDE_SOURCE","null","null","§ 605(a)(3) — 15 U.S.C. § 1681c(a)(3)","https://www.govinfo.gov/content/pkg/USCODE-2023-title15/html/USCODE-2023-title15-chap41-subchapIII-1681c.htm","packages\backend\src\services\legalRules.ts","FE5C1BA63AE85923E378D4278C3D6E85461E8DF648847F43FE02FB4185BD41F6","ADMITTED_SOURCE_ONLY"," |  | US_FEDERAL | Fair Credit Reporting Act (FCRA), 15 U.S.C. § 1681 et seq. | § 605(a)(3) — 15 U.S.C. § 1681c(a)(3)","CRP-LSRC-0006","DUP-CITE-004","REPEATED_CITATION_ONLY","the citation string occurs on 2 catalogue rows across 2 distinct source_artifact values (ids: CRP-LSRC-0006, CRP-LSRC-0016); string-identity duplicate indicator only, not a proven duplicate legal provision","UNRESOLVED","CRP_PHASE5_NEXT_GATE_RECONCILIATION.md §5.2 (measured: 21 of 437 records carry a durable per-ID disposition; none of them is this ID) - no durable per-ID basis exists in this workspace to assign EXCLUDED, GAP or REFUSAL","BLOCKED_MISSING_EVIDENCE","NO_DURABLE_RESCREEN_RECORD","a durable per-ID corrected-logic rescreen disposition for CRP-LSRC-0006 - no register section, work-order ledger, catalogue field or SOURCE_CAPTURES evidence package in this workspace records one","WORK - record a durable per-ID rescreen disposition in an authorised batch; where the disposition turns on report-field or event-date mapping it additionally requires an AUTHORISED_EVIDENCE_ROUTE"
"CRP-LSRC-0007","CONTENT_RULE","F1","US_FEDERAL","COUNTRY_WIDE_SOURCE","null","null","§ 605(a)(4) — 15 U.S.C. § 1681c(a)(4)","https://www.govinfo.gov/content/pkg/USCODE-2023-title15/html/USCODE-2023-title15-chap41-subchapIII-1681c.htm","packages\backend\src\services\legalRules.ts","FE5C1BA63AE85923E378D4278C3D6E85461E8DF648847F43FE02FB4185BD41F6","ADMITTED_SOURCE_ONLY"," |  | US_FEDERAL | Fair Credit Reporting Act (FCRA), 15 U.S.C. § 1681 et seq. | § 605(a)(4) — 15 U.S.C. § 1681c(a)(4)","CRP-LSRC-0007","DUP-CITE-005","REPEATED_CITATION_ONLY","the citation string occurs on 2 catalogue rows across 2 distinct source_artifact values (ids: CRP-LSRC-0007, CRP-LSRC-0017); string-identity duplicate indicator only, not a proven duplicate legal provision","UNRESOLVED","CRP_PHASE5_NEXT_GATE_RECONCILIATION.md §5.2 (measured: 21 of 437 records carry a durable per-ID disposition; none of them is this ID) - no durable per-ID basis exists in this workspace to assign EXCLUDED, GAP or REFUSAL","BLOCKED_MISSING_EVIDENCE","NO_DURABLE_RESCREEN_RECORD","a durable per-ID corrected-logic rescreen disposition for CRP-LSRC-0007 - no register section, work-order ledger, catalogue field or SOURCE_CAPTURES evidence package in this workspace records one","WORK - record a durable per-ID rescreen disposition in an authorised batch; where the disposition turns on report-field or event-date mapping it additionally requires an AUTHORISED_EVIDENCE_ROUTE"
"CRP-LSRC-0008","CONTENT_RULE","F3","US_FEDERAL","COUNTRY_WIDE_SOURCE","null","null","§ 605(a)(6), (a)(7), (a)(8) — 15 U.S.C. § 1681c(a)(6)-(8)","https://www.govinfo.gov/content/pkg/USCODE-2023-title15/html/USCODE-2023-title15-chap41-subchapIII-1681c.htm","packages\backend\src\services\legalRules.ts","FE5C1BA63AE85923E378D4278C3D6E85461E8DF648847F43FE02FB4185BD41F6","ADMITTED_SOURCE_ONLY"," |  | US_FEDERAL | Fair Credit Reporting Act (FCRA), 15 U.S.C. § 1681 et seq. | § 605(a)(6), (a)(7), (a)(8) — 15 U.S.C. § 1681c(a)(6)-(8)","CRP-LSRC-0008","NONE","NO_REPEATED_STRING_MEASURED","no repeated (source_artifact, provision_or_citation) pair and no repeated citation string measured for this row","UNRESOLVED","CRP_PHASE5_NEXT_GATE_RECONCILIATION.md §5.2 (measured: 21 of 437 records carry a durable per-ID disposition; none of them is this ID) - no durable per-ID basis exists in this workspace to assign EXCLUDED, GAP or REFUSAL","BLOCKED_MISSING_EVIDENCE","NO_DURABLE_RESCREEN_RECORD","a durable per-ID corrected-logic rescreen disposition for CRP-LSRC-0008 - no register section, work-order ledger, catalogue field or SOURCE_CAPTURES evidence package in this workspace records one","WORK - record a durable per-ID rescreen disposition in an authorised batch; where the disposition turns on report-field or event-date mapping it additionally requires an AUTHORISED_EVIDENCE_ROUTE"
"CRP-LSRC-0009","CONTENT_RULE","F1","US_FEDERAL","COUNTRY_WIDE_SOURCE","null","null","§ 605(c) — 15 U.S.C. § 1681c(c)","https://www.govinfo.gov/content/pkg/USCODE-2023-title15/html/USCODE-2023-title15-chap41-subchapIII-1681c.htm","packages\backend\src\services\legalRules.ts","FE5C1BA63AE85923E378D4278C3D6E85461E8DF648847F43FE02FB4185BD41F6","ADMITTED_SOURCE_ONLY"," |  | US_FEDERAL | Fair Credit Reporting Act (FCRA), 15 U.S.C. § 1681 et seq. | § 605(c) — 15 U.S.C. § 1681c(c)","CRP-LSRC-0009","NONE","NO_REPEATED_STRING_MEASURED","no repeated (source_artifact, provision_or_citation) pair and no repeated citation string measured for this row","UNRESOLVED","CRP_PHASE5_NEXT_GATE_RECONCILIATION.md §5.2 (measured: 21 of 437 records carry a durable per-ID disposition; none of them is this ID) - no durable per-ID basis exists in this workspace to assign EXCLUDED, GAP or REFUSAL","BLOCKED_MISSING_EVIDENCE","NO_DURABLE_RESCREEN_RECORD","a durable per-ID corrected-logic rescreen disposition for CRP-LSRC-0009 - no register section, work-order ledger, catalogue field or SOURCE_CAPTURES evidence package in this workspace records one","WORK - record a durable per-ID rescreen disposition in an authorised batch; where the disposition turns on report-field or event-date mapping it additionally requires an AUTHORISED_EVIDENCE_ROUTE"
"CRP-LSRC-0010","CONTENT_RULE","F1","US_FEDERAL","COUNTRY_WIDE_SOURCE","null","null","§ 623(a)(5)(A) — 15 U.S.C. § 1681s-2(a)(5)(A)","https://www.govinfo.gov/content/pkg/USCODE-2023-title15/html/USCODE-2023-title15-chap41-subchapIII-1681s-2.htm","packages\backend\src\services\legalRules.ts","FE5C1BA63AE85923E378D4278C3D6E85461E8DF648847F43FE02FB4185BD41F6","ADMITTED_SOURCE_ONLY"," |  | US_FEDERAL | Fair Credit Reporting Act (FCRA), 15 U.S.C. § 1681 et seq. | § 623(a)(5)(A) — 15 U.S.C. § 1681s-2(a)(5)(A)","CRP-LSRC-0010","DUP-CITE-006","REPEATED_CITATION_ONLY","the citation string occurs on 3 catalogue rows across 2 distinct source_artifact values (ids: CRP-LSRC-0010, CRP-LSRC-0053, CRP-LSRC-0054); string-identity duplicate indicator only, not a proven duplicate legal provision","UNRESOLVED","CRP_PHASE5_NEXT_GATE_RECONCILIATION.md §5.2 (measured: 21 of 437 records carry a durable per-ID disposition; none of them is this ID) - no durable per-ID basis exists in this workspace to assign EXCLUDED, GAP or REFUSAL","BLOCKED_MISSING_EVIDENCE","NO_DURABLE_RESCREEN_RECORD","a durable per-ID corrected-logic rescreen disposition for CRP-LSRC-0010 - no register section, work-order ledger, catalogue field or SOURCE_CAPTURES evidence package in this workspace records one","WORK - record a durable per-ID rescreen disposition in an authorised batch; where the disposition turns on report-field or event-date mapping it additionally requires an AUTHORISED_EVIDENCE_ROUTE"
"CRP-LSRC-0011","CONTENT_RULE","F5","US_FEDERAL","COUNTRY_WIDE_SOURCE","null","null","§ 609(a)(1) — 15 U.S.C. § 1681g(a)(1)","https://www.govinfo.gov/content/pkg/USCODE-2023-title15/html/USCODE-2023-title15-chap41-subchapIII-1681g.htm","packages\backend\src\services\legalRules.ts","FE5C1BA63AE85923E378D4278C3D6E85461E8DF648847F43FE02FB4185BD41F6","ADMITTED_SOURCE_ONLY"," |  | US_FEDERAL | Fair Credit Reporting Act (FCRA), 15 U.S.C. § 1681 et seq. | § 609(a)(1) — 15 U.S.C. § 1681g(a)(1)","CRP-LSRC-0011","DUP-CITE-007","REPEATED_CITATION_ONLY","the citation string occurs on 2 catalogue rows across 2 distinct source_artifact values (ids: CRP-LSRC-0011, CRP-LSRC-0044); string-identity duplicate indicator only, not a proven duplicate legal provision","UNRESOLVED","CRP_PHASE5_NEXT_GATE_RECONCILIATION.md §5.2 (measured: 21 of 437 records carry a durable per-ID disposition; none of them is this ID) - no durable per-ID basis exists in this workspace to assign EXCLUDED, GAP or REFUSAL","BLOCKED_MISSING_EVIDENCE","NO_DURABLE_RESCREEN_RECORD","a durable per-ID corrected-logic rescreen disposition for CRP-LSRC-0011 - no register section, work-order ledger, catalogue field or SOURCE_CAPTURES evidence package in this workspace records one","WORK - record a durable per-ID rescreen disposition in an authorised batch; where the disposition turns on report-field or event-date mapping it additionally requires an AUTHORISED_EVIDENCE_ROUTE"
"CRP-LSRC-0012","CONTENT_RULE","F6","US_FEDERAL","COUNTRY_WIDE_SOURCE","null","null","§ 611(a)(1)(A) and (a)(5)(A) — 15 U.S.C. § 1681i(a)(1)(A), (a)(5)(A)","https://www.govinfo.gov/content/pkg/USCODE-2023-title15/html/USCODE-2023-title15-chap41-subchapIII-1681i.htm","packages\backend\src\services\legalRules.ts","FE5C1BA63AE85923E378D4278C3D6E85461E8DF648847F43FE02FB4185BD41F6","ADMITTED_SOURCE_ONLY"," |  | US_FEDERAL | Fair Credit Reporting Act (FCRA), 15 U.S.C. § 1681 et seq. | § 611(a)(1)(A) and (a)(5)(A) — 15 U.S.C. § 1681i(a)(1)(A), (a)(5)(A)","CRP-LSRC-0012","NONE","NO_REPEATED_STRING_MEASURED","no repeated (source_artifact, provision_or_citation) pair and no repeated citation string measured for this row","UNRESOLVED","CRP_PHASE5_NEXT_GATE_RECONCILIATION.md §5.2 (measured: 21 of 437 records carry a durable per-ID disposition; none of them is this ID) - no durable per-ID basis exists in this workspace to assign EXCLUDED, GAP or REFUSAL","BLOCKED_MISSING_EVIDENCE","NO_DURABLE_RESCREEN_RECORD","a durable per-ID corrected-logic rescreen disposition for CRP-LSRC-0012 - no register section, work-order ledger, catalogue field or SOURCE_CAPTURES evidence package in this workspace records one","WORK - record a durable per-ID rescreen disposition in an authorised batch; where the disposition turns on report-field or event-date mapping it additionally requires an AUTHORISED_EVIDENCE_ROUTE"
"CRP-LSRC-0013","CONTENT_RULE","F4","US_FEDERAL","COUNTRY_WIDE_SOURCE","null","null","§ 607(b) — 15 U.S.C. § 1681e(b)","https://www.govinfo.gov/content/pkg/USCODE-2023-title15/html/USCODE-2023-title15-chap41-subchapIII-1681e.htm","packages\backend\src\services\legalRules.ts","FE5C1BA63AE85923E378D4278C3D6E85461E8DF648847F43FE02FB4185BD41F6","ADMITTED_SOURCE_ONLY"," |  | US_FEDERAL | Fair Credit Reporting Act (FCRA), 15 U.S.C. § 1681 et seq. | § 607(b) — 15 U.S.C. § 1681e(b)","CRP-LSRC-0013","DUP-CITE-008","REPEATED_CITATION_ONLY","the citation string occurs on 3 catalogue rows across 2 distinct source_artifact values (ids: CRP-LSRC-0013, CRP-LSRC-0041, CRP-LSRC-0042); string-identity duplicate indicator only, not a proven duplicate legal provision","UNRESOLVED","CRP_PHASE5_NEXT_GATE_RECONCILIATION.md §5.2 (measured: 21 of 437 records carry a durable per-ID disposition; none of them is this ID) - no durable per-ID basis exists in this workspace to assign EXCLUDED, GAP or REFUSAL","BLOCKED_MISSING_EVIDENCE","NO_DURABLE_RESCREEN_RECORD","a durable per-ID corrected-logic rescreen disposition for CRP-LSRC-0013 - no register section, work-order ledger, catalogue field or SOURCE_CAPTURES evidence package in this workspace records one","WORK - record a durable per-ID rescreen disposition in an authorised batch; where the disposition turns on report-field or event-date mapping it additionally requires an AUTHORISED_EVIDENCE_ROUTE"
"CRP-LSRC-0014","CONTENT_RULE","F1","US_FEDERAL","COUNTRY_WIDE_SOURCE","null","null","§ 605(a)(1) — 15 U.S.C. § 1681c(a)(1)","https://www.govinfo.gov/content/pkg/USCODE-2023-title15/html/USCODE-2023-title15-chap41-subchapIII-1681c.htm","packages\backend\src\services\legalCorpus\rules.fcra.ts","22B4331901338ED58CB380F44CF951D354459F69AA16D57DBC5690945E779405","ADMITTED_SOURCE_ONLY"," |  | US_FEDERAL | Fair Credit Reporting Act (FCRA) | § 605(a)(1) — 15 U.S.C. § 1681c(a)(1)","CRP-LSRC-0004","DUP-CITE-002","REPEATED_CITATION_ONLY","the citation string occurs on 2 catalogue rows across 2 distinct source_artifact values (ids: CRP-LSRC-0004, CRP-LSRC-0014); string-identity duplicate indicator only, not a proven duplicate legal provision","UNRESOLVED","CRP_PHASE5_NEXT_GATE_RECONCILIATION.md §5.2 (measured: 21 of 437 records carry a durable per-ID disposition; none of them is this ID) - no durable per-ID basis exists in this workspace to assign EXCLUDED, GAP or REFUSAL","BLOCKED_MISSING_EVIDENCE","NO_DURABLE_RESCREEN_RECORD","a durable per-ID corrected-logic rescreen disposition for CRP-LSRC-0014 - no register section, work-order ledger, catalogue field or SOURCE_CAPTURES evidence package in this workspace records one","WORK - record a durable per-ID rescreen disposition in an authorised batch; where the disposition turns on report-field or event-date mapping it additionally requires an AUTHORISED_EVIDENCE_ROUTE"
"CRP-LSRC-0015","CONTENT_RULE","F1","US_FEDERAL","COUNTRY_WIDE_SOURCE","null","null","§ 605(a)(2) — 15 U.S.C. § 1681c(a)(2)","https://www.govinfo.gov/content/pkg/USCODE-2023-title15/html/USCODE-2023-title15-chap41-subchapIII-1681c.htm","packages\backend\src\services\legalCorpus\rules.fcra.ts","22B4331901338ED58CB380F44CF951D354459F69AA16D57DBC5690945E779405","ADMITTED_SOURCE_ONLY"," |  | US_FEDERAL | Fair Credit Reporting Act (FCRA) | § 605(a)(2) — 15 U.S.C. § 1681c(a)(2)","CRP-LSRC-0005","DUP-CITE-003","REPEATED_CITATION_ONLY","the citation string occurs on 2 catalogue rows across 2 distinct source_artifact values (ids: CRP-LSRC-0005, CRP-LSRC-0015); string-identity duplicate indicator only, not a proven duplicate legal provision","UNRESOLVED","CRP_PHASE5_NEXT_GATE_RECONCILIATION.md §5.2 (measured: 21 of 437 records carry a durable per-ID disposition; none of them is this ID) - no durable per-ID basis exists in this workspace to assign EXCLUDED, GAP or REFUSAL","BLOCKED_MISSING_EVIDENCE","NO_DURABLE_RESCREEN_RECORD","a durable per-ID corrected-logic rescreen disposition for CRP-LSRC-0015 - no register section, work-order ledger, catalogue field or SOURCE_CAPTURES evidence package in this workspace records one","WORK - record a durable per-ID rescreen disposition in an authorised batch; where the disposition turns on report-field or event-date mapping it additionally requires an AUTHORISED_EVIDENCE_ROUTE"
"CRP-LSRC-0016","CONTENT_RULE","F1","US_FEDERAL","COUNTRY_WIDE_SOURCE","null","null","§ 605(a)(3) — 15 U.S.C. § 1681c(a)(3)","https://www.govinfo.gov/content/pkg/USCODE-2023-title15/html/USCODE-2023-title15-chap41-subchapIII-1681c.htm","packages\backend\src\services\legalCorpus\rules.fcra.ts","22B4331901338ED58CB380F44CF951D354459F69AA16D57DBC5690945E779405","ADMITTED_SOURCE_ONLY"," |  | US_FEDERAL | Fair Credit Reporting Act (FCRA) | § 605(a)(3) — 15 U.S.C. § 1681c(a)(3)","CRP-LSRC-0006","DUP-CITE-004","REPEATED_CITATION_ONLY","the citation string occurs on 2 catalogue rows across 2 distinct source_artifact values (ids: CRP-LSRC-0006, CRP-LSRC-0016); string-identity duplicate indicator only, not a proven duplicate legal provision","UNRESOLVED","CRP_PHASE5_NEXT_GATE_RECONCILIATION.md §5.2 (measured: 21 of 437 records carry a durable per-ID disposition; none of them is this ID) - no durable per-ID basis exists in this workspace to assign EXCLUDED, GAP or REFUSAL","BLOCKED_MISSING_EVIDENCE","NO_DURABLE_RESCREEN_RECORD","a durable per-ID corrected-logic rescreen disposition for CRP-LSRC-0016 - no register section, work-order ledger, catalogue field or SOURCE_CAPTURES evidence package in this workspace records one","WORK - record a durable per-ID rescreen disposition in an authorised batch; where the disposition turns on report-field or event-date mapping it additionally requires an AUTHORISED_EVIDENCE_ROUTE"
"CRP-LSRC-0017","CONTENT_RULE","F1","US_FEDERAL","COUNTRY_WIDE_SOURCE","null","null","§ 605(a)(4) — 15 U.S.C. § 1681c(a)(4)","https://www.govinfo.gov/content/pkg/USCODE-2023-title15/html/USCODE-2023-title15-chap41-subchapIII-1681c.htm","packages\backend\src\services\legalCorpus\rules.fcra.ts","22B4331901338ED58CB380F44CF951D354459F69AA16D57DBC5690945E779405","ADMITTED_SOURCE_ONLY"," |  | US_FEDERAL | Fair Credit Reporting Act (FCRA) | § 605(a)(4) — 15 U.S.C. § 1681c(a)(4)","CRP-LSRC-0007","DUP-CITE-005","REPEATED_CITATION_ONLY","the citation string occurs on 2 catalogue rows across 2 distinct source_artifact values (ids: CRP-LSRC-0007, CRP-LSRC-0017); string-identity duplicate indicator only, not a proven duplicate legal provision","UNRESOLVED","CRP_PHASE5_NEXT_GATE_RECONCILIATION.md §5.2 (measured: 21 of 437 records carry a durable per-ID disposition; none of them is this ID) - no durable per-ID basis exists in this workspace to assign EXCLUDED, GAP or REFUSAL","BLOCKED_MISSING_EVIDENCE","NO_DURABLE_RESCREEN_RECORD","a durable per-ID corrected-logic rescreen disposition for CRP-LSRC-0017 - no register section, work-order ledger, catalogue field or SOURCE_CAPTURES evidence package in this workspace records one","WORK - record a durable per-ID rescreen disposition in an authorised batch; where the disposition turns on report-field or event-date mapping it additionally requires an AUTHORISED_EVIDENCE_ROUTE"
"CRP-LSRC-0018","CONTENT_RULE","F1","US_FEDERAL","COUNTRY_WIDE_SOURCE","null","null","§ 605(a)(5) — 15 U.S.C. § 1681c(a)(5)","https://www.govinfo.gov/content/pkg/USCODE-2023-title15/html/USCODE-2023-title15-chap41-subchapIII-1681c.htm","packages\backend\src\services\legalCorpus\rules.fcra.ts","22B4331901338ED58CB380F44CF951D354459F69AA16D57DBC5690945E779405","ADMITTED_SOURCE_ONLY"," |  | US_FEDERAL | Fair Credit Reporting Act (FCRA) | § 605(a)(5) — 15 U.S.C. § 1681c(a)(5)","CRP-LSRC-0003","DUP-CITE-001","REPEATED_CITATION_ONLY","the citation string occurs on 2 catalogue rows across 2 distinct source_artifact values (ids: CRP-LSRC-0003, CRP-LSRC-0018); string-identity duplicate indicator only, not a proven duplicate legal provision","UNRESOLVED","CRP_PHASE5_NEXT_GATE_RECONCILIATION.md §5.2 (measured: 21 of 437 records carry a durable per-ID disposition; none of them is this ID) - no durable per-ID basis exists in this workspace to assign EXCLUDED, GAP or REFUSAL","BLOCKED_MISSING_EVIDENCE","NO_DURABLE_RESCREEN_RECORD","a durable per-ID corrected-logic rescreen disposition for CRP-LSRC-0018 - no register section, work-order ledger, catalogue field or SOURCE_CAPTURES evidence package in this workspace records one","WORK - record a durable per-ID rescreen disposition in an authorised batch; where the disposition turns on report-field or event-date mapping it additionally requires an AUTHORISED_EVIDENCE_ROUTE"
"CRP-LSRC-0019","CONTENT_RULE","F3","US_FEDERAL","COUNTRY_WIDE_SOURCE","null","null","§ 605(a)(6) — 15 U.S.C. § 1681c(a)(6)","https://www.govinfo.gov/content/pkg/USCODE-2023-title15/html/USCODE-2023-title15-chap41-subchapIII-1681c.htm","packages\backend\src\services\legalCorpus\rules.fcra.ts","22B4331901338ED58CB380F44CF951D354459F69AA16D57DBC5690945E779405","ADMITTED_SOURCE_ONLY"," |  | US_FEDERAL | Fair Credit Reporting Act (FCRA) | § 605(a)(6) — 15 U.S.C. § 1681c(a)(6)","CRP-LSRC-0019","NONE","NO_REPEATED_STRING_MEASURED","no repeated (source_artifact, provision_or_citation) pair and no repeated citation string measured for this row","UNRESOLVED","CRP_PHASE5_NEXT_GATE_RECONCILIATION.md §5.2 (measured: 21 of 437 records carry a durable per-ID disposition; none of them is this ID) - no durable per-ID basis exists in this workspace to assign EXCLUDED, GAP or REFUSAL","BLOCKED_MISSING_EVIDENCE","NO_DURABLE_RESCREEN_RECORD","a durable per-ID corrected-logic rescreen disposition for CRP-LSRC-0019 - no register section, work-order ledger, catalogue field or SOURCE_CAPTURES evidence package in this workspace records one","WORK - record a durable per-ID rescreen disposition in an authorised batch; where the disposition turns on report-field or event-date mapping it additionally requires an AUTHORISED_EVIDENCE_ROUTE"
"CRP-LSRC-0020","CONTENT_RULE","F3","US_FEDERAL","COUNTRY_WIDE_SOURCE","null","null","§ 605(a)(7) — 15 U.S.C. § 1681c(a)(7)","https://www.govinfo.gov/content/pkg/USCODE-2023-title15/html/USCODE-2023-title15-chap41-subchapIII-1681c.htm","packages\backend\src\services\legalCorpus\rules.fcra.ts","22B4331901338ED58CB380F44CF951D354459F69AA16D57DBC5690945E779405","ADMITTED_SOURCE_ONLY"," |  | US_FEDERAL | Fair Credit Reporting Act (FCRA) | § 605(a)(7) — 15 U.S.C. § 1681c(a)(7)","CRP-LSRC-0020","NONE","NO_REPEATED_STRING_MEASURED","no repeated (source_artifact, provision_or_citation) pair and no repeated citation string measured for this row","UNRESOLVED","CRP_PHASE5_NEXT_GATE_RECONCILIATION.md §5.2 (measured: 21 of 437 records carry a durable per-ID disposition; none of them is this ID) - no durable per-ID basis exists in this workspace to assign EXCLUDED, GAP or REFUSAL","BLOCKED_MISSING_EVIDENCE","NO_DURABLE_RESCREEN_RECORD","a durable per-ID corrected-logic rescreen disposition for CRP-LSRC-0020 - no register section, work-order ledger, catalogue field or SOURCE_CAPTURES evidence package in this workspace records one","WORK - record a durable per-ID rescreen disposition in an authorised batch; where the disposition turns on report-field or event-date mapping it additionally requires an AUTHORISED_EVIDENCE_ROUTE"
"CRP-LSRC-0021","CONTENT_RULE","F3","US_FEDERAL","COUNTRY_WIDE_SOURCE","null","null","§ 605(a)(8) — 15 U.S.C. § 1681c(a)(8)","https://www.govinfo.gov/content/pkg/USCODE-2023-title15/html/USCODE-2023-title15-chap41-subchapIII-1681c.htm","packages\backend\src\services\legalCorpus\rules.fcra.ts","22B4331901338ED58CB380F44CF951D354459F69AA16D57DBC5690945E779405","ADMITTED_SOURCE_ONLY"," |  | US_FEDERAL | Fair Credit Reporting Act (FCRA) | § 605(a)(8) — 15 U.S.C. § 1681c(a)(8)","CRP-LSRC-0021","NONE","NO_REPEATED_STRING_MEASURED","no repeated (source_artifact, provision_or_citation) pair and no repeated citation string measured for this row","UNRESOLVED","CRP_PHASE5_NEXT_GATE_RECONCILIATION.md §5.2 (measured: 21 of 437 records carry a durable per-ID disposition; none of them is this ID) - no durable per-ID basis exists in this workspace to assign EXCLUDED, GAP or REFUSAL","BLOCKED_MISSING_EVIDENCE","NO_DURABLE_RESCREEN_RECORD","a durable per-ID corrected-logic rescreen disposition for CRP-LSRC-0021 - no register section, work-order ledger, catalogue field or SOURCE_CAPTURES evidence package in this workspace records one","WORK - record a durable per-ID rescreen disposition in an authorised batch; where the disposition turns on report-field or event-date mapping it additionally requires an AUTHORISED_EVIDENCE_ROUTE"
"CRP-LSRC-0022","CONTENT_RULE","F1","US_FEDERAL","COUNTRY_WIDE_SOURCE","null","null","§ 605(b) — 15 U.S.C. § 1681c(b)","https://www.govinfo.gov/content/pkg/USCODE-2023-title15/html/USCODE-2023-title15-chap41-subchapIII-1681c.htm","packages\backend\src\services\legalCorpus\rules.fcra.ts","22B4331901338ED58CB380F44CF951D354459F69AA16D57DBC5690945E779405","ADMITTED_SOURCE_ONLY"," |  | US_FEDERAL | Fair Credit Reporting Act (FCRA) | § 605(b) — 15 U.S.C. § 1681c(b)","CRP-LSRC-0022","NONE","NO_REPEATED_STRING_MEASURED","no repeated (source_artifact, provision_or_citation) pair and no repeated citation string measured for this row","UNRESOLVED","CRP_PHASE5_NEXT_GATE_RECONCILIATION.md §5.2 (measured: 21 of 437 records carry a durable per-ID disposition; none of them is this ID) - no durable per-ID basis exists in this workspace to assign EXCLUDED, GAP or REFUSAL","BLOCKED_MISSING_EVIDENCE","NO_DURABLE_RESCREEN_RECORD","a durable per-ID corrected-logic rescreen disposition for CRP-LSRC-0022 - no register section, work-order ledger, catalogue field or SOURCE_CAPTURES evidence package in this workspace records one","WORK - record a durable per-ID rescreen disposition in an authorised batch; where the disposition turns on report-field or event-date mapping it additionally requires an AUTHORISED_EVIDENCE_ROUTE"
"CRP-LSRC-0023","CONTENT_RULE","F1","US_FEDERAL","COUNTRY_WIDE_SOURCE","null","null","§ 605(c)(1) — 15 U.S.C. § 1681c(c)(1)","https://www.govinfo.gov/content/pkg/USCODE-2023-title15/html/USCODE-2023-title15-chap41-subchapIII-1681c.htm","packages\backend\src\services\legalCorpus\rules.fcra.ts","22B4331901338ED58CB380F44CF951D354459F69AA16D57DBC5690945E779405","ADMITTED_SOURCE_ONLY"," |  | US_FEDERAL | Fair Credit Reporting Act (FCRA) | § 605(c)(1) — 15 U.S.C. § 1681c(c)(1)","CRP-LSRC-0023","NONE","NO_REPEATED_STRING_MEASURED","no repeated (source_artifact, provision_or_citation) pair and no repeated citation string measured for this row","UNRESOLVED","CRP_PHASE5_NEXT_GATE_RECONCILIATION.md §5.2 (measured: 21 of 437 records carry a durable per-ID disposition; none of them is this ID) - no durable per-ID basis exists in this workspace to assign EXCLUDED, GAP or REFUSAL","BLOCKED_MISSING_EVIDENCE","NO_DURABLE_RESCREEN_RECORD","a durable per-ID corrected-logic rescreen disposition for CRP-LSRC-0023 - no register section, work-order ledger, catalogue field or SOURCE_CAPTURES evidence package in this workspace records one","WORK - record a durable per-ID rescreen disposition in an authorised batch; where the disposition turns on report-field or event-date mapping it additionally requires an AUTHORISED_EVIDENCE_ROUTE"
"CRP-LSRC-0024","CONTENT_RULE","F1","US_FEDERAL","COUNTRY_WIDE_SOURCE","null","null","§ 605(c)(2) — 15 U.S.C. § 1681c(c)(2)","https://www.govinfo.gov/content/pkg/USCODE-2023-title15/html/USCODE-2023-title15-chap41-subchapIII-1681c.htm","packages\backend\src\services\legalCorpus\rules.fcra.ts","22B4331901338ED58CB380F44CF951D354459F69AA16D57DBC5690945E779405","ADMITTED_SOURCE_ONLY"," |  | US_FEDERAL | Fair Credit Reporting Act (FCRA) | § 605(c)(2) — 15 U.S.C. § 1681c(c)(2)","CRP-LSRC-0024","NONE","NO_REPEATED_STRING_MEASURED","no repeated (source_artifact, provision_or_citation) pair and no repeated citation string measured for this row","UNRESOLVED","CRP_PHASE5_NEXT_GATE_RECONCILIATION.md §5.2 (measured: 21 of 437 records carry a durable per-ID disposition; none of them is this ID) - no durable per-ID basis exists in this workspace to assign EXCLUDED, GAP or REFUSAL","BLOCKED_MISSING_EVIDENCE","NO_DURABLE_RESCREEN_RECORD","a durable per-ID corrected-logic rescreen disposition for CRP-LSRC-0024 - no register section, work-order ledger, catalogue field or SOURCE_CAPTURES evidence package in this workspace records one","WORK - record a durable per-ID rescreen disposition in an authorised batch; where the disposition turns on report-field or event-date mapping it additionally requires an AUTHORISED_EVIDENCE_ROUTE"
"CRP-LSRC-0025","CONTENT_RULE","F7","US_FEDERAL","COUNTRY_WIDE_SOURCE","null","null","§ 605(d)(1) — 15 U.S.C. § 1681c(d)(1)","https://www.govinfo.gov/content/pkg/USCODE-2023-title15/html/USCODE-2023-title15-chap41-subchapIII-1681c.htm","packages\backend\src\services\legalCorpus\rules.fcra.ts","22B4331901338ED58CB380F44CF951D354459F69AA16D57DBC5690945E779405","ADMITTED_SOURCE_ONLY"," |  | US_FEDERAL | Fair Credit Reporting Act (FCRA) | § 605(d)(1) — 15 U.S.C. § 1681c(d)(1)","CRP-LSRC-0025","NONE","NO_REPEATED_STRING_MEASURED","no repeated (source_artifact, provision_or_citation) pair and no repeated citation string measured for this row","UNRESOLVED","CRP_PHASE5_NEXT_GATE_RECONCILIATION.md §5.2 (measured: 21 of 437 records carry a durable per-ID disposition; none of them is this ID) - no durable per-ID basis exists in this workspace to assign EXCLUDED, GAP or REFUSAL","BLOCKED_MISSING_EVIDENCE","NO_DURABLE_RESCREEN_RECORD","a durable per-ID corrected-logic rescreen disposition for CRP-LSRC-0025 - no register section, work-order ledger, catalogue field or SOURCE_CAPTURES evidence package in this workspace records one","WORK - record a durable per-ID rescreen disposition in an authorised batch; where the disposition turns on report-field or event-date mapping it additionally requires an AUTHORISED_EVIDENCE_ROUTE"
"CRP-LSRC-0026","CONTENT_RULE","F10","US_FEDERAL","COUNTRY_WIDE_SOURCE","null","null","§ 605(d)(2) — 15 U.S.C. § 1681c(d)(2)","https://www.govinfo.gov/content/pkg/USCODE-2023-title15/html/USCODE-2023-title15-chap41-subchapIII-1681c.htm","packages\backend\src\services\legalCorpus\rules.fcra.ts","22B4331901338ED58CB380F44CF951D354459F69AA16D57DBC5690945E779405","ADMITTED_SOURCE_ONLY"," |  | US_FEDERAL | Fair Credit Reporting Act (FCRA) | § 605(d)(2) — 15 U.S.C. § 1681c(d)(2)","CRP-LSRC-0026","NONE","NO_REPEATED_STRING_MEASURED","no repeated (source_artifact, provision_or_citation) pair and no repeated citation string measured for this row","UNRESOLVED","CRP_PHASE5_NEXT_GATE_RECONCILIATION.md §5.2 (measured: 21 of 437 records carry a durable per-ID disposition; none of them is this ID) - no durable per-ID basis exists in this workspace to assign EXCLUDED, GAP or REFUSAL","BLOCKED_MISSING_EVIDENCE","NO_DURABLE_RESCREEN_RECORD","a durable per-ID corrected-logic rescreen disposition for CRP-LSRC-0026 - no register section, work-order ledger, catalogue field or SOURCE_CAPTURES evidence package in this workspace records one","WORK - record a durable per-ID rescreen disposition in an authorised batch; where the disposition turns on report-field or event-date mapping it additionally requires an AUTHORISED_EVIDENCE_ROUTE"
"CRP-LSRC-0027","CONTENT_RULE","F10","US_FEDERAL","COUNTRY_WIDE_SOURCE","null","null","§ 605(e) — 15 U.S.C. § 1681c(e)","https://www.govinfo.gov/content/pkg/USCODE-2023-title15/html/USCODE-2023-title15-chap41-subchapIII-1681c.htm","packages\backend\src\services\legalCorpus\rules.fcra.ts","22B4331901338ED58CB380F44CF951D354459F69AA16D57DBC5690945E779405","ADMITTED_SOURCE_ONLY"," |  | US_FEDERAL | Fair Credit Reporting Act (FCRA) | § 605(e) — 15 U.S.C. § 1681c(e)","CRP-LSRC-0027","NONE","NO_REPEATED_STRING_MEASURED","no repeated (source_artifact, provision_or_citation) pair and no repeated citation string measured for this row","UNRESOLVED","CRP_PHASE5_NEXT_GATE_RECONCILIATION.md §5.2 (measured: 21 of 437 records carry a durable per-ID disposition; none of them is this ID) - no durable per-ID basis exists in this workspace to assign EXCLUDED, GAP or REFUSAL","BLOCKED_MISSING_EVIDENCE","NO_DURABLE_RESCREEN_RECORD","a durable per-ID corrected-logic rescreen disposition for CRP-LSRC-0027 - no register section, work-order ledger, catalogue field or SOURCE_CAPTURES evidence package in this workspace records one","WORK - record a durable per-ID rescreen disposition in an authorised batch; where the disposition turns on report-field or event-date mapping it additionally requires an AUTHORISED_EVIDENCE_ROUTE"
"CRP-LSRC-0028","CONTENT_RULE","F6","US_FEDERAL","COUNTRY_WIDE_SOURCE","null","null","§ 605(f) — 15 U.S.C. § 1681c(f)","https://www.govinfo.gov/content/pkg/USCODE-2023-title15/html/USCODE-2023-title15-chap41-subchapIII-1681c.htm","packages\backend\src\services\legalCorpus\rules.fcra.ts","22B4331901338ED58CB380F44CF951D354459F69AA16D57DBC5690945E779405","ADMITTED_SOURCE_ONLY"," |  | US_FEDERAL | Fair Credit Reporting Act (FCRA) | § 605(f) — 15 U.S.C. § 1681c(f)","CRP-LSRC-0028","NONE","NO_REPEATED_STRING_MEASURED","no repeated (source_artifact, provision_or_citation) pair and no repeated citation string measured for this row","UNRESOLVED","CRP_PHASE5_NEXT_GATE_RECONCILIATION.md §5.2 (measured: 21 of 437 records carry a durable per-ID disposition; none of them is this ID) - no durable per-ID basis exists in this workspace to assign EXCLUDED, GAP or REFUSAL","BLOCKED_MISSING_EVIDENCE","NO_DURABLE_RESCREEN_RECORD","a durable per-ID corrected-logic rescreen disposition for CRP-LSRC-0028 - no register section, work-order ledger, catalogue field or SOURCE_CAPTURES evidence package in this workspace records one","WORK - record a durable per-ID rescreen disposition in an authorised batch; where the disposition turns on report-field or event-date mapping it additionally requires an AUTHORISED_EVIDENCE_ROUTE"
"CRP-LSRC-0029","CONTENT_RULE","F10","US_FEDERAL","COUNTRY_WIDE_SOURCE","null","null","§ 605(h) — 15 U.S.C. § 1681c(h)","https://www.govinfo.gov/content/pkg/USCODE-2023-title15/html/USCODE-2023-title15-chap41-subchapIII-1681c.htm","packages\backend\src\services\legalCorpus\rules.fcra.ts","22B4331901338ED58CB380F44CF951D354459F69AA16D57DBC5690945E779405","ADMITTED_SOURCE_ONLY"," |  | US_FEDERAL | Fair Credit Reporting Act (FCRA) | § 605(h) — 15 U.S.C. § 1681c(h)","CRP-LSRC-0029","NONE","NO_REPEATED_STRING_MEASURED","no repeated (source_artifact, provision_or_citation) pair and no repeated citation string measured for this row","UNRESOLVED","CRP_PHASE5_NEXT_GATE_RECONCILIATION.md §5.2 (measured: 21 of 437 records carry a durable per-ID disposition; none of them is this ID) - no durable per-ID basis exists in this workspace to assign EXCLUDED, GAP or REFUSAL","BLOCKED_MISSING_EVIDENCE","NO_DURABLE_RESCREEN_RECORD","a durable per-ID corrected-logic rescreen disposition for CRP-LSRC-0029 - no register section, work-order ledger, catalogue field or SOURCE_CAPTURES evidence package in this workspace records one","WORK - record a durable per-ID rescreen disposition in an authorised batch; where the disposition turns on report-field or event-date mapping it additionally requires an AUTHORISED_EVIDENCE_ROUTE"
"CRP-LSRC-0030","CONTENT_RULE","F8","US_FEDERAL","COUNTRY_WIDE_SOURCE","null","null","§ 604(a) — 15 U.S.C. § 1681b(a)","https://www.govinfo.gov/content/pkg/USCODE-2023-title15/html/USCODE-2023-title15-chap41-subchapIII-1681b.htm","packages\backend\src\services\legalCorpus\rules.fcra.ts","22B4331901338ED58CB380F44CF951D354459F69AA16D57DBC5690945E779405","ADMITTED_SOURCE_ONLY"," |  | US_FEDERAL | Fair Credit Reporting Act (FCRA) | § 604(a) — 15 U.S.C. § 1681b(a)","CRP-LSRC-0030","NONE","NO_REPEATED_STRING_MEASURED","no repeated (source_artifact, provision_or_citation) pair and no repeated citation string measured for this row","UNRESOLVED","CRP_PHASE5_NEXT_GATE_RECONCILIATION.md §5.2 (measured: 21 of 437 records carry a durable per-ID disposition; none of them is this ID) - no durable per-ID basis exists in this workspace to assign EXCLUDED, GAP or REFUSAL","BLOCKED_MISSING_EVIDENCE","NO_DURABLE_RESCREEN_RECORD","a durable per-ID corrected-logic rescreen disposition for CRP-LSRC-0030 - no register section, work-order ledger, catalogue field or SOURCE_CAPTURES evidence package in this workspace records one","WORK - record a durable per-ID rescreen disposition in an authorised batch; where the disposition turns on report-field or event-date mapping it additionally requires an AUTHORISED_EVIDENCE_ROUTE"
"CRP-LSRC-0031","CONTENT_RULE","F8","US_FEDERAL","COUNTRY_WIDE_SOURCE","null","null","§ 604(b)(2) — 15 U.S.C. § 1681b(b)(2)","https://www.govinfo.gov/content/pkg/USCODE-2023-title15/html/USCODE-2023-title15-chap41-subchapIII-1681b.htm","packages\backend\src\services\legalCorpus\rules.fcra.ts","22B4331901338ED58CB380F44CF951D354459F69AA16D57DBC5690945E779405","ADMITTED_SOURCE_ONLY"," |  | US_FEDERAL | Fair Credit Reporting Act (FCRA) | § 604(b)(2) — 15 U.S.C. § 1681b(b)(2)","CRP-LSRC-0031","NONE","NO_REPEATED_STRING_MEASURED","no repeated (source_artifact, provision_or_citation) pair and no repeated citation string measured for this row","UNRESOLVED","CRP_PHASE5_NEXT_GATE_RECONCILIATION.md §5.2 (measured: 21 of 437 records carry a durable per-ID disposition; none of them is this ID) - no durable per-ID basis exists in this workspace to assign EXCLUDED, GAP or REFUSAL","BLOCKED_MISSING_EVIDENCE","NO_DURABLE_RESCREEN_RECORD","a durable per-ID corrected-logic rescreen disposition for CRP-LSRC-0031 - no register section, work-order ledger, catalogue field or SOURCE_CAPTURES evidence package in this workspace records one","WORK - record a durable per-ID rescreen disposition in an authorised batch; where the disposition turns on report-field or event-date mapping it additionally requires an AUTHORISED_EVIDENCE_ROUTE"
"CRP-LSRC-0032","CONTENT_RULE","F9","US_FEDERAL","COUNTRY_WIDE_SOURCE","null","null","§ 605A(a) — 15 U.S.C. § 1681c-1(a)","https://www.govinfo.gov/content/pkg/USCODE-2023-title15/html/USCODE-2023-title15-chap41-subchapIII-1681c-1.htm","packages\backend\src\services\legalCorpus\rules.fcra.ts","22B4331901338ED58CB380F44CF951D354459F69AA16D57DBC5690945E779405","ADMITTED_SOURCE_ONLY"," |  | US_FEDERAL | Fair Credit Reporting Act (FCRA) | § 605A(a) — 15 U.S.C. § 1681c-1(a)","CRP-LSRC-0032","NONE","NO_REPEATED_STRING_MEASURED","no repeated (source_artifact, provision_or_citation) pair and no repeated citation string measured for this row","UNRESOLVED","CRP_PHASE5_NEXT_GATE_RECONCILIATION.md §5.2 (measured: 21 of 437 records carry a durable per-ID disposition; none of them is this ID) - no durable per-ID basis exists in this workspace to assign EXCLUDED, GAP or REFUSAL","BLOCKED_MISSING_EVIDENCE","NO_DURABLE_RESCREEN_RECORD","a durable per-ID corrected-logic rescreen disposition for CRP-LSRC-0032 - no register section, work-order ledger, catalogue field or SOURCE_CAPTURES evidence package in this workspace records one","WORK - record a durable per-ID rescreen disposition in an authorised batch; where the disposition turns on report-field or event-date mapping it additionally requires an AUTHORISED_EVIDENCE_ROUTE"
"CRP-LSRC-0033","CONTENT_RULE","F9","US_FEDERAL","COUNTRY_WIDE_SOURCE","null","null","§ 605A(b) — 15 U.S.C. § 1681c-1(b)","https://www.govinfo.gov/content/pkg/USCODE-2023-title15/html/USCODE-2023-title15-chap41-subchapIII-1681c-1.htm","packages\backend\src\services\legalCorpus\rules.fcra.ts","22B4331901338ED58CB380F44CF951D354459F69AA16D57DBC5690945E779405","ADMITTED_SOURCE_ONLY"," |  | US_FEDERAL | Fair Credit Reporting Act (FCRA) | § 605A(b) — 15 U.S.C. § 1681c-1(b)","CRP-LSRC-0033","NONE","NO_REPEATED_STRING_MEASURED","no repeated (source_artifact, provision_or_citation) pair and no repeated citation string measured for this row","UNRESOLVED","CRP_PHASE5_NEXT_GATE_RECONCILIATION.md §5.2 (measured: 21 of 437 records carry a durable per-ID disposition; none of them is this ID) - no durable per-ID basis exists in this workspace to assign EXCLUDED, GAP or REFUSAL","BLOCKED_MISSING_EVIDENCE","NO_DURABLE_RESCREEN_RECORD","a durable per-ID corrected-logic rescreen disposition for CRP-LSRC-0033 - no register section, work-order ledger, catalogue field or SOURCE_CAPTURES evidence package in this workspace records one","WORK - record a durable per-ID rescreen disposition in an authorised batch; where the disposition turns on report-field or event-date mapping it additionally requires an AUTHORISED_EVIDENCE_ROUTE"
"CRP-LSRC-0034","CONTENT_RULE","F9","US_FEDERAL","COUNTRY_WIDE_SOURCE","null","null","§ 605A(c) — 15 U.S.C. § 1681c-1(c)","https://www.govinfo.gov/content/pkg/USCODE-2023-title15/html/USCODE-2023-title15-chap41-subchapIII-1681c-1.htm","packages\backend\src\services\legalCorpus\rules.fcra.ts","22B4331901338ED58CB380F44CF951D354459F69AA16D57DBC5690945E779405","ADMITTED_SOURCE_ONLY"," |  | US_FEDERAL | Fair Credit Reporting Act (FCRA) | § 605A(c) — 15 U.S.C. § 1681c-1(c)","CRP-LSRC-0034","NONE","NO_REPEATED_STRING_MEASURED","no repeated (source_artifact, provision_or_citation) pair and no repeated citation string measured for this row","UNRESOLVED","CRP_PHASE5_NEXT_GATE_RECONCILIATION.md §5.2 (measured: 21 of 437 records carry a durable per-ID disposition; none of them is this ID) - no durable per-ID basis exists in this workspace to assign EXCLUDED, GAP or REFUSAL","BLOCKED_MISSING_EVIDENCE","NO_DURABLE_RESCREEN_RECORD","a durable per-ID corrected-logic rescreen disposition for CRP-LSRC-0034 - no register section, work-order ledger, catalogue field or SOURCE_CAPTURES evidence package in this workspace records one","WORK - record a durable per-ID rescreen disposition in an authorised batch; where the disposition turns on report-field or event-date mapping it additionally requires an AUTHORISED_EVIDENCE_ROUTE"
"CRP-LSRC-0035","CONTENT_RULE","F9","US_FEDERAL","COUNTRY_WIDE_SOURCE","null","null","§ 605A(i) — 15 U.S.C. § 1681c-1(i)","https://www.govinfo.gov/content/pkg/USCODE-2023-title15/html/USCODE-2023-title15-chap41-subchapIII-1681c-1.htm","packages\backend\src\services\legalCorpus\rules.fcra.ts","22B4331901338ED58CB380F44CF951D354459F69AA16D57DBC5690945E779405","ADMITTED_SOURCE_ONLY"," |  | US_FEDERAL | Fair Credit Reporting Act (FCRA) | § 605A(i) — 15 U.S.C. § 1681c-1(i)","CRP-LSRC-0035","NONE","NO_REPEATED_STRING_MEASURED","no repeated (source_artifact, provision_or_citation) pair and no repeated citation string measured for this row","UNRESOLVED","CRP_PHASE5_NEXT_GATE_RECONCILIATION.md §5.2 (measured: 21 of 437 records carry a durable per-ID disposition; none of them is this ID) - no durable per-ID basis exists in this workspace to assign EXCLUDED, GAP or REFUSAL","BLOCKED_MISSING_EVIDENCE","NO_DURABLE_RESCREEN_RECORD","a durable per-ID corrected-logic rescreen disposition for CRP-LSRC-0035 - no register section, work-order ledger, catalogue field or SOURCE_CAPTURES evidence package in this workspace records one","WORK - record a durable per-ID rescreen disposition in an authorised batch; where the disposition turns on report-field or event-date mapping it additionally requires an AUTHORISED_EVIDENCE_ROUTE"
"CRP-LSRC-0036","CONTENT_RULE","F9","US_FEDERAL","COUNTRY_WIDE_SOURCE","null","null","§ 605A(j) — 15 U.S.C. § 1681c-1(j)","https://www.govinfo.gov/content/pkg/USCODE-2023-title15/html/USCODE-2023-title15-chap41-subchapIII-1681c-1.htm","packages\backend\src\services\legalCorpus\rules.fcra.ts","22B4331901338ED58CB380F44CF951D354459F69AA16D57DBC5690945E779405","ADMITTED_SOURCE_ONLY"," |  | US_FEDERAL | Fair Credit Reporting Act (FCRA) | § 605A(j) — 15 U.S.C. § 1681c-1(j)","CRP-LSRC-0036","NONE","NO_REPEATED_STRING_MEASURED","no repeated (source_artifact, provision_or_citation) pair and no repeated citation string measured for this row","UNRESOLVED","CRP_PHASE5_NEXT_GATE_RECONCILIATION.md §5.2 (measured: 21 of 437 records carry a durable per-ID disposition; none of them is this ID) - no durable per-ID basis exists in this workspace to assign EXCLUDED, GAP or REFUSAL","BLOCKED_MISSING_EVIDENCE","NO_DURABLE_RESCREEN_RECORD","a durable per-ID corrected-logic rescreen disposition for CRP-LSRC-0036 - no register section, work-order ledger, catalogue field or SOURCE_CAPTURES evidence package in this workspace records one","WORK - record a durable per-ID rescreen disposition in an authorised batch; where the disposition turns on report-field or event-date mapping it additionally requires an AUTHORISED_EVIDENCE_ROUTE"
"CRP-LSRC-0037","CONTENT_RULE","F9","US_FEDERAL","COUNTRY_WIDE_SOURCE","null","null","§ 605A(k) — 15 U.S.C. § 1681c-1(k)","https://www.govinfo.gov/content/pkg/USCODE-2023-title15/html/USCODE-2023-title15-chap41-subchapIII-1681c-1.htm","packages\backend\src\services\legalCorpus\rules.fcra.ts","22B4331901338ED58CB380F44CF951D354459F69AA16D57DBC5690945E779405","ADMITTED_SOURCE_ONLY"," |  | US_FEDERAL | Fair Credit Reporting Act (FCRA) | § 605A(k) — 15 U.S.C. § 1681c-1(k)","CRP-LSRC-0037","NONE","NO_REPEATED_STRING_MEASURED","no repeated (source_artifact, provision_or_citation) pair and no repeated citation string measured for this row","UNRESOLVED","CRP_PHASE5_NEXT_GATE_RECONCILIATION.md §5.2 (measured: 21 of 437 records carry a durable per-ID disposition; none of them is this ID) - no durable per-ID basis exists in this workspace to assign EXCLUDED, GAP or REFUSAL","BLOCKED_MISSING_EVIDENCE","NO_DURABLE_RESCREEN_RECORD","a durable per-ID corrected-logic rescreen disposition for CRP-LSRC-0037 - no register section, work-order ledger, catalogue field or SOURCE_CAPTURES evidence package in this workspace records one","WORK - record a durable per-ID rescreen disposition in an authorised batch; where the disposition turns on report-field or event-date mapping it additionally requires an AUTHORISED_EVIDENCE_ROUTE"
"CRP-LSRC-0038","CONTENT_RULE","F9","US_FEDERAL","COUNTRY_WIDE_SOURCE","null","null","§ 605B(a) — 15 U.S.C. § 1681c-2(a)","https://www.govinfo.gov/content/pkg/USCODE-2023-title15/html/USCODE-2023-title15-chap41-subchapIII-1681c-2.htm","packages\backend\src\services\legalCorpus\rules.fcra.ts","22B4331901338ED58CB380F44CF951D354459F69AA16D57DBC5690945E779405","ADMITTED_SOURCE_ONLY"," |  | US_FEDERAL | Fair Credit Reporting Act (FCRA) | § 605B(a) — 15 U.S.C. § 1681c-2(a)","CRP-LSRC-0038","NONE","NO_REPEATED_STRING_MEASURED","no repeated (source_artifact, provision_or_citation) pair and no repeated citation string measured for this row","UNRESOLVED","CRP_PHASE5_NEXT_GATE_RECONCILIATION.md §5.2 (measured: 21 of 437 records carry a durable per-ID disposition; none of them is this ID) - no durable per-ID basis exists in this workspace to assign EXCLUDED, GAP or REFUSAL","BLOCKED_MISSING_EVIDENCE","NO_DURABLE_RESCREEN_RECORD","a durable per-ID corrected-logic rescreen disposition for CRP-LSRC-0038 - no register section, work-order ledger, catalogue field or SOURCE_CAPTURES evidence package in this workspace records one","WORK - record a durable per-ID rescreen disposition in an authorised batch; where the disposition turns on report-field or event-date mapping it additionally requires an AUTHORISED_EVIDENCE_ROUTE"
"CRP-LSRC-0039","CONTENT_RULE","F1","US_FEDERAL","COUNTRY_WIDE_SOURCE","null","null","§ 605C(b) — 15 U.S.C. § 1681c-3(b)","https://www.govinfo.gov/content/pkg/USCODE-2023-title15/html/USCODE-2023-title15-chap41-subchapIII-1681c-3.htm","packages\backend\src\services\legalCorpus\rules.fcra.ts","22B4331901338ED58CB380F44CF951D354459F69AA16D57DBC5690945E779405","ADMITTED_SOURCE_ONLY"," |  | US_FEDERAL | Fair Credit Reporting Act (FCRA) | § 605C(b) — 15 U.S.C. § 1681c-3(b)","CRP-LSRC-0039","NONE","NO_REPEATED_STRING_MEASURED","no repeated (source_artifact, provision_or_citation) pair and no repeated citation string measured for this row","UNRESOLVED","CRP_PHASE5_NEXT_GATE_RECONCILIATION.md §5.2 (measured: 21 of 437 records carry a durable per-ID disposition; none of them is this ID) - no durable per-ID basis exists in this workspace to assign EXCLUDED, GAP or REFUSAL","BLOCKED_MISSING_EVIDENCE","NO_DURABLE_RESCREEN_RECORD","a durable per-ID corrected-logic rescreen disposition for CRP-LSRC-0039 - no register section, work-order ledger, catalogue field or SOURCE_CAPTURES evidence package in this workspace records one","WORK - record a durable per-ID rescreen disposition in an authorised batch; where the disposition turns on report-field or event-date mapping it additionally requires an AUTHORISED_EVIDENCE_ROUTE"
"CRP-LSRC-0040","CONTENT_RULE","F8","US_FEDERAL","COUNTRY_WIDE_SOURCE","null","null","§ 607(a) — 15 U.S.C. § 1681e(a)","https://www.govinfo.gov/content/pkg/USCODE-2023-title15/html/USCODE-2023-title15-chap41-subchapIII-1681e.htm","packages\backend\src\services\legalCorpus\rules.fcra.ts","22B4331901338ED58CB380F44CF951D354459F69AA16D57DBC5690945E779405","ADMITTED_SOURCE_ONLY"," |  | US_FEDERAL | Fair Credit Reporting Act (FCRA) | § 607(a) — 15 U.S.C. § 1681e(a)","CRP-LSRC-0040","NONE","NO_REPEATED_STRING_MEASURED","no repeated (source_artifact, provision_or_citation) pair and no repeated citation string measured for this row","UNRESOLVED","CRP_PHASE5_NEXT_GATE_RECONCILIATION.md §5.2 (measured: 21 of 437 records carry a durable per-ID disposition; none of them is this ID) - no durable per-ID basis exists in this workspace to assign EXCLUDED, GAP or REFUSAL","BLOCKED_MISSING_EVIDENCE","NO_DURABLE_RESCREEN_RECORD","a durable per-ID corrected-logic rescreen disposition for CRP-LSRC-0040 - no register section, work-order ledger, catalogue field or SOURCE_CAPTURES evidence package in this workspace records one","WORK - record a durable per-ID rescreen disposition in an authorised batch; where the disposition turns on report-field or event-date mapping it additionally requires an AUTHORISED_EVIDENCE_ROUTE"
"CRP-LSRC-0041","CONTENT_RULE","F4","US_FEDERAL","COUNTRY_WIDE_SOURCE","null","null","§ 607(b) — 15 U.S.C. § 1681e(b)","https://www.govinfo.gov/content/pkg/USCODE-2023-title15/html/USCODE-2023-title15-chap41-subchapIII-1681e.htm","packages\backend\src\services\legalCorpus\rules.fcra.ts","22B4331901338ED58CB380F44CF951D354459F69AA16D57DBC5690945E779405","ADMITTED_SOURCE_ONLY"," |  | US_FEDERAL | Fair Credit Reporting Act (FCRA) | § 607(b) — 15 U.S.C. § 1681e(b)","CRP-LSRC-0041","DUP-PAIR-001","IDENTICAL_ARTIFACT_AND_CITATION","the (source_artifact, provision_or_citation) pair occurs on 2 catalogue rows (ids: CRP-LSRC-0041, CRP-LSRC-0042); string-identity duplicate indicator only, not a proven duplicate legal provision; the citation also repeats across distinct artifacts in DUP-CITE-008","UNRESOLVED","CRP_PHASE5_NEXT_GATE_RECONCILIATION.md §5.2 (measured: 21 of 437 records carry a durable per-ID disposition; none of them is this ID) - no durable per-ID basis exists in this workspace to assign EXCLUDED, GAP or REFUSAL","BLOCKED_MISSING_EVIDENCE","NO_DURABLE_RESCREEN_RECORD","a durable per-ID corrected-logic rescreen disposition for CRP-LSRC-0041 - no register section, work-order ledger, catalogue field or SOURCE_CAPTURES evidence package in this workspace records one","WORK - record a durable per-ID rescreen disposition in an authorised batch; where the disposition turns on report-field or event-date mapping it additionally requires an AUTHORISED_EVIDENCE_ROUTE"
"CRP-LSRC-0042","CONTENT_RULE","F4","US_FEDERAL","COUNTRY_WIDE_SOURCE","null","null","§ 607(b) — 15 U.S.C. § 1681e(b)","https://www.govinfo.gov/content/pkg/USCODE-2023-title15/html/USCODE-2023-title15-chap41-subchapIII-1681e.htm","packages\backend\src\services\legalCorpus\rules.fcra.ts","22B4331901338ED58CB380F44CF951D354459F69AA16D57DBC5690945E779405","ADMITTED_SOURCE_ONLY"," |  | US_FEDERAL | Fair Credit Reporting Act (FCRA) | § 607(b) — 15 U.S.C. § 1681e(b)","CRP-LSRC-0041","DUP-PAIR-001","IDENTICAL_ARTIFACT_AND_CITATION","the (source_artifact, provision_or_citation) pair occurs on 2 catalogue rows (ids: CRP-LSRC-0041, CRP-LSRC-0042); string-identity duplicate indicator only, not a proven duplicate legal provision; the citation also repeats across distinct artifacts in DUP-CITE-008","UNRESOLVED","CRP_PHASE5_NEXT_GATE_RECONCILIATION.md §5.2 (measured: 21 of 437 records carry a durable per-ID disposition; none of them is this ID) - no durable per-ID basis exists in this workspace to assign EXCLUDED, GAP or REFUSAL","BLOCKED_MISSING_EVIDENCE","NO_DURABLE_RESCREEN_RECORD","a durable per-ID corrected-logic rescreen disposition for CRP-LSRC-0042 - no register section, work-order ledger, catalogue field or SOURCE_CAPTURES evidence package in this workspace records one","WORK - record a durable per-ID rescreen disposition in an authorised batch; where the disposition turns on report-field or event-date mapping it additionally requires an AUTHORISED_EVIDENCE_ROUTE"
"CRP-LSRC-0043","CONTENT_RULE","F5","US_FEDERAL","COUNTRY_WIDE_SOURCE","null","null","§ 609(a) — 15 U.S.C. § 1681g(a)","https://www.govinfo.gov/content/pkg/USCODE-2023-title15/html/USCODE-2023-title15-chap41-subchapIII-1681g.htm","packages\backend\src\services\legalCorpus\rules.fcra.ts","22B4331901338ED58CB380F44CF951D354459F69AA16D57DBC5690945E779405","ADMITTED_SOURCE_ONLY"," |  | US_FEDERAL | Fair Credit Reporting Act (FCRA) | § 609(a) — 15 U.S.C. § 1681g(a)","CRP-LSRC-0043","NONE","NO_REPEATED_STRING_MEASURED","no repeated (source_artifact, provision_or_citation) pair and no repeated citation string measured for this row","UNRESOLVED","CRP_PHASE5_NEXT_GATE_RECONCILIATION.md §5.2 (measured: 21 of 437 records carry a durable per-ID disposition; none of them is this ID) - no durable per-ID basis exists in this workspace to assign EXCLUDED, GAP or REFUSAL","BLOCKED_MISSING_EVIDENCE","NO_DURABLE_RESCREEN_RECORD","a durable per-ID corrected-logic rescreen disposition for CRP-LSRC-0043 - no register section, work-order ledger, catalogue field or SOURCE_CAPTURES evidence package in this workspace records one","WORK - record a durable per-ID rescreen disposition in an authorised batch; where the disposition turns on report-field or event-date mapping it additionally requires an AUTHORISED_EVIDENCE_ROUTE"
"CRP-LSRC-0044","CONTENT_RULE","F10","US_FEDERAL","COUNTRY_WIDE_SOURCE","null","null","§ 609(a)(1) — 15 U.S.C. § 1681g(a)(1)","https://www.govinfo.gov/content/pkg/USCODE-2023-title15/html/USCODE-2023-title15-chap41-subchapIII-1681g.htm","packages\backend\src\services\legalCorpus\rules.fcra.ts","22B4331901338ED58CB380F44CF951D354459F69AA16D57DBC5690945E779405","ADMITTED_SOURCE_ONLY"," |  | US_FEDERAL | Fair Credit Reporting Act (FCRA) | § 609(a)(1) — 15 U.S.C. § 1681g(a)(1)","CRP-LSRC-0011","DUP-CITE-007","REPEATED_CITATION_ONLY","the citation string occurs on 2 catalogue rows across 2 distinct source_artifact values (ids: CRP-LSRC-0011, CRP-LSRC-0044); string-identity duplicate indicator only, not a proven duplicate legal provision","UNRESOLVED","CRP_PHASE5_NEXT_GATE_RECONCILIATION.md §5.2 (measured: 21 of 437 records carry a durable per-ID disposition; none of them is this ID) - no durable per-ID basis exists in this workspace to assign EXCLUDED, GAP or REFUSAL","BLOCKED_MISSING_EVIDENCE","NO_DURABLE_RESCREEN_RECORD","a durable per-ID corrected-logic rescreen disposition for CRP-LSRC-0044 - no register section, work-order ledger, catalogue field or SOURCE_CAPTURES evidence package in this workspace records one","WORK - record a durable per-ID rescreen disposition in an authorised batch; where the disposition turns on report-field or event-date mapping it additionally requires an AUTHORISED_EVIDENCE_ROUTE"
"CRP-LSRC-0045","CONTENT_RULE","F5","US_FEDERAL","COUNTRY_WIDE_SOURCE","null","null","§ 609(f) — 15 U.S.C. § 1681g(f)","https://www.govinfo.gov/content/pkg/USCODE-2023-title15/html/USCODE-2023-title15-chap41-subchapIII-1681g.htm","packages\backend\src\services\legalCorpus\rules.fcra.ts","22B4331901338ED58CB380F44CF951D354459F69AA16D57DBC5690945E779405","ADMITTED_SOURCE_ONLY"," |  | US_FEDERAL | Fair Credit Reporting Act (FCRA) | § 609(f) — 15 U.S.C. § 1681g(f)","CRP-LSRC-0045","NONE","NO_REPEATED_STRING_MEASURED","no repeated (source_artifact, provision_or_citation) pair and no repeated citation string measured for this row","UNRESOLVED","CRP_PHASE5_NEXT_GATE_RECONCILIATION.md §5.2 (measured: 21 of 437 records carry a durable per-ID disposition; none of them is this ID) - no durable per-ID basis exists in this workspace to assign EXCLUDED, GAP or REFUSAL","BLOCKED_MISSING_EVIDENCE","NO_DURABLE_RESCREEN_RECORD","a durable per-ID corrected-logic rescreen disposition for CRP-LSRC-0045 - no register section, work-order ledger, catalogue field or SOURCE_CAPTURES evidence package in this workspace records one","WORK - record a durable per-ID rescreen disposition in an authorised batch; where the disposition turns on report-field or event-date mapping it additionally requires an AUTHORISED_EVIDENCE_ROUTE"
"CRP-LSRC-0046","CONTENT_RULE","F5","US_FEDERAL","COUNTRY_WIDE_SOURCE","null","null","§ 612(a)(1)(A) — 15 U.S.C. § 1681j(a)(1)(A)","https://www.govinfo.gov/content/pkg/USCODE-2023-title15/html/USCODE-2023-title15-chap41-subchapIII-1681j.htm","packages\backend\src\services\legalCorpus\rules.fcra.ts","22B4331901338ED58CB380F44CF951D354459F69AA16D57DBC5690945E779405","ADMITTED_SOURCE_ONLY"," |  | US_FEDERAL | Fair Credit Reporting Act (FCRA) | § 612(a)(1)(A) — 15 U.S.C. § 1681j(a)(1)(A)","CRP-LSRC-0046","NONE","NO_REPEATED_STRING_MEASURED","no repeated (source_artifact, provision_or_citation) pair and no repeated citation string measured for this row","UNRESOLVED","CRP_PHASE5_NEXT_GATE_RECONCILIATION.md §5.2 (measured: 21 of 437 records carry a durable per-ID disposition; none of them is this ID) - no durable per-ID basis exists in this workspace to assign EXCLUDED, GAP or REFUSAL","BLOCKED_MISSING_EVIDENCE","NO_DURABLE_RESCREEN_RECORD","a durable per-ID corrected-logic rescreen disposition for CRP-LSRC-0046 - no register section, work-order ledger, catalogue field or SOURCE_CAPTURES evidence package in this workspace records one","WORK - record a durable per-ID rescreen disposition in an authorised batch; where the disposition turns on report-field or event-date mapping it additionally requires an AUTHORISED_EVIDENCE_ROUTE"
"CRP-LSRC-0047","CONTENT_RULE","F5","US_FEDERAL","COUNTRY_WIDE_SOURCE","null","null","§ 612(f)(1) — 15 U.S.C. § 1681j(f)(1)","https://www.govinfo.gov/content/pkg/USCODE-2023-title15/html/USCODE-2023-title15-chap41-subchapIII-1681j.htm","packages\backend\src\services\legalCorpus\rules.fcra.ts","22B4331901338ED58CB380F44CF951D354459F69AA16D57DBC5690945E779405","ADMITTED_SOURCE_ONLY"," |  | US_FEDERAL | Fair Credit Reporting Act (FCRA) | § 612(f)(1) — 15 U.S.C. § 1681j(f)(1)","CRP-LSRC-0047","NONE","NO_REPEATED_STRING_MEASURED","no repeated (source_artifact, provision_or_citation) pair and no repeated citation string measured for this row","UNRESOLVED","CRP_PHASE5_NEXT_GATE_RECONCILIATION.md §5.2 (measured: 21 of 437 records carry a durable per-ID disposition; none of them is this ID) - no durable per-ID basis exists in this workspace to assign EXCLUDED, GAP or REFUSAL","BLOCKED_MISSING_EVIDENCE","NO_DURABLE_RESCREEN_RECORD","a durable per-ID corrected-logic rescreen disposition for CRP-LSRC-0047 - no register section, work-order ledger, catalogue field or SOURCE_CAPTURES evidence package in this workspace records one","WORK - record a durable per-ID rescreen disposition in an authorised batch; where the disposition turns on report-field or event-date mapping it additionally requires an AUTHORISED_EVIDENCE_ROUTE"
"CRP-LSRC-0048","CONTENT_RULE","F6","US_FEDERAL","COUNTRY_WIDE_SOURCE","null","null","§ 611(a)(1)(A) — 15 U.S.C. § 1681i(a)(1)(A)","https://www.govinfo.gov/content/pkg/USCODE-2023-title15/html/USCODE-2023-title15-chap41-subchapIII-1681i.htm","packages\backend\src\services\legalCorpus\rules.fcra.ts","22B4331901338ED58CB380F44CF951D354459F69AA16D57DBC5690945E779405","ADMITTED_SOURCE_ONLY"," |  | US_FEDERAL | Fair Credit Reporting Act (FCRA) | § 611(a)(1)(A) — 15 U.S.C. § 1681i(a)(1)(A)","CRP-LSRC-0048","NONE","NO_REPEATED_STRING_MEASURED","no repeated (source_artifact, provision_or_citation) pair and no repeated citation string measured for this row","UNRESOLVED","CRP_PHASE5_NEXT_GATE_RECONCILIATION.md §5.2 (measured: 21 of 437 records carry a durable per-ID disposition; none of them is this ID) - no durable per-ID basis exists in this workspace to assign EXCLUDED, GAP or REFUSAL","BLOCKED_MISSING_EVIDENCE","NO_DURABLE_RESCREEN_RECORD","a durable per-ID corrected-logic rescreen disposition for CRP-LSRC-0048 - no register section, work-order ledger, catalogue field or SOURCE_CAPTURES evidence package in this workspace records one","WORK - record a durable per-ID rescreen disposition in an authorised batch; where the disposition turns on report-field or event-date mapping it additionally requires an AUTHORISED_EVIDENCE_ROUTE"
"CRP-LSRC-0049","CONTENT_RULE","F6","US_FEDERAL","COUNTRY_WIDE_SOURCE","null","null","§ 611(a)(5)(A) — 15 U.S.C. § 1681i(a)(5)(A)","https://www.govinfo.gov/content/pkg/USCODE-2023-title15/html/USCODE-2023-title15-chap41-subchapIII-1681i.htm","packages\backend\src\services\legalCorpus\rules.fcra.ts","22B4331901338ED58CB380F44CF951D354459F69AA16D57DBC5690945E779405","ADMITTED_SOURCE_ONLY"," |  | US_FEDERAL | Fair Credit Reporting Act (FCRA) | § 611(a)(5)(A) — 15 U.S.C. § 1681i(a)(5)(A)","CRP-LSRC-0049","NONE","NO_REPEATED_STRING_MEASURED","no repeated (source_artifact, provision_or_citation) pair and no repeated citation string measured for this row","UNRESOLVED","CRP_PHASE5_NEXT_GATE_RECONCILIATION.md §5.2 (measured: 21 of 437 records carry a durable per-ID disposition; none of them is this ID) - no durable per-ID basis exists in this workspace to assign EXCLUDED, GAP or REFUSAL","BLOCKED_MISSING_EVIDENCE","NO_DURABLE_RESCREEN_RECORD","a durable per-ID corrected-logic rescreen disposition for CRP-LSRC-0049 - no register section, work-order ledger, catalogue field or SOURCE_CAPTURES evidence package in this workspace records one","WORK - record a durable per-ID rescreen disposition in an authorised batch; where the disposition turns on report-field or event-date mapping it additionally requires an AUTHORISED_EVIDENCE_ROUTE"
"CRP-LSRC-0050","CONTENT_RULE","F6","US_FEDERAL","COUNTRY_WIDE_SOURCE","null","null","§ 611(c) — 15 U.S.C. § 1681i(c)","https://www.govinfo.gov/content/pkg/USCODE-2023-title15/html/USCODE-2023-title15-chap41-subchapIII-1681i.htm","packages\backend\src\services\legalCorpus\rules.fcra.ts","22B4331901338ED58CB380F44CF951D354459F69AA16D57DBC5690945E779405","ADMITTED_SOURCE_ONLY"," |  | US_FEDERAL | Fair Credit Reporting Act (FCRA) | § 611(c) — 15 U.S.C. § 1681i(c)","CRP-LSRC-0050","NONE","NO_REPEATED_STRING_MEASURED","no repeated (source_artifact, provision_or_citation) pair and no repeated citation string measured for this row","UNRESOLVED","CRP_PHASE5_NEXT_GATE_RECONCILIATION.md §5.2 (measured: 21 of 437 records carry a durable per-ID disposition; none of them is this ID) - no durable per-ID basis exists in this workspace to assign EXCLUDED, GAP or REFUSAL","BLOCKED_MISSING_EVIDENCE","NO_DURABLE_RESCREEN_RECORD","a durable per-ID corrected-logic rescreen disposition for CRP-LSRC-0050 - no register section, work-order ledger, catalogue field or SOURCE_CAPTURES evidence package in this workspace records one","WORK - record a durable per-ID rescreen disposition in an authorised batch; where the disposition turns on report-field or event-date mapping it additionally requires an AUTHORISED_EVIDENCE_ROUTE"
"CRP-LSRC-0051","CONTENT_RULE","F6","US_FEDERAL","COUNTRY_WIDE_SOURCE","null","null","§ 611(d) — 15 U.S.C. § 1681i(d)","https://www.govinfo.gov/content/pkg/USCODE-2023-title15/html/USCODE-2023-title15-chap41-subchapIII-1681i.htm","packages\backend\src\services\legalCorpus\rules.fcra.ts","22B4331901338ED58CB380F44CF951D354459F69AA16D57DBC5690945E779405","ADMITTED_SOURCE_ONLY"," |  | US_FEDERAL | Fair Credit Reporting Act (FCRA) | § 611(d) — 15 U.S.C. § 1681i(d)","CRP-LSRC-0051","NONE","NO_REPEATED_STRING_MEASURED","no repeated (source_artifact, provision_or_citation) pair and no repeated citation string measured for this row","UNRESOLVED","CRP_PHASE5_NEXT_GATE_RECONCILIATION.md §5.2 (measured: 21 of 437 records carry a durable per-ID disposition; none of them is this ID) - no durable per-ID basis exists in this workspace to assign EXCLUDED, GAP or REFUSAL","BLOCKED_MISSING_EVIDENCE","NO_DURABLE_RESCREEN_RECORD","a durable per-ID corrected-logic rescreen disposition for CRP-LSRC-0051 - no register section, work-order ledger, catalogue field or SOURCE_CAPTURES evidence package in this workspace records one","WORK - record a durable per-ID rescreen disposition in an authorised batch; where the disposition turns on report-field or event-date mapping it additionally requires an AUTHORISED_EVIDENCE_ROUTE"
"CRP-LSRC-0052","CONTENT_RULE","F3","US_FEDERAL","COUNTRY_WIDE_SOURCE","null","null","§ 611(g) — 15 U.S.C. § 1681i(g)","https://www.govinfo.gov/content/pkg/USCODE-2023-title15/html/USCODE-2023-title15-chap41-subchapIII-1681i.htm","packages\backend\src\services\legalCorpus\rules.fcra.ts","22B4331901338ED58CB380F44CF951D354459F69AA16D57DBC5690945E779405","ADMITTED_SOURCE_ONLY"," |  | US_FEDERAL | Fair Credit Reporting Act (FCRA) | § 611(g) — 15 U.S.C. § 1681i(g)","CRP-LSRC-0052","NONE","NO_REPEATED_STRING_MEASURED","no repeated (source_artifact, provision_or_citation) pair and no repeated citation string measured for this row","UNRESOLVED","CRP_PHASE5_NEXT_GATE_RECONCILIATION.md §5.2 (measured: 21 of 437 records carry a durable per-ID disposition; none of them is this ID) - no durable per-ID basis exists in this workspace to assign EXCLUDED, GAP or REFUSAL","BLOCKED_MISSING_EVIDENCE","NO_DURABLE_RESCREEN_RECORD","a durable per-ID corrected-logic rescreen disposition for CRP-LSRC-0052 - no register section, work-order ledger, catalogue field or SOURCE_CAPTURES evidence package in this workspace records one","WORK - record a durable per-ID rescreen disposition in an authorised batch; where the disposition turns on report-field or event-date mapping it additionally requires an AUTHORISED_EVIDENCE_ROUTE"
"CRP-LSRC-0053","CONTENT_RULE","F1","US_FEDERAL","COUNTRY_WIDE_SOURCE","null","null","§ 623(a)(5)(A) — 15 U.S.C. § 1681s-2(a)(5)(A)","https://www.govinfo.gov/content/pkg/USCODE-2023-title15/html/USCODE-2023-title15-chap41-subchapIII-1681s-2.htm","packages\backend\src\services\legalCorpus\rules.fcra.ts","22B4331901338ED58CB380F44CF951D354459F69AA16D57DBC5690945E779405","ADMITTED_SOURCE_ONLY"," |  | US_FEDERAL | Fair Credit Reporting Act (FCRA) | § 623(a)(5)(A) — 15 U.S.C. § 1681s-2(a)(5)(A)","CRP-LSRC-0053","DUP-PAIR-002","IDENTICAL_ARTIFACT_AND_CITATION","the (source_artifact, provision_or_citation) pair occurs on 2 catalogue rows (ids: CRP-LSRC-0053, CRP-LSRC-0054); string-identity duplicate indicator only, not a proven duplicate legal provision; the citation also repeats across distinct artifacts in DUP-CITE-006","UNRESOLVED","CRP_PHASE5_NEXT_GATE_RECONCILIATION.md §5.2 (measured: 21 of 437 records carry a durable per-ID disposition; none of them is this ID) - no durable per-ID basis exists in this workspace to assign EXCLUDED, GAP or REFUSAL","BLOCKED_MISSING_EVIDENCE","NO_DURABLE_RESCREEN_RECORD","a durable per-ID corrected-logic rescreen disposition for CRP-LSRC-0053 - no register section, work-order ledger, catalogue field or SOURCE_CAPTURES evidence package in this workspace records one","WORK - record a durable per-ID rescreen disposition in an authorised batch; where the disposition turns on report-field or event-date mapping it additionally requires an AUTHORISED_EVIDENCE_ROUTE"
"CRP-LSRC-0054","CONTENT_RULE","F1","US_FEDERAL","COUNTRY_WIDE_SOURCE","null","null","§ 623(a)(5)(A) — 15 U.S.C. § 1681s-2(a)(5)(A)","https://www.govinfo.gov/content/pkg/USCODE-2023-title15/html/USCODE-2023-title15-chap41-subchapIII-1681s-2.htm","packages\backend\src\services\legalCorpus\rules.fcra.ts","22B4331901338ED58CB380F44CF951D354459F69AA16D57DBC5690945E779405","ADMITTED_SOURCE_ONLY"," |  | US_FEDERAL | Fair Credit Reporting Act (FCRA) | § 623(a)(5)(A) — 15 U.S.C. § 1681s-2(a)(5)(A)","CRP-LSRC-0053","DUP-PAIR-002","IDENTICAL_ARTIFACT_AND_CITATION","the (source_artifact, provision_or_citation) pair occurs on 2 catalogue rows (ids: CRP-LSRC-0053, CRP-LSRC-0054); string-identity duplicate indicator only, not a proven duplicate legal provision; the citation also repeats across distinct artifacts in DUP-CITE-006","UNRESOLVED","CRP_PHASE5_NEXT_GATE_RECONCILIATION.md §5.2 (measured: 21 of 437 records carry a durable per-ID disposition; none of them is this ID) - no durable per-ID basis exists in this workspace to assign EXCLUDED, GAP or REFUSAL","BLOCKED_MISSING_EVIDENCE","NO_DURABLE_RESCREEN_RECORD","a durable per-ID corrected-logic rescreen disposition for CRP-LSRC-0054 - no register section, work-order ledger, catalogue field or SOURCE_CAPTURES evidence package in this workspace records one","WORK - record a durable per-ID rescreen disposition in an authorised batch; where the disposition turns on report-field or event-date mapping it additionally requires an AUTHORISED_EVIDENCE_ROUTE"
"CRP-LSRC-0055","CONTENT_RULE","F4","US_FEDERAL","COUNTRY_WIDE_SOURCE","null","null","§ 623(a)(7) — 15 U.S.C. § 1681s-2(a)(7)","https://www.govinfo.gov/content/pkg/USCODE-2023-title15/html/USCODE-2023-title15-chap41-subchapIII-1681s-2.htm","packages\backend\src\services\legalCorpus\rules.fcra.ts","22B4331901338ED58CB380F44CF951D354459F69AA16D57DBC5690945E779405","ADMITTED_SOURCE_ONLY"," |  | US_FEDERAL | Fair Credit Reporting Act (FCRA) | § 623(a)(7) — 15 U.S.C. § 1681s-2(a)(7)","CRP-LSRC-0055","NONE","NO_REPEATED_STRING_MEASURED","no repeated (source_artifact, provision_or_citation) pair and no repeated citation string measured for this row","UNRESOLVED","CRP_PHASE5_NEXT_GATE_RECONCILIATION.md §5.2 (measured: 21 of 437 records carry a durable per-ID disposition; none of them is this ID) - no durable per-ID basis exists in this workspace to assign EXCLUDED, GAP or REFUSAL","BLOCKED_MISSING_EVIDENCE","NO_DURABLE_RESCREEN_RECORD","a durable per-ID corrected-logic rescreen disposition for CRP-LSRC-0055 - no register section, work-order ledger, catalogue field or SOURCE_CAPTURES evidence package in this workspace records one","WORK - record a durable per-ID rescreen disposition in an authorised batch; where the disposition turns on report-field or event-date mapping it additionally requires an AUTHORISED_EVIDENCE_ROUTE"
"CRP-LSRC-0056","CONTENT_RULE","F10","US_FEDERAL","COUNTRY_WIDE_SOURCE","null","null","§ 623(a)(8) — 15 U.S.C. § 1681s-2(a)(8)","https://www.govinfo.gov/content/pkg/USCODE-2023-title15/html/USCODE-2023-title15-chap41-subchapIII-1681s-2.htm","packages\backend\src\services\legalCorpus\rules.fcra.ts","22B4331901338ED58CB380F44CF951D354459F69AA16D57DBC5690945E779405","ADMITTED_SOURCE_ONLY"," |  | US_FEDERAL | Fair Credit Reporting Act (FCRA) | § 623(a)(8) — 15 U.S.C. § 1681s-2(a)(8)","CRP-LSRC-0056","NONE","NO_REPEATED_STRING_MEASURED","no repeated (source_artifact, provision_or_citation) pair and no repeated citation string measured for this row","UNRESOLVED","CRP_PHASE5_NEXT_GATE_RECONCILIATION.md §5.2 (measured: 21 of 437 records carry a durable per-ID disposition; none of them is this ID) - no durable per-ID basis exists in this workspace to assign EXCLUDED, GAP or REFUSAL","BLOCKED_MISSING_EVIDENCE","NO_DURABLE_RESCREEN_RECORD","a durable per-ID corrected-logic rescreen disposition for CRP-LSRC-0056 - no register section, work-order ledger, catalogue field or SOURCE_CAPTURES evidence package in this workspace records one","WORK - record a durable per-ID rescreen disposition in an authorised batch; where the disposition turns on report-field or event-date mapping it additionally requires an AUTHORISED_EVIDENCE_ROUTE"
"CRP-LSRC-0057","CONTENT_RULE","F4","US_FEDERAL","COUNTRY_WIDE_SOURCE","null","null","§ 623(b)(1) — 15 U.S.C. § 1681s-2(b)(1)","https://www.govinfo.gov/content/pkg/USCODE-2023-title15/html/USCODE-2023-title15-chap41-subchapIII-1681s-2.htm","packages\backend\src\services\legalCorpus\rules.fcra.ts","22B4331901338ED58CB380F44CF951D354459F69AA16D57DBC5690945E779405","ADMITTED_SOURCE_ONLY"," |  | US_FEDERAL | Fair Credit Reporting Act (FCRA) | § 623(b)(1) — 15 U.S.C. § 1681s-2(b)(1)","CRP-LSRC-0057","NONE","NO_REPEATED_STRING_MEASURED","no repeated (source_artifact, provision_or_citation) pair and no repeated citation string measured for this row","UNRESOLVED","CRP_PHASE5_NEXT_GATE_RECONCILIATION.md §5.2 (measured: 21 of 437 records carry a durable per-ID disposition; none of them is this ID) - no durable per-ID basis exists in this workspace to assign EXCLUDED, GAP or REFUSAL","BLOCKED_MISSING_EVIDENCE","NO_DURABLE_RESCREEN_RECORD","a durable per-ID corrected-logic rescreen disposition for CRP-LSRC-0057 - no register section, work-order ledger, catalogue field or SOURCE_CAPTURES evidence package in this workspace records one","WORK - record a durable per-ID rescreen disposition in an authorised batch; where the disposition turns on report-field or event-date mapping it additionally requires an AUTHORISED_EVIDENCE_ROUTE"
"CRP-LSRC-0058","CONTENT_RULE","F4","US_FEDERAL","COUNTRY_WIDE_SOURCE","null","null","§ 623(e) — 15 U.S.C. § 1681s-2(e)","https://www.govinfo.gov/content/pkg/USCODE-2023-title15/html/USCODE-2023-title15-chap41-subchapIII-1681s-2.htm","packages\backend\src\services\legalCorpus\rules.fcra.ts","22B4331901338ED58CB380F44CF951D354459F69AA16D57DBC5690945E779405","ADMITTED_SOURCE_ONLY"," |  | US_FEDERAL | Fair Credit Reporting Act (FCRA) | § 623(e) — 15 U.S.C. § 1681s-2(e)","CRP-LSRC-0058","NONE","NO_REPEATED_STRING_MEASURED","no repeated (source_artifact, provision_or_citation) pair and no repeated citation string measured for this row","UNRESOLVED","CRP_PHASE5_NEXT_GATE_RECONCILIATION.md §5.2 (measured: 21 of 437 records carry a durable per-ID disposition; none of them is this ID) - no durable per-ID basis exists in this workspace to assign EXCLUDED, GAP or REFUSAL","BLOCKED_MISSING_EVIDENCE","NO_DURABLE_RESCREEN_RECORD","a durable per-ID corrected-logic rescreen disposition for CRP-LSRC-0058 - no register section, work-order ledger, catalogue field or SOURCE_CAPTURES evidence package in this workspace records one","WORK - record a durable per-ID rescreen disposition in an authorised batch; where the disposition turns on report-field or event-date mapping it additionally requires an AUTHORISED_EVIDENCE_ROUTE"
"CRP-LSRC-0059","CONTENT_RULE","F10","US_FEDERAL","COUNTRY_WIDE_SOURCE","null","null","§ 625 — 15 U.S.C. § 1681t","https://www.govinfo.gov/content/pkg/USCODE-2023-title15/html/USCODE-2023-title15-chap41-subchapIII-1681t.htm","packages\backend\src\services\legalCorpus\rules.fcra.ts","22B4331901338ED58CB380F44CF951D354459F69AA16D57DBC5690945E779405","ADMITTED_SOURCE_ONLY"," |  | US_FEDERAL | Fair Credit Reporting Act (FCRA) | § 625 — 15 U.S.C. § 1681t","CRP-LSRC-0059","NONE","NO_REPEATED_STRING_MEASURED","no repeated (source_artifact, provision_or_citation) pair and no repeated citation string measured for this row","UNRESOLVED","CRP_PHASE5_NEXT_GATE_RECONCILIATION.md §5.2 (measured: 21 of 437 records carry a durable per-ID disposition; none of them is this ID) - no durable per-ID basis exists in this workspace to assign EXCLUDED, GAP or REFUSAL","BLOCKED_MISSING_EVIDENCE","NO_DURABLE_RESCREEN_RECORD","a durable per-ID corrected-logic rescreen disposition for CRP-LSRC-0059 - no register section, work-order ledger, catalogue field or SOURCE_CAPTURES evidence package in this workspace records one","WORK - record a durable per-ID rescreen disposition in an authorised batch; where the disposition turns on report-field or event-date mapping it additionally requires an AUTHORISED_EVIDENCE_ROUTE"
"CRP-LSRC-0060","CONTENT_RULE","F10","US_FEDERAL","COUNTRY_WIDE_SOURCE","null","null","§ 628 — 15 U.S.C. § 1681w","https://www.govinfo.gov/content/pkg/USCODE-2023-title15/html/USCODE-2023-title15-chap41-subchapIII-1681w.htm","packages\backend\src\services\legalCorpus\rules.fcra.ts","22B4331901338ED58CB380F44CF951D354459F69AA16D57DBC5690945E779405","ADMITTED_SOURCE_ONLY"," |  | US_FEDERAL | Fair Credit Reporting Act (FCRA) | § 628 — 15 U.S.C. § 1681w","CRP-LSRC-0060","NONE","NO_REPEATED_STRING_MEASURED","no repeated (source_artifact, provision_or_citation) pair and no repeated citation string measured for this row","UNRESOLVED","CRP_PHASE5_NEXT_GATE_RECONCILIATION.md §5.2 (measured: 21 of 437 records carry a durable per-ID disposition; none of them is this ID) - no durable per-ID basis exists in this workspace to assign EXCLUDED, GAP or REFUSAL","BLOCKED_MISSING_EVIDENCE","NO_DURABLE_RESCREEN_RECORD","a durable per-ID corrected-logic rescreen disposition for CRP-LSRC-0060 - no register section, work-order ledger, catalogue field or SOURCE_CAPTURES evidence package in this workspace records one","WORK - record a durable per-ID rescreen disposition in an authorised batch; where the disposition turns on report-field or event-date mapping it additionally requires an AUTHORISED_EVIDENCE_ROUTE"
"CRP-LSRC-0061","CONTENT_RULE","F10","US_FEDERAL","COUNTRY_WIDE_SOURCE","null","null","§ 629 — 15 U.S.C. § 1681x","https://www.govinfo.gov/content/pkg/USCODE-2023-title15/html/USCODE-2023-title15-chap41-subchapIII-1681x.htm","packages\backend\src\services\legalCorpus\rules.fcra.ts","22B4331901338ED58CB380F44CF951D354459F69AA16D57DBC5690945E779405","ADMITTED_SOURCE_ONLY"," |  | US_FEDERAL | Fair Credit Reporting Act (FCRA) | § 629 — 15 U.S.C. § 1681x","CRP-LSRC-0061","NONE","NO_REPEATED_STRING_MEASURED","no repeated (source_artifact, provision_or_citation) pair and no repeated citation string measured for this row","UNRESOLVED","CRP_PHASE5_NEXT_GATE_RECONCILIATION.md §5.2 (measured: 21 of 437 records carry a durable per-ID disposition; none of them is this ID) - no durable per-ID basis exists in this workspace to assign EXCLUDED, GAP or REFUSAL","BLOCKED_MISSING_EVIDENCE","NO_DURABLE_RESCREEN_RECORD","a durable per-ID corrected-logic rescreen disposition for CRP-LSRC-0061 - no register section, work-order ledger, catalogue field or SOURCE_CAPTURES evidence package in this workspace records one","WORK - record a durable per-ID rescreen disposition in an authorised batch; where the disposition turns on report-field or event-date mapping it additionally requires an AUTHORISED_EVIDENCE_ROUTE"
"CRP-LSRC-0062","CONTENT_RULE","F3","US_FEDERAL","COUNTRY_WIDE_SOURCE","null","null","§ 1022.38 — 12 CFR § 1022.38","https://www.ecfr.gov/api/versioner/v1/full/2026-01-01/title-12.xml?part=1022#1022.38","packages\backend\src\services\legalCorpus\rules.regv.ts","A725DAEF3C07B1977A869C3A8E45C342B761C08AFE0EFE5537B4F48E5280A51C","ADMITTED_SOURCE_ONLY"," |  | US_FEDERAL | Regulation V — Fair Credit Reporting (12 C.F.R. part 1022) | § 1022.38 — 12 CFR § 1022.38","CRP-LSRC-0062","NONE","NO_REPEATED_STRING_MEASURED","no repeated (source_artifact, provision_or_citation) pair and no repeated citation string measured for this row","UNRESOLVED","CRP_PHASE5_NEXT_GATE_RECONCILIATION.md §5.2 (measured: 21 of 437 records carry a durable per-ID disposition; none of them is this ID) - no durable per-ID basis exists in this workspace to assign EXCLUDED, GAP or REFUSAL","BLOCKED_MISSING_EVIDENCE","NO_DURABLE_RESCREEN_RECORD","a durable per-ID corrected-logic rescreen disposition for CRP-LSRC-0062 - no register section, work-order ledger, catalogue field or SOURCE_CAPTURES evidence package in this workspace records one","WORK - record a durable per-ID rescreen disposition in an authorised batch; where the disposition turns on report-field or event-date mapping it additionally requires an AUTHORISED_EVIDENCE_ROUTE"
"CRP-LSRC-0063","CONTENT_RULE","F9","US_FEDERAL","COUNTRY_WIDE_SOURCE","null","null","§ 1022.121 — 12 CFR § 1022.121","https://www.ecfr.gov/api/versioner/v1/full/2026-01-01/title-12.xml?part=1022#1022.121","packages\backend\src\services\legalCorpus\rules.regv.ts","A725DAEF3C07B1977A869C3A8E45C342B761C08AFE0EFE5537B4F48E5280A51C","ADMITTED_SOURCE_ONLY"," |  | US_FEDERAL | Regulation V — Fair Credit Reporting (12 C.F.R. part 1022) | § 1022.121 — 12 CFR § 1022.121","CRP-LSRC-0063","NONE","NO_REPEATED_STRING_MEASURED","no repeated (source_artifact, provision_or_citation) pair and no repeated citation string measured for this row","UNRESOLVED","CRP_PHASE5_NEXT_GATE_RECONCILIATION.md §5.2 (measured: 21 of 437 records carry a durable per-ID disposition; none of them is this ID) - no durable per-ID basis exists in this workspace to assign EXCLUDED, GAP or REFUSAL","BLOCKED_MISSING_EVIDENCE","NO_DURABLE_RESCREEN_RECORD","a durable per-ID corrected-logic rescreen disposition for CRP-LSRC-0063 - no register section, work-order ledger, catalogue field or SOURCE_CAPTURES evidence package in this workspace records one","WORK - record a durable per-ID rescreen disposition in an authorised batch; where the disposition turns on report-field or event-date mapping it additionally requires an AUTHORISED_EVIDENCE_ROUTE"
"CRP-LSRC-0064","CONTENT_RULE","F9","US_FEDERAL","COUNTRY_WIDE_SOURCE","null","null","§ 1022.123 — 12 CFR § 1022.123","https://www.ecfr.gov/api/versioner/v1/full/2026-01-01/title-12.xml?part=1022#1022.123","packages\backend\src\services\legalCorpus\rules.regv.ts","A725DAEF3C07B1977A869C3A8E45C342B761C08AFE0EFE5537B4F48E5280A51C","ADMITTED_SOURCE_ONLY"," |  | US_FEDERAL | Regulation V — Fair Credit Reporting (12 C.F.R. part 1022) | § 1022.123 — 12 CFR § 1022.123","CRP-LSRC-0064","NONE","NO_REPEATED_STRING_MEASURED","no repeated (source_artifact, provision_or_citation) pair and no repeated citation string measured for this row","UNRESOLVED","CRP_PHASE5_NEXT_GATE_RECONCILIATION.md §5.2 (measured: 21 of 437 records carry a durable per-ID disposition; none of them is this ID) - no durable per-ID basis exists in this workspace to assign EXCLUDED, GAP or REFUSAL","BLOCKED_MISSING_EVIDENCE","NO_DURABLE_RESCREEN_RECORD","a durable per-ID corrected-logic rescreen disposition for CRP-LSRC-0064 - no register section, work-order ledger, catalogue field or SOURCE_CAPTURES evidence package in this workspace records one","WORK - record a durable per-ID rescreen disposition in an authorised batch; where the disposition turns on report-field or event-date mapping it additionally requires an AUTHORISED_EVIDENCE_ROUTE"
"CRP-LSRC-0065","CONTENT_RULE","F5","US_FEDERAL","COUNTRY_WIDE_SOURCE","null","null","§ 1022.136 — 12 CFR § 1022.136","https://www.ecfr.gov/api/versioner/v1/full/2026-01-01/title-12.xml?part=1022#1022.136","packages\backend\src\services\legalCorpus\rules.regv.ts","A725DAEF3C07B1977A869C3A8E45C342B761C08AFE0EFE5537B4F48E5280A51C","ADMITTED_SOURCE_ONLY"," |  | US_FEDERAL | Regulation V — Fair Credit Reporting (12 C.F.R. part 1022) | § 1022.136 — 12 CFR § 1022.136","CRP-LSRC-0065","NONE","NO_REPEATED_STRING_MEASURED","no repeated (source_artifact, provision_or_citation) pair and no repeated citation string measured for this row","UNRESOLVED","CRP_PHASE5_NEXT_GATE_RECONCILIATION.md §5.2 (measured: 21 of 437 records carry a durable per-ID disposition; none of them is this ID) - no durable per-ID basis exists in this workspace to assign EXCLUDED, GAP or REFUSAL","BLOCKED_MISSING_EVIDENCE","NO_DURABLE_RESCREEN_RECORD","a durable per-ID corrected-logic rescreen disposition for CRP-LSRC-0065 - no register section, work-order ledger, catalogue field or SOURCE_CAPTURES evidence package in this workspace records one","WORK - record a durable per-ID rescreen disposition in an authorised batch; where the disposition turns on report-field or event-date mapping it additionally requires an AUTHORISED_EVIDENCE_ROUTE"
"CRP-LSRC-0066","CONTENT_RULE","F5","US_FEDERAL","COUNTRY_WIDE_SOURCE","null","null","§ 1022.137 — 12 CFR § 1022.137","https://www.ecfr.gov/api/versioner/v1/full/2026-01-01/title-12.xml?part=1022#1022.137","packages\backend\src\services\legalCorpus\rules.regv.ts","A725DAEF3C07B1977A869C3A8E45C342B761C08AFE0EFE5537B4F48E5280A51C","ADMITTED_SOURCE_ONLY"," |  | US_FEDERAL | Regulation V — Fair Credit Reporting (12 C.F.R. part 1022) | § 1022.137 — 12 CFR § 1022.137","CRP-LSRC-0066","NONE","NO_REPEATED_STRING_MEASURED","no repeated (source_artifact, provision_or_citation) pair and no repeated citation string measured for this row","UNRESOLVED","CRP_PHASE5_NEXT_GATE_RECONCILIATION.md §5.2 (measured: 21 of 437 records carry a durable per-ID disposition; none of them is this ID) - no durable per-ID basis exists in this workspace to assign EXCLUDED, GAP or REFUSAL","BLOCKED_MISSING_EVIDENCE","NO_DURABLE_RESCREEN_RECORD","a durable per-ID corrected-logic rescreen disposition for CRP-LSRC-0066 - no register section, work-order ledger, catalogue field or SOURCE_CAPTURES evidence package in this workspace records one","WORK - record a durable per-ID rescreen disposition in an authorised batch; where the disposition turns on report-field or event-date mapping it additionally requires an AUTHORISED_EVIDENCE_ROUTE"
"CRP-LSRC-0067","CONTENT_RULE","F5","US_FEDERAL","COUNTRY_WIDE_SOURCE","null","null","§ 1022.138 — 12 CFR § 1022.138","https://www.ecfr.gov/api/versioner/v1/full/2026-01-01/title-12.xml?part=1022#1022.138","packages\backend\src\services\legalCorpus\rules.regv.ts","A725DAEF3C07B1977A869C3A8E45C342B761C08AFE0EFE5537B4F48E5280A51C","ADMITTED_SOURCE_ONLY"," |  | US_FEDERAL | Regulation V — Fair Credit Reporting (12 C.F.R. part 1022) | § 1022.138 — 12 CFR § 1022.138","CRP-LSRC-0067","NONE","NO_REPEATED_STRING_MEASURED","no repeated (source_artifact, provision_or_citation) pair and no repeated citation string measured for this row","UNRESOLVED","CRP_PHASE5_NEXT_GATE_RECONCILIATION.md §5.2 (measured: 21 of 437 records carry a durable per-ID disposition; none of them is this ID) - no durable per-ID basis exists in this workspace to assign EXCLUDED, GAP or REFUSAL","BLOCKED_MISSING_EVIDENCE","NO_DURABLE_RESCREEN_RECORD","a durable per-ID corrected-logic rescreen disposition for CRP-LSRC-0067 - no register section, work-order ledger, catalogue field or SOURCE_CAPTURES evidence package in this workspace records one","WORK - record a durable per-ID rescreen disposition in an authorised batch; where the disposition turns on report-field or event-date mapping it additionally requires an AUTHORISED_EVIDENCE_ROUTE"
"CRP-LSRC-0068","CONTENT_RULE","F10","US_FEDERAL","COUNTRY_WIDE_SOURCE","null","null","§ 1022.140 — 12 CFR § 1022.140","https://www.ecfr.gov/api/versioner/v1/full/2026-01-01/title-12.xml?part=1022#1022.140","packages\backend\src\services\legalCorpus\rules.regv.ts","A725DAEF3C07B1977A869C3A8E45C342B761C08AFE0EFE5537B4F48E5280A51C","ADMITTED_SOURCE_ONLY"," |  | US_FEDERAL | Regulation V — Fair Credit Reporting (12 C.F.R. part 1022) | § 1022.140 — 12 CFR § 1022.140","CRP-LSRC-0068","NONE","NO_REPEATED_STRING_MEASURED","no repeated (source_artifact, provision_or_citation) pair and no repeated citation string measured for this row","UNRESOLVED","CRP_PHASE5_NEXT_GATE_RECONCILIATION.md §5.2 (measured: 21 of 437 records carry a durable per-ID disposition; none of them is this ID) - no durable per-ID basis exists in this workspace to assign EXCLUDED, GAP or REFUSAL","BLOCKED_MISSING_EVIDENCE","NO_DURABLE_RESCREEN_RECORD","a durable per-ID corrected-logic rescreen disposition for CRP-LSRC-0068 - no register section, work-order ledger, catalogue field or SOURCE_CAPTURES evidence package in this workspace records one","WORK - record a durable per-ID rescreen disposition in an authorised batch; where the disposition turns on report-field or event-date mapping it additionally requires an AUTHORISED_EVIDENCE_ROUTE"
"CRP-LSRC-0069","CONTENT_RULE","F5","US_FEDERAL","COUNTRY_WIDE_SOURCE","null","null","§ 1022.141 — 12 CFR § 1022.141","https://www.ecfr.gov/api/versioner/v1/full/2026-01-01/title-12.xml?part=1022#1022.141","packages\backend\src\services\legalCorpus\rules.regv.ts","A725DAEF3C07B1977A869C3A8E45C342B761C08AFE0EFE5537B4F48E5280A51C","ADMITTED_SOURCE_ONLY"," |  | US_FEDERAL | Regulation V — Fair Credit Reporting (12 C.F.R. part 1022) | § 1022.141 — 12 CFR § 1022.141","CRP-LSRC-0069","NONE","NO_REPEATED_STRING_MEASURED","no repeated (source_artifact, provision_or_citation) pair and no repeated citation string measured for this row","UNRESOLVED","CRP_PHASE5_NEXT_GATE_RECONCILIATION.md §5.2 (measured: 21 of 437 records carry a durable per-ID disposition; none of them is this ID) - no durable per-ID basis exists in this workspace to assign EXCLUDED, GAP or REFUSAL","BLOCKED_MISSING_EVIDENCE","NO_DURABLE_RESCREEN_RECORD","a durable per-ID corrected-logic rescreen disposition for CRP-LSRC-0069 - no register section, work-order ledger, catalogue field or SOURCE_CAPTURES evidence package in this workspace records one","WORK - record a durable per-ID rescreen disposition in an authorised batch; where the disposition turns on report-field or event-date mapping it additionally requires an AUTHORISED_EVIDENCE_ROUTE"
"CRP-LSRC-0070","CONTENT_RULE","F1","US_FEDERAL","COUNTRY_WIDE_SOURCE","null","null","§ 1022.142 — 12 CFR § 1022.142","https://www.ecfr.gov/api/versioner/v1/full/2026-01-01/title-12.xml?part=1022#1022.142","packages\backend\src\services\legalCorpus\rules.regv.ts","A725DAEF3C07B1977A869C3A8E45C342B761C08AFE0EFE5537B4F48E5280A51C","ADMITTED_SOURCE_ONLY"," |  | US_FEDERAL | Regulation V — Fair Credit Reporting (12 C.F.R. part 1022) | § 1022.142 — 12 CFR § 1022.142","CRP-LSRC-0070","NONE","NO_REPEATED_STRING_MEASURED","no repeated (source_artifact, provision_or_citation) pair and no repeated citation string measured for this row","UNRESOLVED","CRP_PHASE5_NEXT_GATE_RECONCILIATION.md §5.2 (measured: 21 of 437 records carry a durable per-ID disposition; none of them is this ID) - no durable per-ID basis exists in this workspace to assign EXCLUDED, GAP or REFUSAL","BLOCKED_MISSING_EVIDENCE","NO_DURABLE_RESCREEN_RECORD","a durable per-ID corrected-logic rescreen disposition for CRP-LSRC-0070 - no register section, work-order ledger, catalogue field or SOURCE_CAPTURES evidence package in this workspace records one","WORK - record a durable per-ID rescreen disposition in an authorised batch; where the disposition turns on report-field or event-date mapping it additionally requires an AUTHORISED_EVIDENCE_ROUTE"
"CRP-LSRC-0071","CONTENT_RULE","F10","US_FEDERAL","COUNTRY_WIDE_SOURCE","null","null","§ 1022.82 — 12 CFR § 1022.82","https://www.ecfr.gov/api/versioner/v1/full/2026-01-01/title-12.xml?part=1022#1022.82","packages\backend\src\services\legalCorpus\rules.regv.ts","A725DAEF3C07B1977A869C3A8E45C342B761C08AFE0EFE5537B4F48E5280A51C","ADMITTED_SOURCE_ONLY"," |  | US_FEDERAL | Regulation V — Fair Credit Reporting (12 C.F.R. part 1022) | § 1022.82 — 12 CFR § 1022.82","CRP-LSRC-0071","NONE","NO_REPEATED_STRING_MEASURED","no repeated (source_artifact, provision_or_citation) pair and no repeated citation string measured for this row","UNRESOLVED","CRP_PHASE5_NEXT_GATE_RECONCILIATION.md §5.2 (measured: 21 of 437 records carry a durable per-ID disposition; none of them is this ID) - no durable per-ID basis exists in this workspace to assign EXCLUDED, GAP or REFUSAL","BLOCKED_MISSING_EVIDENCE","NO_DURABLE_RESCREEN_RECORD","a durable per-ID corrected-logic rescreen disposition for CRP-LSRC-0071 - no register section, work-order ledger, catalogue field or SOURCE_CAPTURES evidence package in this workspace records one","WORK - record a durable per-ID rescreen disposition in an authorised batch; where the disposition turns on report-field or event-date mapping it additionally requires an AUTHORISED_EVIDENCE_ROUTE"
"CRP-LSRC-0072","CONTENT_RULE","F3","US_FEDERAL","COUNTRY_WIDE_SOURCE","null","null","§ 1022.30 — 12 CFR § 1022.30","https://www.ecfr.gov/api/versioner/v1/full/2026-01-01/title-12.xml?part=1022#1022.30","packages\backend\src\services\legalCorpus\rules.regv.ts","A725DAEF3C07B1977A869C3A8E45C342B761C08AFE0EFE5537B4F48E5280A51C","ADMITTED_SOURCE_ONLY"," |  | US_FEDERAL | Regulation V — Fair Credit Reporting (12 C.F.R. part 1022) | § 1022.30 — 12 CFR § 1022.30","CRP-LSRC-0072","NONE","NO_REPEATED_STRING_MEASURED","no repeated (source_artifact, provision_or_citation) pair and no repeated citation string measured for this row","UNRESOLVED","CRP_PHASE5_NEXT_GATE_RECONCILIATION.md §5.2 (measured: 21 of 437 records carry a durable per-ID disposition; none of them is this ID) - no durable per-ID basis exists in this workspace to assign EXCLUDED, GAP or REFUSAL","BLOCKED_MISSING_EVIDENCE","NO_DURABLE_RESCREEN_RECORD","a durable per-ID corrected-logic rescreen disposition for CRP-LSRC-0072 - no register section, work-order ledger, catalogue field or SOURCE_CAPTURES evidence package in this workspace records one","WORK - record a durable per-ID rescreen disposition in an authorised batch; where the disposition turns on report-field or event-date mapping it additionally requires an AUTHORISED_EVIDENCE_ROUTE"
"CRP-LSRC-0073","CONTENT_RULE","F4","US_FEDERAL","COUNTRY_WIDE_SOURCE","null","null","§ 1022.42 — 12 CFR § 1022.42","https://www.ecfr.gov/api/versioner/v1/full/2026-01-01/title-12.xml?part=1022#1022.42","packages\backend\src\services\legalCorpus\rules.regv.ts","A725DAEF3C07B1977A869C3A8E45C342B761C08AFE0EFE5537B4F48E5280A51C","ADMITTED_SOURCE_ONLY"," |  | US_FEDERAL | Regulation V — Fair Credit Reporting (12 C.F.R. part 1022) | § 1022.42 — 12 CFR § 1022.42","CRP-LSRC-0073","NONE","NO_REPEATED_STRING_MEASURED","no repeated (source_artifact, provision_or_citation) pair and no repeated citation string measured for this row","UNRESOLVED","CRP_PHASE5_NEXT_GATE_RECONCILIATION.md §5.2 (measured: 21 of 437 records carry a durable per-ID disposition; none of them is this ID) - no durable per-ID basis exists in this workspace to assign EXCLUDED, GAP or REFUSAL","BLOCKED_MISSING_EVIDENCE","NO_DURABLE_RESCREEN_RECORD","a durable per-ID corrected-logic rescreen disposition for CRP-LSRC-0073 - no register section, work-order ledger, catalogue field or SOURCE_CAPTURES evidence package in this workspace records one","WORK - record a durable per-ID rescreen disposition in an authorised batch; where the disposition turns on report-field or event-date mapping it additionally requires an AUTHORISED_EVIDENCE_ROUTE"
"CRP-LSRC-0074","CONTENT_RULE","F4","US_FEDERAL","COUNTRY_WIDE_SOURCE","null","null","§ 1022.43 — 12 CFR § 1022.43","https://www.ecfr.gov/api/versioner/v1/full/2026-01-01/title-12.xml?part=1022#1022.43","packages\backend\src\services\legalCorpus\rules.regv.ts","A725DAEF3C07B1977A869C3A8E45C342B761C08AFE0EFE5537B4F48E5280A51C","ADMITTED_SOURCE_ONLY"," |  | US_FEDERAL | Regulation V — Fair Credit Reporting (12 C.F.R. part 1022) | § 1022.43 — 12 CFR § 1022.43","CRP-LSRC-0074","NONE","NO_REPEATED_STRING_MEASURED","no repeated (source_artifact, provision_or_citation) pair and no repeated citation string measured for this row","UNRESOLVED","CRP_PHASE5_NEXT_GATE_RECONCILIATION.md §5.2 (measured: 21 of 437 records carry a durable per-ID disposition; none of them is this ID) - no durable per-ID basis exists in this workspace to assign EXCLUDED, GAP or REFUSAL","BLOCKED_MISSING_EVIDENCE","NO_DURABLE_RESCREEN_RECORD","a durable per-ID corrected-logic rescreen disposition for CRP-LSRC-0074 - no register section, work-order ledger, catalogue field or SOURCE_CAPTURES evidence package in this workspace records one","WORK - record a durable per-ID rescreen disposition in an authorised batch; where the disposition turns on report-field or event-date mapping it additionally requires an AUTHORISED_EVIDENCE_ROUTE"
"CRP-LSRC-0075","GAP","F10","US_FEDERAL","COUNTRY_WIDE_SOURCE","null","null","NOT RECORDED","NOT RECORDED","packages\backend\src\services\legalCorpus\authorities.ts","79EC22A5F9AB6A12E86AD63606410CF5A19271786B089540EAC32038CA8E0EB5","ADMITTED_SOURCE_ONLY"," |  | US_FEDERAL | (secondary-authority gap declaration, US federal) — No CFPB or FTC interpretive text was read, so no secondary-authority record exists for the federal corpus — PHASE5-001C owner amendment (this gap is closed as a scope decision, not as a statute; see CRP_GAP_REFUSAL_RESOLUTION_REGISTER.md): the scope of this review is strictly limited to primary statutory and regulatory authorities and does not account for non-binding administrative guidance, agency interpretive letters or secondary legal commentary. Non-binding guidance and commentary remain outside this review; no secondary-authority source is admitted and no authority record is created | NOT RECORDED","CRP-LSRC-0075","DUP-CITE-009","REPEATED_CITATION_ONLY","the citation string occurs on 61 catalogue rows across 7 distinct source_artifact values (ids: CRP-LSRC-0075, CRP-LSRC-0078, CRP-LSRC-0300, CRP-LSRC-0301, CRP-LSRC-0302, CRP-LSRC-0303, CRP-LSRC-0304, CRP-LSRC-0305, CRP-LSRC-0306, CRP-LSRC-0307, CRP-LSRC-0308, CRP-LSRC-0310, CRP-LSRC-0311, CRP-LSRC-0312, CRP-LSRC-0315, CRP-LSRC-0316, CRP-LSRC-0317, CRP-LSRC-0318, CRP-LSRC-0320, CRP-LSRC-0321, CRP-LSRC-0322, CRP-LSRC-0323, CRP-LSRC-0324, CRP-LSRC-0325, CRP-LSRC-0326, CRP-LSRC-0327, CRP-LSRC-0328, CRP-LSRC-0329, CRP-LSRC-0330, CRP-LSRC-0331, CRP-LSRC-0332, CRP-LSRC-0333, CRP-LSRC-0334, CRP-LSRC-0335, CRP-LSRC-0336, CRP-LSRC-0337, CRP-LSRC-0338, CRP-LSRC-0339, CRP-LSRC-0340, CRP-LSRC-0341, CRP-LSRC-0342, CRP-LSRC-0343, CRP-LSRC-0344, CRP-LSRC-0345, CRP-LSRC-0346, CRP-LSRC-0347, CRP-LSRC-0348, CRP-LSRC-0349, CRP-LSRC-0350, CRP-LSRC-0351, CRP-LSRC-0412, CRP-LSRC-0413, CRP-LSRC-0414, CRP-LSRC-0415, CRP-LSRC-0416, CRP-LSRC-0417, CRP-LSRC-0418, CRP-LSRC-0419, CRP-LSRC-0420, CRP-LSRC-0421, CRP-LSRC-0435); string-identity duplicate indicator only, not a proven duplicate legal provision","GAP","CRP_GAP_REFUSAL_RESOLUTION_REGISTER.md §2 row for this ID, §4 group A, §7.4 index, with per-ID results in §8.3 / §10.4 / §11.5 / §12.4 and the catalogue entry text recorded under PHASE5-001C","RECORDED_DURABLE","NO_OPEN_ITEM_RECORDED","NONE_RECORDED - the register lists no open item for this ID","NONE - the recorded disposition stands"
"CRP-LSRC-0076","GAP","F10","US_FEDERAL","COUNTRY_WIDE_SOURCE","null","null","§ 605(c) and § 623(a)(5)(A) (as named in the gap entry)","NOT RECORDED","packages\backend\src\services\legalRules.ts","FE5C1BA63AE85923E378D4278C3D6E85461E8DF648847F43FE02FB4185BD41F6","ADMITTED_SOURCE_ONLY"," |  | US_FEDERAL | Fair Credit Reporting Act (FCRA) — Recorded `UNVERIFIED_GAPS` entry: these provisions are read and verified but unreachable from report evidence — recorded gap, no rule — PHASE5-001C owner amendment (disposition recorded; this gap is NOT closed; see CRP_GAP_REFUSAL_RESOLUTION_REGISTER.md): the named provisions remain read-and-verified but unreachable from report evidence, so no rule is entered. The owner document supplies a proposed fallback for a missing original date of first delinquency that rests on Equifax Notice to Furnishers guidance and general regulatory practice. That proposal is recorded as owner-supplied only: it is not a verified official quotation, its source carries no recorded locator or retrieval, it is not an admitted primary or secondary source, and it is not entered as a rule. No state content rule and no universal rule is created | § 605(c) and § 623(a)(5)(A) (as named in the gap entry)","CRP-LSRC-0076","NONE","NO_REPEATED_STRING_MEASURED","no repeated (source_artifact, provision_or_citation) pair and no repeated citation string measured for this row","GAP","CRP_GAP_REFUSAL_RESOLUTION_REGISTER.md §2 row for this ID, §4 group B, §7.4 index, with per-ID results in §8.3 / §10.4 / §11.5 / §12.4 and the catalogue entry text recorded under PHASE5-001C","RECORDED_DURABLE","RECORDED_OPEN_ITEM","register §5 item 2: the FCRA provisions named in the entry stay unreachable from report evidence; no rule is entered","WORK and/or AUTHORISED_EVIDENCE_ROUTE as the cited register item requires; an owner decision where the item is a scope, wildcard or refusal question"
"CRP-LSRC-0077","GAP","F10","US_FEDERAL","COUNTRY_WIDE_SOURCE","null","null","§ 625(b)(1)(E) (as named in the gap entry)","NOT RECORDED","packages\backend\src\services\legalRules.ts","FE5C1BA63AE85923E378D4278C3D6E85461E8DF648847F43FE02FB4185BD41F6","ADMITTED_SOURCE_ONLY"," |  | US_FEDERAL | FCRA § 625(b)(1)(E) / state content rules — Recorded `UNVERIFIED_GAPS` entry: US state content rules surviving § 625(b)(1)(E) — only one state entered; the rest is a recorded gap — PHASE5-001C owner amendment (disposition recorded; this gap is NOT closed; see CRP_GAP_REFUSAL_RESOLUTION_REGISTER.md): the owner document supplies a single federal-baseline matrix (the FCRA § 605 recorded periods as owner-supplied figures: bankruptcies under chapter 7 or chapter 11 ten years, chapter 13 seven years, civil suits and judgments seven years, paid tax liens seven years, accounts placed for collection seven years, any other adverse information seven years) proposed to apply across all states under § 625(b)(1)(E). That proposal is recorded as owner-supplied only and is explicitly NOT adopted: no universal or all-states rule is created, and the state-by-state survival list remains incomplete because only one state was entered | § 625(b)(1)(E) (as named in the gap entry)","CRP-LSRC-0077","NONE","NO_REPEATED_STRING_MEASURED","no repeated (source_artifact, provision_or_citation) pair and no repeated citation string measured for this row","GAP","CRP_GAP_REFUSAL_RESOLUTION_REGISTER.md §2 row for this ID, §4 group B, §7.4 index, with per-ID results in §8.3 / §10.4 / §11.5 / §12.4 and the catalogue entry text recorded under PHASE5-001C","RECORDED_DURABLE","RECORDED_OPEN_ITEM","register §5 item 3: the all-states FCRA § 625(b)(1)(E) proposal is not adopted and the list of state content rules surviving it stays incomplete","WORK and/or AUTHORISED_EVIDENCE_ROUTE as the cited register item requires; an owner decision where the item is a scope, wildcard or refusal question"
"CRP-LSRC-0078","GAP","F1","US-*","GAP","null","null","NOT RECORDED","NOT RECORDED","packages\backend\src\services\solTable.ts","E0C04B274FD748461FE8F3D33FB4E5DF52538AB324D7682E02B6B526926896EF","ADMITTED_SOURCE_ONLY"," |  | US-* | state/territory limitation statutes (varies by debt type and by state) — Recorded `SOL_GAPS` entry for `US-*` (read per unit; the wildcard token identifies no single unit) — PHASE5-001C owner amendment (wildcard preserved; this gap is NOT closed; see CRP_GAP_REFUSAL_RESOLUTION_REGISTER.md): the owner document supplies an ingestion and session-metadata design that would resolve US-* from the consumer session or account profile, with a fallback to session state where the wildcard persists. That design is recorded as owner-supplied only and is NOT adopted: it depends on off-report session and account-profile data, which is not consumer evidence under CRP-DIRECT-REPORT-CONTENT and must not be used to close a jurisdiction wildcard or to prove a finding. No exact US state or territory was supplied with a limitation period, so US-* remains an unresolved wildcard whose per-unit limitation law still varies by debt type and by state | NOT RECORDED","CRP-LSRC-0078","DUP-PAIR-003","IDENTICAL_ARTIFACT_AND_CITATION","the (source_artifact, provision_or_citation) pair occurs on 22 catalogue rows (ids: CRP-LSRC-0078, CRP-LSRC-0325, CRP-LSRC-0326, CRP-LSRC-0327, CRP-LSRC-0328, CRP-LSRC-0329, CRP-LSRC-0330, CRP-LSRC-0331, CRP-LSRC-0332, CRP-LSRC-0333, CRP-LSRC-0334, CRP-LSRC-0335, CRP-LSRC-0412, CRP-LSRC-0414, CRP-LSRC-0415, CRP-LSRC-0416, CRP-LSRC-0417, CRP-LSRC-0418, CRP-LSRC-0419, CRP-LSRC-0420, CRP-LSRC-0421, CRP-LSRC-0435); string-identity duplicate indicator only, not a proven duplicate legal provision; the citation also repeats across distinct artifacts in DUP-CITE-009","GAP","CRP_GAP_REFUSAL_RESOLUTION_REGISTER.md §2 row for this ID, §4 group B, §7.4 index, §3.1 mapping, with per-ID results in §8.3 / §10.4 / §11.5 / §12.4 and the catalogue entry text recorded under PHASE5-001C","RECORDED_DURABLE","RECORDED_OPEN_ITEM","register §5 item 1: the `US-*` wildcard is unresolved; no state or territory mapping was supplied","WORK and/or AUTHORISED_EVIDENCE_ROUTE as the cited register item requires; an owner decision where the item is a scope, wildcard or refusal question"
"CRP-LSRC-0079","LIMITATION_RECORD","F1","US-CA","EXACT","US","US-CA","NOT RECORDED (locator names § 337)","https://leginfo.legislature.ca.gov/faces/codes_displaySection.xhtml?lawCode=CCP&sectionNum=337.","packages\backend\src\services\solTable.ts","E0C04B274FD748461FE8F3D33FB4E5DF52538AB324D7682E02B6B526926896EF","ADMITTED_SOURCE_ONLY","US | US-CA | US-CA | California Code of Civil Procedure | NOT RECORDED (locator names § 337)","CRP-LSRC-0079","NONE","NO_REPEATED_STRING_MEASURED","no repeated (source_artifact, provision_or_citation) pair and no repeated citation string measured for this row","UNRESOLVED","CRP_PHASE5_NEXT_GATE_RECONCILIATION.md §5.2 (measured: 21 of 437 records carry a durable per-ID disposition; none of them is this ID) - no durable per-ID basis exists in this workspace to assign EXCLUDED, GAP or REFUSAL","BLOCKED_MISSING_EVIDENCE","NO_DURABLE_RESCREEN_RECORD","a durable per-ID corrected-logic rescreen disposition for CRP-LSRC-0079 - no register section, work-order ledger, catalogue field or SOURCE_CAPTURES evidence package in this workspace records one","WORK - record a durable per-ID rescreen disposition in an authorised batch; where the disposition turns on report-field or event-date mapping it additionally requires an AUTHORISED_EVIDENCE_ROUTE"
"CRP-LSRC-0080","LIMITATION_RECORD","F1","US-CA","EXACT","US","US-CA","NOT RECORDED (recorded note names the § 339(1) branch)","OWNER-APPROVED STATUTORY AUTHORITY (2026-09-17, owner-supplied mapping approved as truth): no URL recorded (note body withheld)","packages\backend\src\services\solTable.ts","E0C04B274FD748461FE8F3D33FB4E5DF52538AB324D7682E02B6B526926896EF","ADMITTED_SOURCE_ONLY","US | US-CA | US-CA | California Code of Civil Procedure | NOT RECORDED (recorded note names the § 339(1) branch)","CRP-LSRC-0080","NONE","NO_REPEATED_STRING_MEASURED","no repeated (source_artifact, provision_or_citation) pair and no repeated citation string measured for this row","UNRESOLVED","CRP_PHASE5_NEXT_GATE_RECONCILIATION.md §5.2 (measured: 21 of 437 records carry a durable per-ID disposition; none of them is this ID) - no durable per-ID basis exists in this workspace to assign EXCLUDED, GAP or REFUSAL","BLOCKED_MISSING_EVIDENCE","NO_DURABLE_RESCREEN_RECORD","a durable per-ID corrected-logic rescreen disposition for CRP-LSRC-0080 - no register section, work-order ledger, catalogue field or SOURCE_CAPTURES evidence package in this workspace records one","WORK - record a durable per-ID rescreen disposition in an authorised batch; where the disposition turns on report-field or event-date mapping it additionally requires an AUTHORISED_EVIDENCE_ROUTE"
"CRP-LSRC-0081","LIMITATION_RECORD","F1","US-MA","EXACT","US","US-MA","NOT RECORDED (locator names ch. 260, § 2)","https://malegislature.gov/Laws/GeneralLaws/PartIII/TitleV/Chapter260/Section2","packages\backend\src\services\solTable.ts","E0C04B274FD748461FE8F3D33FB4E5DF52538AB324D7682E02B6B526926896EF","ADMITTED_SOURCE_ONLY","US | US-MA | US-MA | Massachusetts General Laws | NOT RECORDED (locator names ch. 260, § 2)","CRP-LSRC-0081","NONE","NO_REPEATED_STRING_MEASURED","no repeated (source_artifact, provision_or_citation) pair and no repeated citation string measured for this row","UNRESOLVED","CRP_PHASE5_NEXT_GATE_RECONCILIATION.md §5.2 (measured: 21 of 437 records carry a durable per-ID disposition; none of them is this ID) - no durable per-ID basis exists in this workspace to assign EXCLUDED, GAP or REFUSAL","BLOCKED_MISSING_EVIDENCE","NO_DURABLE_RESCREEN_RECORD","a durable per-ID corrected-logic rescreen disposition for CRP-LSRC-0081 - no register section, work-order ledger, catalogue field or SOURCE_CAPTURES evidence package in this workspace records one","WORK - record a durable per-ID rescreen disposition in an authorised batch; where the disposition turns on report-field or event-date mapping it additionally requires an AUTHORISED_EVIDENCE_ROUTE"
"CRP-LSRC-0082","LIMITATION_RECORD","F1","US-FL","EXACT","US","US-FL","NOT RECORDED (locators name §§ 95.11 and 95.031)","http://www.leg.state.fl.us/statutes/index.cfm?App_mode=Display_Statute&URL=0000-0099/0095/Sections/0095.11.html + …/0095.031.html","packages\backend\src\services\solTable.ts","E0C04B274FD748461FE8F3D33FB4E5DF52538AB324D7682E02B6B526926896EF","ADMITTED_SOURCE_ONLY","US | US-FL | US-FL | Florida Statutes | NOT RECORDED (locators name §§ 95.11 and 95.031)","CRP-LSRC-0082","NONE","NO_REPEATED_STRING_MEASURED","no repeated (source_artifact, provision_or_citation) pair and no repeated citation string measured for this row","UNRESOLVED","CRP_PHASE5_NEXT_GATE_RECONCILIATION.md §5.2 (measured: 21 of 437 records carry a durable per-ID disposition; none of them is this ID) - no durable per-ID basis exists in this workspace to assign EXCLUDED, GAP or REFUSAL","BLOCKED_MISSING_EVIDENCE","NO_DURABLE_RESCREEN_RECORD","a durable per-ID corrected-logic rescreen disposition for CRP-LSRC-0082 - no register section, work-order ledger, catalogue field or SOURCE_CAPTURES evidence package in this workspace records one","WORK - record a durable per-ID rescreen disposition in an authorised batch; where the disposition turns on report-field or event-date mapping it additionally requires an AUTHORISED_EVIDENCE_ROUTE"
"CRP-LSRC-0083","LIMITATION_RECORD","F1","US-FL","EXACT","US","US-FL","NOT RECORDED (recorded note names § 95.11(4))","OWNER-APPROVED STATUTORY AUTHORITY (2026-09-17, owner-supplied mapping approved as truth): no URL recorded (note body withheld)","packages\backend\src\services\solTable.ts","E0C04B274FD748461FE8F3D33FB4E5DF52538AB324D7682E02B6B526926896EF","ADMITTED_SOURCE_ONLY","US | US-FL | US-FL | Florida Statutes | NOT RECORDED (recorded note names § 95.11(4))","CRP-LSRC-0083","NONE","NO_REPEATED_STRING_MEASURED","no repeated (source_artifact, provision_or_citation) pair and no repeated citation string measured for this row","UNRESOLVED","CRP_PHASE5_NEXT_GATE_RECONCILIATION.md §5.2 (measured: 21 of 437 records carry a durable per-ID disposition; none of them is this ID) - no durable per-ID basis exists in this workspace to assign EXCLUDED, GAP or REFUSAL","BLOCKED_MISSING_EVIDENCE","NO_DURABLE_RESCREEN_RECORD","a durable per-ID corrected-logic rescreen disposition for CRP-LSRC-0083 - no register section, work-order ledger, catalogue field or SOURCE_CAPTURES evidence package in this workspace records one","WORK - record a durable per-ID rescreen disposition in an authorised batch; where the disposition turns on report-field or event-date mapping it additionally requires an AUTHORISED_EVIDENCE_ROUTE"
"CRP-LSRC-0084","LIMITATION_RECORD","F1","US-WA","EXACT","US","US-WA","NOT RECORDED (locators name RCW 4.16.040 and 4.16.005)","https://app.leg.wa.gov/RCW/default.aspx?cite=4.16.040 + ?cite=4.16.005","packages\backend\src\services\solTable.ts","E0C04B274FD748461FE8F3D33FB4E5DF52538AB324D7682E02B6B526926896EF","ADMITTED_SOURCE_ONLY","US | US-WA | US-WA | Revised Code of Washington | NOT RECORDED (locators name RCW 4.16.040 and 4.16.005)","CRP-LSRC-0084","NONE","NO_REPEATED_STRING_MEASURED","no repeated (source_artifact, provision_or_citation) pair and no repeated citation string measured for this row","UNRESOLVED","CRP_PHASE5_NEXT_GATE_RECONCILIATION.md §5.2 (measured: 21 of 437 records carry a durable per-ID disposition; none of them is this ID) - no durable per-ID basis exists in this workspace to assign EXCLUDED, GAP or REFUSAL","BLOCKED_MISSING_EVIDENCE","NO_DURABLE_RESCREEN_RECORD","a durable per-ID corrected-logic rescreen disposition for CRP-LSRC-0084 - no register section, work-order ledger, catalogue field or SOURCE_CAPTURES evidence package in this workspace records one","WORK - record a durable per-ID rescreen disposition in an authorised batch; where the disposition turns on report-field or event-date mapping it additionally requires an AUTHORISED_EVIDENCE_ROUTE"
"CRP-LSRC-0085","LIMITATION_RECORD","F1","US-MN","EXACT","US","US-MN","NOT RECORDED (locators name §§ 541.05, 541.01, 541.07)","https://www.revisor.mn.gov/statutes/cite/541.05 + /541.01 + /541.07","packages\backend\src\services\solTable.ts","E0C04B274FD748461FE8F3D33FB4E5DF52538AB324D7682E02B6B526926896EF","ADMITTED_SOURCE_ONLY","US | US-MN | US-MN | Minnesota Statutes | NOT RECORDED (locators name §§ 541.05, 541.01, 541.07)","CRP-LSRC-0085","NONE","NO_REPEATED_STRING_MEASURED","no repeated (source_artifact, provision_or_citation) pair and no repeated citation string measured for this row","UNRESOLVED","CRP_PHASE5_NEXT_GATE_RECONCILIATION.md §5.2 (measured: 21 of 437 records carry a durable per-ID disposition; none of them is this ID) - no durable per-ID basis exists in this workspace to assign EXCLUDED, GAP or REFUSAL","BLOCKED_MISSING_EVIDENCE","NO_DURABLE_RESCREEN_RECORD","a durable per-ID corrected-logic rescreen disposition for CRP-LSRC-0085 - no register section, work-order ledger, catalogue field or SOURCE_CAPTURES evidence package in this workspace records one","WORK - record a durable per-ID rescreen disposition in an authorised batch; where the disposition turns on report-field or event-date mapping it additionally requires an AUTHORISED_EVIDENCE_ROUTE"
"CRP-LSRC-0086","LIMITATION_RECORD","F1","US-OR","EXACT","US","US-OR","NOT RECORDED (locator names ORS chapter 12)","https://www.oregonlegislature.gov/bills_laws/ors/ors012.html","packages\backend\src\services\solTable.ts","E0C04B274FD748461FE8F3D33FB4E5DF52538AB324D7682E02B6B526926896EF","ADMITTED_SOURCE_ONLY","US | US-OR | US-OR | Oregon Revised Statutes | NOT RECORDED (locator names ORS chapter 12)","CRP-LSRC-0086","NONE","NO_REPEATED_STRING_MEASURED","no repeated (source_artifact, provision_or_citation) pair and no repeated citation string measured for this row","UNRESOLVED","CRP_PHASE5_NEXT_GATE_RECONCILIATION.md §5.2 (measured: 21 of 437 records carry a durable per-ID disposition; none of them is this ID) - no durable per-ID basis exists in this workspace to assign EXCLUDED, GAP or REFUSAL","BLOCKED_MISSING_EVIDENCE","NO_DURABLE_RESCREEN_RECORD","a durable per-ID corrected-logic rescreen disposition for CRP-LSRC-0086 - no register section, work-order ledger, catalogue field or SOURCE_CAPTURES evidence package in this workspace records one","WORK - record a durable per-ID rescreen disposition in an authorised batch; where the disposition turns on report-field or event-date mapping it additionally requires an AUTHORISED_EVIDENCE_ROUTE"
"CRP-LSRC-0087","LIMITATION_RECORD","F1","US-MI","EXACT","US","US-MI","NOT RECORDED (locators name MCL 600.5807, 600.5827, 600.5836)","https://legislature.mi.gov/Laws/MCL?objectName=mcl-600-5807 + -5827 + -5836","packages\backend\src\services\solTable.ts","E0C04B274FD748461FE8F3D33FB4E5DF52538AB324D7682E02B6B526926896EF","ADMITTED_SOURCE_ONLY","US | US-MI | US-MI | Michigan Compiled Laws | NOT RECORDED (locators name MCL 600.5807, 600.5827, 600.5836)","CRP-LSRC-0087","NONE","NO_REPEATED_STRING_MEASURED","no repeated (source_artifact, provision_or_citation) pair and no repeated citation string measured for this row","UNRESOLVED","CRP_PHASE5_NEXT_GATE_RECONCILIATION.md §5.2 (measured: 21 of 437 records carry a durable per-ID disposition; none of them is this ID) - no durable per-ID basis exists in this workspace to assign EXCLUDED, GAP or REFUSAL","BLOCKED_MISSING_EVIDENCE","NO_DURABLE_RESCREEN_RECORD","a durable per-ID corrected-logic rescreen disposition for CRP-LSRC-0087 - no register section, work-order ledger, catalogue field or SOURCE_CAPTURES evidence package in this workspace records one","WORK - record a durable per-ID rescreen disposition in an authorised batch; where the disposition turns on report-field or event-date mapping it additionally requires an AUTHORISED_EVIDENCE_ROUTE"
"CRP-LSRC-0088","LIMITATION_RECORD","F1","US-CO","EXACT","US","US-CO","§ 13-80-103.5(1)(a)","OWNER-APPROVED STATUTORY AUTHORITY (2026-09-17, owner-supplied mapping approved as truth): no URL recorded (note body withheld)","packages\backend\src\services\solTable.ts","E0C04B274FD748461FE8F3D33FB4E5DF52538AB324D7682E02B6B526926896EF","ADMITTED_SOURCE_ONLY","US | US-CO | US-CO | Colo. Rev. Stat. | § 13-80-103.5(1)(a)","CRP-LSRC-0088","NONE","NO_REPEATED_STRING_MEASURED","no repeated (source_artifact, provision_or_citation) pair and no repeated citation string measured for this row","UNRESOLVED","CRP_PHASE5_NEXT_GATE_RECONCILIATION.md §5.2 (measured: 21 of 437 records carry a durable per-ID disposition; none of them is this ID) - no durable per-ID basis exists in this workspace to assign EXCLUDED, GAP or REFUSAL","BLOCKED_MISSING_EVIDENCE","NO_DURABLE_RESCREEN_RECORD","a durable per-ID corrected-logic rescreen disposition for CRP-LSRC-0088 - no register section, work-order ledger, catalogue field or SOURCE_CAPTURES evidence package in this workspace records one","WORK - record a durable per-ID rescreen disposition in an authorised batch; where the disposition turns on report-field or event-date mapping it additionally requires an AUTHORISED_EVIDENCE_ROUTE"
"CRP-LSRC-0089","LIMITATION_RECORD","F1","US-CT","EXACT","US","US-CT","§ 52-576(a)","OWNER-APPROVED STATUTORY AUTHORITY (2026-09-17, owner-supplied mapping approved as truth): no URL recorded (note body withheld)","packages\backend\src\services\solTable.ts","E0C04B274FD748461FE8F3D33FB4E5DF52538AB324D7682E02B6B526926896EF","ADMITTED_SOURCE_ONLY","US | US-CT | US-CT | Conn. Gen. Stat. | § 52-576(a)","CRP-LSRC-0089","NONE","NO_REPEATED_STRING_MEASURED","no repeated (source_artifact, provision_or_citation) pair and no repeated citation string measured for this row","UNRESOLVED","CRP_PHASE5_NEXT_GATE_RECONCILIATION.md §5.2 (measured: 21 of 437 records carry a durable per-ID disposition; none of them is this ID) - no durable per-ID basis exists in this workspace to assign EXCLUDED, GAP or REFUSAL","BLOCKED_MISSING_EVIDENCE","NO_DURABLE_RESCREEN_RECORD","a durable per-ID corrected-logic rescreen disposition for CRP-LSRC-0089 - no register section, work-order ledger, catalogue field or SOURCE_CAPTURES evidence package in this workspace records one","WORK - record a durable per-ID rescreen disposition in an authorised batch; where the disposition turns on report-field or event-date mapping it additionally requires an AUTHORISED_EVIDENCE_ROUTE"
"CRP-LSRC-0090","LIMITATION_RECORD","F1","US-DC","EXACT","US","US-DC","§ 12-301(7)","OWNER-APPROVED STATUTORY AUTHORITY (2026-09-17, owner-supplied mapping approved as truth): no URL recorded (note body withheld)","packages\backend\src\services\solTable.ts","E0C04B274FD748461FE8F3D33FB4E5DF52538AB324D7682E02B6B526926896EF","ADMITTED_SOURCE_ONLY","US | US-DC | US-DC | D.C. Code | § 12-301(7)","CRP-LSRC-0090","NONE","NO_REPEATED_STRING_MEASURED","no repeated (source_artifact, provision_or_citation) pair and no repeated citation string measured for this row","UNRESOLVED","CRP_PHASE5_NEXT_GATE_RECONCILIATION.md §5.2 (measured: 21 of 437 records carry a durable per-ID disposition; none of them is this ID) - no durable per-ID basis exists in this workspace to assign EXCLUDED, GAP or REFUSAL","BLOCKED_MISSING_EVIDENCE","NO_DURABLE_RESCREEN_RECORD","a durable per-ID corrected-logic rescreen disposition for CRP-LSRC-0090 - no register section, work-order ledger, catalogue field or SOURCE_CAPTURES evidence package in this workspace records one","WORK - record a durable per-ID rescreen disposition in an authorised batch; where the disposition turns on report-field or event-date mapping it additionally requires an AUTHORISED_EVIDENCE_ROUTE"
"CRP-LSRC-0091","LIMITATION_RECORD","F1","US-DE","EXACT","US","US-DE","§ 8106(a)","OWNER-APPROVED STATUTORY AUTHORITY (2026-09-17, owner-supplied mapping approved as truth): no URL recorded (note body withheld)","packages\backend\src\services\solTable.ts","E0C04B274FD748461FE8F3D33FB4E5DF52538AB324D7682E02B6B526926896EF","ADMITTED_SOURCE_ONLY","US | US-DE | US-DE | 10 Del. C. | § 8106(a)","CRP-LSRC-0091","NONE","NO_REPEATED_STRING_MEASURED","no repeated (source_artifact, provision_or_citation) pair and no repeated citation string measured for this row","UNRESOLVED","CRP_PHASE5_NEXT_GATE_RECONCILIATION.md §5.2 (measured: 21 of 437 records carry a durable per-ID disposition; none of them is this ID) - no durable per-ID basis exists in this workspace to assign EXCLUDED, GAP or REFUSAL","BLOCKED_MISSING_EVIDENCE","NO_DURABLE_RESCREEN_RECORD","a durable per-ID corrected-logic rescreen disposition for CRP-LSRC-0091 - no register section, work-order ledger, catalogue field or SOURCE_CAPTURES evidence package in this workspace records one","WORK - record a durable per-ID rescreen disposition in an authorised batch; where the disposition turns on report-field or event-date mapping it additionally requires an AUTHORISED_EVIDENCE_ROUTE"
"CRP-LSRC-0092","LIMITATION_RECORD","F1","US-DE","EXACT","US","US-DE","§ 8109","OWNER-APPROVED STATUTORY AUTHORITY (2026-09-17, owner-supplied mapping approved as truth): no URL recorded (note body withheld)","packages\backend\src\services\solTable.ts","E0C04B274FD748461FE8F3D33FB4E5DF52538AB324D7682E02B6B526926896EF","ADMITTED_SOURCE_ONLY","US | US-DE | US-DE | 10 Del. C. | § 8109","CRP-LSRC-0092","NONE","NO_REPEATED_STRING_MEASURED","no repeated (source_artifact, provision_or_citation) pair and no repeated citation string measured for this row","UNRESOLVED","CRP_PHASE5_NEXT_GATE_RECONCILIATION.md §5.2 (measured: 21 of 437 records carry a durable per-ID disposition; none of them is this ID) - no durable per-ID basis exists in this workspace to assign EXCLUDED, GAP or REFUSAL","BLOCKED_MISSING_EVIDENCE","NO_DURABLE_RESCREEN_RECORD","a durable per-ID corrected-logic rescreen disposition for CRP-LSRC-0092 - no register section, work-order ledger, catalogue field or SOURCE_CAPTURES evidence package in this workspace records one","WORK - record a durable per-ID rescreen disposition in an authorised batch; where the disposition turns on report-field or event-date mapping it additionally requires an AUTHORISED_EVIDENCE_ROUTE"
"CRP-LSRC-0093","LIMITATION_RECORD","F1","US-GA","EXACT","US","US-GA","§ 9-3-25","OWNER-APPROVED STATUTORY AUTHORITY (2026-09-17, owner-supplied mapping approved as truth): no URL recorded (note body withheld)","packages\backend\src\services\solTable.ts","E0C04B274FD748461FE8F3D33FB4E5DF52538AB324D7682E02B6B526926896EF","ADMITTED_SOURCE_ONLY","US | US-GA | US-GA | O.C.G.A. | § 9-3-25","CRP-LSRC-0093","NONE","NO_REPEATED_STRING_MEASURED","no repeated (source_artifact, provision_or_citation) pair and no repeated citation string measured for this row","UNRESOLVED","CRP_PHASE5_NEXT_GATE_RECONCILIATION.md §5.2 (measured: 21 of 437 records carry a durable per-ID disposition; none of them is this ID) - no durable per-ID basis exists in this workspace to assign EXCLUDED, GAP or REFUSAL","BLOCKED_MISSING_EVIDENCE","NO_DURABLE_RESCREEN_RECORD","a durable per-ID corrected-logic rescreen disposition for CRP-LSRC-0093 - no register section, work-order ledger, catalogue field or SOURCE_CAPTURES evidence package in this workspace records one","WORK - record a durable per-ID rescreen disposition in an authorised batch; where the disposition turns on report-field or event-date mapping it additionally requires an AUTHORISED_EVIDENCE_ROUTE"
"CRP-LSRC-0094","LIMITATION_RECORD","F1","US-GA","EXACT","US","US-GA","§ 9-3-24","OWNER-APPROVED STATUTORY AUTHORITY (2026-09-17, owner-supplied mapping approved as truth): no URL recorded (note body withheld)","packages\backend\src\services\solTable.ts","E0C04B274FD748461FE8F3D33FB4E5DF52538AB324D7682E02B6B526926896EF","ADMITTED_SOURCE_ONLY","US | US-GA | US-GA | O.C.G.A. | § 9-3-24","CRP-LSRC-0094","NONE","NO_REPEATED_STRING_MEASURED","no repeated (source_artifact, provision_or_citation) pair and no repeated citation string measured for this row","UNRESOLVED","CRP_PHASE5_NEXT_GATE_RECONCILIATION.md §5.2 (measured: 21 of 437 records carry a durable per-ID disposition; none of them is this ID) - no durable per-ID basis exists in this workspace to assign EXCLUDED, GAP or REFUSAL","BLOCKED_MISSING_EVIDENCE","NO_DURABLE_RESCREEN_RECORD","a durable per-ID corrected-logic rescreen disposition for CRP-LSRC-0094 - no register section, work-order ledger, catalogue field or SOURCE_CAPTURES evidence package in this workspace records one","WORK - record a durable per-ID rescreen disposition in an authorised batch; where the disposition turns on report-field or event-date mapping it additionally requires an AUTHORISED_EVIDENCE_ROUTE"
"CRP-LSRC-0095","LIMITATION_RECORD","F1","US-HI","EXACT","US","US-HI","§ 657-1(1)","OWNER-APPROVED STATUTORY AUTHORITY (2026-09-17, owner-supplied mapping approved as truth): no URL recorded (note body withheld)","packages\backend\src\services\solTable.ts","E0C04B274FD748461FE8F3D33FB4E5DF52538AB324D7682E02B6B526926896EF","ADMITTED_SOURCE_ONLY","US | US-HI | US-HI | Haw. Rev. Stat. | § 657-1(1)","CRP-LSRC-0095","NONE","NO_REPEATED_STRING_MEASURED","no repeated (source_artifact, provision_or_citation) pair and no repeated citation string measured for this row","UNRESOLVED","CRP_PHASE5_NEXT_GATE_RECONCILIATION.md §5.2 (measured: 21 of 437 records carry a durable per-ID disposition; none of them is this ID) - no durable per-ID basis exists in this workspace to assign EXCLUDED, GAP or REFUSAL","BLOCKED_MISSING_EVIDENCE","NO_DURABLE_RESCREEN_RECORD","a durable per-ID corrected-logic rescreen disposition for CRP-LSRC-0095 - no register section, work-order ledger, catalogue field or SOURCE_CAPTURES evidence package in this workspace records one","WORK - record a durable per-ID rescreen disposition in an authorised batch; where the disposition turns on report-field or event-date mapping it additionally requires an AUTHORISED_EVIDENCE_ROUTE"
"CRP-LSRC-0096","LIMITATION_RECORD","F1","US-IA","EXACT","US","US-IA","§ 614.1(4)","OWNER-APPROVED STATUTORY AUTHORITY (2026-09-17, owner-supplied mapping approved as truth): no URL recorded (note body withheld)","packages\backend\src\services\solTable.ts","E0C04B274FD748461FE8F3D33FB4E5DF52538AB324D7682E02B6B526926896EF","ADMITTED_SOURCE_ONLY","US | US-IA | US-IA | Iowa Code | § 614.1(4)","CRP-LSRC-0096","NONE","NO_REPEATED_STRING_MEASURED","no repeated (source_artifact, provision_or_citation) pair and no repeated citation string measured for this row","UNRESOLVED","CRP_PHASE5_NEXT_GATE_RECONCILIATION.md §5.2 (measured: 21 of 437 records carry a durable per-ID disposition; none of them is this ID) - no durable per-ID basis exists in this workspace to assign EXCLUDED, GAP or REFUSAL","BLOCKED_MISSING_EVIDENCE","NO_DURABLE_RESCREEN_RECORD","a durable per-ID corrected-logic rescreen disposition for CRP-LSRC-0096 - no register section, work-order ledger, catalogue field or SOURCE_CAPTURES evidence package in this workspace records one","WORK - record a durable per-ID rescreen disposition in an authorised batch; where the disposition turns on report-field or event-date mapping it additionally requires an AUTHORISED_EVIDENCE_ROUTE"
"CRP-LSRC-0097","LIMITATION_RECORD","F1","US-IA","EXACT","US","US-IA","§ 614.1(5)(a)","OWNER-APPROVED STATUTORY AUTHORITY (2026-09-17, owner-supplied mapping approved as truth): no URL recorded (note body withheld)","packages\backend\src\services\solTable.ts","E0C04B274FD748461FE8F3D33FB4E5DF52538AB324D7682E02B6B526926896EF","ADMITTED_SOURCE_ONLY","US | US-IA | US-IA | Iowa Code | § 614.1(5)(a)","CRP-LSRC-0097","NONE","NO_REPEATED_STRING_MEASURED","no repeated (source_artifact, provision_or_citation) pair and no repeated citation string measured for this row","UNRESOLVED","CRP_PHASE5_NEXT_GATE_RECONCILIATION.md §5.2 (measured: 21 of 437 records carry a durable per-ID disposition; none of them is this ID) - no durable per-ID basis exists in this workspace to assign EXCLUDED, GAP or REFUSAL","BLOCKED_MISSING_EVIDENCE","NO_DURABLE_RESCREEN_RECORD","a durable per-ID corrected-logic rescreen disposition for CRP-LSRC-0097 - no register section, work-order ledger, catalogue field or SOURCE_CAPTURES evidence package in this workspace records one","WORK - record a durable per-ID rescreen disposition in an authorised batch; where the disposition turns on report-field or event-date mapping it additionally requires an AUTHORISED_EVIDENCE_ROUTE"
"CRP-LSRC-0098","LIMITATION_RECORD","F1","US-ID","EXACT","US","US-ID","§ 5-217","OWNER-APPROVED STATUTORY AUTHORITY (2026-09-17, owner-supplied mapping approved as truth): no URL recorded (note body withheld)","packages\backend\src\services\solTable.ts","E0C04B274FD748461FE8F3D33FB4E5DF52538AB324D7682E02B6B526926896EF","ADMITTED_SOURCE_ONLY","US | US-ID | US-ID | Idaho Code | § 5-217","CRP-LSRC-0098","NONE","NO_REPEATED_STRING_MEASURED","no repeated (source_artifact, provision_or_citation) pair and no repeated citation string measured for this row","UNRESOLVED","CRP_PHASE5_NEXT_GATE_RECONCILIATION.md §5.2 (measured: 21 of 437 records carry a durable per-ID disposition; none of them is this ID) - no durable per-ID basis exists in this workspace to assign EXCLUDED, GAP or REFUSAL","BLOCKED_MISSING_EVIDENCE","NO_DURABLE_RESCREEN_RECORD","a durable per-ID corrected-logic rescreen disposition for CRP-LSRC-0098 - no register section, work-order ledger, catalogue field or SOURCE_CAPTURES evidence package in this workspace records one","WORK - record a durable per-ID rescreen disposition in an authorised batch; where the disposition turns on report-field or event-date mapping it additionally requires an AUTHORISED_EVIDENCE_ROUTE"
"CRP-LSRC-0099","LIMITATION_RECORD","F1","US-ID","EXACT","US","US-ID","§ 5-216","OWNER-APPROVED STATUTORY AUTHORITY (2026-09-17, owner-supplied mapping approved as truth): no URL recorded (note body withheld)","packages\backend\src\services\solTable.ts","E0C04B274FD748461FE8F3D33FB4E5DF52538AB324D7682E02B6B526926896EF","ADMITTED_SOURCE_ONLY","US | US-ID | US-ID | Idaho Code | § 5-216","CRP-LSRC-0099","NONE","NO_REPEATED_STRING_MEASURED","no repeated (source_artifact, provision_or_citation) pair and no repeated citation string measured for this row","UNRESOLVED","CRP_PHASE5_NEXT_GATE_RECONCILIATION.md §5.2 (measured: 21 of 437 records carry a durable per-ID disposition; none of them is this ID) - no durable per-ID basis exists in this workspace to assign EXCLUDED, GAP or REFUSAL","BLOCKED_MISSING_EVIDENCE","NO_DURABLE_RESCREEN_RECORD","a durable per-ID corrected-logic rescreen disposition for CRP-LSRC-0099 - no register section, work-order ledger, catalogue field or SOURCE_CAPTURES evidence package in this workspace records one","WORK - record a durable per-ID rescreen disposition in an authorised batch; where the disposition turns on report-field or event-date mapping it additionally requires an AUTHORISED_EVIDENCE_ROUTE"
"CRP-LSRC-0100","LIMITATION_RECORD","F1","US-IL","EXACT","US","US-IL","5/13-205","OWNER-APPROVED STATUTORY AUTHORITY (2026-09-17, owner-supplied mapping approved as truth): no URL recorded (note body withheld)","packages\backend\src\services\solTable.ts","E0C04B274FD748461FE8F3D33FB4E5DF52538AB324D7682E02B6B526926896EF","ADMITTED_SOURCE_ONLY","US | US-IL | US-IL | 735 ILCS | 5/13-205","CRP-LSRC-0100","NONE","NO_REPEATED_STRING_MEASURED","no repeated (source_artifact, provision_or_citation) pair and no repeated citation string measured for this row","UNRESOLVED","CRP_PHASE5_NEXT_GATE_RECONCILIATION.md §5.2 (measured: 21 of 437 records carry a durable per-ID disposition; none of them is this ID) - no durable per-ID basis exists in this workspace to assign EXCLUDED, GAP or REFUSAL","BLOCKED_MISSING_EVIDENCE","NO_DURABLE_RESCREEN_RECORD","a durable per-ID corrected-logic rescreen disposition for CRP-LSRC-0100 - no register section, work-order ledger, catalogue field or SOURCE_CAPTURES evidence package in this workspace records one","WORK - record a durable per-ID rescreen disposition in an authorised batch; where the disposition turns on report-field or event-date mapping it additionally requires an AUTHORISED_EVIDENCE_ROUTE"
"CRP-LSRC-0101","LIMITATION_RECORD","F1","US-IL","EXACT","US","US-IL","5/13-206","OWNER-APPROVED STATUTORY AUTHORITY (2026-09-17, owner-supplied mapping approved as truth): no URL recorded (note body withheld)","packages\backend\src\services\solTable.ts","E0C04B274FD748461FE8F3D33FB4E5DF52538AB324D7682E02B6B526926896EF","ADMITTED_SOURCE_ONLY","US | US-IL | US-IL | 735 ILCS | 5/13-206","CRP-LSRC-0101","NONE","NO_REPEATED_STRING_MEASURED","no repeated (source_artifact, provision_or_citation) pair and no repeated citation string measured for this row","UNRESOLVED","CRP_PHASE5_NEXT_GATE_RECONCILIATION.md §5.2 (measured: 21 of 437 records carry a durable per-ID disposition; none of them is this ID) - no durable per-ID basis exists in this workspace to assign EXCLUDED, GAP or REFUSAL","BLOCKED_MISSING_EVIDENCE","NO_DURABLE_RESCREEN_RECORD","a durable per-ID corrected-logic rescreen disposition for CRP-LSRC-0101 - no register section, work-order ledger, catalogue field or SOURCE_CAPTURES evidence package in this workspace records one","WORK - record a durable per-ID rescreen disposition in an authorised batch; where the disposition turns on report-field or event-date mapping it additionally requires an AUTHORISED_EVIDENCE_ROUTE"
"CRP-LSRC-0102","LIMITATION_RECORD","F1","US-IN","EXACT","US","US-IN","§ 34-11-2-9 and § 34-11-2-7","OWNER-APPROVED STATUTORY AUTHORITY (2026-09-17, owner-supplied mapping approved as truth): no URL recorded (note body withheld)","packages\backend\src\services\solTable.ts","E0C04B274FD748461FE8F3D33FB4E5DF52538AB324D7682E02B6B526926896EF","ADMITTED_SOURCE_ONLY","US | US-IN | US-IN | Ind. Code | § 34-11-2-9 and § 34-11-2-7","CRP-LSRC-0102","NONE","NO_REPEATED_STRING_MEASURED","no repeated (source_artifact, provision_or_citation) pair and no repeated citation string measured for this row","UNRESOLVED","CRP_PHASE5_NEXT_GATE_RECONCILIATION.md §5.2 (measured: 21 of 437 records carry a durable per-ID disposition; none of them is this ID) - no durable per-ID basis exists in this workspace to assign EXCLUDED, GAP or REFUSAL","BLOCKED_MISSING_EVIDENCE","NO_DURABLE_RESCREEN_RECORD","a durable per-ID corrected-logic rescreen disposition for CRP-LSRC-0102 - no register section, work-order ledger, catalogue field or SOURCE_CAPTURES evidence package in this workspace records one","WORK - record a durable per-ID rescreen disposition in an authorised batch; where the disposition turns on report-field or event-date mapping it additionally requires an AUTHORISED_EVIDENCE_ROUTE"
"CRP-LSRC-0103","LIMITATION_RECORD","F1","US-KY","EXACT","US","US-KY","§ 413.120(1)","OWNER-APPROVED STATUTORY AUTHORITY (2026-09-17, owner-supplied mapping approved as truth): no URL recorded (note body withheld)","packages\backend\src\services\solTable.ts","E0C04B274FD748461FE8F3D33FB4E5DF52538AB324D7682E02B6B526926896EF","ADMITTED_SOURCE_ONLY","US | US-KY | US-KY | Ky. Rev. Stat. | § 413.120(1)","CRP-LSRC-0103","NONE","NO_REPEATED_STRING_MEASURED","no repeated (source_artifact, provision_or_citation) pair and no repeated citation string measured for this row","UNRESOLVED","CRP_PHASE5_NEXT_GATE_RECONCILIATION.md §5.2 (measured: 21 of 437 records carry a durable per-ID disposition; none of them is this ID) - no durable per-ID basis exists in this workspace to assign EXCLUDED, GAP or REFUSAL","BLOCKED_MISSING_EVIDENCE","NO_DURABLE_RESCREEN_RECORD","a durable per-ID corrected-logic rescreen disposition for CRP-LSRC-0103 - no register section, work-order ledger, catalogue field or SOURCE_CAPTURES evidence package in this workspace records one","WORK - record a durable per-ID rescreen disposition in an authorised batch; where the disposition turns on report-field or event-date mapping it additionally requires an AUTHORISED_EVIDENCE_ROUTE"
"CRP-LSRC-0104","LIMITATION_RECORD","F1","US-KY","EXACT","US","US-KY","§ 413.160","OWNER-APPROVED STATUTORY AUTHORITY (2026-09-17, owner-supplied mapping approved as truth): no URL recorded (note body withheld)","packages\backend\src\services\solTable.ts","E0C04B274FD748461FE8F3D33FB4E5DF52538AB324D7682E02B6B526926896EF","ADMITTED_SOURCE_ONLY","US | US-KY | US-KY | Ky. Rev. Stat. | § 413.160","CRP-LSRC-0104","NONE","NO_REPEATED_STRING_MEASURED","no repeated (source_artifact, provision_or_citation) pair and no repeated citation string measured for this row","UNRESOLVED","CRP_PHASE5_NEXT_GATE_RECONCILIATION.md §5.2 (measured: 21 of 437 records carry a durable per-ID disposition; none of them is this ID) - no durable per-ID basis exists in this workspace to assign EXCLUDED, GAP or REFUSAL","BLOCKED_MISSING_EVIDENCE","NO_DURABLE_RESCREEN_RECORD","a durable per-ID corrected-logic rescreen disposition for CRP-LSRC-0104 - no register section, work-order ledger, catalogue field or SOURCE_CAPTURES evidence package in this workspace records one","WORK - record a durable per-ID rescreen disposition in an authorised batch; where the disposition turns on report-field or event-date mapping it additionally requires an AUTHORISED_EVIDENCE_ROUTE"
"CRP-LSRC-0105","LIMITATION_RECORD","F1","US-KS","EXACT","US","US-KS","§ 60-512(1)","OWNER-APPROVED STATUTORY AUTHORITY (2026-09-17, owner-supplied mapping approved as truth): no URL recorded (note body withheld)","packages\backend\src\services\solTable.ts","E0C04B274FD748461FE8F3D33FB4E5DF52538AB324D7682E02B6B526926896EF","ADMITTED_SOURCE_ONLY","US | US-KS | US-KS | Kan. Stat. | § 60-512(1)","CRP-LSRC-0105","NONE","NO_REPEATED_STRING_MEASURED","no repeated (source_artifact, provision_or_citation) pair and no repeated citation string measured for this row","UNRESOLVED","CRP_PHASE5_NEXT_GATE_RECONCILIATION.md §5.2 (measured: 21 of 437 records carry a durable per-ID disposition; none of them is this ID) - no durable per-ID basis exists in this workspace to assign EXCLUDED, GAP or REFUSAL","BLOCKED_MISSING_EVIDENCE","NO_DURABLE_RESCREEN_RECORD","a durable per-ID corrected-logic rescreen disposition for CRP-LSRC-0105 - no register section, work-order ledger, catalogue field or SOURCE_CAPTURES evidence package in this workspace records one","WORK - record a durable per-ID rescreen disposition in an authorised batch; where the disposition turns on report-field or event-date mapping it additionally requires an AUTHORISED_EVIDENCE_ROUTE"
"CRP-LSRC-0106","LIMITATION_RECORD","F1","US-KS","EXACT","US","US-KS","§ 60-511(1)","OWNER-APPROVED STATUTORY AUTHORITY (2026-09-17, owner-supplied mapping approved as truth): no URL recorded (note body withheld)","packages\backend\src\services\solTable.ts","E0C04B274FD748461FE8F3D33FB4E5DF52538AB324D7682E02B6B526926896EF","ADMITTED_SOURCE_ONLY","US | US-KS | US-KS | Kan. Stat. | § 60-511(1)","CRP-LSRC-0106","NONE","NO_REPEATED_STRING_MEASURED","no repeated (source_artifact, provision_or_citation) pair and no repeated citation string measured for this row","UNRESOLVED","CRP_PHASE5_NEXT_GATE_RECONCILIATION.md §5.2 (measured: 21 of 437 records carry a durable per-ID disposition; none of them is this ID) - no durable per-ID basis exists in this workspace to assign EXCLUDED, GAP or REFUSAL","BLOCKED_MISSING_EVIDENCE","NO_DURABLE_RESCREEN_RECORD","a durable per-ID corrected-logic rescreen disposition for CRP-LSRC-0106 - no register section, work-order ledger, catalogue field or SOURCE_CAPTURES evidence package in this workspace records one","WORK - record a durable per-ID rescreen disposition in an authorised batch; where the disposition turns on report-field or event-date mapping it additionally requires an AUTHORISED_EVIDENCE_ROUTE"
"CRP-LSRC-0107","LIMITATION_RECORD","F1","US-LA","EXACT","US","US-LA","art. 3494","OWNER-APPROVED STATUTORY AUTHORITY (2026-09-17, owner-supplied mapping approved as truth): no URL recorded (note body withheld)","packages\backend\src\services\solTable.ts","E0C04B274FD748461FE8F3D33FB4E5DF52538AB324D7682E02B6B526926896EF","ADMITTED_SOURCE_ONLY","US | US-LA | US-LA | La. Civ. Code | art. 3494","CRP-LSRC-0107","NONE","NO_REPEATED_STRING_MEASURED","no repeated (source_artifact, provision_or_citation) pair and no repeated citation string measured for this row","UNRESOLVED","CRP_PHASE5_NEXT_GATE_RECONCILIATION.md §5.2 (measured: 21 of 437 records carry a durable per-ID disposition; none of them is this ID) - no durable per-ID basis exists in this workspace to assign EXCLUDED, GAP or REFUSAL","BLOCKED_MISSING_EVIDENCE","NO_DURABLE_RESCREEN_RECORD","a durable per-ID corrected-logic rescreen disposition for CRP-LSRC-0107 - no register section, work-order ledger, catalogue field or SOURCE_CAPTURES evidence package in this workspace records one","WORK - record a durable per-ID rescreen disposition in an authorised batch; where the disposition turns on report-field or event-date mapping it additionally requires an AUTHORISED_EVIDENCE_ROUTE"
"CRP-LSRC-0108","LIMITATION_RECORD","F1","US-LA","EXACT","US","US-LA","art. 3499","OWNER-APPROVED STATUTORY AUTHORITY (2026-09-17, owner-supplied mapping approved as truth): no URL recorded (note body withheld)","packages\backend\src\services\solTable.ts","E0C04B274FD748461FE8F3D33FB4E5DF52538AB324D7682E02B6B526926896EF","ADMITTED_SOURCE_ONLY","US | US-LA | US-LA | La. Civ. Code | art. 3499","CRP-LSRC-0108","NONE","NO_REPEATED_STRING_MEASURED","no repeated (source_artifact, provision_or_citation) pair and no repeated citation string measured for this row","UNRESOLVED","CRP_PHASE5_NEXT_GATE_RECONCILIATION.md §5.2 (measured: 21 of 437 records carry a durable per-ID disposition; none of them is this ID) - no durable per-ID basis exists in this workspace to assign EXCLUDED, GAP or REFUSAL","BLOCKED_MISSING_EVIDENCE","NO_DURABLE_RESCREEN_RECORD","a durable per-ID corrected-logic rescreen disposition for CRP-LSRC-0108 - no register section, work-order ledger, catalogue field or SOURCE_CAPTURES evidence package in this workspace records one","WORK - record a durable per-ID rescreen disposition in an authorised batch; where the disposition turns on report-field or event-date mapping it additionally requires an AUTHORISED_EVIDENCE_ROUTE"
"CRP-LSRC-0109","LIMITATION_RECORD","F1","US-LA","EXACT","US","US-LA","art. 3498","OWNER-APPROVED STATUTORY AUTHORITY (2026-09-17, owner-supplied mapping approved as truth): no URL recorded (note body withheld)","packages\backend\src\services\solTable.ts","E0C04B274FD748461FE8F3D33FB4E5DF52538AB324D7682E02B6B526926896EF","ADMITTED_SOURCE_ONLY","US | US-LA | US-LA | La. Civ. Code | art. 3498","CRP-LSRC-0109","NONE","NO_REPEATED_STRING_MEASURED","no repeated (source_artifact, provision_or_citation) pair and no repeated citation string measured for this row","UNRESOLVED","CRP_PHASE5_NEXT_GATE_RECONCILIATION.md §5.2 (measured: 21 of 437 records carry a durable per-ID disposition; none of them is this ID) - no durable per-ID basis exists in this workspace to assign EXCLUDED, GAP or REFUSAL","BLOCKED_MISSING_EVIDENCE","NO_DURABLE_RESCREEN_RECORD","a durable per-ID corrected-logic rescreen disposition for CRP-LSRC-0109 - no register section, work-order ledger, catalogue field or SOURCE_CAPTURES evidence package in this workspace records one","WORK - record a durable per-ID rescreen disposition in an authorised batch; where the disposition turns on report-field or event-date mapping it additionally requires an AUTHORISED_EVIDENCE_ROUTE"
"CRP-LSRC-0110","LIMITATION_RECORD","F1","US-MD","EXACT","US","US-MD","§ 5-101","OWNER-APPROVED STATUTORY AUTHORITY (2026-09-17, owner-supplied mapping approved as truth): no URL recorded (note body withheld)","packages\backend\src\services\solTable.ts","E0C04B274FD748461FE8F3D33FB4E5DF52538AB324D7682E02B6B526926896EF","ADMITTED_SOURCE_ONLY","US | US-MD | US-MD | Md. Cts. & Jud. Proc. Code | § 5-101","CRP-LSRC-0110","NONE","NO_REPEATED_STRING_MEASURED","no repeated (source_artifact, provision_or_citation) pair and no repeated citation string measured for this row","UNRESOLVED","CRP_PHASE5_NEXT_GATE_RECONCILIATION.md §5.2 (measured: 21 of 437 records carry a durable per-ID disposition; none of them is this ID) - no durable per-ID basis exists in this workspace to assign EXCLUDED, GAP or REFUSAL","BLOCKED_MISSING_EVIDENCE","NO_DURABLE_RESCREEN_RECORD","a durable per-ID corrected-logic rescreen disposition for CRP-LSRC-0110 - no register section, work-order ledger, catalogue field or SOURCE_CAPTURES evidence package in this workspace records one","WORK - record a durable per-ID rescreen disposition in an authorised batch; where the disposition turns on report-field or event-date mapping it additionally requires an AUTHORISED_EVIDENCE_ROUTE"
"CRP-LSRC-0111","LIMITATION_RECORD","F1","US-ME","EXACT","US","US-ME","§ 752","OWNER-APPROVED STATUTORY AUTHORITY (2026-09-17, owner-supplied mapping approved as truth): no URL recorded (note body withheld)","packages\backend\src\services\solTable.ts","E0C04B274FD748461FE8F3D33FB4E5DF52538AB324D7682E02B6B526926896EF","ADMITTED_SOURCE_ONLY","US | US-ME | US-ME | 14 M.R.S. | § 752","CRP-LSRC-0111","NONE","NO_REPEATED_STRING_MEASURED","no repeated (source_artifact, provision_or_citation) pair and no repeated citation string measured for this row","UNRESOLVED","CRP_PHASE5_NEXT_GATE_RECONCILIATION.md §5.2 (measured: 21 of 437 records carry a durable per-ID disposition; none of them is this ID) - no durable per-ID basis exists in this workspace to assign EXCLUDED, GAP or REFUSAL","BLOCKED_MISSING_EVIDENCE","NO_DURABLE_RESCREEN_RECORD","a durable per-ID corrected-logic rescreen disposition for CRP-LSRC-0111 - no register section, work-order ledger, catalogue field or SOURCE_CAPTURES evidence package in this workspace records one","WORK - record a durable per-ID rescreen disposition in an authorised batch; where the disposition turns on report-field or event-date mapping it additionally requires an AUTHORISED_EVIDENCE_ROUTE"
"CRP-LSRC-0112","LIMITATION_RECORD","F1","US-MI","EXACT","US","US-MI","600.5807(9)","OWNER-APPROVED STATUTORY AUTHORITY (2026-09-17, owner-supplied mapping approved as truth): no URL recorded (note body withheld)","packages\backend\src\services\solTable.ts","E0C04B274FD748461FE8F3D33FB4E5DF52538AB324D7682E02B6B526926896EF","ADMITTED_SOURCE_ONLY","US | US-MI | US-MI | MCL | 600.5807(9)","CRP-LSRC-0112","NONE","NO_REPEATED_STRING_MEASURED","no repeated (source_artifact, provision_or_citation) pair and no repeated citation string measured for this row","UNRESOLVED","CRP_PHASE5_NEXT_GATE_RECONCILIATION.md §5.2 (measured: 21 of 437 records carry a durable per-ID disposition; none of them is this ID) - no durable per-ID basis exists in this workspace to assign EXCLUDED, GAP or REFUSAL","BLOCKED_MISSING_EVIDENCE","NO_DURABLE_RESCREEN_RECORD","a durable per-ID corrected-logic rescreen disposition for CRP-LSRC-0112 - no register section, work-order ledger, catalogue field or SOURCE_CAPTURES evidence package in this workspace records one","WORK - record a durable per-ID rescreen disposition in an authorised batch; where the disposition turns on report-field or event-date mapping it additionally requires an AUTHORISED_EVIDENCE_ROUTE"
"CRP-LSRC-0113","LIMITATION_RECORD","F1","US-MO","EXACT","US","US-MO","§ 516.120(1)","OWNER-APPROVED STATUTORY AUTHORITY (2026-09-17, owner-supplied mapping approved as truth): no URL recorded (note body withheld)","packages\backend\src\services\solTable.ts","E0C04B274FD748461FE8F3D33FB4E5DF52538AB324D7682E02B6B526926896EF","ADMITTED_SOURCE_ONLY","US | US-MO | US-MO | Mo. Rev. Stat. | § 516.120(1)","CRP-LSRC-0113","NONE","NO_REPEATED_STRING_MEASURED","no repeated (source_artifact, provision_or_citation) pair and no repeated citation string measured for this row","UNRESOLVED","CRP_PHASE5_NEXT_GATE_RECONCILIATION.md §5.2 (measured: 21 of 437 records carry a durable per-ID disposition; none of them is this ID) - no durable per-ID basis exists in this workspace to assign EXCLUDED, GAP or REFUSAL","BLOCKED_MISSING_EVIDENCE","NO_DURABLE_RESCREEN_RECORD","a durable per-ID corrected-logic rescreen disposition for CRP-LSRC-0113 - no register section, work-order ledger, catalogue field or SOURCE_CAPTURES evidence package in this workspace records one","WORK - record a durable per-ID rescreen disposition in an authorised batch; where the disposition turns on report-field or event-date mapping it additionally requires an AUTHORISED_EVIDENCE_ROUTE"
"CRP-LSRC-0114","LIMITATION_RECORD","F1","US-MO","EXACT","US","US-MO","§ 516.110(1)","OWNER-APPROVED STATUTORY AUTHORITY (2026-09-17, owner-supplied mapping approved as truth): no URL recorded (note body withheld)","packages\backend\src\services\solTable.ts","E0C04B274FD748461FE8F3D33FB4E5DF52538AB324D7682E02B6B526926896EF","ADMITTED_SOURCE_ONLY","US | US-MO | US-MO | Mo. Rev. Stat. | § 516.110(1)","CRP-LSRC-0114","NONE","NO_REPEATED_STRING_MEASURED","no repeated (source_artifact, provision_or_citation) pair and no repeated citation string measured for this row","UNRESOLVED","CRP_PHASE5_NEXT_GATE_RECONCILIATION.md §5.2 (measured: 21 of 437 records carry a durable per-ID disposition; none of them is this ID) - no durable per-ID basis exists in this workspace to assign EXCLUDED, GAP or REFUSAL","BLOCKED_MISSING_EVIDENCE","NO_DURABLE_RESCREEN_RECORD","a durable per-ID corrected-logic rescreen disposition for CRP-LSRC-0114 - no register section, work-order ledger, catalogue field or SOURCE_CAPTURES evidence package in this workspace records one","WORK - record a durable per-ID rescreen disposition in an authorised batch; where the disposition turns on report-field or event-date mapping it additionally requires an AUTHORISED_EVIDENCE_ROUTE"
"CRP-LSRC-0115","LIMITATION_RECORD","F1","US-MS","EXACT","US","US-MS","§ 15-1-49 and § 15-1-29","OWNER-APPROVED STATUTORY AUTHORITY (2026-09-17, owner-supplied mapping approved as truth): no URL recorded (note body withheld)","packages\backend\src\services\solTable.ts","E0C04B274FD748461FE8F3D33FB4E5DF52538AB324D7682E02B6B526926896EF","ADMITTED_SOURCE_ONLY","US | US-MS | US-MS | Miss. Code | § 15-1-49 and § 15-1-29","CRP-LSRC-0115","NONE","NO_REPEATED_STRING_MEASURED","no repeated (source_artifact, provision_or_citation) pair and no repeated citation string measured for this row","UNRESOLVED","CRP_PHASE5_NEXT_GATE_RECONCILIATION.md §5.2 (measured: 21 of 437 records carry a durable per-ID disposition; none of them is this ID) - no durable per-ID basis exists in this workspace to assign EXCLUDED, GAP or REFUSAL","BLOCKED_MISSING_EVIDENCE","NO_DURABLE_RESCREEN_RECORD","a durable per-ID corrected-logic rescreen disposition for CRP-LSRC-0115 - no register section, work-order ledger, catalogue field or SOURCE_CAPTURES evidence package in this workspace records one","WORK - record a durable per-ID rescreen disposition in an authorised batch; where the disposition turns on report-field or event-date mapping it additionally requires an AUTHORISED_EVIDENCE_ROUTE"
"CRP-LSRC-0116","LIMITATION_RECORD","F1","US-MT","EXACT","US","US-MT","§ 27-2-202(2)","OWNER-APPROVED STATUTORY AUTHORITY (2026-09-17, owner-supplied mapping approved as truth): no URL recorded (note body withheld)","packages\backend\src\services\solTable.ts","E0C04B274FD748461FE8F3D33FB4E5DF52538AB324D7682E02B6B526926896EF","ADMITTED_SOURCE_ONLY","US | US-MT | US-MT | Mont. Code | § 27-2-202(2)","CRP-LSRC-0116","NONE","NO_REPEATED_STRING_MEASURED","no repeated (source_artifact, provision_or_citation) pair and no repeated citation string measured for this row","UNRESOLVED","CRP_PHASE5_NEXT_GATE_RECONCILIATION.md §5.2 (measured: 21 of 437 records carry a durable per-ID disposition; none of them is this ID) - no durable per-ID basis exists in this workspace to assign EXCLUDED, GAP or REFUSAL","BLOCKED_MISSING_EVIDENCE","NO_DURABLE_RESCREEN_RECORD","a durable per-ID corrected-logic rescreen disposition for CRP-LSRC-0116 - no register section, work-order ledger, catalogue field or SOURCE_CAPTURES evidence package in this workspace records one","WORK - record a durable per-ID rescreen disposition in an authorised batch; where the disposition turns on report-field or event-date mapping it additionally requires an AUTHORISED_EVIDENCE_ROUTE"
"CRP-LSRC-0117","LIMITATION_RECORD","F1","US-MT","EXACT","US","US-MT","§ 27-2-202(1)","OWNER-APPROVED STATUTORY AUTHORITY (2026-09-17, owner-supplied mapping approved as truth): no URL recorded (note body withheld)","packages\backend\src\services\solTable.ts","E0C04B274FD748461FE8F3D33FB4E5DF52538AB324D7682E02B6B526926896EF","ADMITTED_SOURCE_ONLY","US | US-MT | US-MT | Mont. Code | § 27-2-202(1)","CRP-LSRC-0117","NONE","NO_REPEATED_STRING_MEASURED","no repeated (source_artifact, provision_or_citation) pair and no repeated citation string measured for this row","UNRESOLVED","CRP_PHASE5_NEXT_GATE_RECONCILIATION.md §5.2 (measured: 21 of 437 records carry a durable per-ID disposition; none of them is this ID) - no durable per-ID basis exists in this workspace to assign EXCLUDED, GAP or REFUSAL","BLOCKED_MISSING_EVIDENCE","NO_DURABLE_RESCREEN_RECORD","a durable per-ID corrected-logic rescreen disposition for CRP-LSRC-0117 - no register section, work-order ledger, catalogue field or SOURCE_CAPTURES evidence package in this workspace records one","WORK - record a durable per-ID rescreen disposition in an authorised batch; where the disposition turns on report-field or event-date mapping it additionally requires an AUTHORISED_EVIDENCE_ROUTE"
"CRP-LSRC-0118","LIMITATION_RECORD","F1","US-NC","EXACT","US","US-NC","§ 1-52(1)","OWNER-APPROVED STATUTORY AUTHORITY (2026-09-17, owner-supplied mapping approved as truth): no URL recorded (note body withheld)","packages\backend\src\services\solTable.ts","E0C04B274FD748461FE8F3D33FB4E5DF52538AB324D7682E02B6B526926896EF","ADMITTED_SOURCE_ONLY","US | US-NC | US-NC | N.C. Gen. Stat. | § 1-52(1)","CRP-LSRC-0118","NONE","NO_REPEATED_STRING_MEASURED","no repeated (source_artifact, provision_or_citation) pair and no repeated citation string measured for this row","UNRESOLVED","CRP_PHASE5_NEXT_GATE_RECONCILIATION.md §5.2 (measured: 21 of 437 records carry a durable per-ID disposition; none of them is this ID) - no durable per-ID basis exists in this workspace to assign EXCLUDED, GAP or REFUSAL","BLOCKED_MISSING_EVIDENCE","NO_DURABLE_RESCREEN_RECORD","a durable per-ID corrected-logic rescreen disposition for CRP-LSRC-0118 - no register section, work-order ledger, catalogue field or SOURCE_CAPTURES evidence package in this workspace records one","WORK - record a durable per-ID rescreen disposition in an authorised batch; where the disposition turns on report-field or event-date mapping it additionally requires an AUTHORISED_EVIDENCE_ROUTE"
"CRP-LSRC-0119","LIMITATION_RECORD","F1","US-ND","EXACT","US","US-ND","§ 28-01-16(1)","OWNER-APPROVED STATUTORY AUTHORITY (2026-09-17, owner-supplied mapping approved as truth): no URL recorded (note body withheld)","packages\backend\src\services\solTable.ts","E0C04B274FD748461FE8F3D33FB4E5DF52538AB324D7682E02B6B526926896EF","ADMITTED_SOURCE_ONLY","US | US-ND | US-ND | N.D. Cent. Code | § 28-01-16(1)","CRP-LSRC-0119","NONE","NO_REPEATED_STRING_MEASURED","no repeated (source_artifact, provision_or_citation) pair and no repeated citation string measured for this row","UNRESOLVED","CRP_PHASE5_NEXT_GATE_RECONCILIATION.md §5.2 (measured: 21 of 437 records carry a durable per-ID disposition; none of them is this ID) - no durable per-ID basis exists in this workspace to assign EXCLUDED, GAP or REFUSAL","BLOCKED_MISSING_EVIDENCE","NO_DURABLE_RESCREEN_RECORD","a durable per-ID corrected-logic rescreen disposition for CRP-LSRC-0119 - no register section, work-order ledger, catalogue field or SOURCE_CAPTURES evidence package in this workspace records one","WORK - record a durable per-ID rescreen disposition in an authorised batch; where the disposition turns on report-field or event-date mapping it additionally requires an AUTHORISED_EVIDENCE_ROUTE"
"CRP-LSRC-0120","LIMITATION_RECORD","F1","US-NE","EXACT","US","US-NE","§ 25-206","OWNER-APPROVED STATUTORY AUTHORITY (2026-09-17, owner-supplied mapping approved as truth): no URL recorded (note body withheld)","packages\backend\src\services\solTable.ts","E0C04B274FD748461FE8F3D33FB4E5DF52538AB324D7682E02B6B526926896EF","ADMITTED_SOURCE_ONLY","US | US-NE | US-NE | Neb. Rev. Stat. | § 25-206","CRP-LSRC-0120","NONE","NO_REPEATED_STRING_MEASURED","no repeated (source_artifact, provision_or_citation) pair and no repeated citation string measured for this row","UNRESOLVED","CRP_PHASE5_NEXT_GATE_RECONCILIATION.md §5.2 (measured: 21 of 437 records carry a durable per-ID disposition; none of them is this ID) - no durable per-ID basis exists in this workspace to assign EXCLUDED, GAP or REFUSAL","BLOCKED_MISSING_EVIDENCE","NO_DURABLE_RESCREEN_RECORD","a durable per-ID corrected-logic rescreen disposition for CRP-LSRC-0120 - no register section, work-order ledger, catalogue field or SOURCE_CAPTURES evidence package in this workspace records one","WORK - record a durable per-ID rescreen disposition in an authorised batch; where the disposition turns on report-field or event-date mapping it additionally requires an AUTHORISED_EVIDENCE_ROUTE"
"CRP-LSRC-0121","LIMITATION_RECORD","F1","US-NE","EXACT","US","US-NE","§ 25-205","OWNER-APPROVED STATUTORY AUTHORITY (2026-09-17, owner-supplied mapping approved as truth): no URL recorded (note body withheld)","packages\backend\src\services\solTable.ts","E0C04B274FD748461FE8F3D33FB4E5DF52538AB324D7682E02B6B526926896EF","ADMITTED_SOURCE_ONLY","US | US-NE | US-NE | Neb. Rev. Stat. | § 25-205","CRP-LSRC-0121","NONE","NO_REPEATED_STRING_MEASURED","no repeated (source_artifact, provision_or_citation) pair and no repeated citation string measured for this row","UNRESOLVED","CRP_PHASE5_NEXT_GATE_RECONCILIATION.md §5.2 (measured: 21 of 437 records carry a durable per-ID disposition; none of them is this ID) - no durable per-ID basis exists in this workspace to assign EXCLUDED, GAP or REFUSAL","BLOCKED_MISSING_EVIDENCE","NO_DURABLE_RESCREEN_RECORD","a durable per-ID corrected-logic rescreen disposition for CRP-LSRC-0121 - no register section, work-order ledger, catalogue field or SOURCE_CAPTURES evidence package in this workspace records one","WORK - record a durable per-ID rescreen disposition in an authorised batch; where the disposition turns on report-field or event-date mapping it additionally requires an AUTHORISED_EVIDENCE_ROUTE"
"CRP-LSRC-0122","LIMITATION_RECORD","F1","US-NH","EXACT","US","US-NH","§ 508:4(I)","OWNER-APPROVED STATUTORY AUTHORITY (2026-09-17, owner-supplied mapping approved as truth): no URL recorded (note body withheld)","packages\backend\src\services\solTable.ts","E0C04B274FD748461FE8F3D33FB4E5DF52538AB324D7682E02B6B526926896EF","ADMITTED_SOURCE_ONLY","US | US-NH | US-NH | N.H. Rev. Stat. | § 508:4(I)","CRP-LSRC-0122","NONE","NO_REPEATED_STRING_MEASURED","no repeated (source_artifact, provision_or_citation) pair and no repeated citation string measured for this row","UNRESOLVED","CRP_PHASE5_NEXT_GATE_RECONCILIATION.md §5.2 (measured: 21 of 437 records carry a durable per-ID disposition; none of them is this ID) - no durable per-ID basis exists in this workspace to assign EXCLUDED, GAP or REFUSAL","BLOCKED_MISSING_EVIDENCE","NO_DURABLE_RESCREEN_RECORD","a durable per-ID corrected-logic rescreen disposition for CRP-LSRC-0122 - no register section, work-order ledger, catalogue field or SOURCE_CAPTURES evidence package in this workspace records one","WORK - record a durable per-ID rescreen disposition in an authorised batch; where the disposition turns on report-field or event-date mapping it additionally requires an AUTHORISED_EVIDENCE_ROUTE"
"CRP-LSRC-0123","LIMITATION_RECORD","F1","US-NJ","EXACT","US","US-NJ","2A:14-1","OWNER-APPROVED STATUTORY AUTHORITY (2026-09-17, owner-supplied mapping approved as truth): no URL recorded (note body withheld)","packages\backend\src\services\solTable.ts","E0C04B274FD748461FE8F3D33FB4E5DF52538AB324D7682E02B6B526926896EF","ADMITTED_SOURCE_ONLY","US | US-NJ | US-NJ | N.J.S.A. | 2A:14-1","CRP-LSRC-0123","NONE","NO_REPEATED_STRING_MEASURED","no repeated (source_artifact, provision_or_citation) pair and no repeated citation string measured for this row","UNRESOLVED","CRP_PHASE5_NEXT_GATE_RECONCILIATION.md §5.2 (measured: 21 of 437 records carry a durable per-ID disposition; none of them is this ID) - no durable per-ID basis exists in this workspace to assign EXCLUDED, GAP or REFUSAL","BLOCKED_MISSING_EVIDENCE","NO_DURABLE_RESCREEN_RECORD","a durable per-ID corrected-logic rescreen disposition for CRP-LSRC-0123 - no register section, work-order ledger, catalogue field or SOURCE_CAPTURES evidence package in this workspace records one","WORK - record a durable per-ID rescreen disposition in an authorised batch; where the disposition turns on report-field or event-date mapping it additionally requires an AUTHORISED_EVIDENCE_ROUTE"
"CRP-LSRC-0124","LIMITATION_RECORD","F1","US-NM","EXACT","US","US-NM","§ 37-1-3(A)","OWNER-APPROVED STATUTORY AUTHORITY (2026-09-17, owner-supplied mapping approved as truth): no URL recorded (note body withheld)","packages\backend\src\services\solTable.ts","E0C04B274FD748461FE8F3D33FB4E5DF52538AB324D7682E02B6B526926896EF","ADMITTED_SOURCE_ONLY","US | US-NM | US-NM | N.M.S.A. | § 37-1-3(A)","CRP-LSRC-0124","NONE","NO_REPEATED_STRING_MEASURED","no repeated (source_artifact, provision_or_citation) pair and no repeated citation string measured for this row","UNRESOLVED","CRP_PHASE5_NEXT_GATE_RECONCILIATION.md §5.2 (measured: 21 of 437 records carry a durable per-ID disposition; none of them is this ID) - no durable per-ID basis exists in this workspace to assign EXCLUDED, GAP or REFUSAL","BLOCKED_MISSING_EVIDENCE","NO_DURABLE_RESCREEN_RECORD","a durable per-ID corrected-logic rescreen disposition for CRP-LSRC-0124 - no register section, work-order ledger, catalogue field or SOURCE_CAPTURES evidence package in this workspace records one","WORK - record a durable per-ID rescreen disposition in an authorised batch; where the disposition turns on report-field or event-date mapping it additionally requires an AUTHORISED_EVIDENCE_ROUTE"
"CRP-LSRC-0125","LIMITATION_RECORD","F1","US-NM","EXACT","US","US-NM","§ 37-1-4","OWNER-APPROVED STATUTORY AUTHORITY (2026-09-17, owner-supplied mapping approved as truth): no URL recorded (note body withheld)","packages\backend\src\services\solTable.ts","E0C04B274FD748461FE8F3D33FB4E5DF52538AB324D7682E02B6B526926896EF","ADMITTED_SOURCE_ONLY","US | US-NM | US-NM | N.M.S.A. | § 37-1-4","CRP-LSRC-0125","NONE","NO_REPEATED_STRING_MEASURED","no repeated (source_artifact, provision_or_citation) pair and no repeated citation string measured for this row","UNRESOLVED","CRP_PHASE5_NEXT_GATE_RECONCILIATION.md §5.2 (measured: 21 of 437 records carry a durable per-ID disposition; none of them is this ID) - no durable per-ID basis exists in this workspace to assign EXCLUDED, GAP or REFUSAL","BLOCKED_MISSING_EVIDENCE","NO_DURABLE_RESCREEN_RECORD","a durable per-ID corrected-logic rescreen disposition for CRP-LSRC-0125 - no register section, work-order ledger, catalogue field or SOURCE_CAPTURES evidence package in this workspace records one","WORK - record a durable per-ID rescreen disposition in an authorised batch; where the disposition turns on report-field or event-date mapping it additionally requires an AUTHORISED_EVIDENCE_ROUTE"
"CRP-LSRC-0126","LIMITATION_RECORD","F1","US-NM","EXACT","US","US-NM","`§ 37-1-3(A)` (note branch)","OWNER-APPROVED STATUTORY AUTHORITY (2026-09-17, owner-supplied mapping approved as truth): no URL recorded (note body withheld)","packages\backend\src\services\solTable.ts","E0C04B274FD748461FE8F3D33FB4E5DF52538AB324D7682E02B6B526926896EF","ADMITTED_SOURCE_ONLY","US | US-NM | US-NM | N.M.S.A. | `§ 37-1-3(A)` (note branch)","CRP-LSRC-0126","NONE","NO_REPEATED_STRING_MEASURED","no repeated (source_artifact, provision_or_citation) pair and no repeated citation string measured for this row","UNRESOLVED","CRP_PHASE5_NEXT_GATE_RECONCILIATION.md §5.2 (measured: 21 of 437 records carry a durable per-ID disposition; none of them is this ID) - no durable per-ID basis exists in this workspace to assign EXCLUDED, GAP or REFUSAL","BLOCKED_MISSING_EVIDENCE","NO_DURABLE_RESCREEN_RECORD","a durable per-ID corrected-logic rescreen disposition for CRP-LSRC-0126 - no register section, work-order ledger, catalogue field or SOURCE_CAPTURES evidence package in this workspace records one","WORK - record a durable per-ID rescreen disposition in an authorised batch; where the disposition turns on report-field or event-date mapping it additionally requires an AUTHORISED_EVIDENCE_ROUTE"
"CRP-LSRC-0127","LIMITATION_RECORD","F1","US-NV","EXACT","US","US-NV","§ 11.190(2)(c)","OWNER-APPROVED STATUTORY AUTHORITY (2026-09-17, owner-supplied mapping approved as truth): no URL recorded (note body withheld)","packages\backend\src\services\solTable.ts","E0C04B274FD748461FE8F3D33FB4E5DF52538AB324D7682E02B6B526926896EF","ADMITTED_SOURCE_ONLY","US | US-NV | US-NV | Nev. Rev. Stat. | § 11.190(2)(c)","CRP-LSRC-0127","NONE","NO_REPEATED_STRING_MEASURED","no repeated (source_artifact, provision_or_citation) pair and no repeated citation string measured for this row","UNRESOLVED","CRP_PHASE5_NEXT_GATE_RECONCILIATION.md §5.2 (measured: 21 of 437 records carry a durable per-ID disposition; none of them is this ID) - no durable per-ID basis exists in this workspace to assign EXCLUDED, GAP or REFUSAL","BLOCKED_MISSING_EVIDENCE","NO_DURABLE_RESCREEN_RECORD","a durable per-ID corrected-logic rescreen disposition for CRP-LSRC-0127 - no register section, work-order ledger, catalogue field or SOURCE_CAPTURES evidence package in this workspace records one","WORK - record a durable per-ID rescreen disposition in an authorised batch; where the disposition turns on report-field or event-date mapping it additionally requires an AUTHORISED_EVIDENCE_ROUTE"
"CRP-LSRC-0128","LIMITATION_RECORD","F1","US-NV","EXACT","US","US-NV","§ 11.190(1)(b)","OWNER-APPROVED STATUTORY AUTHORITY (2026-09-17, owner-supplied mapping approved as truth): no URL recorded (note body withheld)","packages\backend\src\services\solTable.ts","E0C04B274FD748461FE8F3D33FB4E5DF52538AB324D7682E02B6B526926896EF","ADMITTED_SOURCE_ONLY","US | US-NV | US-NV | Nev. Rev. Stat. | § 11.190(1)(b)","CRP-LSRC-0128","NONE","NO_REPEATED_STRING_MEASURED","no repeated (source_artifact, provision_or_citation) pair and no repeated citation string measured for this row","UNRESOLVED","CRP_PHASE5_NEXT_GATE_RECONCILIATION.md §5.2 (measured: 21 of 437 records carry a durable per-ID disposition; none of them is this ID) - no durable per-ID basis exists in this workspace to assign EXCLUDED, GAP or REFUSAL","BLOCKED_MISSING_EVIDENCE","NO_DURABLE_RESCREEN_RECORD","a durable per-ID corrected-logic rescreen disposition for CRP-LSRC-0128 - no register section, work-order ledger, catalogue field or SOURCE_CAPTURES evidence package in this workspace records one","WORK - record a durable per-ID rescreen disposition in an authorised batch; where the disposition turns on report-field or event-date mapping it additionally requires an AUTHORISED_EVIDENCE_ROUTE"
"CRP-LSRC-0129","LIMITATION_RECORD","F1","US-NY","EXACT","US","US-NY","§ 214-i","OWNER-APPROVED STATUTORY AUTHORITY (2026-09-17, owner-supplied mapping approved as truth): no URL recorded (note body withheld)","packages\backend\src\services\solTable.ts","E0C04B274FD748461FE8F3D33FB4E5DF52538AB324D7682E02B6B526926896EF","ADMITTED_SOURCE_ONLY","US | US-NY | US-NY | N.Y. C.P.L.R. | § 214-i","CRP-LSRC-0129","NONE","NO_REPEATED_STRING_MEASURED","no repeated (source_artifact, provision_or_citation) pair and no repeated citation string measured for this row","UNRESOLVED","CRP_PHASE5_NEXT_GATE_RECONCILIATION.md §5.2 (measured: 21 of 437 records carry a durable per-ID disposition; none of them is this ID) - no durable per-ID basis exists in this workspace to assign EXCLUDED, GAP or REFUSAL","BLOCKED_MISSING_EVIDENCE","NO_DURABLE_RESCREEN_RECORD","a durable per-ID corrected-logic rescreen disposition for CRP-LSRC-0129 - no register section, work-order ledger, catalogue field or SOURCE_CAPTURES evidence package in this workspace records one","WORK - record a durable per-ID rescreen disposition in an authorised batch; where the disposition turns on report-field or event-date mapping it additionally requires an AUTHORISED_EVIDENCE_ROUTE"
"CRP-LSRC-0130","LIMITATION_RECORD","F1","US-NY","EXACT","US","US-NY","§ 213-d","OWNER-APPROVED STATUTORY AUTHORITY (2026-09-17, owner-supplied mapping approved as truth): no URL recorded (note body withheld)","packages\backend\src\services\solTable.ts","E0C04B274FD748461FE8F3D33FB4E5DF52538AB324D7682E02B6B526926896EF","ADMITTED_SOURCE_ONLY","US | US-NY | US-NY | N.Y. C.P.L.R. | § 213-d","CRP-LSRC-0130","NONE","NO_REPEATED_STRING_MEASURED","no repeated (source_artifact, provision_or_citation) pair and no repeated citation string measured for this row","UNRESOLVED","CRP_PHASE5_NEXT_GATE_RECONCILIATION.md §5.2 (measured: 21 of 437 records carry a durable per-ID disposition; none of them is this ID) - no durable per-ID basis exists in this workspace to assign EXCLUDED, GAP or REFUSAL","BLOCKED_MISSING_EVIDENCE","NO_DURABLE_RESCREEN_RECORD","a durable per-ID corrected-logic rescreen disposition for CRP-LSRC-0130 - no register section, work-order ledger, catalogue field or SOURCE_CAPTURES evidence package in this workspace records one","WORK - record a durable per-ID rescreen disposition in an authorised batch; where the disposition turns on report-field or event-date mapping it additionally requires an AUTHORISED_EVIDENCE_ROUTE"
"CRP-LSRC-0131","LIMITATION_RECORD","F1","US-OK","EXACT","US","US-OK","§ 95(A)(2)","OWNER-APPROVED STATUTORY AUTHORITY (2026-09-17, owner-supplied mapping approved as truth): no URL recorded (note body withheld)","packages\backend\src\services\solTable.ts","E0C04B274FD748461FE8F3D33FB4E5DF52538AB324D7682E02B6B526926896EF","ADMITTED_SOURCE_ONLY","US | US-OK | US-OK | Okla. Stat. tit. 12 | § 95(A)(2)","CRP-LSRC-0131","NONE","NO_REPEATED_STRING_MEASURED","no repeated (source_artifact, provision_or_citation) pair and no repeated citation string measured for this row","UNRESOLVED","CRP_PHASE5_NEXT_GATE_RECONCILIATION.md §5.2 (measured: 21 of 437 records carry a durable per-ID disposition; none of them is this ID) - no durable per-ID basis exists in this workspace to assign EXCLUDED, GAP or REFUSAL","BLOCKED_MISSING_EVIDENCE","NO_DURABLE_RESCREEN_RECORD","a durable per-ID corrected-logic rescreen disposition for CRP-LSRC-0131 - no register section, work-order ledger, catalogue field or SOURCE_CAPTURES evidence package in this workspace records one","WORK - record a durable per-ID rescreen disposition in an authorised batch; where the disposition turns on report-field or event-date mapping it additionally requires an AUTHORISED_EVIDENCE_ROUTE"
"CRP-LSRC-0132","LIMITATION_RECORD","F1","US-OK","EXACT","US","US-OK","§ 95(A)(1)","OWNER-APPROVED STATUTORY AUTHORITY (2026-09-17, owner-supplied mapping approved as truth): no URL recorded (note body withheld)","packages\backend\src\services\solTable.ts","E0C04B274FD748461FE8F3D33FB4E5DF52538AB324D7682E02B6B526926896EF","ADMITTED_SOURCE_ONLY","US | US-OK | US-OK | Okla. Stat. tit. 12 | § 95(A)(1)","CRP-LSRC-0132","NONE","NO_REPEATED_STRING_MEASURED","no repeated (source_artifact, provision_or_citation) pair and no repeated citation string measured for this row","UNRESOLVED","CRP_PHASE5_NEXT_GATE_RECONCILIATION.md §5.2 (measured: 21 of 437 records carry a durable per-ID disposition; none of them is this ID) - no durable per-ID basis exists in this workspace to assign EXCLUDED, GAP or REFUSAL","BLOCKED_MISSING_EVIDENCE","NO_DURABLE_RESCREEN_RECORD","a durable per-ID corrected-logic rescreen disposition for CRP-LSRC-0132 - no register section, work-order ledger, catalogue field or SOURCE_CAPTURES evidence package in this workspace records one","WORK - record a durable per-ID rescreen disposition in an authorised batch; where the disposition turns on report-field or event-date mapping it additionally requires an AUTHORISED_EVIDENCE_ROUTE"
"CRP-LSRC-0133","LIMITATION_RECORD","F1","US-PA","EXACT","US","US-PA","§ 5525","OWNER-APPROVED STATUTORY AUTHORITY (2026-09-17, owner-supplied mapping approved as truth): no URL recorded (note body withheld)","packages\backend\src\services\solTable.ts","E0C04B274FD748461FE8F3D33FB4E5DF52538AB324D7682E02B6B526926896EF","ADMITTED_SOURCE_ONLY","US | US-PA | US-PA | 42 Pa.C.S. | § 5525","CRP-LSRC-0133","NONE","NO_REPEATED_STRING_MEASURED","no repeated (source_artifact, provision_or_citation) pair and no repeated citation string measured for this row","UNRESOLVED","CRP_PHASE5_NEXT_GATE_RECONCILIATION.md §5.2 (measured: 21 of 437 records carry a durable per-ID disposition; none of them is this ID) - no durable per-ID basis exists in this workspace to assign EXCLUDED, GAP or REFUSAL","BLOCKED_MISSING_EVIDENCE","NO_DURABLE_RESCREEN_RECORD","a durable per-ID corrected-logic rescreen disposition for CRP-LSRC-0133 - no register section, work-order ledger, catalogue field or SOURCE_CAPTURES evidence package in this workspace records one","WORK - record a durable per-ID rescreen disposition in an authorised batch; where the disposition turns on report-field or event-date mapping it additionally requires an AUTHORISED_EVIDENCE_ROUTE"
"CRP-LSRC-0134","LIMITATION_RECORD","F1","US-RI","EXACT","US","US-RI","§ 9-1-13(a)","OWNER-APPROVED STATUTORY AUTHORITY (2026-09-17, owner-supplied mapping approved as truth): no URL recorded (note body withheld)","packages\backend\src\services\solTable.ts","E0C04B274FD748461FE8F3D33FB4E5DF52538AB324D7682E02B6B526926896EF","ADMITTED_SOURCE_ONLY","US | US-RI | US-RI | R.I. Gen. Laws | § 9-1-13(a)","CRP-LSRC-0134","NONE","NO_REPEATED_STRING_MEASURED","no repeated (source_artifact, provision_or_citation) pair and no repeated citation string measured for this row","UNRESOLVED","CRP_PHASE5_NEXT_GATE_RECONCILIATION.md §5.2 (measured: 21 of 437 records carry a durable per-ID disposition; none of them is this ID) - no durable per-ID basis exists in this workspace to assign EXCLUDED, GAP or REFUSAL","BLOCKED_MISSING_EVIDENCE","NO_DURABLE_RESCREEN_RECORD","a durable per-ID corrected-logic rescreen disposition for CRP-LSRC-0134 - no register section, work-order ledger, catalogue field or SOURCE_CAPTURES evidence package in this workspace records one","WORK - record a durable per-ID rescreen disposition in an authorised batch; where the disposition turns on report-field or event-date mapping it additionally requires an AUTHORISED_EVIDENCE_ROUTE"
"CRP-LSRC-0135","LIMITATION_RECORD","F1","US-SC","EXACT","US","US-SC","§ 15-3-530(1)","OWNER-APPROVED STATUTORY AUTHORITY (2026-09-17, owner-supplied mapping approved as truth): no URL recorded (note body withheld)","packages\backend\src\services\solTable.ts","E0C04B274FD748461FE8F3D33FB4E5DF52538AB324D7682E02B6B526926896EF","ADMITTED_SOURCE_ONLY","US | US-SC | US-SC | S.C. Code | § 15-3-530(1)","CRP-LSRC-0135","NONE","NO_REPEATED_STRING_MEASURED","no repeated (source_artifact, provision_or_citation) pair and no repeated citation string measured for this row","UNRESOLVED","CRP_PHASE5_NEXT_GATE_RECONCILIATION.md §5.2 (measured: 21 of 437 records carry a durable per-ID disposition; none of them is this ID) - no durable per-ID basis exists in this workspace to assign EXCLUDED, GAP or REFUSAL","BLOCKED_MISSING_EVIDENCE","NO_DURABLE_RESCREEN_RECORD","a durable per-ID corrected-logic rescreen disposition for CRP-LSRC-0135 - no register section, work-order ledger, catalogue field or SOURCE_CAPTURES evidence package in this workspace records one","WORK - record a durable per-ID rescreen disposition in an authorised batch; where the disposition turns on report-field or event-date mapping it additionally requires an AUTHORISED_EVIDENCE_ROUTE"
"CRP-LSRC-0136","LIMITATION_RECORD","F1","US-SD","EXACT","US","US-SD","§ 15-2-13(1)","OWNER-APPROVED STATUTORY AUTHORITY (2026-09-17, owner-supplied mapping approved as truth): no URL recorded (note body withheld)","packages\backend\src\services\solTable.ts","E0C04B274FD748461FE8F3D33FB4E5DF52538AB324D7682E02B6B526926896EF","ADMITTED_SOURCE_ONLY","US | US-SD | US-SD | S.D. Codified Laws | § 15-2-13(1)","CRP-LSRC-0136","NONE","NO_REPEATED_STRING_MEASURED","no repeated (source_artifact, provision_or_citation) pair and no repeated citation string measured for this row","UNRESOLVED","CRP_PHASE5_NEXT_GATE_RECONCILIATION.md §5.2 (measured: 21 of 437 records carry a durable per-ID disposition; none of them is this ID) - no durable per-ID basis exists in this workspace to assign EXCLUDED, GAP or REFUSAL","BLOCKED_MISSING_EVIDENCE","NO_DURABLE_RESCREEN_RECORD","a durable per-ID corrected-logic rescreen disposition for CRP-LSRC-0136 - no register section, work-order ledger, catalogue field or SOURCE_CAPTURES evidence package in this workspace records one","WORK - record a durable per-ID rescreen disposition in an authorised batch; where the disposition turns on report-field or event-date mapping it additionally requires an AUTHORISED_EVIDENCE_ROUTE"
"CRP-LSRC-0137","LIMITATION_RECORD","F1","US-TN","EXACT","US","US-TN","§ 28-3-109","OWNER-APPROVED STATUTORY AUTHORITY (2026-09-17, owner-supplied mapping approved as truth): no URL recorded (note body withheld)","packages\backend\src\services\solTable.ts","E0C04B274FD748461FE8F3D33FB4E5DF52538AB324D7682E02B6B526926896EF","ADMITTED_SOURCE_ONLY","US | US-TN | US-TN | Tenn. Code | § 28-3-109","CRP-LSRC-0137","NONE","NO_REPEATED_STRING_MEASURED","no repeated (source_artifact, provision_or_citation) pair and no repeated citation string measured for this row","UNRESOLVED","CRP_PHASE5_NEXT_GATE_RECONCILIATION.md §5.2 (measured: 21 of 437 records carry a durable per-ID disposition; none of them is this ID) - no durable per-ID basis exists in this workspace to assign EXCLUDED, GAP or REFUSAL","BLOCKED_MISSING_EVIDENCE","NO_DURABLE_RESCREEN_RECORD","a durable per-ID corrected-logic rescreen disposition for CRP-LSRC-0137 - no register section, work-order ledger, catalogue field or SOURCE_CAPTURES evidence package in this workspace records one","WORK - record a durable per-ID rescreen disposition in an authorised batch; where the disposition turns on report-field or event-date mapping it additionally requires an AUTHORISED_EVIDENCE_ROUTE"
"CRP-LSRC-0138","LIMITATION_RECORD","F1","US-UT","EXACT","US","US-UT","§ 78B-2-307(1)(c)","OWNER-APPROVED STATUTORY AUTHORITY (2026-09-17, owner-supplied mapping approved as truth): no URL recorded (note body withheld)","packages\backend\src\services\solTable.ts","E0C04B274FD748461FE8F3D33FB4E5DF52538AB324D7682E02B6B526926896EF","ADMITTED_SOURCE_ONLY","US | US-UT | US-UT | Utah Code | § 78B-2-307(1)(c)","CRP-LSRC-0138","NONE","NO_REPEATED_STRING_MEASURED","no repeated (source_artifact, provision_or_citation) pair and no repeated citation string measured for this row","UNRESOLVED","CRP_PHASE5_NEXT_GATE_RECONCILIATION.md §5.2 (measured: 21 of 437 records carry a durable per-ID disposition; none of them is this ID) - no durable per-ID basis exists in this workspace to assign EXCLUDED, GAP or REFUSAL","BLOCKED_MISSING_EVIDENCE","NO_DURABLE_RESCREEN_RECORD","a durable per-ID corrected-logic rescreen disposition for CRP-LSRC-0138 - no register section, work-order ledger, catalogue field or SOURCE_CAPTURES evidence package in this workspace records one","WORK - record a durable per-ID rescreen disposition in an authorised batch; where the disposition turns on report-field or event-date mapping it additionally requires an AUTHORISED_EVIDENCE_ROUTE"
"CRP-LSRC-0139","LIMITATION_RECORD","F1","US-UT","EXACT","US","US-UT","§ 78B-2-309","OWNER-APPROVED STATUTORY AUTHORITY (2026-09-17, owner-supplied mapping approved as truth): no URL recorded (note body withheld)","packages\backend\src\services\solTable.ts","E0C04B274FD748461FE8F3D33FB4E5DF52538AB324D7682E02B6B526926896EF","ADMITTED_SOURCE_ONLY","US | US-UT | US-UT | Utah Code | § 78B-2-309","CRP-LSRC-0139","NONE","NO_REPEATED_STRING_MEASURED","no repeated (source_artifact, provision_or_citation) pair and no repeated citation string measured for this row","UNRESOLVED","CRP_PHASE5_NEXT_GATE_RECONCILIATION.md §5.2 (measured: 21 of 437 records carry a durable per-ID disposition; none of them is this ID) - no durable per-ID basis exists in this workspace to assign EXCLUDED, GAP or REFUSAL","BLOCKED_MISSING_EVIDENCE","NO_DURABLE_RESCREEN_RECORD","a durable per-ID corrected-logic rescreen disposition for CRP-LSRC-0139 - no register section, work-order ledger, catalogue field or SOURCE_CAPTURES evidence package in this workspace records one","WORK - record a durable per-ID rescreen disposition in an authorised batch; where the disposition turns on report-field or event-date mapping it additionally requires an AUTHORISED_EVIDENCE_ROUTE"
"CRP-LSRC-0140","LIMITATION_RECORD","F1","US-VT","EXACT","US","US-VT","§ 511","OWNER-APPROVED STATUTORY AUTHORITY (2026-09-17, owner-supplied mapping approved as truth): no URL recorded (note body withheld)","packages\backend\src\services\solTable.ts","E0C04B274FD748461FE8F3D33FB4E5DF52538AB324D7682E02B6B526926896EF","ADMITTED_SOURCE_ONLY","US | US-VT | US-VT | 12 V.S.A. | § 511","CRP-LSRC-0140","NONE","NO_REPEATED_STRING_MEASURED","no repeated (source_artifact, provision_or_citation) pair and no repeated citation string measured for this row","UNRESOLVED","CRP_PHASE5_NEXT_GATE_RECONCILIATION.md §5.2 (measured: 21 of 437 records carry a durable per-ID disposition; none of them is this ID) - no durable per-ID basis exists in this workspace to assign EXCLUDED, GAP or REFUSAL","BLOCKED_MISSING_EVIDENCE","NO_DURABLE_RESCREEN_RECORD","a durable per-ID corrected-logic rescreen disposition for CRP-LSRC-0140 - no register section, work-order ledger, catalogue field or SOURCE_CAPTURES evidence package in this workspace records one","WORK - record a durable per-ID rescreen disposition in an authorised batch; where the disposition turns on report-field or event-date mapping it additionally requires an AUTHORISED_EVIDENCE_ROUTE"
"CRP-LSRC-0141","LIMITATION_RECORD","F1","US-VT","EXACT","US","US-VT","§ 3-118","OWNER-APPROVED STATUTORY AUTHORITY (2026-09-17, owner-supplied mapping approved as truth): no URL recorded (note body withheld)","packages\backend\src\services\solTable.ts","E0C04B274FD748461FE8F3D33FB4E5DF52538AB324D7682E02B6B526926896EF","ADMITTED_SOURCE_ONLY","US | US-VT | US-VT | 9A V.S.A. | § 3-118","CRP-LSRC-0141","NONE","NO_REPEATED_STRING_MEASURED","no repeated (source_artifact, provision_or_citation) pair and no repeated citation string measured for this row","UNRESOLVED","CRP_PHASE5_NEXT_GATE_RECONCILIATION.md §5.2 (measured: 21 of 437 records carry a durable per-ID disposition; none of them is this ID) - no durable per-ID basis exists in this workspace to assign EXCLUDED, GAP or REFUSAL","BLOCKED_MISSING_EVIDENCE","NO_DURABLE_RESCREEN_RECORD","a durable per-ID corrected-logic rescreen disposition for CRP-LSRC-0141 - no register section, work-order ledger, catalogue field or SOURCE_CAPTURES evidence package in this workspace records one","WORK - record a durable per-ID rescreen disposition in an authorised batch; where the disposition turns on report-field or event-date mapping it additionally requires an AUTHORISED_EVIDENCE_ROUTE"
"CRP-LSRC-0142","LIMITATION_RECORD","F1","US-WI","EXACT","US","US-WI","§ 893.43(1)","OWNER-APPROVED STATUTORY AUTHORITY (2026-09-17, owner-supplied mapping approved as truth): no URL recorded (note body withheld)","packages\backend\src\services\solTable.ts","E0C04B274FD748461FE8F3D33FB4E5DF52538AB324D7682E02B6B526926896EF","ADMITTED_SOURCE_ONLY","US | US-WI | US-WI | Wis. Stat. | § 893.43(1)","CRP-LSRC-0142","NONE","NO_REPEATED_STRING_MEASURED","no repeated (source_artifact, provision_or_citation) pair and no repeated citation string measured for this row","UNRESOLVED","CRP_PHASE5_NEXT_GATE_RECONCILIATION.md §5.2 (measured: 21 of 437 records carry a durable per-ID disposition; none of them is this ID) - no durable per-ID basis exists in this workspace to assign EXCLUDED, GAP or REFUSAL","BLOCKED_MISSING_EVIDENCE","NO_DURABLE_RESCREEN_RECORD","a durable per-ID corrected-logic rescreen disposition for CRP-LSRC-0142 - no register section, work-order ledger, catalogue field or SOURCE_CAPTURES evidence package in this workspace records one","WORK - record a durable per-ID rescreen disposition in an authorised batch; where the disposition turns on report-field or event-date mapping it additionally requires an AUTHORISED_EVIDENCE_ROUTE"
"CRP-LSRC-0143","LIMITATION_RECORD","F1","US-PR","EXACT","US","US-PR","Art. 1203; 31 L.P.R.A. § 9495","OWNER-APPROVED STATUTORY AUTHORITY (2026-09-17, owner-supplied mapping approved as truth): no URL recorded (note body withheld)","packages\backend\src\services\solTable.ts","E0C04B274FD748461FE8F3D33FB4E5DF52538AB324D7682E02B6B526926896EF","ADMITTED_SOURCE_ONLY","US | US-PR | US-PR | Puerto Rico — Civil Code of Puerto Rico (2020) | Art. 1203; 31 L.P.R.A. § 9495","CRP-LSRC-0143","NONE","NO_REPEATED_STRING_MEASURED","no repeated (source_artifact, provision_or_citation) pair and no repeated citation string measured for this row","UNRESOLVED","CRP_PHASE5_NEXT_GATE_RECONCILIATION.md §5.2 (measured: 21 of 437 records carry a durable per-ID disposition; none of them is this ID) - no durable per-ID basis exists in this workspace to assign EXCLUDED, GAP or REFUSAL","BLOCKED_MISSING_EVIDENCE","NO_DURABLE_RESCREEN_RECORD","a durable per-ID corrected-logic rescreen disposition for CRP-LSRC-0143 - no register section, work-order ledger, catalogue field or SOURCE_CAPTURES evidence package in this workspace records one","WORK - record a durable per-ID rescreen disposition in an authorised batch; where the disposition turns on report-field or event-date mapping it additionally requires an AUTHORISED_EVIDENCE_ROUTE"
"CRP-LSRC-0144","LIMITATION_RECORD","F1","US-GU","EXACT","US","US-GU","§ 11303","OWNER-APPROVED STATUTORY AUTHORITY (2026-09-17, owner-supplied mapping approved as truth): no URL recorded (note body withheld)","packages\backend\src\services\solTable.ts","E0C04B274FD748461FE8F3D33FB4E5DF52538AB324D7682E02B6B526926896EF","ADMITTED_SOURCE_ONLY","US | US-GU | US-GU | 7 GCA | § 11303","CRP-LSRC-0144","NONE","NO_REPEATED_STRING_MEASURED","no repeated (source_artifact, provision_or_citation) pair and no repeated citation string measured for this row","UNRESOLVED","CRP_PHASE5_NEXT_GATE_RECONCILIATION.md §5.2 (measured: 21 of 437 records carry a durable per-ID disposition; none of them is this ID) - no durable per-ID basis exists in this workspace to assign EXCLUDED, GAP or REFUSAL","BLOCKED_MISSING_EVIDENCE","NO_DURABLE_RESCREEN_RECORD","a durable per-ID corrected-logic rescreen disposition for CRP-LSRC-0144 - no register section, work-order ledger, catalogue field or SOURCE_CAPTURES evidence package in this workspace records one","WORK - record a durable per-ID rescreen disposition in an authorised batch; where the disposition turns on report-field or event-date mapping it additionally requires an AUTHORISED_EVIDENCE_ROUTE"
"CRP-LSRC-0145","LIMITATION_RECORD","F1","US-VI","EXACT","US","US-VI","§ 31(a)(3)(A)","OWNER-APPROVED STATUTORY AUTHORITY (2026-09-17, owner-supplied mapping approved as truth): no URL recorded (note body withheld)","packages\backend\src\services\solTable.ts","E0C04B274FD748461FE8F3D33FB4E5DF52538AB324D7682E02B6B526926896EF","ADMITTED_SOURCE_ONLY","US | US-VI | US-VI | 5 V.I.C. | § 31(a)(3)(A)","CRP-LSRC-0145","NONE","NO_REPEATED_STRING_MEASURED","no repeated (source_artifact, provision_or_citation) pair and no repeated citation string measured for this row","UNRESOLVED","CRP_PHASE5_NEXT_GATE_RECONCILIATION.md §5.2 (measured: 21 of 437 records carry a durable per-ID disposition; none of them is this ID) - no durable per-ID basis exists in this workspace to assign EXCLUDED, GAP or REFUSAL","BLOCKED_MISSING_EVIDENCE","NO_DURABLE_RESCREEN_RECORD","a durable per-ID corrected-logic rescreen disposition for CRP-LSRC-0145 - no register section, work-order ledger, catalogue field or SOURCE_CAPTURES evidence package in this workspace records one","WORK - record a durable per-ID rescreen disposition in an authorised batch; where the disposition turns on report-field or event-date mapping it additionally requires an AUTHORISED_EVIDENCE_ROUTE"
"CRP-LSRC-0146","LIMITATION_RECORD","F1","US-MP","EXACT","US","US-MP","§ 2505","OWNER-APPROVED STATUTORY AUTHORITY (2026-09-17, owner-supplied mapping approved as truth): no URL recorded (note body withheld)","packages\backend\src\services\solTable.ts","E0C04B274FD748461FE8F3D33FB4E5DF52538AB324D7682E02B6B526926896EF","ADMITTED_SOURCE_ONLY","US | US-MP | US-MP | 7 CMC | § 2505","CRP-LSRC-0146","NONE","NO_REPEATED_STRING_MEASURED","no repeated (source_artifact, provision_or_citation) pair and no repeated citation string measured for this row","UNRESOLVED","CRP_PHASE5_NEXT_GATE_RECONCILIATION.md §5.2 (measured: 21 of 437 records carry a durable per-ID disposition; none of them is this ID) - no durable per-ID basis exists in this workspace to assign EXCLUDED, GAP or REFUSAL","BLOCKED_MISSING_EVIDENCE","NO_DURABLE_RESCREEN_RECORD","a durable per-ID corrected-logic rescreen disposition for CRP-LSRC-0146 - no register section, work-order ledger, catalogue field or SOURCE_CAPTURES evidence package in this workspace records one","WORK - record a durable per-ID rescreen disposition in an authorised batch; where the disposition turns on report-field or event-date mapping it additionally requires an AUTHORISED_EVIDENCE_ROUTE"
"CRP-LSRC-0147","LIMITATION_RECORD","F1","US-AS","EXACT","US","US-AS","§ 43.0120(3)","OWNER-APPROVED STATUTORY AUTHORITY (2026-09-17, owner-supplied mapping approved as truth): no URL recorded (note body withheld)","packages\backend\src\services\solTable.ts","E0C04B274FD748461FE8F3D33FB4E5DF52538AB324D7682E02B6B526926896EF","ADMITTED_SOURCE_ONLY","US | US-AS | US-AS | A.S.C.A. | § 43.0120(3)","CRP-LSRC-0147","NONE","NO_REPEATED_STRING_MEASURED","no repeated (source_artifact, provision_or_citation) pair and no repeated citation string measured for this row","UNRESOLVED","CRP_PHASE5_NEXT_GATE_RECONCILIATION.md §5.2 (measured: 21 of 437 records carry a durable per-ID disposition; none of them is this ID) - no durable per-ID basis exists in this workspace to assign EXCLUDED, GAP or REFUSAL","BLOCKED_MISSING_EVIDENCE","NO_DURABLE_RESCREEN_RECORD","a durable per-ID corrected-logic rescreen disposition for CRP-LSRC-0147 - no register section, work-order ledger, catalogue field or SOURCE_CAPTURES evidence package in this workspace records one","WORK - record a durable per-ID rescreen disposition in an authorised batch; where the disposition turns on report-field or event-date mapping it additionally requires an AUTHORISED_EVIDENCE_ROUTE"
"CRP-LSRC-0148","LIMITATION_RECORD","F1","US-AS","EXACT","US","US-AS","§ 43.0120(5)","OWNER-APPROVED STATUTORY AUTHORITY (2026-09-17, owner-supplied mapping approved as truth): no URL recorded (note body withheld)","packages\backend\src\services\solTable.ts","E0C04B274FD748461FE8F3D33FB4E5DF52538AB324D7682E02B6B526926896EF","ADMITTED_SOURCE_ONLY","US | US-AS | US-AS | A.S.C.A. | § 43.0120(5)","CRP-LSRC-0148","NONE","NO_REPEATED_STRING_MEASURED","no repeated (source_artifact, provision_or_citation) pair and no repeated citation string measured for this row","UNRESOLVED","CRP_PHASE5_NEXT_GATE_RECONCILIATION.md §5.2 (measured: 21 of 437 records carry a durable per-ID disposition; none of them is this ID) - no durable per-ID basis exists in this workspace to assign EXCLUDED, GAP or REFUSAL","BLOCKED_MISSING_EVIDENCE","NO_DURABLE_RESCREEN_RECORD","a durable per-ID corrected-logic rescreen disposition for CRP-LSRC-0148 - no register section, work-order ledger, catalogue field or SOURCE_CAPTURES evidence package in this workspace records one","WORK - record a durable per-ID rescreen disposition in an authorised batch; where the disposition turns on report-field or event-date mapping it additionally requires an AUTHORISED_EVIDENCE_ROUTE"
"CRP-LSRC-0149","LIMITATION_RECORD","F1","US-WV","EXACT","US","US-WV","§ 55-2-6","OWNER-APPROVED STATUTORY AUTHORITY (2026-09-17, owner-supplied mapping approved as truth): no URL recorded (note body withheld)","packages\backend\src\services\solTable.ts","E0C04B274FD748461FE8F3D33FB4E5DF52538AB324D7682E02B6B526926896EF","ADMITTED_SOURCE_ONLY","US | US-WV | US-WV | W. Va. Code | § 55-2-6","CRP-LSRC-0149","DUP-PAIR-004","IDENTICAL_ARTIFACT_AND_CITATION","the (source_artifact, provision_or_citation) pair occurs on 2 catalogue rows (ids: CRP-LSRC-0149, CRP-LSRC-0150); string-identity duplicate indicator only, not a proven duplicate legal provision","UNRESOLVED","CRP_PHASE5_NEXT_GATE_RECONCILIATION.md §5.2 (measured: 21 of 437 records carry a durable per-ID disposition; none of them is this ID) - no durable per-ID basis exists in this workspace to assign EXCLUDED, GAP or REFUSAL","BLOCKED_MISSING_EVIDENCE","NO_DURABLE_RESCREEN_RECORD","a durable per-ID corrected-logic rescreen disposition for CRP-LSRC-0149 - no register section, work-order ledger, catalogue field or SOURCE_CAPTURES evidence package in this workspace records one","WORK - record a durable per-ID rescreen disposition in an authorised batch; where the disposition turns on report-field or event-date mapping it additionally requires an AUTHORISED_EVIDENCE_ROUTE"
"CRP-LSRC-0150","LIMITATION_RECORD","F1","US-WV","EXACT","US","US-WV","§ 55-2-6","OWNER-APPROVED STATUTORY AUTHORITY (2026-09-17, owner-supplied mapping approved as truth): no URL recorded (note body withheld)","packages\backend\src\services\solTable.ts","E0C04B274FD748461FE8F3D33FB4E5DF52538AB324D7682E02B6B526926896EF","ADMITTED_SOURCE_ONLY","US | US-WV | US-WV | W. Va. Code | § 55-2-6","CRP-LSRC-0149","DUP-PAIR-004","IDENTICAL_ARTIFACT_AND_CITATION","the (source_artifact, provision_or_citation) pair occurs on 2 catalogue rows (ids: CRP-LSRC-0149, CRP-LSRC-0150); string-identity duplicate indicator only, not a proven duplicate legal provision","UNRESOLVED","CRP_PHASE5_NEXT_GATE_RECONCILIATION.md §5.2 (measured: 21 of 437 records carry a durable per-ID disposition; none of them is this ID) - no durable per-ID basis exists in this workspace to assign EXCLUDED, GAP or REFUSAL","BLOCKED_MISSING_EVIDENCE","NO_DURABLE_RESCREEN_RECORD","a durable per-ID corrected-logic rescreen disposition for CRP-LSRC-0150 - no register section, work-order ledger, catalogue field or SOURCE_CAPTURES evidence package in this workspace records one","WORK - record a durable per-ID rescreen disposition in an authorised batch; where the disposition turns on report-field or event-date mapping it additionally requires an AUTHORISED_EVIDENCE_ROUTE"
"CRP-LSRC-0151","LIMITATION_RECORD","F1","US-WY","EXACT","US","US-WY","§ 1-3-105(a)(ii)(A)","OWNER-APPROVED STATUTORY AUTHORITY (2026-09-17, owner-supplied mapping approved as truth): no URL recorded (note body withheld)","packages\backend\src\services\solTable.ts","E0C04B274FD748461FE8F3D33FB4E5DF52538AB324D7682E02B6B526926896EF","ADMITTED_SOURCE_ONLY","US | US-WY | US-WY | Wyo. Stat. | § 1-3-105(a)(ii)(A)","CRP-LSRC-0151","NONE","NO_REPEATED_STRING_MEASURED","no repeated (source_artifact, provision_or_citation) pair and no repeated citation string measured for this row","UNRESOLVED","CRP_PHASE5_NEXT_GATE_RECONCILIATION.md §5.2 (measured: 21 of 437 records carry a durable per-ID disposition; none of them is this ID) - no durable per-ID basis exists in this workspace to assign EXCLUDED, GAP or REFUSAL","BLOCKED_MISSING_EVIDENCE","NO_DURABLE_RESCREEN_RECORD","a durable per-ID corrected-logic rescreen disposition for CRP-LSRC-0151 - no register section, work-order ledger, catalogue field or SOURCE_CAPTURES evidence package in this workspace records one","WORK - record a durable per-ID rescreen disposition in an authorised batch; where the disposition turns on report-field or event-date mapping it additionally requires an AUTHORISED_EVIDENCE_ROUTE"
"CRP-LSRC-0152","LIMITATION_RECORD","F1","US-WY","EXACT","US","US-WY","§ 1-3-105(a)(i)","OWNER-APPROVED STATUTORY AUTHORITY (2026-09-17, owner-supplied mapping approved as truth): no URL recorded (note body withheld)","packages\backend\src\services\solTable.ts","E0C04B274FD748461FE8F3D33FB4E5DF52538AB324D7682E02B6B526926896EF","ADMITTED_SOURCE_ONLY","US | US-WY | US-WY | Wyo. Stat. | § 1-3-105(a)(i)","CRP-LSRC-0152","NONE","NO_REPEATED_STRING_MEASURED","no repeated (source_artifact, provision_or_citation) pair and no repeated citation string measured for this row","UNRESOLVED","CRP_PHASE5_NEXT_GATE_RECONCILIATION.md §5.2 (measured: 21 of 437 records carry a durable per-ID disposition; none of them is this ID) - no durable per-ID basis exists in this workspace to assign EXCLUDED, GAP or REFUSAL","BLOCKED_MISSING_EVIDENCE","NO_DURABLE_RESCREEN_RECORD","a durable per-ID corrected-logic rescreen disposition for CRP-LSRC-0152 - no register section, work-order ledger, catalogue field or SOURCE_CAPTURES evidence package in this workspace records one","WORK - record a durable per-ID rescreen disposition in an authorised batch; where the disposition turns on report-field or event-date mapping it additionally requires an AUTHORISED_EVIDENCE_ROUTE"
"CRP-LSRC-0153","LIMITATION_RECORD","F1","US-VA","EXACT","US","US-VA","§ 8.01-246","OWNER-APPROVED STATUTORY AUTHORITY (2026-09-17, owner-supplied mapping approved as truth): no URL recorded (note body withheld)","packages\backend\src\services\solTable.ts","E0C04B274FD748461FE8F3D33FB4E5DF52538AB324D7682E02B6B526926896EF","ADMITTED_SOURCE_ONLY","US | US-VA | US-VA | Va. Code | § 8.01-246","CRP-LSRC-0153","NONE","NO_REPEATED_STRING_MEASURED","no repeated (source_artifact, provision_or_citation) pair and no repeated citation string measured for this row","UNRESOLVED","CRP_PHASE5_NEXT_GATE_RECONCILIATION.md §5.2 (measured: 21 of 437 records carry a durable per-ID disposition; none of them is this ID) - no durable per-ID basis exists in this workspace to assign EXCLUDED, GAP or REFUSAL","BLOCKED_MISSING_EVIDENCE","NO_DURABLE_RESCREEN_RECORD","a durable per-ID corrected-logic rescreen disposition for CRP-LSRC-0153 - no register section, work-order ledger, catalogue field or SOURCE_CAPTURES evidence package in this workspace records one","WORK - record a durable per-ID rescreen disposition in an authorised batch; where the disposition turns on report-field or event-date mapping it additionally requires an AUTHORISED_EVIDENCE_ROUTE"
"CRP-LSRC-0154","LIMITATION_RECORD","F1","US-VA","EXACT","US","US-VA","§ 8.01-246(B)","OWNER-APPROVED STATUTORY AUTHORITY (2026-09-17, owner-supplied mapping approved as truth): no URL recorded (note body withheld)","packages\backend\src\services\solTable.ts","E0C04B274FD748461FE8F3D33FB4E5DF52538AB324D7682E02B6B526926896EF","ADMITTED_SOURCE_ONLY","US | US-VA | US-VA | Va. Code | § 8.01-246(B)","CRP-LSRC-0154","NONE","NO_REPEATED_STRING_MEASURED","no repeated (source_artifact, provision_or_citation) pair and no repeated citation string measured for this row","UNRESOLVED","CRP_PHASE5_NEXT_GATE_RECONCILIATION.md §5.2 (measured: 21 of 437 records carry a durable per-ID disposition; none of them is this ID) - no durable per-ID basis exists in this workspace to assign EXCLUDED, GAP or REFUSAL","BLOCKED_MISSING_EVIDENCE","NO_DURABLE_RESCREEN_RECORD","a durable per-ID corrected-logic rescreen disposition for CRP-LSRC-0154 - no register section, work-order ledger, catalogue field or SOURCE_CAPTURES evidence package in this workspace records one","WORK - record a durable per-ID rescreen disposition in an authorised batch; where the disposition turns on report-field or event-date mapping it additionally requires an AUTHORISED_EVIDENCE_ROUTE"
"CRP-LSRC-0155","LIMITATION_RECORD","F1","US-AK","EXACT","US","US-AK","§ 09.10.053","OWNER-APPROVED STATUTORY AUTHORITY (2026-09-17, owner-supplied mapping approved as truth): no URL recorded (note body withheld)","packages\backend\src\services\solTable.ts","E0C04B274FD748461FE8F3D33FB4E5DF52538AB324D7682E02B6B526926896EF","ADMITTED_SOURCE_ONLY","US | US-AK | US-AK | Alaska Stat. | § 09.10.053","CRP-LSRC-0155","NONE","NO_REPEATED_STRING_MEASURED","no repeated (source_artifact, provision_or_citation) pair and no repeated citation string measured for this row","UNRESOLVED","CRP_PHASE5_NEXT_GATE_RECONCILIATION.md §5.2 (measured: 21 of 437 records carry a durable per-ID disposition; none of them is this ID) - no durable per-ID basis exists in this workspace to assign EXCLUDED, GAP or REFUSAL","BLOCKED_MISSING_EVIDENCE","NO_DURABLE_RESCREEN_RECORD","a durable per-ID corrected-logic rescreen disposition for CRP-LSRC-0155 - no register section, work-order ledger, catalogue field or SOURCE_CAPTURES evidence package in this workspace records one","WORK - record a durable per-ID rescreen disposition in an authorised batch; where the disposition turns on report-field or event-date mapping it additionally requires an AUTHORISED_EVIDENCE_ROUTE"
"CRP-LSRC-0156","LIMITATION_RECORD","F1","US-AL","EXACT","US","US-AL","§ 6-2-37(1)","OWNER-APPROVED STATUTORY AUTHORITY (2026-09-17, owner-supplied mapping approved as truth): no URL recorded (note body withheld)","packages\backend\src\services\solTable.ts","E0C04B274FD748461FE8F3D33FB4E5DF52538AB324D7682E02B6B526926896EF","ADMITTED_SOURCE_ONLY","US | US-AL | US-AL | Ala. Code | § 6-2-37(1)","CRP-LSRC-0156","NONE","NO_REPEATED_STRING_MEASURED","no repeated (source_artifact, provision_or_citation) pair and no repeated citation string measured for this row","UNRESOLVED","CRP_PHASE5_NEXT_GATE_RECONCILIATION.md §5.2 (measured: 21 of 437 records carry a durable per-ID disposition; none of them is this ID) - no durable per-ID basis exists in this workspace to assign EXCLUDED, GAP or REFUSAL","BLOCKED_MISSING_EVIDENCE","NO_DURABLE_RESCREEN_RECORD","a durable per-ID corrected-logic rescreen disposition for CRP-LSRC-0156 - no register section, work-order ledger, catalogue field or SOURCE_CAPTURES evidence package in this workspace records one","WORK - record a durable per-ID rescreen disposition in an authorised batch; where the disposition turns on report-field or event-date mapping it additionally requires an AUTHORISED_EVIDENCE_ROUTE"
"CRP-LSRC-0157","LIMITATION_RECORD","F1","US-AL","EXACT","US","US-AL","§ 6-2-34","OWNER-APPROVED STATUTORY AUTHORITY (2026-09-17, owner-supplied mapping approved as truth): no URL recorded (note body withheld)","packages\backend\src\services\solTable.ts","E0C04B274FD748461FE8F3D33FB4E5DF52538AB324D7682E02B6B526926896EF","ADMITTED_SOURCE_ONLY","US | US-AL | US-AL | Ala. Code | § 6-2-34","CRP-LSRC-0157","NONE","NO_REPEATED_STRING_MEASURED","no repeated (source_artifact, provision_or_citation) pair and no repeated citation string measured for this row","UNRESOLVED","CRP_PHASE5_NEXT_GATE_RECONCILIATION.md §5.2 (measured: 21 of 437 records carry a durable per-ID disposition; none of them is this ID) - no durable per-ID basis exists in this workspace to assign EXCLUDED, GAP or REFUSAL","BLOCKED_MISSING_EVIDENCE","NO_DURABLE_RESCREEN_RECORD","a durable per-ID corrected-logic rescreen disposition for CRP-LSRC-0157 - no register section, work-order ledger, catalogue field or SOURCE_CAPTURES evidence package in this workspace records one","WORK - record a durable per-ID rescreen disposition in an authorised batch; where the disposition turns on report-field or event-date mapping it additionally requires an AUTHORISED_EVIDENCE_ROUTE"
"CRP-LSRC-0158","LIMITATION_RECORD","F1","US-AL","EXACT","US","US-AL","§ 7-3-118(a)","OWNER-APPROVED STATUTORY AUTHORITY (2026-09-17, owner-supplied mapping approved as truth): no URL recorded (note body withheld)","packages\backend\src\services\solTable.ts","E0C04B274FD748461FE8F3D33FB4E5DF52538AB324D7682E02B6B526926896EF","ADMITTED_SOURCE_ONLY","US | US-AL | US-AL | Ala. Code | § 7-3-118(a)","CRP-LSRC-0158","NONE","NO_REPEATED_STRING_MEASURED","no repeated (source_artifact, provision_or_citation) pair and no repeated citation string measured for this row","UNRESOLVED","CRP_PHASE5_NEXT_GATE_RECONCILIATION.md §5.2 (measured: 21 of 437 records carry a durable per-ID disposition; none of them is this ID) - no durable per-ID basis exists in this workspace to assign EXCLUDED, GAP or REFUSAL","BLOCKED_MISSING_EVIDENCE","NO_DURABLE_RESCREEN_RECORD","a durable per-ID corrected-logic rescreen disposition for CRP-LSRC-0158 - no register section, work-order ledger, catalogue field or SOURCE_CAPTURES evidence package in this workspace records one","WORK - record a durable per-ID rescreen disposition in an authorised batch; where the disposition turns on report-field or event-date mapping it additionally requires an AUTHORISED_EVIDENCE_ROUTE"
"CRP-LSRC-0159","LIMITATION_RECORD","F1","US-AR","EXACT","US","US-AR","§ 16-56-105","OWNER-APPROVED STATUTORY AUTHORITY (2026-09-17, owner-supplied mapping approved as truth): no URL recorded (note body withheld)","packages\backend\src\services\solTable.ts","E0C04B274FD748461FE8F3D33FB4E5DF52538AB324D7682E02B6B526926896EF","ADMITTED_SOURCE_ONLY","US | US-AR | US-AR | Ark. Code | § 16-56-105","CRP-LSRC-0159","NONE","NO_REPEATED_STRING_MEASURED","no repeated (source_artifact, provision_or_citation) pair and no repeated citation string measured for this row","UNRESOLVED","CRP_PHASE5_NEXT_GATE_RECONCILIATION.md §5.2 (measured: 21 of 437 records carry a durable per-ID disposition; none of them is this ID) - no durable per-ID basis exists in this workspace to assign EXCLUDED, GAP or REFUSAL","BLOCKED_MISSING_EVIDENCE","NO_DURABLE_RESCREEN_RECORD","a durable per-ID corrected-logic rescreen disposition for CRP-LSRC-0159 - no register section, work-order ledger, catalogue field or SOURCE_CAPTURES evidence package in this workspace records one","WORK - record a durable per-ID rescreen disposition in an authorised batch; where the disposition turns on report-field or event-date mapping it additionally requires an AUTHORISED_EVIDENCE_ROUTE"
"CRP-LSRC-0160","LIMITATION_RECORD","F1","US-AR","EXACT","US","US-AR","§ 16-56-111","OWNER-APPROVED STATUTORY AUTHORITY (2026-09-17, owner-supplied mapping approved as truth): no URL recorded (note body withheld)","packages\backend\src\services\solTable.ts","E0C04B274FD748461FE8F3D33FB4E5DF52538AB324D7682E02B6B526926896EF","ADMITTED_SOURCE_ONLY","US | US-AR | US-AR | Ark. Code | § 16-56-111","CRP-LSRC-0160","NONE","NO_REPEATED_STRING_MEASURED","no repeated (source_artifact, provision_or_citation) pair and no repeated citation string measured for this row","UNRESOLVED","CRP_PHASE5_NEXT_GATE_RECONCILIATION.md §5.2 (measured: 21 of 437 records carry a durable per-ID disposition; none of them is this ID) - no durable per-ID basis exists in this workspace to assign EXCLUDED, GAP or REFUSAL","BLOCKED_MISSING_EVIDENCE","NO_DURABLE_RESCREEN_RECORD","a durable per-ID corrected-logic rescreen disposition for CRP-LSRC-0160 - no register section, work-order ledger, catalogue field or SOURCE_CAPTURES evidence package in this workspace records one","WORK - record a durable per-ID rescreen disposition in an authorised batch; where the disposition turns on report-field or event-date mapping it additionally requires an AUTHORISED_EVIDENCE_ROUTE"
"CRP-LSRC-0161","LIMITATION_RECORD","F1","US-AR","EXACT","US","US-AR","§ 16-56-106(b)","OWNER-APPROVED STATUTORY AUTHORITY (2026-09-17, owner-supplied mapping approved as truth): no URL recorded (note body withheld)","packages\backend\src\services\solTable.ts","E0C04B274FD748461FE8F3D33FB4E5DF52538AB324D7682E02B6B526926896EF","ADMITTED_SOURCE_ONLY","US | US-AR | US-AR | Ark. Code | § 16-56-106(b)","CRP-LSRC-0161","NONE","NO_REPEATED_STRING_MEASURED","no repeated (source_artifact, provision_or_citation) pair and no repeated citation string measured for this row","UNRESOLVED","CRP_PHASE5_NEXT_GATE_RECONCILIATION.md §5.2 (measured: 21 of 437 records carry a durable per-ID disposition; none of them is this ID) - no durable per-ID basis exists in this workspace to assign EXCLUDED, GAP or REFUSAL","BLOCKED_MISSING_EVIDENCE","NO_DURABLE_RESCREEN_RECORD","a durable per-ID corrected-logic rescreen disposition for CRP-LSRC-0161 - no register section, work-order ledger, catalogue field or SOURCE_CAPTURES evidence package in this workspace records one","WORK - record a durable per-ID rescreen disposition in an authorised batch; where the disposition turns on report-field or event-date mapping it additionally requires an AUTHORISED_EVIDENCE_ROUTE"
"CRP-LSRC-0162","LIMITATION_RECORD","F1","US-AZ","EXACT","US","US-AZ","§ 12-548(A)(1)","OWNER-APPROVED STATUTORY AUTHORITY (2026-09-17, owner-supplied mapping approved as truth): no URL recorded (note body withheld)","packages\backend\src\services\solTable.ts","E0C04B274FD748461FE8F3D33FB4E5DF52538AB324D7682E02B6B526926896EF","ADMITTED_SOURCE_ONLY","US | US-AZ | US-AZ | Ariz. Rev. Stat. | § 12-548(A)(1)","CRP-LSRC-0162","NONE","NO_REPEATED_STRING_MEASURED","no repeated (source_artifact, provision_or_citation) pair and no repeated citation string measured for this row","UNRESOLVED","CRP_PHASE5_NEXT_GATE_RECONCILIATION.md §5.2 (measured: 21 of 437 records carry a durable per-ID disposition; none of them is this ID) - no durable per-ID basis exists in this workspace to assign EXCLUDED, GAP or REFUSAL","BLOCKED_MISSING_EVIDENCE","NO_DURABLE_RESCREEN_RECORD","a durable per-ID corrected-logic rescreen disposition for CRP-LSRC-0162 - no register section, work-order ledger, catalogue field or SOURCE_CAPTURES evidence package in this workspace records one","WORK - record a durable per-ID rescreen disposition in an authorised batch; where the disposition turns on report-field or event-date mapping it additionally requires an AUTHORISED_EVIDENCE_ROUTE"
"CRP-LSRC-0163","LIMITATION_RECORD","F1","US-OH","EXACT","US","US-OH","NOT RECORDED (locator names §§ 2305.06 and 2305.07)","https://codes.ohio.gov/ohio-revised-code/section-2305.07 (and …/section-2305.06)","packages\backend\src\services\solTable.ts","E0C04B274FD748461FE8F3D33FB4E5DF52538AB324D7682E02B6B526926896EF","ADMITTED_SOURCE_ONLY","US | US-OH | US-OH | Ohio Revised Code | NOT RECORDED (locator names §§ 2305.06 and 2305.07)","CRP-LSRC-0163","NONE","NO_REPEATED_STRING_MEASURED","no repeated (source_artifact, provision_or_citation) pair and no repeated citation string measured for this row","UNRESOLVED","CRP_PHASE5_NEXT_GATE_RECONCILIATION.md §5.2 (measured: 21 of 437 records carry a durable per-ID disposition; none of them is this ID) - no durable per-ID basis exists in this workspace to assign EXCLUDED, GAP or REFUSAL","BLOCKED_MISSING_EVIDENCE","NO_DURABLE_RESCREEN_RECORD","a durable per-ID corrected-logic rescreen disposition for CRP-LSRC-0163 - no register section, work-order ledger, catalogue field or SOURCE_CAPTURES evidence package in this workspace records one","WORK - record a durable per-ID rescreen disposition in an authorised batch; where the disposition turns on report-field or event-date mapping it additionally requires an AUTHORISED_EVIDENCE_ROUTE"
"CRP-LSRC-0164","LIMITATION_RECORD","F1","US-TX","EXACT","US","US-TX","NOT RECORDED (owner-supplied file names § 16.004)","OWNER-SUPPLIED DOCUMENT: TX Civ. Prac. & Rem. Code § 16.004.pdf","packages\backend\src\services\solTable.ts","E0C04B274FD748461FE8F3D33FB4E5DF52538AB324D7682E02B6B526926896EF","ADMITTED_SOURCE_ONLY","US | US-TX | US-TX | Texas Civil Practice and Remedies Code | NOT RECORDED (owner-supplied file names § 16.004)","CRP-LSRC-0164","NONE","NO_REPEATED_STRING_MEASURED","no repeated (source_artifact, provision_or_citation) pair and no repeated citation string measured for this row","UNRESOLVED","CRP_PHASE5_NEXT_GATE_RECONCILIATION.md §5.2 (measured: 21 of 437 records carry a durable per-ID disposition; none of them is this ID) - no durable per-ID basis exists in this workspace to assign EXCLUDED, GAP or REFUSAL","BLOCKED_MISSING_EVIDENCE","NO_DURABLE_RESCREEN_RECORD","a durable per-ID corrected-logic rescreen disposition for CRP-LSRC-0164 - no register section, work-order ledger, catalogue field or SOURCE_CAPTURES evidence package in this workspace records one","WORK - record a durable per-ID rescreen disposition in an authorised batch; where the disposition turns on report-field or event-date mapping it additionally requires an AUTHORISED_EVIDENCE_ROUTE"
"CRP-LSRC-0165","CONTENT_RULE","F1","`US-NY` (bare `NY` law const `NY_GBL`)","EXACT","US","US-NY","§ 380-j(f)(1)(ii)","https://newyork.public.law/laws/n.y._general_business_law_section_380-j","packages\backend\src\services\legalRules.ts","FE5C1BA63AE85923E378D4278C3D6E85461E8DF648847F43FE02FB4185BD41F6","ADMITTED_SOURCE_ONLY","US | US-NY | `US-NY` (bare `NY` law const `NY_GBL`) | Fair Credit Reporting Act (New York), Gen. Bus. Law art. 25 | § 380-j(f)(1)(ii)","CRP-LSRC-0165","DUP-PAIR-005","IDENTICAL_ARTIFACT_AND_CITATION","the (source_artifact, provision_or_citation) pair occurs on 2 catalogue rows (ids: CRP-LSRC-0165, CRP-LSRC-0166); string-identity duplicate indicator only, not a proven duplicate legal provision","UNRESOLVED","CRP_PHASE5_NEXT_GATE_RECONCILIATION.md §5.2 (measured: 21 of 437 records carry a durable per-ID disposition; none of them is this ID) - no durable per-ID basis exists in this workspace to assign EXCLUDED, GAP or REFUSAL","BLOCKED_MISSING_EVIDENCE","NO_DURABLE_RESCREEN_RECORD","a durable per-ID corrected-logic rescreen disposition for CRP-LSRC-0165 - no register section, work-order ledger, catalogue field or SOURCE_CAPTURES evidence package in this workspace records one","WORK - record a durable per-ID rescreen disposition in an authorised batch; where the disposition turns on report-field or event-date mapping it additionally requires an AUTHORISED_EVIDENCE_ROUTE"
"CRP-LSRC-0166","CONTENT_RULE","F1","US-NY","EXACT","US","US-NY","§ 380-j(f)(1)(ii)","https://newyork.public.law/laws/n.y._general_business_law_section_380-j","packages\backend\src\services\legalRules.ts","FE5C1BA63AE85923E378D4278C3D6E85461E8DF648847F43FE02FB4185BD41F6","ADMITTED_SOURCE_ONLY","US | US-NY | US-NY | Fair Credit Reporting Act (New York), Gen. Bus. Law art. 25 | § 380-j(f)(1)(ii)","CRP-LSRC-0165","DUP-PAIR-005","IDENTICAL_ARTIFACT_AND_CITATION","the (source_artifact, provision_or_citation) pair occurs on 2 catalogue rows (ids: CRP-LSRC-0165, CRP-LSRC-0166); string-identity duplicate indicator only, not a proven duplicate legal provision","UNRESOLVED","CRP_PHASE5_NEXT_GATE_RECONCILIATION.md §5.2 (measured: 21 of 437 records carry a durable per-ID disposition; none of them is this ID) - no durable per-ID basis exists in this workspace to assign EXCLUDED, GAP or REFUSAL","BLOCKED_MISSING_EVIDENCE","NO_DURABLE_RESCREEN_RECORD","a durable per-ID corrected-logic rescreen disposition for CRP-LSRC-0166 - no register section, work-order ledger, catalogue field or SOURCE_CAPTURES evidence package in this workspace records one","WORK - record a durable per-ID rescreen disposition in an authorised batch; where the disposition turns on report-field or event-date mapping it additionally requires an AUTHORISED_EVIDENCE_ROUTE"
"CRP-LSRC-0167","CONTENT_RULE","F1","US-NY","EXACT","US","US-NY","§ 380-j(f)(1)(iii)","https://newyork.public.law/laws/n.y._general_business_law_section_380-j","packages\backend\src\services\legalRules.ts","FE5C1BA63AE85923E378D4278C3D6E85461E8DF648847F43FE02FB4185BD41F6","ADMITTED_SOURCE_ONLY","US | US-NY | US-NY | Fair Credit Reporting Act (New York), Gen. Bus. Law art. 25 | § 380-j(f)(1)(iii)","CRP-LSRC-0167","NONE","NO_REPEATED_STRING_MEASURED","no repeated (source_artifact, provision_or_citation) pair and no repeated citation string measured for this row","UNRESOLVED","CRP_PHASE5_NEXT_GATE_RECONCILIATION.md §5.2 (measured: 21 of 437 records carry a durable per-ID disposition; none of them is this ID) - no durable per-ID basis exists in this workspace to assign EXCLUDED, GAP or REFUSAL","BLOCKED_MISSING_EVIDENCE","NO_DURABLE_RESCREEN_RECORD","a durable per-ID corrected-logic rescreen disposition for CRP-LSRC-0167 - no register section, work-order ledger, catalogue field or SOURCE_CAPTURES evidence package in this workspace records one","WORK - record a durable per-ID rescreen disposition in an authorised batch; where the disposition turns on report-field or event-date mapping it additionally requires an AUTHORISED_EVIDENCE_ROUTE"
"CRP-LSRC-0168","CONTENT_RULE","F1","US-NY","EXACT","US","US-NY","§ 380-j(f)(1)(i)","https://newyork.public.law/laws/n.y._general_business_law_section_380-j","packages\backend\src\services\legalRules.ts","FE5C1BA63AE85923E378D4278C3D6E85461E8DF648847F43FE02FB4185BD41F6","ADMITTED_SOURCE_ONLY","US | US-NY | US-NY | Fair Credit Reporting Act (New York), Gen. Bus. Law art. 25 | § 380-j(f)(1)(i)","CRP-LSRC-0168","NONE","NO_REPEATED_STRING_MEASURED","no repeated (source_artifact, provision_or_citation) pair and no repeated citation string measured for this row","UNRESOLVED","CRP_PHASE5_NEXT_GATE_RECONCILIATION.md §5.2 (measured: 21 of 437 records carry a durable per-ID disposition; none of them is this ID) - no durable per-ID basis exists in this workspace to assign EXCLUDED, GAP or REFUSAL","BLOCKED_MISSING_EVIDENCE","NO_DURABLE_RESCREEN_RECORD","a durable per-ID corrected-logic rescreen disposition for CRP-LSRC-0168 - no register section, work-order ledger, catalogue field or SOURCE_CAPTURES evidence package in this workspace records one","WORK - record a durable per-ID rescreen disposition in an authorised batch; where the disposition turns on report-field or event-date mapping it additionally requires an AUTHORISED_EVIDENCE_ROUTE"
"CRP-LSRC-0169","CONTENT_RULE","F3","US-NY","EXACT","US","US-NY","§ 380-j(a)(3)","https://newyork.public.law/laws/n.y._general_business_law_section_380-j","packages\backend\src\services\legalRules.ts","FE5C1BA63AE85923E378D4278C3D6E85461E8DF648847F43FE02FB4185BD41F6","ADMITTED_SOURCE_ONLY","US | US-NY | US-NY | Fair Credit Reporting Act (New York), Gen. Bus. Law art. 25 | § 380-j(a)(3)","CRP-LSRC-0169","NONE","NO_REPEATED_STRING_MEASURED","no repeated (source_artifact, provision_or_citation) pair and no repeated citation string measured for this row","UNRESOLVED","CRP_PHASE5_NEXT_GATE_RECONCILIATION.md §5.2 (measured: 21 of 437 records carry a durable per-ID disposition; none of them is this ID) - no durable per-ID basis exists in this workspace to assign EXCLUDED, GAP or REFUSAL","BLOCKED_MISSING_EVIDENCE","NO_DURABLE_RESCREEN_RECORD","a durable per-ID corrected-logic rescreen disposition for CRP-LSRC-0169 - no register section, work-order ledger, catalogue field or SOURCE_CAPTURES evidence package in this workspace records one","WORK - record a durable per-ID rescreen disposition in an authorised batch; where the disposition turns on report-field or event-date mapping it additionally requires an AUTHORISED_EVIDENCE_ROUTE"
"CRP-LSRC-0170","CONTENT_RULE","F7","US-NY","EXACT","US","US-NY","§ 380-j(a)(1)","https://newyork.public.law/laws/n.y._general_business_law_section_380-j","packages\backend\src\services\legalRules.ts","FE5C1BA63AE85923E378D4278C3D6E85461E8DF648847F43FE02FB4185BD41F6","ADMITTED_SOURCE_ONLY","US | US-NY | US-NY | Fair Credit Reporting Act (New York), Gen. Bus. Law art. 25 | § 380-j(a)(1)","CRP-LSRC-0170","NONE","NO_REPEATED_STRING_MEASURED","no repeated (source_artifact, provision_or_citation) pair and no repeated citation string measured for this row","UNRESOLVED","CRP_PHASE5_NEXT_GATE_RECONCILIATION.md §5.2 (measured: 21 of 437 records carry a durable per-ID disposition; none of them is this ID) - no durable per-ID basis exists in this workspace to assign EXCLUDED, GAP or REFUSAL","BLOCKED_MISSING_EVIDENCE","NO_DURABLE_RESCREEN_RECORD","a durable per-ID corrected-logic rescreen disposition for CRP-LSRC-0170 - no register section, work-order ledger, catalogue field or SOURCE_CAPTURES evidence package in this workspace records one","WORK - record a durable per-ID rescreen disposition in an authorised batch; where the disposition turns on report-field or event-date mapping it additionally requires an AUTHORISED_EVIDENCE_ROUTE"
"CRP-LSRC-0171","CONTENT_RULE","F1","US-CA","EXACT","US","US-CA","§ 1785.13(a)(1)","https://leginfo.legislature.ca.gov/faces/codes_displaySection.xhtml?lawCode=CIV&sectionNum=1785.13","packages\backend\src\services\legalRules.ts","FE5C1BA63AE85923E378D4278C3D6E85461E8DF648847F43FE02FB4185BD41F6","ADMITTED_SOURCE_ONLY","US | US-CA | US-CA | Consumer Credit Reporting Agencies Act (California), Civ. Code § 1785 et seq. | § 1785.13(a)(1)","CRP-LSRC-0171","NONE","NO_REPEATED_STRING_MEASURED","no repeated (source_artifact, provision_or_citation) pair and no repeated citation string measured for this row","UNRESOLVED","CRP_PHASE5_NEXT_GATE_RECONCILIATION.md §5.2 (measured: 21 of 437 records carry a durable per-ID disposition; none of them is this ID) - no durable per-ID basis exists in this workspace to assign EXCLUDED, GAP or REFUSAL","BLOCKED_MISSING_EVIDENCE","NO_DURABLE_RESCREEN_RECORD","a durable per-ID corrected-logic rescreen disposition for CRP-LSRC-0171 - no register section, work-order ledger, catalogue field or SOURCE_CAPTURES evidence package in this workspace records one","WORK - record a durable per-ID rescreen disposition in an authorised batch; where the disposition turns on report-field or event-date mapping it additionally requires an AUTHORISED_EVIDENCE_ROUTE"
"CRP-LSRC-0172","CONTENT_RULE","F8","US_NEW_YORK","EXACT","US","US-NY","§ 380-b(a) — N.Y. Gen. Bus. Law § 380-b","https://www.nysenate.gov/legislation/laws/GBS/","packages\backend\src\services\legalCorpus\rules.ny.ts","201F5035084F60C92B03E0140E32702ED72E79AD2CEE31405977E05525133590","ADMITTED_SOURCE_ONLY","US | US-NY | US_NEW_YORK | Fair Credit Reporting Act (New York), Gen. Bus. Law art. 25, §§ 380–380-v | § 380-b(a) — N.Y. Gen. Bus. Law § 380-b","CRP-LSRC-0172","NONE","NO_REPEATED_STRING_MEASURED","no repeated (source_artifact, provision_or_citation) pair and no repeated citation string measured for this row","UNRESOLVED","CRP_PHASE5_NEXT_GATE_RECONCILIATION.md §5.2 (measured: 21 of 437 records carry a durable per-ID disposition; none of them is this ID) - no durable per-ID basis exists in this workspace to assign EXCLUDED, GAP or REFUSAL","BLOCKED_MISSING_EVIDENCE","NO_DURABLE_RESCREEN_RECORD","a durable per-ID corrected-logic rescreen disposition for CRP-LSRC-0172 - no register section, work-order ledger, catalogue field or SOURCE_CAPTURES evidence package in this workspace records one","WORK - record a durable per-ID rescreen disposition in an authorised batch; where the disposition turns on report-field or event-date mapping it additionally requires an AUTHORISED_EVIDENCE_ROUTE"
"CRP-LSRC-0173","CONTENT_RULE","F8","US_NEW_YORK","EXACT","US","US-NY","§ 380-b(a)(3)(ii) — N.Y. Gen. Bus. Law § 380-b","https://www.nysenate.gov/legislation/laws/GBS/","packages\backend\src\services\legalCorpus\rules.ny.ts","201F5035084F60C92B03E0140E32702ED72E79AD2CEE31405977E05525133590","ADMITTED_SOURCE_ONLY","US | US-NY | US_NEW_YORK | Fair Credit Reporting Act (New York), Gen. Bus. Law art. 25, §§ 380–380-v | § 380-b(a)(3)(ii) — N.Y. Gen. Bus. Law § 380-b","CRP-LSRC-0173","NONE","NO_REPEATED_STRING_MEASURED","no repeated (source_artifact, provision_or_citation) pair and no repeated citation string measured for this row","UNRESOLVED","CRP_PHASE5_NEXT_GATE_RECONCILIATION.md §5.2 (measured: 21 of 437 records carry a durable per-ID disposition; none of them is this ID) - no durable per-ID basis exists in this workspace to assign EXCLUDED, GAP or REFUSAL","BLOCKED_MISSING_EVIDENCE","NO_DURABLE_RESCREEN_RECORD","a durable per-ID corrected-logic rescreen disposition for CRP-LSRC-0173 - no register section, work-order ledger, catalogue field or SOURCE_CAPTURES evidence package in this workspace records one","WORK - record a durable per-ID rescreen disposition in an authorised batch; where the disposition turns on report-field or event-date mapping it additionally requires an AUTHORISED_EVIDENCE_ROUTE"
"CRP-LSRC-0174","CONTENT_RULE","F8","US_NEW_YORK","EXACT","US","US-NY","§ 380-b(b)–(c) — N.Y. Gen. Bus. Law § 380-b","https://www.nysenate.gov/legislation/laws/GBS/","packages\backend\src\services\legalCorpus\rules.ny.ts","201F5035084F60C92B03E0140E32702ED72E79AD2CEE31405977E05525133590","ADMITTED_SOURCE_ONLY","US | US-NY | US_NEW_YORK | Fair Credit Reporting Act (New York), Gen. Bus. Law art. 25, §§ 380–380-v | § 380-b(b)–(c) — N.Y. Gen. Bus. Law § 380-b","CRP-LSRC-0174","NONE","NO_REPEATED_STRING_MEASURED","no repeated (source_artifact, provision_or_citation) pair and no repeated citation string measured for this row","UNRESOLVED","CRP_PHASE5_NEXT_GATE_RECONCILIATION.md §5.2 (measured: 21 of 437 records carry a durable per-ID disposition; none of them is this ID) - no durable per-ID basis exists in this workspace to assign EXCLUDED, GAP or REFUSAL","BLOCKED_MISSING_EVIDENCE","NO_DURABLE_RESCREEN_RECORD","a durable per-ID corrected-logic rescreen disposition for CRP-LSRC-0174 - no register section, work-order ledger, catalogue field or SOURCE_CAPTURES evidence package in this workspace records one","WORK - record a durable per-ID rescreen disposition in an authorised batch; where the disposition turns on report-field or event-date mapping it additionally requires an AUTHORISED_EVIDENCE_ROUTE"
"CRP-LSRC-0175","CONTENT_RULE","F8","US_NEW_YORK","EXACT","US","US-NY","§ 380-b(d)–(e) — N.Y. Gen. Bus. Law § 380-b","https://www.nysenate.gov/legislation/laws/GBS/","packages\backend\src\services\legalCorpus\rules.ny.ts","201F5035084F60C92B03E0140E32702ED72E79AD2CEE31405977E05525133590","ADMITTED_SOURCE_ONLY","US | US-NY | US_NEW_YORK | Fair Credit Reporting Act (New York), Gen. Bus. Law art. 25, §§ 380–380-v | § 380-b(d)–(e) — N.Y. Gen. Bus. Law § 380-b","CRP-LSRC-0175","NONE","NO_REPEATED_STRING_MEASURED","no repeated (source_artifact, provision_or_citation) pair and no repeated citation string measured for this row","UNRESOLVED","CRP_PHASE5_NEXT_GATE_RECONCILIATION.md §5.2 (measured: 21 of 437 records carry a durable per-ID disposition; none of them is this ID) - no durable per-ID basis exists in this workspace to assign EXCLUDED, GAP or REFUSAL","BLOCKED_MISSING_EVIDENCE","NO_DURABLE_RESCREEN_RECORD","a durable per-ID corrected-logic rescreen disposition for CRP-LSRC-0175 - no register section, work-order ledger, catalogue field or SOURCE_CAPTURES evidence package in this workspace records one","WORK - record a durable per-ID rescreen disposition in an authorised batch; where the disposition turns on report-field or event-date mapping it additionally requires an AUTHORISED_EVIDENCE_ROUTE"
"CRP-LSRC-0176","CONTENT_RULE","F5","US_NEW_YORK","EXACT","US","US-NY","§ 380-d(a)(1)–(2) — N.Y. Gen. Bus. Law § 380-d","https://www.nysenate.gov/legislation/laws/GBS/","packages\backend\src\services\legalCorpus\rules.ny.ts","201F5035084F60C92B03E0140E32702ED72E79AD2CEE31405977E05525133590","ADMITTED_SOURCE_ONLY","US | US-NY | US_NEW_YORK | Fair Credit Reporting Act (New York), Gen. Bus. Law art. 25, §§ 380–380-v | § 380-d(a)(1)–(2) — N.Y. Gen. Bus. Law § 380-d","CRP-LSRC-0176","NONE","NO_REPEATED_STRING_MEASURED","no repeated (source_artifact, provision_or_citation) pair and no repeated citation string measured for this row","UNRESOLVED","CRP_PHASE5_NEXT_GATE_RECONCILIATION.md §5.2 (measured: 21 of 437 records carry a durable per-ID disposition; none of them is this ID) - no durable per-ID basis exists in this workspace to assign EXCLUDED, GAP or REFUSAL","BLOCKED_MISSING_EVIDENCE","NO_DURABLE_RESCREEN_RECORD","a durable per-ID corrected-logic rescreen disposition for CRP-LSRC-0176 - no register section, work-order ledger, catalogue field or SOURCE_CAPTURES evidence package in this workspace records one","WORK - record a durable per-ID rescreen disposition in an authorised batch; where the disposition turns on report-field or event-date mapping it additionally requires an AUTHORISED_EVIDENCE_ROUTE"
"CRP-LSRC-0177","CONTENT_RULE","F5","US_NEW_YORK","EXACT","US","US-NY","§ 380-d(a)(3) — N.Y. Gen. Bus. Law § 380-d","https://www.nysenate.gov/legislation/laws/GBS/","packages\backend\src\services\legalCorpus\rules.ny.ts","201F5035084F60C92B03E0140E32702ED72E79AD2CEE31405977E05525133590","ADMITTED_SOURCE_ONLY","US | US-NY | US_NEW_YORK | Fair Credit Reporting Act (New York), Gen. Bus. Law art. 25, §§ 380–380-v | § 380-d(a)(3) — N.Y. Gen. Bus. Law § 380-d","CRP-LSRC-0177","NONE","NO_REPEATED_STRING_MEASURED","no repeated (source_artifact, provision_or_citation) pair and no repeated citation string measured for this row","UNRESOLVED","CRP_PHASE5_NEXT_GATE_RECONCILIATION.md §5.2 (measured: 21 of 437 records carry a durable per-ID disposition; none of them is this ID) - no durable per-ID basis exists in this workspace to assign EXCLUDED, GAP or REFUSAL","BLOCKED_MISSING_EVIDENCE","NO_DURABLE_RESCREEN_RECORD","a durable per-ID corrected-logic rescreen disposition for CRP-LSRC-0177 - no register section, work-order ledger, catalogue field or SOURCE_CAPTURES evidence package in this workspace records one","WORK - record a durable per-ID rescreen disposition in an authorised batch; where the disposition turns on report-field or event-date mapping it additionally requires an AUTHORISED_EVIDENCE_ROUTE"
"CRP-LSRC-0178","CONTENT_RULE","F5","US_NEW_YORK","EXACT","US","US-NY","§ 380-d(c) — N.Y. Gen. Bus. Law § 380-d","https://www.nysenate.gov/legislation/laws/GBS/","packages\backend\src\services\legalCorpus\rules.ny.ts","201F5035084F60C92B03E0140E32702ED72E79AD2CEE31405977E05525133590","ADMITTED_SOURCE_ONLY","US | US-NY | US_NEW_YORK | Fair Credit Reporting Act (New York), Gen. Bus. Law art. 25, §§ 380–380-v | § 380-d(c) — N.Y. Gen. Bus. Law § 380-d","CRP-LSRC-0178","NONE","NO_REPEATED_STRING_MEASURED","no repeated (source_artifact, provision_or_citation) pair and no repeated citation string measured for this row","UNRESOLVED","CRP_PHASE5_NEXT_GATE_RECONCILIATION.md §5.2 (measured: 21 of 437 records carry a durable per-ID disposition; none of them is this ID) - no durable per-ID basis exists in this workspace to assign EXCLUDED, GAP or REFUSAL","BLOCKED_MISSING_EVIDENCE","NO_DURABLE_RESCREEN_RECORD","a durable per-ID corrected-logic rescreen disposition for CRP-LSRC-0178 - no register section, work-order ledger, catalogue field or SOURCE_CAPTURES evidence package in this workspace records one","WORK - record a durable per-ID rescreen disposition in an authorised batch; where the disposition turns on report-field or event-date mapping it additionally requires an AUTHORISED_EVIDENCE_ROUTE"
"CRP-LSRC-0179","CONTENT_RULE","F5","US_NEW_YORK","EXACT","US","US-NY","§ 380-e(a)–(d), (f) — N.Y. Gen. Bus. Law § 380-e","https://www.nysenate.gov/legislation/laws/GBS/","packages\backend\src\services\legalCorpus\rules.ny.ts","201F5035084F60C92B03E0140E32702ED72E79AD2CEE31405977E05525133590","ADMITTED_SOURCE_ONLY","US | US-NY | US_NEW_YORK | Fair Credit Reporting Act (New York), Gen. Bus. Law art. 25, §§ 380–380-v | § 380-e(a)–(d), (f) — N.Y. Gen. Bus. Law § 380-e","CRP-LSRC-0179","NONE","NO_REPEATED_STRING_MEASURED","no repeated (source_artifact, provision_or_citation) pair and no repeated citation string measured for this row","UNRESOLVED","CRP_PHASE5_NEXT_GATE_RECONCILIATION.md §5.2 (measured: 21 of 437 records carry a durable per-ID disposition; none of them is this ID) - no durable per-ID basis exists in this workspace to assign EXCLUDED, GAP or REFUSAL","BLOCKED_MISSING_EVIDENCE","NO_DURABLE_RESCREEN_RECORD","a durable per-ID corrected-logic rescreen disposition for CRP-LSRC-0179 - no register section, work-order ledger, catalogue field or SOURCE_CAPTURES evidence package in this workspace records one","WORK - record a durable per-ID rescreen disposition in an authorised batch; where the disposition turns on report-field or event-date mapping it additionally requires an AUTHORISED_EVIDENCE_ROUTE"
"CRP-LSRC-0180","CONTENT_RULE","F5","US_NEW_YORK","EXACT","US","US-NY","§ 380-e(e)(1)–(4) — N.Y. Gen. Bus. Law § 380-e","https://www.nysenate.gov/legislation/laws/GBS/","packages\backend\src\services\legalCorpus\rules.ny.ts","201F5035084F60C92B03E0140E32702ED72E79AD2CEE31405977E05525133590","ADMITTED_SOURCE_ONLY","US | US-NY | US_NEW_YORK | Fair Credit Reporting Act (New York), Gen. Bus. Law art. 25, §§ 380–380-v | § 380-e(e)(1)–(4) — N.Y. Gen. Bus. Law § 380-e","CRP-LSRC-0180","NONE","NO_REPEATED_STRING_MEASURED","no repeated (source_artifact, provision_or_citation) pair and no repeated citation string measured for this row","UNRESOLVED","CRP_PHASE5_NEXT_GATE_RECONCILIATION.md §5.2 (measured: 21 of 437 records carry a durable per-ID disposition; none of them is this ID) - no durable per-ID basis exists in this workspace to assign EXCLUDED, GAP or REFUSAL","BLOCKED_MISSING_EVIDENCE","NO_DURABLE_RESCREEN_RECORD","a durable per-ID corrected-logic rescreen disposition for CRP-LSRC-0180 - no register section, work-order ledger, catalogue field or SOURCE_CAPTURES evidence package in this workspace records one","WORK - record a durable per-ID rescreen disposition in an authorised batch; where the disposition turns on report-field or event-date mapping it additionally requires an AUTHORISED_EVIDENCE_ROUTE"
"CRP-LSRC-0181","CONTENT_RULE","F6","US_NEW_YORK","EXACT","US","US-NY","§ 380-f(a) — N.Y. Gen. Bus. Law § 380-f","https://www.nysenate.gov/legislation/laws/GBS/","packages\backend\src\services\legalCorpus\rules.ny.ts","201F5035084F60C92B03E0140E32702ED72E79AD2CEE31405977E05525133590","ADMITTED_SOURCE_ONLY","US | US-NY | US_NEW_YORK | Fair Credit Reporting Act (New York), Gen. Bus. Law art. 25, §§ 380–380-v | § 380-f(a) — N.Y. Gen. Bus. Law § 380-f","CRP-LSRC-0181","NONE","NO_REPEATED_STRING_MEASURED","no repeated (source_artifact, provision_or_citation) pair and no repeated citation string measured for this row","UNRESOLVED","CRP_PHASE5_NEXT_GATE_RECONCILIATION.md §5.2 (measured: 21 of 437 records carry a durable per-ID disposition; none of them is this ID) - no durable per-ID basis exists in this workspace to assign EXCLUDED, GAP or REFUSAL","BLOCKED_MISSING_EVIDENCE","NO_DURABLE_RESCREEN_RECORD","a durable per-ID corrected-logic rescreen disposition for CRP-LSRC-0181 - no register section, work-order ledger, catalogue field or SOURCE_CAPTURES evidence package in this workspace records one","WORK - record a durable per-ID rescreen disposition in an authorised batch; where the disposition turns on report-field or event-date mapping it additionally requires an AUTHORISED_EVIDENCE_ROUTE"
"CRP-LSRC-0182","CONTENT_RULE","F6","US_NEW_YORK","EXACT","US","US-NY","§ 380-f(b) — N.Y. Gen. Bus. Law § 380-f","https://www.nysenate.gov/legislation/laws/GBS/","packages\backend\src\services\legalCorpus\rules.ny.ts","201F5035084F60C92B03E0140E32702ED72E79AD2CEE31405977E05525133590","ADMITTED_SOURCE_ONLY","US | US-NY | US_NEW_YORK | Fair Credit Reporting Act (New York), Gen. Bus. Law art. 25, §§ 380–380-v | § 380-f(b) — N.Y. Gen. Bus. Law § 380-f","CRP-LSRC-0182","NONE","NO_REPEATED_STRING_MEASURED","no repeated (source_artifact, provision_or_citation) pair and no repeated citation string measured for this row","UNRESOLVED","CRP_PHASE5_NEXT_GATE_RECONCILIATION.md §5.2 (measured: 21 of 437 records carry a durable per-ID disposition; none of them is this ID) - no durable per-ID basis exists in this workspace to assign EXCLUDED, GAP or REFUSAL","BLOCKED_MISSING_EVIDENCE","NO_DURABLE_RESCREEN_RECORD","a durable per-ID corrected-logic rescreen disposition for CRP-LSRC-0182 - no register section, work-order ledger, catalogue field or SOURCE_CAPTURES evidence package in this workspace records one","WORK - record a durable per-ID rescreen disposition in an authorised batch; where the disposition turns on report-field or event-date mapping it additionally requires an AUTHORISED_EVIDENCE_ROUTE"
"CRP-LSRC-0183","CONTENT_RULE","F6","US_NEW_YORK","EXACT","US","US-NY","§ 380-f(c)–(d) — N.Y. Gen. Bus. Law § 380-f","https://www.nysenate.gov/legislation/laws/GBS/","packages\backend\src\services\legalCorpus\rules.ny.ts","201F5035084F60C92B03E0140E32702ED72E79AD2CEE31405977E05525133590","ADMITTED_SOURCE_ONLY","US | US-NY | US_NEW_YORK | Fair Credit Reporting Act (New York), Gen. Bus. Law art. 25, §§ 380–380-v | § 380-f(c)–(d) — N.Y. Gen. Bus. Law § 380-f","CRP-LSRC-0183","NONE","NO_REPEATED_STRING_MEASURED","no repeated (source_artifact, provision_or_citation) pair and no repeated citation string measured for this row","UNRESOLVED","CRP_PHASE5_NEXT_GATE_RECONCILIATION.md §5.2 (measured: 21 of 437 records carry a durable per-ID disposition; none of them is this ID) - no durable per-ID basis exists in this workspace to assign EXCLUDED, GAP or REFUSAL","BLOCKED_MISSING_EVIDENCE","NO_DURABLE_RESCREEN_RECORD","a durable per-ID corrected-logic rescreen disposition for CRP-LSRC-0183 - no register section, work-order ledger, catalogue field or SOURCE_CAPTURES evidence package in this workspace records one","WORK - record a durable per-ID rescreen disposition in an authorised batch; where the disposition turns on report-field or event-date mapping it additionally requires an AUTHORISED_EVIDENCE_ROUTE"
"CRP-LSRC-0184","CONTENT_RULE","F7","US_NEW_YORK","EXACT","US","US-NY","§ 380-g(a)–(b) — N.Y. Gen. Bus. Law § 380-g","https://www.nysenate.gov/legislation/laws/GBS/","packages\backend\src\services\legalCorpus\rules.ny.ts","201F5035084F60C92B03E0140E32702ED72E79AD2CEE31405977E05525133590","ADMITTED_SOURCE_ONLY","US | US-NY | US_NEW_YORK | Fair Credit Reporting Act (New York), Gen. Bus. Law art. 25, §§ 380–380-v | § 380-g(a)–(b) — N.Y. Gen. Bus. Law § 380-g","CRP-LSRC-0184","NONE","NO_REPEATED_STRING_MEASURED","no repeated (source_artifact, provision_or_citation) pair and no repeated citation string measured for this row","UNRESOLVED","CRP_PHASE5_NEXT_GATE_RECONCILIATION.md §5.2 (measured: 21 of 437 records carry a durable per-ID disposition; none of them is this ID) - no durable per-ID basis exists in this workspace to assign EXCLUDED, GAP or REFUSAL","BLOCKED_MISSING_EVIDENCE","NO_DURABLE_RESCREEN_RECORD","a durable per-ID corrected-logic rescreen disposition for CRP-LSRC-0184 - no register section, work-order ledger, catalogue field or SOURCE_CAPTURES evidence package in this workspace records one","WORK - record a durable per-ID rescreen disposition in an authorised batch; where the disposition turns on report-field or event-date mapping it additionally requires an AUTHORISED_EVIDENCE_ROUTE"
"CRP-LSRC-0185","CONTENT_RULE","F7","US_NEW_YORK","EXACT","US","US-NY","§ 380-g(c) — N.Y. Gen. Bus. Law § 380-g","https://www.nysenate.gov/legislation/laws/GBS/","packages\backend\src\services\legalCorpus\rules.ny.ts","201F5035084F60C92B03E0140E32702ED72E79AD2CEE31405977E05525133590","ADMITTED_SOURCE_ONLY","US | US-NY | US_NEW_YORK | Fair Credit Reporting Act (New York), Gen. Bus. Law art. 25, §§ 380–380-v | § 380-g(c) — N.Y. Gen. Bus. Law § 380-g","CRP-LSRC-0185","NONE","NO_REPEATED_STRING_MEASURED","no repeated (source_artifact, provision_or_citation) pair and no repeated citation string measured for this row","UNRESOLVED","CRP_PHASE5_NEXT_GATE_RECONCILIATION.md §5.2 (measured: 21 of 437 records carry a durable per-ID disposition; none of them is this ID) - no durable per-ID basis exists in this workspace to assign EXCLUDED, GAP or REFUSAL","BLOCKED_MISSING_EVIDENCE","NO_DURABLE_RESCREEN_RECORD","a durable per-ID corrected-logic rescreen disposition for CRP-LSRC-0185 - no register section, work-order ledger, catalogue field or SOURCE_CAPTURES evidence package in this workspace records one","WORK - record a durable per-ID rescreen disposition in an authorised batch; where the disposition turns on report-field or event-date mapping it additionally requires an AUTHORISED_EVIDENCE_ROUTE"
"CRP-LSRC-0186","CONTENT_RULE","F7","US_NEW_YORK","EXACT","US","US-NY","§ 380-g(d) — N.Y. Gen. Bus. Law § 380-g","https://www.nysenate.gov/legislation/laws/GBS/","packages\backend\src\services\legalCorpus\rules.ny.ts","201F5035084F60C92B03E0140E32702ED72E79AD2CEE31405977E05525133590","ADMITTED_SOURCE_ONLY","US | US-NY | US_NEW_YORK | Fair Credit Reporting Act (New York), Gen. Bus. Law art. 25, §§ 380–380-v | § 380-g(d) — N.Y. Gen. Bus. Law § 380-g","CRP-LSRC-0186","NONE","NO_REPEATED_STRING_MEASURED","no repeated (source_artifact, provision_or_citation) pair and no repeated citation string measured for this row","UNRESOLVED","CRP_PHASE5_NEXT_GATE_RECONCILIATION.md §5.2 (measured: 21 of 437 records carry a durable per-ID disposition; none of them is this ID) - no durable per-ID basis exists in this workspace to assign EXCLUDED, GAP or REFUSAL","BLOCKED_MISSING_EVIDENCE","NO_DURABLE_RESCREEN_RECORD","a durable per-ID corrected-logic rescreen disposition for CRP-LSRC-0186 - no register section, work-order ledger, catalogue field or SOURCE_CAPTURES evidence package in this workspace records one","WORK - record a durable per-ID rescreen disposition in an authorised batch; where the disposition turns on report-field or event-date mapping it additionally requires an AUTHORISED_EVIDENCE_ROUTE"
"CRP-LSRC-0187","CONTENT_RULE","F1","US_NEW_YORK","EXACT","US","US-NY","§ 380-h(a) — N.Y. Gen. Bus. Law § 380-h","https://www.nysenate.gov/legislation/laws/GBS/","packages\backend\src\services\legalCorpus\rules.ny.ts","201F5035084F60C92B03E0140E32702ED72E79AD2CEE31405977E05525133590","ADMITTED_SOURCE_ONLY","US | US-NY | US_NEW_YORK | Fair Credit Reporting Act (New York), Gen. Bus. Law art. 25, §§ 380–380-v | § 380-h(a) — N.Y. Gen. Bus. Law § 380-h","CRP-LSRC-0187","NONE","NO_REPEATED_STRING_MEASURED","no repeated (source_artifact, provision_or_citation) pair and no repeated citation string measured for this row","UNRESOLVED","CRP_PHASE5_NEXT_GATE_RECONCILIATION.md §5.2 (measured: 21 of 437 records carry a durable per-ID disposition; none of them is this ID) - no durable per-ID basis exists in this workspace to assign EXCLUDED, GAP or REFUSAL","BLOCKED_MISSING_EVIDENCE","NO_DURABLE_RESCREEN_RECORD","a durable per-ID corrected-logic rescreen disposition for CRP-LSRC-0187 - no register section, work-order ledger, catalogue field or SOURCE_CAPTURES evidence package in this workspace records one","WORK - record a durable per-ID rescreen disposition in an authorised batch; where the disposition turns on report-field or event-date mapping it additionally requires an AUTHORISED_EVIDENCE_ROUTE"
"CRP-LSRC-0188","CONTENT_RULE","F1","US_NEW_YORK","EXACT","US","US-NY","§ 380-i(a)–(b) — N.Y. Gen. Bus. Law § 380-i","https://www.nysenate.gov/legislation/laws/GBS/","packages\backend\src\services\legalCorpus\rules.ny.ts","201F5035084F60C92B03E0140E32702ED72E79AD2CEE31405977E05525133590","ADMITTED_SOURCE_ONLY","US | US-NY | US_NEW_YORK | Fair Credit Reporting Act (New York), Gen. Bus. Law art. 25, §§ 380–380-v | § 380-i(a)–(b) — N.Y. Gen. Bus. Law § 380-i","CRP-LSRC-0188","NONE","NO_REPEATED_STRING_MEASURED","no repeated (source_artifact, provision_or_citation) pair and no repeated citation string measured for this row","UNRESOLVED","CRP_PHASE5_NEXT_GATE_RECONCILIATION.md §5.2 (measured: 21 of 437 records carry a durable per-ID disposition; none of them is this ID) - no durable per-ID basis exists in this workspace to assign EXCLUDED, GAP or REFUSAL","BLOCKED_MISSING_EVIDENCE","NO_DURABLE_RESCREEN_RECORD","a durable per-ID corrected-logic rescreen disposition for CRP-LSRC-0188 - no register section, work-order ledger, catalogue field or SOURCE_CAPTURES evidence package in this workspace records one","WORK - record a durable per-ID rescreen disposition in an authorised batch; where the disposition turns on report-field or event-date mapping it additionally requires an AUTHORISED_EVIDENCE_ROUTE"
"CRP-LSRC-0189","CONTENT_RULE","F8","US_NEW_YORK","EXACT","US","US-NY","§ 380-i(c) — N.Y. Gen. Bus. Law § 380-i","https://www.nysenate.gov/legislation/laws/GBS/","packages\backend\src\services\legalCorpus\rules.ny.ts","201F5035084F60C92B03E0140E32702ED72E79AD2CEE31405977E05525133590","ADMITTED_SOURCE_ONLY","US | US-NY | US_NEW_YORK | Fair Credit Reporting Act (New York), Gen. Bus. Law art. 25, §§ 380–380-v | § 380-i(c) — N.Y. Gen. Bus. Law § 380-i","CRP-LSRC-0189","NONE","NO_REPEATED_STRING_MEASURED","no repeated (source_artifact, provision_or_citation) pair and no repeated citation string measured for this row","UNRESOLVED","CRP_PHASE5_NEXT_GATE_RECONCILIATION.md §5.2 (measured: 21 of 437 records carry a durable per-ID disposition; none of them is this ID) - no durable per-ID basis exists in this workspace to assign EXCLUDED, GAP or REFUSAL","BLOCKED_MISSING_EVIDENCE","NO_DURABLE_RESCREEN_RECORD","a durable per-ID corrected-logic rescreen disposition for CRP-LSRC-0189 - no register section, work-order ledger, catalogue field or SOURCE_CAPTURES evidence package in this workspace records one","WORK - record a durable per-ID rescreen disposition in an authorised batch; where the disposition turns on report-field or event-date mapping it additionally requires an AUTHORISED_EVIDENCE_ROUTE"
"CRP-LSRC-0190","CONTENT_RULE","F10","US_NEW_YORK","EXACT","US","US-NY","§ 380-k — N.Y. Gen. Bus. Law § 380-k","https://www.nysenate.gov/legislation/laws/GBS/","packages\backend\src\services\legalCorpus\rules.ny.ts","201F5035084F60C92B03E0140E32702ED72E79AD2CEE31405977E05525133590","ADMITTED_SOURCE_ONLY","US | US-NY | US_NEW_YORK | Fair Credit Reporting Act (New York), Gen. Bus. Law art. 25, §§ 380–380-v | § 380-k — N.Y. Gen. Bus. Law § 380-k","CRP-LSRC-0190","NONE","NO_REPEATED_STRING_MEASURED","no repeated (source_artifact, provision_or_citation) pair and no repeated citation string measured for this row","UNRESOLVED","CRP_PHASE5_NEXT_GATE_RECONCILIATION.md §5.2 (measured: 21 of 437 records carry a durable per-ID disposition; none of them is this ID) - no durable per-ID basis exists in this workspace to assign EXCLUDED, GAP or REFUSAL","BLOCKED_MISSING_EVIDENCE","NO_DURABLE_RESCREEN_RECORD","a durable per-ID corrected-logic rescreen disposition for CRP-LSRC-0190 - no register section, work-order ledger, catalogue field or SOURCE_CAPTURES evidence package in this workspace records one","WORK - record a durable per-ID rescreen disposition in an authorised batch; where the disposition turns on report-field or event-date mapping it additionally requires an AUTHORISED_EVIDENCE_ROUTE"
"CRP-LSRC-0191","CONTENT_RULE","F3","US_NEW_YORK","EXACT","US","US-NY","§ 380-q — N.Y. Gen. Bus. Law § 380-q","https://www.nysenate.gov/legislation/laws/GBS/","packages\backend\src\services\legalCorpus\rules.ny.ts","201F5035084F60C92B03E0140E32702ED72E79AD2CEE31405977E05525133590","ADMITTED_SOURCE_ONLY","US | US-NY | US_NEW_YORK | Fair Credit Reporting Act (New York), Gen. Bus. Law art. 25, §§ 380–380-v | § 380-q — N.Y. Gen. Bus. Law § 380-q","CRP-LSRC-0191","NONE","NO_REPEATED_STRING_MEASURED","no repeated (source_artifact, provision_or_citation) pair and no repeated citation string measured for this row","UNRESOLVED","CRP_PHASE5_NEXT_GATE_RECONCILIATION.md §5.2 (measured: 21 of 437 records carry a durable per-ID disposition; none of them is this ID) - no durable per-ID basis exists in this workspace to assign EXCLUDED, GAP or REFUSAL","BLOCKED_MISSING_EVIDENCE","NO_DURABLE_RESCREEN_RECORD","a durable per-ID corrected-logic rescreen disposition for CRP-LSRC-0191 - no register section, work-order ledger, catalogue field or SOURCE_CAPTURES evidence package in this workspace records one","WORK - record a durable per-ID rescreen disposition in an authorised batch; where the disposition turns on report-field or event-date mapping it additionally requires an AUTHORISED_EVIDENCE_ROUTE"
"CRP-LSRC-0192","CONTENT_RULE","F1","US_NEW_YORK","EXACT","US","US-NY","§ 380-j(a)(1) — N.Y. Gen. Bus. Law § 380-j","https://www.nysenate.gov/legislation/laws/GBS/","packages\backend\src\services\legalCorpus\rules.ny.ts","201F5035084F60C92B03E0140E32702ED72E79AD2CEE31405977E05525133590","ADMITTED_SOURCE_ONLY","US | US-NY | US_NEW_YORK | Fair Credit Reporting Act (New York), Gen. Bus. Law art. 25, §§ 380–380-v | § 380-j(a)(1) — N.Y. Gen. Bus. Law § 380-j","CRP-LSRC-0192","NONE","NO_REPEATED_STRING_MEASURED","no repeated (source_artifact, provision_or_citation) pair and no repeated citation string measured for this row","UNRESOLVED","CRP_PHASE5_NEXT_GATE_RECONCILIATION.md §5.2 (measured: 21 of 437 records carry a durable per-ID disposition; none of them is this ID) - no durable per-ID basis exists in this workspace to assign EXCLUDED, GAP or REFUSAL","BLOCKED_MISSING_EVIDENCE","NO_DURABLE_RESCREEN_RECORD","a durable per-ID corrected-logic rescreen disposition for CRP-LSRC-0192 - no register section, work-order ledger, catalogue field or SOURCE_CAPTURES evidence package in this workspace records one","WORK - record a durable per-ID rescreen disposition in an authorised batch; where the disposition turns on report-field or event-date mapping it additionally requires an AUTHORISED_EVIDENCE_ROUTE"
"CRP-LSRC-0193","CONTENT_RULE","F1","US_NEW_YORK","EXACT","US","US-NY","§ 380-j(a)(2) — N.Y. Gen. Bus. Law § 380-j","https://www.nysenate.gov/legislation/laws/GBS/","packages\backend\src\services\legalCorpus\rules.ny.ts","201F5035084F60C92B03E0140E32702ED72E79AD2CEE31405977E05525133590","ADMITTED_SOURCE_ONLY","US | US-NY | US_NEW_YORK | Fair Credit Reporting Act (New York), Gen. Bus. Law art. 25, §§ 380–380-v | § 380-j(a)(2) — N.Y. Gen. Bus. Law § 380-j","CRP-LSRC-0193","NONE","NO_REPEATED_STRING_MEASURED","no repeated (source_artifact, provision_or_citation) pair and no repeated citation string measured for this row","UNRESOLVED","CRP_PHASE5_NEXT_GATE_RECONCILIATION.md §5.2 (measured: 21 of 437 records carry a durable per-ID disposition; none of them is this ID) - no durable per-ID basis exists in this workspace to assign EXCLUDED, GAP or REFUSAL","BLOCKED_MISSING_EVIDENCE","NO_DURABLE_RESCREEN_RECORD","a durable per-ID corrected-logic rescreen disposition for CRP-LSRC-0193 - no register section, work-order ledger, catalogue field or SOURCE_CAPTURES evidence package in this workspace records one","WORK - record a durable per-ID rescreen disposition in an authorised batch; where the disposition turns on report-field or event-date mapping it additionally requires an AUTHORISED_EVIDENCE_ROUTE"
"CRP-LSRC-0194","CONTENT_RULE","F3","US_NEW_YORK","EXACT","US","US-NY","§ 380-j(a)(3) — N.Y. Gen. Bus. Law § 380-j","https://www.nysenate.gov/legislation/laws/GBS/","packages\backend\src\services\legalCorpus\rules.ny.ts","201F5035084F60C92B03E0140E32702ED72E79AD2CEE31405977E05525133590","ADMITTED_SOURCE_ONLY","US | US-NY | US_NEW_YORK | Fair Credit Reporting Act (New York), Gen. Bus. Law art. 25, §§ 380–380-v | § 380-j(a)(3) — N.Y. Gen. Bus. Law § 380-j","CRP-LSRC-0194","NONE","NO_REPEATED_STRING_MEASURED","no repeated (source_artifact, provision_or_citation) pair and no repeated citation string measured for this row","UNRESOLVED","CRP_PHASE5_NEXT_GATE_RECONCILIATION.md §10.3 step 4(c) and §5.2 - no durable per-ID rescreen disposition exists for CONTENT_RULE rows; the unit-level qualification PROBABLE_CANDIDATE recorded at readiness plan §6.4 / §9.4 and in the discovery record is preserved and is not re-decided here","BLOCKED_MISSING_EVIDENCE","CANDIDATE_REPRESENTATION_UNRESOLVED_GATE_5_3_M1","a byte-pinned US consumer disclosure, or an official product-specific consumer field/value reference, showing the account-level medical-debt representation for N.Y. Gen. Bus. Law § 380-j(a)(3); consumer equivalent recorded UNRESOLVED","AUTHORISED_EVIDENCE_ROUTE - closed by owner direction until a concrete new source appears (alternate investigation §1); M-1 remains pending and PHASE5-001I must not be issued"
"CRP-LSRC-0195","CONTENT_RULE","F4","US_NEW_YORK","EXACT","US","US-NY","§ 380-j(a)(4) (self-contradiction limb) — N.Y. Gen. Bus. Law § 380-j","https://www.nysenate.gov/legislation/laws/GBS/","packages\backend\src\services\legalCorpus\rules.ny.ts","201F5035084F60C92B03E0140E32702ED72E79AD2CEE31405977E05525133590","ADMITTED_SOURCE_ONLY","US | US-NY | US_NEW_YORK | Fair Credit Reporting Act (New York), Gen. Bus. Law art. 25, §§ 380–380-v | § 380-j(a)(4) (self-contradiction limb) — N.Y. Gen. Bus. Law § 380-j","CRP-LSRC-0195","NONE","NO_REPEATED_STRING_MEASURED","no repeated (source_artifact, provision_or_citation) pair and no repeated citation string measured for this row","UNRESOLVED","CRP_PHASE5_NEXT_GATE_RECONCILIATION.md §5.2 (measured: 21 of 437 records carry a durable per-ID disposition; none of them is this ID) - no durable per-ID basis exists in this workspace to assign EXCLUDED, GAP or REFUSAL","BLOCKED_MISSING_EVIDENCE","NO_DURABLE_RESCREEN_RECORD","a durable per-ID corrected-logic rescreen disposition for CRP-LSRC-0195 - no register section, work-order ledger, catalogue field or SOURCE_CAPTURES evidence package in this workspace records one","WORK - record a durable per-ID rescreen disposition in an authorised batch; where the disposition turns on report-field or event-date mapping it additionally requires an AUTHORISED_EVIDENCE_ROUTE"
"CRP-LSRC-0196","CONTENT_RULE","F4","US_NEW_YORK","EXACT","US","US-NY","§ 380-j(a)(4) (external-truth limb) — N.Y. Gen. Bus. Law § 380-j","https://www.nysenate.gov/legislation/laws/GBS/","packages\backend\src\services\legalCorpus\rules.ny.ts","201F5035084F60C92B03E0140E32702ED72E79AD2CEE31405977E05525133590","ADMITTED_SOURCE_ONLY","US | US-NY | US_NEW_YORK | Fair Credit Reporting Act (New York), Gen. Bus. Law art. 25, §§ 380–380-v | § 380-j(a)(4) (external-truth limb) — N.Y. Gen. Bus. Law § 380-j","CRP-LSRC-0196","NONE","NO_REPEATED_STRING_MEASURED","no repeated (source_artifact, provision_or_citation) pair and no repeated citation string measured for this row","UNRESOLVED","CRP_PHASE5_NEXT_GATE_RECONCILIATION.md §5.2 (measured: 21 of 437 records carry a durable per-ID disposition; none of them is this ID) - no durable per-ID basis exists in this workspace to assign EXCLUDED, GAP or REFUSAL","BLOCKED_MISSING_EVIDENCE","NO_DURABLE_RESCREEN_RECORD","a durable per-ID corrected-logic rescreen disposition for CRP-LSRC-0196 - no register section, work-order ledger, catalogue field or SOURCE_CAPTURES evidence package in this workspace records one","WORK - record a durable per-ID rescreen disposition in an authorised batch; where the disposition turns on report-field or event-date mapping it additionally requires an AUTHORISED_EVIDENCE_ROUTE"
"CRP-LSRC-0197","CONTENT_RULE","F1","US_NEW_YORK","EXACT","US","US-NY","§ 380-j(b) — N.Y. Gen. Bus. Law § 380-j","https://www.nysenate.gov/legislation/laws/GBS/","packages\backend\src\services\legalCorpus\rules.ny.ts","201F5035084F60C92B03E0140E32702ED72E79AD2CEE31405977E05525133590","ADMITTED_SOURCE_ONLY","US | US-NY | US_NEW_YORK | Fair Credit Reporting Act (New York), Gen. Bus. Law art. 25, §§ 380–380-v | § 380-j(b) — N.Y. Gen. Bus. Law § 380-j","CRP-LSRC-0197","NONE","NO_REPEATED_STRING_MEASURED","no repeated (source_artifact, provision_or_citation) pair and no repeated citation string measured for this row","UNRESOLVED","CRP_PHASE5_NEXT_GATE_RECONCILIATION.md §5.2 (measured: 21 of 437 records carry a durable per-ID disposition; none of them is this ID) - no durable per-ID basis exists in this workspace to assign EXCLUDED, GAP or REFUSAL","BLOCKED_MISSING_EVIDENCE","NO_DURABLE_RESCREEN_RECORD","a durable per-ID corrected-logic rescreen disposition for CRP-LSRC-0197 - no register section, work-order ledger, catalogue field or SOURCE_CAPTURES evidence package in this workspace records one","WORK - record a durable per-ID rescreen disposition in an authorised batch; where the disposition turns on report-field or event-date mapping it additionally requires an AUTHORISED_EVIDENCE_ROUTE"
"CRP-LSRC-0198","CONTENT_RULE","F7","US_NEW_YORK","EXACT","US","US-NY","§ 380-j(c) — N.Y. Gen. Bus. Law § 380-j","https://www.nysenate.gov/legislation/laws/GBS/","packages\backend\src\services\legalCorpus\rules.ny.ts","201F5035084F60C92B03E0140E32702ED72E79AD2CEE31405977E05525133590","ADMITTED_SOURCE_ONLY","US | US-NY | US_NEW_YORK | Fair Credit Reporting Act (New York), Gen. Bus. Law art. 25, §§ 380–380-v | § 380-j(c) — N.Y. Gen. Bus. Law § 380-j","CRP-LSRC-0198","NONE","NO_REPEATED_STRING_MEASURED","no repeated (source_artifact, provision_or_citation) pair and no repeated citation string measured for this row","UNRESOLVED","CRP_PHASE5_NEXT_GATE_RECONCILIATION.md §5.2 (measured: 21 of 437 records carry a durable per-ID disposition; none of them is this ID) - no durable per-ID basis exists in this workspace to assign EXCLUDED, GAP or REFUSAL","BLOCKED_MISSING_EVIDENCE","NO_DURABLE_RESCREEN_RECORD","a durable per-ID corrected-logic rescreen disposition for CRP-LSRC-0198 - no register section, work-order ledger, catalogue field or SOURCE_CAPTURES evidence package in this workspace records one","WORK - record a durable per-ID rescreen disposition in an authorised batch; where the disposition turns on report-field or event-date mapping it additionally requires an AUTHORISED_EVIDENCE_ROUTE"
"CRP-LSRC-0199","CONTENT_RULE","F1","US_NEW_YORK","EXACT","US","US-NY","§ 380-j(d) — N.Y. Gen. Bus. Law § 380-j","https://www.nysenate.gov/legislation/laws/GBS/","packages\backend\src\services\legalCorpus\rules.ny.ts","201F5035084F60C92B03E0140E32702ED72E79AD2CEE31405977E05525133590","ADMITTED_SOURCE_ONLY","US | US-NY | US_NEW_YORK | Fair Credit Reporting Act (New York), Gen. Bus. Law art. 25, §§ 380–380-v | § 380-j(d) — N.Y. Gen. Bus. Law § 380-j","CRP-LSRC-0199","NONE","NO_REPEATED_STRING_MEASURED","no repeated (source_artifact, provision_or_citation) pair and no repeated citation string measured for this row","UNRESOLVED","CRP_PHASE5_NEXT_GATE_RECONCILIATION.md §5.2 (measured: 21 of 437 records carry a durable per-ID disposition; none of them is this ID) - no durable per-ID basis exists in this workspace to assign EXCLUDED, GAP or REFUSAL","BLOCKED_MISSING_EVIDENCE","NO_DURABLE_RESCREEN_RECORD","a durable per-ID corrected-logic rescreen disposition for CRP-LSRC-0199 - no register section, work-order ledger, catalogue field or SOURCE_CAPTURES evidence package in this workspace records one","WORK - record a durable per-ID rescreen disposition in an authorised batch; where the disposition turns on report-field or event-date mapping it additionally requires an AUTHORISED_EVIDENCE_ROUTE"
"CRP-LSRC-0200","CONTENT_RULE","F4","US_NEW_YORK","EXACT","US","US-NY","§ 380-j(e) — N.Y. Gen. Bus. Law § 380-j","https://www.nysenate.gov/legislation/laws/GBS/","packages\backend\src\services\legalCorpus\rules.ny.ts","201F5035084F60C92B03E0140E32702ED72E79AD2CEE31405977E05525133590","ADMITTED_SOURCE_ONLY","US | US-NY | US_NEW_YORK | Fair Credit Reporting Act (New York), Gen. Bus. Law art. 25, §§ 380–380-v | § 380-j(e) — N.Y. Gen. Bus. Law § 380-j","CRP-LSRC-0200","NONE","NO_REPEATED_STRING_MEASURED","no repeated (source_artifact, provision_or_citation) pair and no repeated citation string measured for this row","UNRESOLVED","CRP_PHASE5_NEXT_GATE_RECONCILIATION.md §5.2 (measured: 21 of 437 records carry a durable per-ID disposition; none of them is this ID) - no durable per-ID basis exists in this workspace to assign EXCLUDED, GAP or REFUSAL","BLOCKED_MISSING_EVIDENCE","NO_DURABLE_RESCREEN_RECORD","a durable per-ID corrected-logic rescreen disposition for CRP-LSRC-0200 - no register section, work-order ledger, catalogue field or SOURCE_CAPTURES evidence package in this workspace records one","WORK - record a durable per-ID rescreen disposition in an authorised batch; where the disposition turns on report-field or event-date mapping it additionally requires an AUTHORISED_EVIDENCE_ROUTE"
"CRP-LSRC-0201","CONTENT_RULE","F1","US_NEW_YORK","EXACT","US","US-NY","§ 380-j(f)(1)(i) — N.Y. Gen. Bus. Law § 380-j","https://www.nysenate.gov/legislation/laws/GBS/","packages\backend\src\services\legalCorpus\rules.ny.ts","201F5035084F60C92B03E0140E32702ED72E79AD2CEE31405977E05525133590","ADMITTED_SOURCE_ONLY","US | US-NY | US_NEW_YORK | Fair Credit Reporting Act (New York), Gen. Bus. Law art. 25, §§ 380–380-v | § 380-j(f)(1)(i) — N.Y. Gen. Bus. Law § 380-j","CRP-LSRC-0201","NONE","NO_REPEATED_STRING_MEASURED","no repeated (source_artifact, provision_or_citation) pair and no repeated citation string measured for this row","UNRESOLVED","CRP_PHASE5_NEXT_GATE_RECONCILIATION.md §5.2 (measured: 21 of 437 records carry a durable per-ID disposition; none of them is this ID) - no durable per-ID basis exists in this workspace to assign EXCLUDED, GAP or REFUSAL","BLOCKED_MISSING_EVIDENCE","NO_DURABLE_RESCREEN_RECORD","a durable per-ID corrected-logic rescreen disposition for CRP-LSRC-0201 - no register section, work-order ledger, catalogue field or SOURCE_CAPTURES evidence package in this workspace records one","WORK - record a durable per-ID rescreen disposition in an authorised batch; where the disposition turns on report-field or event-date mapping it additionally requires an AUTHORISED_EVIDENCE_ROUTE"
"CRP-LSRC-0202","CONTENT_RULE","F1","US_NEW_YORK","EXACT","US","US-NY","§ 380-j(f)(1)(ii) (first limb) — N.Y. Gen. Bus. Law § 380-j","https://www.nysenate.gov/legislation/laws/GBS/","packages\backend\src\services\legalCorpus\rules.ny.ts","201F5035084F60C92B03E0140E32702ED72E79AD2CEE31405977E05525133590","ADMITTED_SOURCE_ONLY","US | US-NY | US_NEW_YORK | Fair Credit Reporting Act (New York), Gen. Bus. Law art. 25, §§ 380–380-v | § 380-j(f)(1)(ii) (first limb) — N.Y. Gen. Bus. Law § 380-j","CRP-LSRC-0202","NONE","NO_REPEATED_STRING_MEASURED","no repeated (source_artifact, provision_or_citation) pair and no repeated citation string measured for this row","UNRESOLVED","CRP_PHASE5_NEXT_GATE_RECONCILIATION.md §5.2 (measured: 21 of 437 records carry a durable per-ID disposition; none of them is this ID) - no durable per-ID basis exists in this workspace to assign EXCLUDED, GAP or REFUSAL","BLOCKED_MISSING_EVIDENCE","NO_DURABLE_RESCREEN_RECORD","a durable per-ID corrected-logic rescreen disposition for CRP-LSRC-0202 - no register section, work-order ledger, catalogue field or SOURCE_CAPTURES evidence package in this workspace records one","WORK - record a durable per-ID rescreen disposition in an authorised batch; where the disposition turns on report-field or event-date mapping it additionally requires an AUTHORISED_EVIDENCE_ROUTE"
"CRP-LSRC-0203","CONTENT_RULE","F1","US_NEW_YORK","EXACT","US","US-NY","§ 380-j(f)(1)(ii) (second limb) — N.Y. Gen. Bus. Law § 380-j","https://www.nysenate.gov/legislation/laws/GBS/","packages\backend\src\services\legalCorpus\rules.ny.ts","201F5035084F60C92B03E0140E32702ED72E79AD2CEE31405977E05525133590","ADMITTED_SOURCE_ONLY","US | US-NY | US_NEW_YORK | Fair Credit Reporting Act (New York), Gen. Bus. Law art. 25, §§ 380–380-v | § 380-j(f)(1)(ii) (second limb) — N.Y. Gen. Bus. Law § 380-j","CRP-LSRC-0203","NONE","NO_REPEATED_STRING_MEASURED","no repeated (source_artifact, provision_or_citation) pair and no repeated citation string measured for this row","UNRESOLVED","CRP_PHASE5_NEXT_GATE_RECONCILIATION.md §5.2 (measured: 21 of 437 records carry a durable per-ID disposition; none of them is this ID) - no durable per-ID basis exists in this workspace to assign EXCLUDED, GAP or REFUSAL","BLOCKED_MISSING_EVIDENCE","NO_DURABLE_RESCREEN_RECORD","a durable per-ID corrected-logic rescreen disposition for CRP-LSRC-0203 - no register section, work-order ledger, catalogue field or SOURCE_CAPTURES evidence package in this workspace records one","WORK - record a durable per-ID rescreen disposition in an authorised batch; where the disposition turns on report-field or event-date mapping it additionally requires an AUTHORISED_EVIDENCE_ROUTE"
"CRP-LSRC-0204","CONTENT_RULE","F1","US_NEW_YORK","EXACT","US","US-NY","§ 380-j(f)(1)(iii) — N.Y. Gen. Bus. Law § 380-j","https://www.nysenate.gov/legislation/laws/GBS/","packages\backend\src\services\legalCorpus\rules.ny.ts","201F5035084F60C92B03E0140E32702ED72E79AD2CEE31405977E05525133590","ADMITTED_SOURCE_ONLY","US | US-NY | US_NEW_YORK | Fair Credit Reporting Act (New York), Gen. Bus. Law art. 25, §§ 380–380-v | § 380-j(f)(1)(iii) — N.Y. Gen. Bus. Law § 380-j","CRP-LSRC-0204","NONE","NO_REPEATED_STRING_MEASURED","no repeated (source_artifact, provision_or_citation) pair and no repeated citation string measured for this row","UNRESOLVED","CRP_PHASE5_NEXT_GATE_RECONCILIATION.md §5.2 (measured: 21 of 437 records carry a durable per-ID disposition; none of them is this ID) - no durable per-ID basis exists in this workspace to assign EXCLUDED, GAP or REFUSAL","BLOCKED_MISSING_EVIDENCE","NO_DURABLE_RESCREEN_RECORD","a durable per-ID corrected-logic rescreen disposition for CRP-LSRC-0204 - no register section, work-order ledger, catalogue field or SOURCE_CAPTURES evidence package in this workspace records one","WORK - record a durable per-ID rescreen disposition in an authorised batch; where the disposition turns on report-field or event-date mapping it additionally requires an AUTHORISED_EVIDENCE_ROUTE"
"CRP-LSRC-0205","CONTENT_RULE","F1","US_NEW_YORK","EXACT","US","US-NY","§ 380-j(f)(1)(iv) — N.Y. Gen. Bus. Law § 380-j","https://www.nysenate.gov/legislation/laws/GBS/","packages\backend\src\services\legalCorpus\rules.ny.ts","201F5035084F60C92B03E0140E32702ED72E79AD2CEE31405977E05525133590","ADMITTED_SOURCE_ONLY","US | US-NY | US_NEW_YORK | Fair Credit Reporting Act (New York), Gen. Bus. Law art. 25, §§ 380–380-v | § 380-j(f)(1)(iv) — N.Y. Gen. Bus. Law § 380-j","CRP-LSRC-0205","NONE","NO_REPEATED_STRING_MEASURED","no repeated (source_artifact, provision_or_citation) pair and no repeated citation string measured for this row","UNRESOLVED","CRP_PHASE5_NEXT_GATE_RECONCILIATION.md §5.2 (measured: 21 of 437 records carry a durable per-ID disposition; none of them is this ID) - no durable per-ID basis exists in this workspace to assign EXCLUDED, GAP or REFUSAL","BLOCKED_MISSING_EVIDENCE","NO_DURABLE_RESCREEN_RECORD","a durable per-ID corrected-logic rescreen disposition for CRP-LSRC-0205 - no register section, work-order ledger, catalogue field or SOURCE_CAPTURES evidence package in this workspace records one","WORK - record a durable per-ID rescreen disposition in an authorised batch; where the disposition turns on report-field or event-date mapping it additionally requires an AUTHORISED_EVIDENCE_ROUTE"
"CRP-LSRC-0206","CONTENT_RULE","F1","US_NEW_YORK","EXACT","US","US-NY","§ 380-j(f)(1)(v) — N.Y. Gen. Bus. Law § 380-j","https://www.nysenate.gov/legislation/laws/GBS/","packages\backend\src\services\legalCorpus\rules.ny.ts","201F5035084F60C92B03E0140E32702ED72E79AD2CEE31405977E05525133590","ADMITTED_SOURCE_ONLY","US | US-NY | US_NEW_YORK | Fair Credit Reporting Act (New York), Gen. Bus. Law art. 25, §§ 380–380-v | § 380-j(f)(1)(v) — N.Y. Gen. Bus. Law § 380-j","CRP-LSRC-0206","NONE","NO_REPEATED_STRING_MEASURED","no repeated (source_artifact, provision_or_citation) pair and no repeated citation string measured for this row","UNRESOLVED","CRP_PHASE5_NEXT_GATE_RECONCILIATION.md §5.2 (measured: 21 of 437 records carry a durable per-ID disposition; none of them is this ID) - no durable per-ID basis exists in this workspace to assign EXCLUDED, GAP or REFUSAL","BLOCKED_MISSING_EVIDENCE","NO_DURABLE_RESCREEN_RECORD","a durable per-ID corrected-logic rescreen disposition for CRP-LSRC-0206 - no register section, work-order ledger, catalogue field or SOURCE_CAPTURES evidence package in this workspace records one","WORK - record a durable per-ID rescreen disposition in an authorised batch; where the disposition turns on report-field or event-date mapping it additionally requires an AUTHORISED_EVIDENCE_ROUTE"
"CRP-LSRC-0207","CONTENT_RULE","F1","US_NEW_YORK","EXACT","US","US-NY","§ 380-j(f)(1)(vi) — N.Y. Gen. Bus. Law § 380-j","https://www.nysenate.gov/legislation/laws/GBS/","packages\backend\src\services\legalCorpus\rules.ny.ts","201F5035084F60C92B03E0140E32702ED72E79AD2CEE31405977E05525133590","ADMITTED_SOURCE_ONLY","US | US-NY | US_NEW_YORK | Fair Credit Reporting Act (New York), Gen. Bus. Law art. 25, §§ 380–380-v | § 380-j(f)(1)(vi) — N.Y. Gen. Bus. Law § 380-j","CRP-LSRC-0207","NONE","NO_REPEATED_STRING_MEASURED","no repeated (source_artifact, provision_or_citation) pair and no repeated citation string measured for this row","UNRESOLVED","CRP_PHASE5_NEXT_GATE_RECONCILIATION.md §5.2 (measured: 21 of 437 records carry a durable per-ID disposition; none of them is this ID) - no durable per-ID basis exists in this workspace to assign EXCLUDED, GAP or REFUSAL","BLOCKED_MISSING_EVIDENCE","NO_DURABLE_RESCREEN_RECORD","a durable per-ID corrected-logic rescreen disposition for CRP-LSRC-0207 - no register section, work-order ledger, catalogue field or SOURCE_CAPTURES evidence package in this workspace records one","WORK - record a durable per-ID rescreen disposition in an authorised batch; where the disposition turns on report-field or event-date mapping it additionally requires an AUTHORISED_EVIDENCE_ROUTE"
"CRP-LSRC-0208","CONTENT_RULE","F1","US_NEW_YORK","EXACT","US","US-NY","§ 380-j(f)(1)(vii) — N.Y. Gen. Bus. Law § 380-j","https://www.nysenate.gov/legislation/laws/GBS/","packages\backend\src\services\legalCorpus\rules.ny.ts","201F5035084F60C92B03E0140E32702ED72E79AD2CEE31405977E05525133590","ADMITTED_SOURCE_ONLY","US | US-NY | US_NEW_YORK | Fair Credit Reporting Act (New York), Gen. Bus. Law art. 25, §§ 380–380-v | § 380-j(f)(1)(vii) — N.Y. Gen. Bus. Law § 380-j","CRP-LSRC-0208","NONE","NO_REPEATED_STRING_MEASURED","no repeated (source_artifact, provision_or_citation) pair and no repeated citation string measured for this row","UNRESOLVED","CRP_PHASE5_NEXT_GATE_RECONCILIATION.md §5.2 (measured: 21 of 437 records carry a durable per-ID disposition; none of them is this ID) - no durable per-ID basis exists in this workspace to assign EXCLUDED, GAP or REFUSAL","BLOCKED_MISSING_EVIDENCE","NO_DURABLE_RESCREEN_RECORD","a durable per-ID corrected-logic rescreen disposition for CRP-LSRC-0208 - no register section, work-order ledger, catalogue field or SOURCE_CAPTURES evidence package in this workspace records one","WORK - record a durable per-ID rescreen disposition in an authorised batch; where the disposition turns on report-field or event-date mapping it additionally requires an AUTHORISED_EVIDENCE_ROUTE"
"CRP-LSRC-0209","CONTENT_RULE","F3","US_NEW_YORK","EXACT","US","US-NY","§ 380-j(f)(1)(viii) — N.Y. Gen. Bus. Law § 380-j","https://www.nysenate.gov/legislation/laws/GBS/","packages\backend\src\services\legalCorpus\rules.ny.ts","201F5035084F60C92B03E0140E32702ED72E79AD2CEE31405977E05525133590","ADMITTED_SOURCE_ONLY","US | US-NY | US_NEW_YORK | Fair Credit Reporting Act (New York), Gen. Bus. Law art. 25, §§ 380–380-v | § 380-j(f)(1)(viii) — N.Y. Gen. Bus. Law § 380-j","CRP-LSRC-0209","NONE","NO_REPEATED_STRING_MEASURED","no repeated (source_artifact, provision_or_citation) pair and no repeated citation string measured for this row","UNRESOLVED","CRP_PHASE5_NEXT_GATE_RECONCILIATION.md §5.2 (measured: 21 of 437 records carry a durable per-ID disposition; none of them is this ID) - no durable per-ID basis exists in this workspace to assign EXCLUDED, GAP or REFUSAL","BLOCKED_MISSING_EVIDENCE","NO_DURABLE_RESCREEN_RECORD","a durable per-ID corrected-logic rescreen disposition for CRP-LSRC-0209 - no register section, work-order ledger, catalogue field or SOURCE_CAPTURES evidence package in this workspace records one","WORK - record a durable per-ID rescreen disposition in an authorised batch; where the disposition turns on report-field or event-date mapping it additionally requires an AUTHORISED_EVIDENCE_ROUTE"
"CRP-LSRC-0210","CONTENT_RULE","F1","US_NEW_YORK","EXACT","US","US-NY","§ 380-j(f)(1)(ix)-series limb (*provision token truncated in extraction; recorded as the ninth limb of § 380-j(f)(1)*) — N.Y. Gen. Bus. Law § 380-j","https://www.nysenate.gov/legislation/laws/GBS/","packages\backend\src\services\legalCorpus\rules.ny.ts","201F5035084F60C92B03E0140E32702ED72E79AD2CEE31405977E05525133590","ADMITTED_SOURCE_ONLY","US | US-NY | US_NEW_YORK | Fair Credit Reporting Act (New York), Gen. Bus. Law art. 25, §§ 380–380-v | § 380-j(f)(1)(ix)-series limb (*provision token truncated in extraction; recorded as the ninth limb of § 380-j(f)(1)*) — N.Y. Gen. Bus. Law § 380-j","CRP-LSRC-0210","NONE","NO_REPEATED_STRING_MEASURED","no repeated (source_artifact, provision_or_citation) pair and no repeated citation string measured for this row","UNRESOLVED","CRP_PHASE5_NEXT_GATE_RECONCILIATION.md §5.2 (measured: 21 of 437 records carry a durable per-ID disposition; none of them is this ID) - no durable per-ID basis exists in this workspace to assign EXCLUDED, GAP or REFUSAL","BLOCKED_MISSING_EVIDENCE","NO_DURABLE_RESCREEN_RECORD","a durable per-ID corrected-logic rescreen disposition for CRP-LSRC-0210 - no register section, work-order ledger, catalogue field or SOURCE_CAPTURES evidence package in this workspace records one","WORK - record a durable per-ID rescreen disposition in an authorised batch; where the disposition turns on report-field or event-date mapping it additionally requires an AUTHORISED_EVIDENCE_ROUTE"
"CRP-LSRC-0211","CONTENT_RULE","F1","US_NEW_YORK","EXACT","US","US-NY","§ 380-j(f)(1) *(limb recorded with an effective window)* — N.Y. Gen. Bus. Law § 380-j","https://www.nysenate.gov/legislation/laws/GBS/","packages\backend\src\services\legalCorpus\rules.ny.ts","201F5035084F60C92B03E0140E32702ED72E79AD2CEE31405977E05525133590","ADMITTED_SOURCE_ONLY","US | US-NY | US_NEW_YORK | Fair Credit Reporting Act (New York), Gen. Bus. Law art. 25, §§ 380–380-v | § 380-j(f)(1) *(limb recorded with an effective window)* — N.Y. Gen. Bus. Law § 380-j","CRP-LSRC-0211","NONE","NO_REPEATED_STRING_MEASURED","no repeated (source_artifact, provision_or_citation) pair and no repeated citation string measured for this row","UNRESOLVED","CRP_PHASE5_NEXT_GATE_RECONCILIATION.md §5.2 (measured: 21 of 437 records carry a durable per-ID disposition; none of them is this ID) - no durable per-ID basis exists in this workspace to assign EXCLUDED, GAP or REFUSAL","BLOCKED_MISSING_EVIDENCE","NO_DURABLE_RESCREEN_RECORD","a durable per-ID corrected-logic rescreen disposition for CRP-LSRC-0211 - no register section, work-order ledger, catalogue field or SOURCE_CAPTURES evidence package in this workspace records one","WORK - record a durable per-ID rescreen disposition in an authorised batch; where the disposition turns on report-field or event-date mapping it additionally requires an AUTHORISED_EVIDENCE_ROUTE"
"CRP-LSRC-0212","CONTENT_RULE","F1","US_NEW_YORK","EXACT","US","US-NY","§ 380-j(f)(2) — N.Y. Gen. Bus. Law § 380-j","https://www.nysenate.gov/legislation/laws/GBS/","packages\backend\src\services\legalCorpus\rules.ny.ts","201F5035084F60C92B03E0140E32702ED72E79AD2CEE31405977E05525133590","ADMITTED_SOURCE_ONLY","US | US-NY | US_NEW_YORK | Fair Credit Reporting Act (New York), Gen. Bus. Law art. 25, §§ 380–380-v | § 380-j(f)(2) — N.Y. Gen. Bus. Law § 380-j","CRP-LSRC-0212","NONE","NO_REPEATED_STRING_MEASURED","no repeated (source_artifact, provision_or_citation) pair and no repeated citation string measured for this row","UNRESOLVED","CRP_PHASE5_NEXT_GATE_RECONCILIATION.md §5.2 (measured: 21 of 437 records carry a durable per-ID disposition; none of them is this ID) - no durable per-ID basis exists in this workspace to assign EXCLUDED, GAP or REFUSAL","BLOCKED_MISSING_EVIDENCE","NO_DURABLE_RESCREEN_RECORD","a durable per-ID corrected-logic rescreen disposition for CRP-LSRC-0212 - no register section, work-order ledger, catalogue field or SOURCE_CAPTURES evidence package in this workspace records one","WORK - record a durable per-ID rescreen disposition in an authorised batch; where the disposition turns on report-field or event-date mapping it additionally requires an AUTHORISED_EVIDENCE_ROUTE"
"CRP-LSRC-0213","CONTENT_RULE","F1","US_NEW_YORK","EXACT","US","US-NY","§ 380-j(g) — N.Y. Gen. Bus. Law § 380-j","https://www.nysenate.gov/legislation/laws/GBS/","packages\backend\src\services\legalCorpus\rules.ny.ts","201F5035084F60C92B03E0140E32702ED72E79AD2CEE31405977E05525133590","ADMITTED_SOURCE_ONLY","US | US-NY | US_NEW_YORK | Fair Credit Reporting Act (New York), Gen. Bus. Law art. 25, §§ 380–380-v | § 380-j(g) — N.Y. Gen. Bus. Law § 380-j","CRP-LSRC-0213","NONE","NO_REPEATED_STRING_MEASURED","no repeated (source_artifact, provision_or_citation) pair and no repeated citation string measured for this row","UNRESOLVED","CRP_PHASE5_NEXT_GATE_RECONCILIATION.md §5.2 (measured: 21 of 437 records carry a durable per-ID disposition; none of them is this ID) - no durable per-ID basis exists in this workspace to assign EXCLUDED, GAP or REFUSAL","BLOCKED_MISSING_EVIDENCE","NO_DURABLE_RESCREEN_RECORD","a durable per-ID corrected-logic rescreen disposition for CRP-LSRC-0213 - no register section, work-order ledger, catalogue field or SOURCE_CAPTURES evidence package in this workspace records one","WORK - record a durable per-ID rescreen disposition in an authorised batch; where the disposition turns on report-field or event-date mapping it additionally requires an AUTHORISED_EVIDENCE_ROUTE"
"CRP-LSRC-0214","CONTENT_RULE","F1","US_NEW_YORK","EXACT","US","US-NY","§ 380-j(h) — N.Y. Gen. Bus. Law § 380-j","https://www.nysenate.gov/legislation/laws/GBS/","packages\backend\src\services\legalCorpus\rules.ny.ts","201F5035084F60C92B03E0140E32702ED72E79AD2CEE31405977E05525133590","ADMITTED_SOURCE_ONLY","US | US-NY | US_NEW_YORK | Fair Credit Reporting Act (New York), Gen. Bus. Law art. 25, §§ 380–380-v | § 380-j(h) — N.Y. Gen. Bus. Law § 380-j","CRP-LSRC-0214","NONE","NO_REPEATED_STRING_MEASURED","no repeated (source_artifact, provision_or_citation) pair and no repeated citation string measured for this row","UNRESOLVED","CRP_PHASE5_NEXT_GATE_RECONCILIATION.md §5.2 (measured: 21 of 437 records carry a durable per-ID disposition; none of them is this ID) - no durable per-ID basis exists in this workspace to assign EXCLUDED, GAP or REFUSAL","BLOCKED_MISSING_EVIDENCE","NO_DURABLE_RESCREEN_RECORD","a durable per-ID corrected-logic rescreen disposition for CRP-LSRC-0214 - no register section, work-order ledger, catalogue field or SOURCE_CAPTURES evidence package in this workspace records one","WORK - record a durable per-ID rescreen disposition in an authorised batch; where the disposition turns on report-field or event-date mapping it additionally requires an AUTHORISED_EVIDENCE_ROUTE"
"CRP-LSRC-0215","CONTENT_RULE","F9","US_NEW_YORK","EXACT","US","US-NY","§ 380-t(a)–(b) — N.Y. Gen. Bus. Law § 380-t","https://www.nysenate.gov/legislation/laws/GBS/","packages\backend\src\services\legalCorpus\rules.ny.ts","201F5035084F60C92B03E0140E32702ED72E79AD2CEE31405977E05525133590","ADMITTED_SOURCE_ONLY","US | US-NY | US_NEW_YORK | Fair Credit Reporting Act (New York), Gen. Bus. Law art. 25, §§ 380–380-v | § 380-t(a)–(b) — N.Y. Gen. Bus. Law § 380-t","CRP-LSRC-0215","NONE","NO_REPEATED_STRING_MEASURED","no repeated (source_artifact, provision_or_citation) pair and no repeated citation string measured for this row","UNRESOLVED","CRP_PHASE5_NEXT_GATE_RECONCILIATION.md §5.2 (measured: 21 of 437 records carry a durable per-ID disposition; none of them is this ID) - no durable per-ID basis exists in this workspace to assign EXCLUDED, GAP or REFUSAL","BLOCKED_MISSING_EVIDENCE","NO_DURABLE_RESCREEN_RECORD","a durable per-ID corrected-logic rescreen disposition for CRP-LSRC-0215 - no register section, work-order ledger, catalogue field or SOURCE_CAPTURES evidence package in this workspace records one","WORK - record a durable per-ID rescreen disposition in an authorised batch; where the disposition turns on report-field or event-date mapping it additionally requires an AUTHORISED_EVIDENCE_ROUTE"
"CRP-LSRC-0216","CONTENT_RULE","F9","US_NEW_YORK","EXACT","US","US-NY","§ 380-t(c), (j), (l) — N.Y. Gen. Bus. Law § 380-t","https://www.nysenate.gov/legislation/laws/GBS/","packages\backend\src\services\legalCorpus\rules.ny.ts","201F5035084F60C92B03E0140E32702ED72E79AD2CEE31405977E05525133590","ADMITTED_SOURCE_ONLY","US | US-NY | US_NEW_YORK | Fair Credit Reporting Act (New York), Gen. Bus. Law art. 25, §§ 380–380-v | § 380-t(c), (j), (l) — N.Y. Gen. Bus. Law § 380-t","CRP-LSRC-0216","NONE","NO_REPEATED_STRING_MEASURED","no repeated (source_artifact, provision_or_citation) pair and no repeated citation string measured for this row","UNRESOLVED","CRP_PHASE5_NEXT_GATE_RECONCILIATION.md §5.2 (measured: 21 of 437 records carry a durable per-ID disposition; none of them is this ID) - no durable per-ID basis exists in this workspace to assign EXCLUDED, GAP or REFUSAL","BLOCKED_MISSING_EVIDENCE","NO_DURABLE_RESCREEN_RECORD","a durable per-ID corrected-logic rescreen disposition for CRP-LSRC-0216 - no register section, work-order ledger, catalogue field or SOURCE_CAPTURES evidence package in this workspace records one","WORK - record a durable per-ID rescreen disposition in an authorised batch; where the disposition turns on report-field or event-date mapping it additionally requires an AUTHORISED_EVIDENCE_ROUTE"
"CRP-LSRC-0217","CONTENT_RULE","F9","US_NEW_YORK","EXACT","US","US-NY","§ 380-t(d)–(i), (k), (m), (p) — N.Y. Gen. Bus. Law § 380-t","https://www.nysenate.gov/legislation/laws/GBS/","packages\backend\src\services\legalCorpus\rules.ny.ts","201F5035084F60C92B03E0140E32702ED72E79AD2CEE31405977E05525133590","ADMITTED_SOURCE_ONLY","US | US-NY | US_NEW_YORK | Fair Credit Reporting Act (New York), Gen. Bus. Law art. 25, §§ 380–380-v | § 380-t(d)–(i), (k), (m), (p) — N.Y. Gen. Bus. Law § 380-t","CRP-LSRC-0217","NONE","NO_REPEATED_STRING_MEASURED","no repeated (source_artifact, provision_or_citation) pair and no repeated citation string measured for this row","UNRESOLVED","CRP_PHASE5_NEXT_GATE_RECONCILIATION.md §5.2 (measured: 21 of 437 records carry a durable per-ID disposition; none of them is this ID) - no durable per-ID basis exists in this workspace to assign EXCLUDED, GAP or REFUSAL","BLOCKED_MISSING_EVIDENCE","NO_DURABLE_RESCREEN_RECORD","a durable per-ID corrected-logic rescreen disposition for CRP-LSRC-0217 - no register section, work-order ledger, catalogue field or SOURCE_CAPTURES evidence package in this workspace records one","WORK - record a durable per-ID rescreen disposition in an authorised batch; where the disposition turns on report-field or event-date mapping it additionally requires an AUTHORISED_EVIDENCE_ROUTE"
"CRP-LSRC-0218","CONTENT_RULE","F9","US_NEW_YORK","EXACT","US","US-NY","§ 380-t(n) — N.Y. Gen. Bus. Law § 380-t","https://www.nysenate.gov/legislation/laws/GBS/","packages\backend\src\services\legalCorpus\rules.ny.ts","201F5035084F60C92B03E0140E32702ED72E79AD2CEE31405977E05525133590","ADMITTED_SOURCE_ONLY","US | US-NY | US_NEW_YORK | Fair Credit Reporting Act (New York), Gen. Bus. Law art. 25, §§ 380–380-v | § 380-t(n) — N.Y. Gen. Bus. Law § 380-t","CRP-LSRC-0218","NONE","NO_REPEATED_STRING_MEASURED","no repeated (source_artifact, provision_or_citation) pair and no repeated citation string measured for this row","UNRESOLVED","CRP_PHASE5_NEXT_GATE_RECONCILIATION.md §5.2 (measured: 21 of 437 records carry a durable per-ID disposition; none of them is this ID) - no durable per-ID basis exists in this workspace to assign EXCLUDED, GAP or REFUSAL","BLOCKED_MISSING_EVIDENCE","NO_DURABLE_RESCREEN_RECORD","a durable per-ID corrected-logic rescreen disposition for CRP-LSRC-0218 - no register section, work-order ledger, catalogue field or SOURCE_CAPTURES evidence package in this workspace records one","WORK - record a durable per-ID rescreen disposition in an authorised batch; where the disposition turns on report-field or event-date mapping it additionally requires an AUTHORISED_EVIDENCE_ROUTE"
"CRP-LSRC-0219","CONTENT_RULE","F9","US_NEW_YORK","EXACT","US","US-NY","§ 380-t(n)(3)(i)–(ii) — N.Y. Gen. Bus. Law § 380-t","https://www.nysenate.gov/legislation/laws/GBS/","packages\backend\src\services\legalCorpus\rules.ny.ts","201F5035084F60C92B03E0140E32702ED72E79AD2CEE31405977E05525133590","ADMITTED_SOURCE_ONLY","US | US-NY | US_NEW_YORK | Fair Credit Reporting Act (New York), Gen. Bus. Law art. 25, §§ 380–380-v | § 380-t(n)(3)(i)–(ii) — N.Y. Gen. Bus. Law § 380-t","CRP-LSRC-0219","NONE","NO_REPEATED_STRING_MEASURED","no repeated (source_artifact, provision_or_citation) pair and no repeated citation string measured for this row","UNRESOLVED","CRP_PHASE5_NEXT_GATE_RECONCILIATION.md §5.2 (measured: 21 of 437 records carry a durable per-ID disposition; none of them is this ID) - no durable per-ID basis exists in this workspace to assign EXCLUDED, GAP or REFUSAL","BLOCKED_MISSING_EVIDENCE","NO_DURABLE_RESCREEN_RECORD","a durable per-ID corrected-logic rescreen disposition for CRP-LSRC-0219 - no register section, work-order ledger, catalogue field or SOURCE_CAPTURES evidence package in this workspace records one","WORK - record a durable per-ID rescreen disposition in an authorised batch; where the disposition turns on report-field or event-date mapping it additionally requires an AUTHORISED_EVIDENCE_ROUTE"
"CRP-LSRC-0220","CONTENT_RULE","F9","US_NEW_YORK","EXACT","US","US-NY","§ 380-t(o) — N.Y. Gen. Bus. Law § 380-t","https://www.nysenate.gov/legislation/laws/GBS/","packages\backend\src\services\legalCorpus\rules.ny.ts","201F5035084F60C92B03E0140E32702ED72E79AD2CEE31405977E05525133590","ADMITTED_SOURCE_ONLY","US | US-NY | US_NEW_YORK | Fair Credit Reporting Act (New York), Gen. Bus. Law art. 25, §§ 380–380-v | § 380-t(o) — N.Y. Gen. Bus. Law § 380-t","CRP-LSRC-0220","NONE","NO_REPEATED_STRING_MEASURED","no repeated (source_artifact, provision_or_citation) pair and no repeated citation string measured for this row","UNRESOLVED","CRP_PHASE5_NEXT_GATE_RECONCILIATION.md §5.2 (measured: 21 of 437 records carry a durable per-ID disposition; none of them is this ID) - no durable per-ID basis exists in this workspace to assign EXCLUDED, GAP or REFUSAL","BLOCKED_MISSING_EVIDENCE","NO_DURABLE_RESCREEN_RECORD","a durable per-ID corrected-logic rescreen disposition for CRP-LSRC-0220 - no register section, work-order ledger, catalogue field or SOURCE_CAPTURES evidence package in this workspace records one","WORK - record a durable per-ID rescreen disposition in an authorised batch; where the disposition turns on report-field or event-date mapping it additionally requires an AUTHORISED_EVIDENCE_ROUTE"
"CRP-LSRC-0221","CONTENT_RULE","F9","US_NEW_YORK","EXACT","US","US-NY","§ 380-t(q) — N.Y. Gen. Bus. Law § 380-t","https://www.nysenate.gov/legislation/laws/GBS/","packages\backend\src\services\legalCorpus\rules.ny.ts","201F5035084F60C92B03E0140E32702ED72E79AD2CEE31405977E05525133590","ADMITTED_SOURCE_ONLY","US | US-NY | US_NEW_YORK | Fair Credit Reporting Act (New York), Gen. Bus. Law art. 25, §§ 380–380-v | § 380-t(q) — N.Y. Gen. Bus. Law § 380-t","CRP-LSRC-0221","NONE","NO_REPEATED_STRING_MEASURED","no repeated (source_artifact, provision_or_citation) pair and no repeated citation string measured for this row","UNRESOLVED","CRP_PHASE5_NEXT_GATE_RECONCILIATION.md §5.2 (measured: 21 of 437 records carry a durable per-ID disposition; none of them is this ID) - no durable per-ID basis exists in this workspace to assign EXCLUDED, GAP or REFUSAL","BLOCKED_MISSING_EVIDENCE","NO_DURABLE_RESCREEN_RECORD","a durable per-ID corrected-logic rescreen disposition for CRP-LSRC-0221 - no register section, work-order ledger, catalogue field or SOURCE_CAPTURES evidence package in this workspace records one","WORK - record a durable per-ID rescreen disposition in an authorised batch; where the disposition turns on report-field or event-date mapping it additionally requires an AUTHORISED_EVIDENCE_ROUTE"
"CRP-LSRC-0222","CONTENT_RULE","F9","US_NEW_YORK","EXACT","US","US-NY","§ 380-t(r) — N.Y. Gen. Bus. Law § 380-t","https://www.nysenate.gov/legislation/laws/GBS/","packages\backend\src\services\legalCorpus\rules.ny.ts","201F5035084F60C92B03E0140E32702ED72E79AD2CEE31405977E05525133590","ADMITTED_SOURCE_ONLY","US | US-NY | US_NEW_YORK | Fair Credit Reporting Act (New York), Gen. Bus. Law art. 25, §§ 380–380-v | § 380-t(r) — N.Y. Gen. Bus. Law § 380-t","CRP-LSRC-0222","NONE","NO_REPEATED_STRING_MEASURED","no repeated (source_artifact, provision_or_citation) pair and no repeated citation string measured for this row","UNRESOLVED","CRP_PHASE5_NEXT_GATE_RECONCILIATION.md §5.2 (measured: 21 of 437 records carry a durable per-ID disposition; none of them is this ID) - no durable per-ID basis exists in this workspace to assign EXCLUDED, GAP or REFUSAL","BLOCKED_MISSING_EVIDENCE","NO_DURABLE_RESCREEN_RECORD","a durable per-ID corrected-logic rescreen disposition for CRP-LSRC-0222 - no register section, work-order ledger, catalogue field or SOURCE_CAPTURES evidence package in this workspace records one","WORK - record a durable per-ID rescreen disposition in an authorised batch; where the disposition turns on report-field or event-date mapping it additionally requires an AUTHORISED_EVIDENCE_ROUTE"
"CRP-LSRC-0223","CONTENT_RULE","F9","US_NEW_YORK","EXACT","US","US-NY","§ 380-u(a)–(g), (i)–(j) — N.Y. Gen. Bus. Law § 380-u","https://www.nysenate.gov/legislation/laws/GBS/","packages\backend\src\services\legalCorpus\rules.ny.ts","201F5035084F60C92B03E0140E32702ED72E79AD2CEE31405977E05525133590","ADMITTED_SOURCE_ONLY","US | US-NY | US_NEW_YORK | Fair Credit Reporting Act (New York), Gen. Bus. Law art. 25, §§ 380–380-v | § 380-u(a)–(g), (i)–(j) — N.Y. Gen. Bus. Law § 380-u","CRP-LSRC-0223","NONE","NO_REPEATED_STRING_MEASURED","no repeated (source_artifact, provision_or_citation) pair and no repeated citation string measured for this row","UNRESOLVED","CRP_PHASE5_NEXT_GATE_RECONCILIATION.md §5.2 (measured: 21 of 437 records carry a durable per-ID disposition; none of them is this ID) - no durable per-ID basis exists in this workspace to assign EXCLUDED, GAP or REFUSAL","BLOCKED_MISSING_EVIDENCE","NO_DURABLE_RESCREEN_RECORD","a durable per-ID corrected-logic rescreen disposition for CRP-LSRC-0223 - no register section, work-order ledger, catalogue field or SOURCE_CAPTURES evidence package in this workspace records one","WORK - record a durable per-ID rescreen disposition in an authorised batch; where the disposition turns on report-field or event-date mapping it additionally requires an AUTHORISED_EVIDENCE_ROUTE"
"CRP-LSRC-0224","CONTENT_RULE","F9","US_NEW_YORK","EXACT","US","US-NY","§ 380-u(h) — N.Y. Gen. Bus. Law § 380-u","https://www.nysenate.gov/legislation/laws/GBS/","packages\backend\src\services\legalCorpus\rules.ny.ts","201F5035084F60C92B03E0140E32702ED72E79AD2CEE31405977E05525133590","ADMITTED_SOURCE_ONLY","US | US-NY | US_NEW_YORK | Fair Credit Reporting Act (New York), Gen. Bus. Law art. 25, §§ 380–380-v | § 380-u(h) — N.Y. Gen. Bus. Law § 380-u","CRP-LSRC-0224","NONE","NO_REPEATED_STRING_MEASURED","no repeated (source_artifact, provision_or_citation) pair and no repeated citation string measured for this row","UNRESOLVED","CRP_PHASE5_NEXT_GATE_RECONCILIATION.md §5.2 (measured: 21 of 437 records carry a durable per-ID disposition; none of them is this ID) - no durable per-ID basis exists in this workspace to assign EXCLUDED, GAP or REFUSAL","BLOCKED_MISSING_EVIDENCE","NO_DURABLE_RESCREEN_RECORD","a durable per-ID corrected-logic rescreen disposition for CRP-LSRC-0224 - no register section, work-order ledger, catalogue field or SOURCE_CAPTURES evidence package in this workspace records one","WORK - record a durable per-ID rescreen disposition in an authorised batch; where the disposition turns on report-field or event-date mapping it additionally requires an AUTHORISED_EVIDENCE_ROUTE"
"CRP-LSRC-0225","CONTENT_RULE","F10","US_NEW_YORK","EXACT","US","US-NY","§ 380-j (preemption interaction for the whole overlay) — N.Y. Gen. Bus. Law § 380-j","https://www.nysenate.gov/legislation/laws/GBS/","packages\backend\src\services\legalCorpus\rules.ny.ts","201F5035084F60C92B03E0140E32702ED72E79AD2CEE31405977E05525133590","ADMITTED_SOURCE_ONLY","US | US-NY | US_NEW_YORK | Fair Credit Reporting Act (New York), Gen. Bus. Law art. 25, §§ 380–380-v | § 380-j (preemption interaction for the whole overlay) — N.Y. Gen. Bus. Law § 380-j","CRP-LSRC-0225","NONE","NO_REPEATED_STRING_MEASURED","no repeated (source_artifact, provision_or_citation) pair and no repeated citation string measured for this row","UNRESOLVED","CRP_PHASE5_NEXT_GATE_RECONCILIATION.md §5.2 (measured: 21 of 437 records carry a durable per-ID disposition; none of them is this ID) - no durable per-ID basis exists in this workspace to assign EXCLUDED, GAP or REFUSAL","BLOCKED_MISSING_EVIDENCE","NO_DURABLE_RESCREEN_RECORD","a durable per-ID corrected-logic rescreen disposition for CRP-LSRC-0225 - no register section, work-order ledger, catalogue field or SOURCE_CAPTURES evidence package in this workspace records one","WORK - record a durable per-ID rescreen disposition in an authorised batch; where the disposition turns on report-field or event-date mapping it additionally requires an AUTHORISED_EVIDENCE_ROUTE"
"CRP-LSRC-0226","CONTENT_RULE","F8","US_WASHINGTON","EXACT","US","US-WA","RCW 19.182.030 — RCW 19.182.030","https://app.leg.wa.gov/RCW/default.aspx?cite=19.182.","packages\backend\src\services\legalCorpus\rules.wa.ts","A4BFE8999B9AB681C582A59F403280BECC06C0EA20EAEC8F6A456FEF18121E9D","ADMITTED_SOURCE_ONLY","US | US-WA | US_WASHINGTON | Fair Credit Reporting Act, chapter 19.182 RCW | RCW 19.182.030 — RCW 19.182.030","CRP-LSRC-0226","NONE","NO_REPEATED_STRING_MEASURED","no repeated (source_artifact, provision_or_citation) pair and no repeated citation string measured for this row","UNRESOLVED","CRP_PHASE5_NEXT_GATE_RECONCILIATION.md §5.2 (measured: 21 of 437 records carry a durable per-ID disposition; none of them is this ID) - no durable per-ID basis exists in this workspace to assign EXCLUDED, GAP or REFUSAL","BLOCKED_MISSING_EVIDENCE","NO_DURABLE_RESCREEN_RECORD","a durable per-ID corrected-logic rescreen disposition for CRP-LSRC-0226 - no register section, work-order ledger, catalogue field or SOURCE_CAPTURES evidence package in this workspace records one","WORK - record a durable per-ID rescreen disposition in an authorised batch; where the disposition turns on report-field or event-date mapping it additionally requires an AUTHORISED_EVIDENCE_ROUTE"
"CRP-LSRC-0227","CONTENT_RULE","F1","US_WASHINGTON","EXACT","US","US-WA","RCW 19.182.040(1)(a) — RCW 19.182.040","https://app.leg.wa.gov/RCW/default.aspx?cite=19.182.","packages\backend\src\services\legalCorpus\rules.wa.ts","A4BFE8999B9AB681C582A59F403280BECC06C0EA20EAEC8F6A456FEF18121E9D","ADMITTED_SOURCE_ONLY","US | US-WA | US_WASHINGTON | Fair Credit Reporting Act, chapter 19.182 RCW | RCW 19.182.040(1)(a) — RCW 19.182.040","CRP-LSRC-0227","NONE","NO_REPEATED_STRING_MEASURED","no repeated (source_artifact, provision_or_citation) pair and no repeated citation string measured for this row","UNRESOLVED","CRP_PHASE5_NEXT_GATE_RECONCILIATION.md §5.2 (measured: 21 of 437 records carry a durable per-ID disposition; none of them is this ID) - no durable per-ID basis exists in this workspace to assign EXCLUDED, GAP or REFUSAL","BLOCKED_MISSING_EVIDENCE","NO_DURABLE_RESCREEN_RECORD","a durable per-ID corrected-logic rescreen disposition for CRP-LSRC-0227 - no register section, work-order ledger, catalogue field or SOURCE_CAPTURES evidence package in this workspace records one","WORK - record a durable per-ID rescreen disposition in an authorised batch; where the disposition turns on report-field or event-date mapping it additionally requires an AUTHORISED_EVIDENCE_ROUTE"
"CRP-LSRC-0228","CONTENT_RULE","F1","US_WASHINGTON","EXACT","US","US-WA","RCW 19.182.040(1)(b) — RCW 19.182.040","https://app.leg.wa.gov/RCW/default.aspx?cite=19.182.","packages\backend\src\services\legalCorpus\rules.wa.ts","A4BFE8999B9AB681C582A59F403280BECC06C0EA20EAEC8F6A456FEF18121E9D","ADMITTED_SOURCE_ONLY","US | US-WA | US_WASHINGTON | Fair Credit Reporting Act, chapter 19.182 RCW | RCW 19.182.040(1)(b) — RCW 19.182.040","CRP-LSRC-0228","NONE","NO_REPEATED_STRING_MEASURED","no repeated (source_artifact, provision_or_citation) pair and no repeated citation string measured for this row","UNRESOLVED","CRP_PHASE5_NEXT_GATE_RECONCILIATION.md §5.2 (measured: 21 of 437 records carry a durable per-ID disposition; none of them is this ID) - no durable per-ID basis exists in this workspace to assign EXCLUDED, GAP or REFUSAL","BLOCKED_MISSING_EVIDENCE","NO_DURABLE_RESCREEN_RECORD","a durable per-ID corrected-logic rescreen disposition for CRP-LSRC-0228 - no register section, work-order ledger, catalogue field or SOURCE_CAPTURES evidence package in this workspace records one","WORK - record a durable per-ID rescreen disposition in an authorised batch; where the disposition turns on report-field or event-date mapping it additionally requires an AUTHORISED_EVIDENCE_ROUTE"
"CRP-LSRC-0229","CONTENT_RULE","F1","US_WASHINGTON","EXACT","US","US-WA","RCW 19.182.040(1)(c) — RCW 19.182.040","https://app.leg.wa.gov/RCW/default.aspx?cite=19.182.","packages\backend\src\services\legalCorpus\rules.wa.ts","A4BFE8999B9AB681C582A59F403280BECC06C0EA20EAEC8F6A456FEF18121E9D","ADMITTED_SOURCE_ONLY","US | US-WA | US_WASHINGTON | Fair Credit Reporting Act, chapter 19.182 RCW | RCW 19.182.040(1)(c) — RCW 19.182.040","CRP-LSRC-0229","NONE","NO_REPEATED_STRING_MEASURED","no repeated (source_artifact, provision_or_citation) pair and no repeated citation string measured for this row","UNRESOLVED","CRP_PHASE5_NEXT_GATE_RECONCILIATION.md §5.2 (measured: 21 of 437 records carry a durable per-ID disposition; none of them is this ID) - no durable per-ID basis exists in this workspace to assign EXCLUDED, GAP or REFUSAL","BLOCKED_MISSING_EVIDENCE","NO_DURABLE_RESCREEN_RECORD","a durable per-ID corrected-logic rescreen disposition for CRP-LSRC-0229 - no register section, work-order ledger, catalogue field or SOURCE_CAPTURES evidence package in this workspace records one","WORK - record a durable per-ID rescreen disposition in an authorised batch; where the disposition turns on report-field or event-date mapping it additionally requires an AUTHORISED_EVIDENCE_ROUTE"
"CRP-LSRC-0230","CONTENT_RULE","F1","US_WASHINGTON","EXACT","US","US-WA","RCW 19.182.040(1)(d) — RCW 19.182.040","https://app.leg.wa.gov/RCW/default.aspx?cite=19.182.","packages\backend\src\services\legalCorpus\rules.wa.ts","A4BFE8999B9AB681C582A59F403280BECC06C0EA20EAEC8F6A456FEF18121E9D","ADMITTED_SOURCE_ONLY","US | US-WA | US_WASHINGTON | Fair Credit Reporting Act, chapter 19.182 RCW | RCW 19.182.040(1)(d) — RCW 19.182.040","CRP-LSRC-0230","NONE","NO_REPEATED_STRING_MEASURED","no repeated (source_artifact, provision_or_citation) pair and no repeated citation string measured for this row","UNRESOLVED","CRP_PHASE5_NEXT_GATE_RECONCILIATION.md §5.2 (measured: 21 of 437 records carry a durable per-ID disposition; none of them is this ID) - no durable per-ID basis exists in this workspace to assign EXCLUDED, GAP or REFUSAL","BLOCKED_MISSING_EVIDENCE","NO_DURABLE_RESCREEN_RECORD","a durable per-ID corrected-logic rescreen disposition for CRP-LSRC-0230 - no register section, work-order ledger, catalogue field or SOURCE_CAPTURES evidence package in this workspace records one","WORK - record a durable per-ID rescreen disposition in an authorised batch; where the disposition turns on report-field or event-date mapping it additionally requires an AUTHORISED_EVIDENCE_ROUTE"
"CRP-LSRC-0231","CONTENT_RULE","F1","US_WASHINGTON","EXACT","US","US-WA","RCW 19.182.040(1)(e) — RCW 19.182.040","https://app.leg.wa.gov/RCW/default.aspx?cite=19.182.","packages\backend\src\services\legalCorpus\rules.wa.ts","A4BFE8999B9AB681C582A59F403280BECC06C0EA20EAEC8F6A456FEF18121E9D","ADMITTED_SOURCE_ONLY","US | US-WA | US_WASHINGTON | Fair Credit Reporting Act, chapter 19.182 RCW | RCW 19.182.040(1)(e) — RCW 19.182.040","CRP-LSRC-0231","NONE","NO_REPEATED_STRING_MEASURED","no repeated (source_artifact, provision_or_citation) pair and no repeated citation string measured for this row","UNRESOLVED","CRP_PHASE5_NEXT_GATE_RECONCILIATION.md §5.2 (measured: 21 of 437 records carry a durable per-ID disposition; none of them is this ID) - no durable per-ID basis exists in this workspace to assign EXCLUDED, GAP or REFUSAL","BLOCKED_MISSING_EVIDENCE","NO_DURABLE_RESCREEN_RECORD","a durable per-ID corrected-logic rescreen disposition for CRP-LSRC-0231 - no register section, work-order ledger, catalogue field or SOURCE_CAPTURES evidence package in this workspace records one","WORK - record a durable per-ID rescreen disposition in an authorised batch; where the disposition turns on report-field or event-date mapping it additionally requires an AUTHORISED_EVIDENCE_ROUTE"
"CRP-LSRC-0232","CONTENT_RULE","F1","US_WASHINGTON","EXACT","US","US-WA","RCW 19.182.040(1)(f) — RCW 19.182.040","https://app.leg.wa.gov/RCW/default.aspx?cite=19.182.","packages\backend\src\services\legalCorpus\rules.wa.ts","A4BFE8999B9AB681C582A59F403280BECC06C0EA20EAEC8F6A456FEF18121E9D","ADMITTED_SOURCE_ONLY","US | US-WA | US_WASHINGTON | Fair Credit Reporting Act, chapter 19.182 RCW | RCW 19.182.040(1)(f) — RCW 19.182.040","CRP-LSRC-0232","NONE","NO_REPEATED_STRING_MEASURED","no repeated (source_artifact, provision_or_citation) pair and no repeated citation string measured for this row","UNRESOLVED","CRP_PHASE5_NEXT_GATE_RECONCILIATION.md §5.2 (measured: 21 of 437 records carry a durable per-ID disposition; none of them is this ID) - no durable per-ID basis exists in this workspace to assign EXCLUDED, GAP or REFUSAL","BLOCKED_MISSING_EVIDENCE","NO_DURABLE_RESCREEN_RECORD","a durable per-ID corrected-logic rescreen disposition for CRP-LSRC-0232 - no register section, work-order ledger, catalogue field or SOURCE_CAPTURES evidence package in this workspace records one","WORK - record a durable per-ID rescreen disposition in an authorised batch; where the disposition turns on report-field or event-date mapping it additionally requires an AUTHORISED_EVIDENCE_ROUTE"
"CRP-LSRC-0233","CONTENT_RULE","F3","US_WASHINGTON","EXACT","US","US-WA","RCW 19.182.040(1)(g) — RCW 19.182.040","https://app.leg.wa.gov/RCW/default.aspx?cite=19.182.","packages\backend\src\services\legalCorpus\rules.wa.ts","A4BFE8999B9AB681C582A59F403280BECC06C0EA20EAEC8F6A456FEF18121E9D","ADMITTED_SOURCE_ONLY","US | US-WA | US_WASHINGTON | Fair Credit Reporting Act, chapter 19.182 RCW | RCW 19.182.040(1)(g) — RCW 19.182.040","CRP-LSRC-0233","NONE","NO_REPEATED_STRING_MEASURED","no repeated (source_artifact, provision_or_citation) pair and no repeated citation string measured for this row","UNRESOLVED","CRP_PHASE5_NEXT_GATE_RECONCILIATION.md §5.2 (measured: 21 of 437 records carry a durable per-ID disposition; none of them is this ID) - no durable per-ID basis exists in this workspace to assign EXCLUDED, GAP or REFUSAL","BLOCKED_MISSING_EVIDENCE","NO_DURABLE_RESCREEN_RECORD","a durable per-ID corrected-logic rescreen disposition for CRP-LSRC-0233 - no register section, work-order ledger, catalogue field or SOURCE_CAPTURES evidence package in this workspace records one","WORK - record a durable per-ID rescreen disposition in an authorised batch; where the disposition turns on report-field or event-date mapping it additionally requires an AUTHORISED_EVIDENCE_ROUTE"
"CRP-LSRC-0234","CONTENT_RULE","F1","US_WASHINGTON","EXACT","US","US-WA","RCW 19.182.040(1)(h) — RCW 19.182.040","https://app.leg.wa.gov/RCW/default.aspx?cite=19.182.","packages\backend\src\services\legalCorpus\rules.wa.ts","A4BFE8999B9AB681C582A59F403280BECC06C0EA20EAEC8F6A456FEF18121E9D","ADMITTED_SOURCE_ONLY","US | US-WA | US_WASHINGTON | Fair Credit Reporting Act, chapter 19.182 RCW | RCW 19.182.040(1)(h) — RCW 19.182.040","CRP-LSRC-0234","NONE","NO_REPEATED_STRING_MEASURED","no repeated (source_artifact, provision_or_citation) pair and no repeated citation string measured for this row","UNRESOLVED","CRP_PHASE5_NEXT_GATE_RECONCILIATION.md §5.2 (measured: 21 of 437 records carry a durable per-ID disposition; none of them is this ID) - no durable per-ID basis exists in this workspace to assign EXCLUDED, GAP or REFUSAL","BLOCKED_MISSING_EVIDENCE","NO_DURABLE_RESCREEN_RECORD","a durable per-ID corrected-logic rescreen disposition for CRP-LSRC-0234 - no register section, work-order ledger, catalogue field or SOURCE_CAPTURES evidence package in this workspace records one","WORK - record a durable per-ID rescreen disposition in an authorised batch; where the disposition turns on report-field or event-date mapping it additionally requires an AUTHORISED_EVIDENCE_ROUTE"
"CRP-LSRC-0235","CONTENT_RULE","F8","US_WASHINGTON","EXACT","US","US-WA","RCW 19.182.040(2) — RCW 19.182.040","https://app.leg.wa.gov/RCW/default.aspx?cite=19.182.","packages\backend\src\services\legalCorpus\rules.wa.ts","A4BFE8999B9AB681C582A59F403280BECC06C0EA20EAEC8F6A456FEF18121E9D","ADMITTED_SOURCE_ONLY","US | US-WA | US_WASHINGTON | Fair Credit Reporting Act, chapter 19.182 RCW | RCW 19.182.040(2) — RCW 19.182.040","CRP-LSRC-0235","NONE","NO_REPEATED_STRING_MEASURED","no repeated (source_artifact, provision_or_citation) pair and no repeated citation string measured for this row","UNRESOLVED","CRP_PHASE5_NEXT_GATE_RECONCILIATION.md §5.2 (measured: 21 of 437 records carry a durable per-ID disposition; none of them is this ID) - no durable per-ID basis exists in this workspace to assign EXCLUDED, GAP or REFUSAL","BLOCKED_MISSING_EVIDENCE","NO_DURABLE_RESCREEN_RECORD","a durable per-ID corrected-logic rescreen disposition for CRP-LSRC-0235 - no register section, work-order ledger, catalogue field or SOURCE_CAPTURES evidence package in this workspace records one","WORK - record a durable per-ID rescreen disposition in an authorised batch; where the disposition turns on report-field or event-date mapping it additionally requires an AUTHORISED_EVIDENCE_ROUTE"
"CRP-LSRC-0236","CONTENT_RULE","F6","US_WASHINGTON","EXACT","US","US-WA","RCW 19.182.090(1) — RCW 19.182.090","https://app.leg.wa.gov/RCW/default.aspx?cite=19.182.","packages\backend\src\services\legalCorpus\rules.wa.ts","A4BFE8999B9AB681C582A59F403280BECC06C0EA20EAEC8F6A456FEF18121E9D","ADMITTED_SOURCE_ONLY","US | US-WA | US_WASHINGTON | Fair Credit Reporting Act, chapter 19.182 RCW | RCW 19.182.090(1) — RCW 19.182.090","CRP-LSRC-0236","NONE","NO_REPEATED_STRING_MEASURED","no repeated (source_artifact, provision_or_citation) pair and no repeated citation string measured for this row","UNRESOLVED","CRP_PHASE5_NEXT_GATE_RECONCILIATION.md §5.2 (measured: 21 of 437 records carry a durable per-ID disposition; none of them is this ID) - no durable per-ID basis exists in this workspace to assign EXCLUDED, GAP or REFUSAL","BLOCKED_MISSING_EVIDENCE","NO_DURABLE_RESCREEN_RECORD","a durable per-ID corrected-logic rescreen disposition for CRP-LSRC-0236 - no register section, work-order ledger, catalogue field or SOURCE_CAPTURES evidence package in this workspace records one","WORK - record a durable per-ID rescreen disposition in an authorised batch; where the disposition turns on report-field or event-date mapping it additionally requires an AUTHORISED_EVIDENCE_ROUTE"
"CRP-LSRC-0237","CONTENT_RULE","F6","US_WASHINGTON","EXACT","US","US-WA","RCW 19.182.090(2) — RCW 19.182.090","https://app.leg.wa.gov/RCW/default.aspx?cite=19.182.","packages\backend\src\services\legalCorpus\rules.wa.ts","A4BFE8999B9AB681C582A59F403280BECC06C0EA20EAEC8F6A456FEF18121E9D","ADMITTED_SOURCE_ONLY","US | US-WA | US_WASHINGTON | Fair Credit Reporting Act, chapter 19.182 RCW | RCW 19.182.090(2) — RCW 19.182.090","CRP-LSRC-0237","NONE","NO_REPEATED_STRING_MEASURED","no repeated (source_artifact, provision_or_citation) pair and no repeated citation string measured for this row","UNRESOLVED","CRP_PHASE5_NEXT_GATE_RECONCILIATION.md §5.2 (measured: 21 of 437 records carry a durable per-ID disposition; none of them is this ID) - no durable per-ID basis exists in this workspace to assign EXCLUDED, GAP or REFUSAL","BLOCKED_MISSING_EVIDENCE","NO_DURABLE_RESCREEN_RECORD","a durable per-ID corrected-logic rescreen disposition for CRP-LSRC-0237 - no register section, work-order ledger, catalogue field or SOURCE_CAPTURES evidence package in this workspace records one","WORK - record a durable per-ID rescreen disposition in an authorised batch; where the disposition turns on report-field or event-date mapping it additionally requires an AUTHORISED_EVIDENCE_ROUTE"
"CRP-LSRC-0238","CONTENT_RULE","F6","US_WASHINGTON","EXACT","US","US-WA","RCW 19.182.090(3)(b) — RCW 19.182.090","https://app.leg.wa.gov/RCW/default.aspx?cite=19.182.","packages\backend\src\services\legalCorpus\rules.wa.ts","A4BFE8999B9AB681C582A59F403280BECC06C0EA20EAEC8F6A456FEF18121E9D","ADMITTED_SOURCE_ONLY","US | US-WA | US_WASHINGTON | Fair Credit Reporting Act, chapter 19.182 RCW | RCW 19.182.090(3)(b) — RCW 19.182.090","CRP-LSRC-0238","NONE","NO_REPEATED_STRING_MEASURED","no repeated (source_artifact, provision_or_citation) pair and no repeated citation string measured for this row","UNRESOLVED","CRP_PHASE5_NEXT_GATE_RECONCILIATION.md §5.2 (measured: 21 of 437 records carry a durable per-ID disposition; none of them is this ID) - no durable per-ID basis exists in this workspace to assign EXCLUDED, GAP or REFUSAL","BLOCKED_MISSING_EVIDENCE","NO_DURABLE_RESCREEN_RECORD","a durable per-ID corrected-logic rescreen disposition for CRP-LSRC-0238 - no register section, work-order ledger, catalogue field or SOURCE_CAPTURES evidence package in this workspace records one","WORK - record a durable per-ID rescreen disposition in an authorised batch; where the disposition turns on report-field or event-date mapping it additionally requires an AUTHORISED_EVIDENCE_ROUTE"
"CRP-LSRC-0239","CONTENT_RULE","F6","US_WASHINGTON","EXACT","US","US-WA","RCW 19.182.090(5)(b)(ii) — RCW 19.182.090","https://app.leg.wa.gov/RCW/default.aspx?cite=19.182.","packages\backend\src\services\legalCorpus\rules.wa.ts","A4BFE8999B9AB681C582A59F403280BECC06C0EA20EAEC8F6A456FEF18121E9D","ADMITTED_SOURCE_ONLY","US | US-WA | US_WASHINGTON | Fair Credit Reporting Act, chapter 19.182 RCW | RCW 19.182.090(5)(b)(ii) — RCW 19.182.090","CRP-LSRC-0239","NONE","NO_REPEATED_STRING_MEASURED","no repeated (source_artifact, provision_or_citation) pair and no repeated citation string measured for this row","UNRESOLVED","CRP_PHASE5_NEXT_GATE_RECONCILIATION.md §5.2 (measured: 21 of 437 records carry a durable per-ID disposition; none of them is this ID) - no durable per-ID basis exists in this workspace to assign EXCLUDED, GAP or REFUSAL","BLOCKED_MISSING_EVIDENCE","NO_DURABLE_RESCREEN_RECORD","a durable per-ID corrected-logic rescreen disposition for CRP-LSRC-0239 - no register section, work-order ledger, catalogue field or SOURCE_CAPTURES evidence package in this workspace records one","WORK - record a durable per-ID rescreen disposition in an authorised batch; where the disposition turns on report-field or event-date mapping it additionally requires an AUTHORISED_EVIDENCE_ROUTE"
"CRP-LSRC-0240","CONTENT_RULE","F9","US_WASHINGTON","EXACT","US","US-WA","RCW 19.182.160(1) — RCW 19.182.160","https://app.leg.wa.gov/RCW/default.aspx?cite=19.182.","packages\backend\src\services\legalCorpus\rules.wa.ts","A4BFE8999B9AB681C582A59F403280BECC06C0EA20EAEC8F6A456FEF18121E9D","ADMITTED_SOURCE_ONLY","US | US-WA | US_WASHINGTON | Fair Credit Reporting Act, chapter 19.182 RCW | RCW 19.182.160(1) — RCW 19.182.160","CRP-LSRC-0240","NONE","NO_REPEATED_STRING_MEASURED","no repeated (source_artifact, provision_or_citation) pair and no repeated citation string measured for this row","UNRESOLVED","CRP_PHASE5_NEXT_GATE_RECONCILIATION.md §5.2 (measured: 21 of 437 records carry a durable per-ID disposition; none of them is this ID) - no durable per-ID basis exists in this workspace to assign EXCLUDED, GAP or REFUSAL","BLOCKED_MISSING_EVIDENCE","NO_DURABLE_RESCREEN_RECORD","a durable per-ID corrected-logic rescreen disposition for CRP-LSRC-0240 - no register section, work-order ledger, catalogue field or SOURCE_CAPTURES evidence package in this workspace records one","WORK - record a durable per-ID rescreen disposition in an authorised batch; where the disposition turns on report-field or event-date mapping it additionally requires an AUTHORISED_EVIDENCE_ROUTE"
"CRP-LSRC-0241","CONTENT_RULE","F9","US_WASHINGTON","EXACT","US","US-WA","RCW 19.182.170(3) — RCW 19.182.170","https://app.leg.wa.gov/RCW/default.aspx?cite=19.182.","packages\backend\src\services\legalCorpus\rules.wa.ts","A4BFE8999B9AB681C582A59F403280BECC06C0EA20EAEC8F6A456FEF18121E9D","ADMITTED_SOURCE_ONLY","US | US-WA | US_WASHINGTON | Fair Credit Reporting Act, chapter 19.182 RCW | RCW 19.182.170(3) — RCW 19.182.170","CRP-LSRC-0241","NONE","NO_REPEATED_STRING_MEASURED","no repeated (source_artifact, provision_or_citation) pair and no repeated citation string measured for this row","UNRESOLVED","CRP_PHASE5_NEXT_GATE_RECONCILIATION.md §5.2 (measured: 21 of 437 records carry a durable per-ID disposition; none of them is this ID) - no durable per-ID basis exists in this workspace to assign EXCLUDED, GAP or REFUSAL","BLOCKED_MISSING_EVIDENCE","NO_DURABLE_RESCREEN_RECORD","a durable per-ID corrected-logic rescreen disposition for CRP-LSRC-0241 - no register section, work-order ledger, catalogue field or SOURCE_CAPTURES evidence package in this workspace records one","WORK - record a durable per-ID rescreen disposition in an authorised batch; where the disposition turns on report-field or event-date mapping it additionally requires an AUTHORISED_EVIDENCE_ROUTE"
"CRP-LSRC-0242","CONTENT_RULE","F9","US_WASHINGTON","EXACT","US","US-WA","RCW 19.182.170(4) — RCW 19.182.170","https://app.leg.wa.gov/RCW/default.aspx?cite=19.182.","packages\backend\src\services\legalCorpus\rules.wa.ts","A4BFE8999B9AB681C582A59F403280BECC06C0EA20EAEC8F6A456FEF18121E9D","ADMITTED_SOURCE_ONLY","US | US-WA | US_WASHINGTON | Fair Credit Reporting Act, chapter 19.182 RCW | RCW 19.182.170(4) — RCW 19.182.170","CRP-LSRC-0242","NONE","NO_REPEATED_STRING_MEASURED","no repeated (source_artifact, provision_or_citation) pair and no repeated citation string measured for this row","UNRESOLVED","CRP_PHASE5_NEXT_GATE_RECONCILIATION.md §5.2 (measured: 21 of 437 records carry a durable per-ID disposition; none of them is this ID) - no durable per-ID basis exists in this workspace to assign EXCLUDED, GAP or REFUSAL","BLOCKED_MISSING_EVIDENCE","NO_DURABLE_RESCREEN_RECORD","a durable per-ID corrected-logic rescreen disposition for CRP-LSRC-0242 - no register section, work-order ledger, catalogue field or SOURCE_CAPTURES evidence package in this workspace records one","WORK - record a durable per-ID rescreen disposition in an authorised batch; where the disposition turns on report-field or event-date mapping it additionally requires an AUTHORISED_EVIDENCE_ROUTE"
"CRP-LSRC-0243","CONTENT_RULE","F9","US_WASHINGTON","EXACT","US","US-WA","RCW 19.182.170(6) — RCW 19.182.170","https://app.leg.wa.gov/RCW/default.aspx?cite=19.182.","packages\backend\src\services\legalCorpus\rules.wa.ts","A4BFE8999B9AB681C582A59F403280BECC06C0EA20EAEC8F6A456FEF18121E9D","ADMITTED_SOURCE_ONLY","US | US-WA | US_WASHINGTON | Fair Credit Reporting Act, chapter 19.182 RCW | RCW 19.182.170(6) — RCW 19.182.170","CRP-LSRC-0243","NONE","NO_REPEATED_STRING_MEASURED","no repeated (source_artifact, provision_or_citation) pair and no repeated citation string measured for this row","UNRESOLVED","CRP_PHASE5_NEXT_GATE_RECONCILIATION.md §5.2 (measured: 21 of 437 records carry a durable per-ID disposition; none of them is this ID) - no durable per-ID basis exists in this workspace to assign EXCLUDED, GAP or REFUSAL","BLOCKED_MISSING_EVIDENCE","NO_DURABLE_RESCREEN_RECORD","a durable per-ID corrected-logic rescreen disposition for CRP-LSRC-0243 - no register section, work-order ledger, catalogue field or SOURCE_CAPTURES evidence package in this workspace records one","WORK - record a durable per-ID rescreen disposition in an authorised batch; where the disposition turns on report-field or event-date mapping it additionally requires an AUTHORISED_EVIDENCE_ROUTE"
"CRP-LSRC-0244","CONTENT_RULE","F9","US_WASHINGTON","EXACT","US","US-WA","RCW 19.182.180 — RCW 19.182.180","https://app.leg.wa.gov/RCW/default.aspx?cite=19.182.","packages\backend\src\services\legalCorpus\rules.wa.ts","A4BFE8999B9AB681C582A59F403280BECC06C0EA20EAEC8F6A456FEF18121E9D","ADMITTED_SOURCE_ONLY","US | US-WA | US_WASHINGTON | Fair Credit Reporting Act, chapter 19.182 RCW | RCW 19.182.180 — RCW 19.182.180","CRP-LSRC-0244","NONE","NO_REPEATED_STRING_MEASURED","no repeated (source_artifact, provision_or_citation) pair and no repeated citation string measured for this row","UNRESOLVED","CRP_PHASE5_NEXT_GATE_RECONCILIATION.md §5.2 (measured: 21 of 437 records carry a durable per-ID disposition; none of them is this ID) - no durable per-ID basis exists in this workspace to assign EXCLUDED, GAP or REFUSAL","BLOCKED_MISSING_EVIDENCE","NO_DURABLE_RESCREEN_RECORD","a durable per-ID corrected-logic rescreen disposition for CRP-LSRC-0244 - no register section, work-order ledger, catalogue field or SOURCE_CAPTURES evidence package in this workspace records one","WORK - record a durable per-ID rescreen disposition in an authorised batch; where the disposition turns on report-field or event-date mapping it additionally requires an AUTHORISED_EVIDENCE_ROUTE"
"CRP-LSRC-0245","CONTENT_RULE","F9","US_WASHINGTON","EXACT","US","US-WA","RCW 19.182.230(3) — RCW 19.182.230","https://app.leg.wa.gov/RCW/default.aspx?cite=19.182.","packages\backend\src\services\legalCorpus\rules.wa.ts","A4BFE8999B9AB681C582A59F403280BECC06C0EA20EAEC8F6A456FEF18121E9D","ADMITTED_SOURCE_ONLY","US | US-WA | US_WASHINGTON | Fair Credit Reporting Act, chapter 19.182 RCW | RCW 19.182.230(3) — RCW 19.182.230","CRP-LSRC-0245","NONE","NO_REPEATED_STRING_MEASURED","no repeated (source_artifact, provision_or_citation) pair and no repeated citation string measured for this row","UNRESOLVED","CRP_PHASE5_NEXT_GATE_RECONCILIATION.md §5.2 (measured: 21 of 437 records carry a durable per-ID disposition; none of them is this ID) - no durable per-ID basis exists in this workspace to assign EXCLUDED, GAP or REFUSAL","BLOCKED_MISSING_EVIDENCE","NO_DURABLE_RESCREEN_RECORD","a durable per-ID corrected-logic rescreen disposition for CRP-LSRC-0245 - no register section, work-order ledger, catalogue field or SOURCE_CAPTURES evidence package in this workspace records one","WORK - record a durable per-ID rescreen disposition in an authorised batch; where the disposition turns on report-field or event-date mapping it additionally requires an AUTHORISED_EVIDENCE_ROUTE"
"CRP-LSRC-0246","CONTENT_RULE","F4","US_WASHINGTON","EXACT","US","US-WA","RCW 19.182.060(2) — RCW 19.182.060","https://app.leg.wa.gov/RCW/default.aspx?cite=19.182.","packages\backend\src\services\legalCorpus\rules.wa.ts","A4BFE8999B9AB681C582A59F403280BECC06C0EA20EAEC8F6A456FEF18121E9D","ADMITTED_SOURCE_ONLY","US | US-WA | US_WASHINGTON | Fair Credit Reporting Act, chapter 19.182 RCW | RCW 19.182.060(2) — RCW 19.182.060","CRP-LSRC-0246","NONE","NO_REPEATED_STRING_MEASURED","no repeated (source_artifact, provision_or_citation) pair and no repeated citation string measured for this row","UNRESOLVED","CRP_PHASE5_NEXT_GATE_RECONCILIATION.md §5.2 (measured: 21 of 437 records carry a durable per-ID disposition; none of them is this ID) - no durable per-ID basis exists in this workspace to assign EXCLUDED, GAP or REFUSAL","BLOCKED_MISSING_EVIDENCE","NO_DURABLE_RESCREEN_RECORD","a durable per-ID corrected-logic rescreen disposition for CRP-LSRC-0246 - no register section, work-order ledger, catalogue field or SOURCE_CAPTURES evidence package in this workspace records one","WORK - record a durable per-ID rescreen disposition in an authorised batch; where the disposition turns on report-field or event-date mapping it additionally requires an AUTHORISED_EVIDENCE_ROUTE"
"CRP-LSRC-0247","CONTENT_RULE","F10","US_WASHINGTON","EXACT","US","US-WA","RCW 19.182.110 — RCW 19.182.110","https://app.leg.wa.gov/RCW/default.aspx?cite=19.182.","packages\backend\src\services\legalCorpus\rules.wa.ts","A4BFE8999B9AB681C582A59F403280BECC06C0EA20EAEC8F6A456FEF18121E9D","ADMITTED_SOURCE_ONLY","US | US-WA | US_WASHINGTON | Fair Credit Reporting Act, chapter 19.182 RCW | RCW 19.182.110 — RCW 19.182.110","CRP-LSRC-0247","NONE","NO_REPEATED_STRING_MEASURED","no repeated (source_artifact, provision_or_citation) pair and no repeated citation string measured for this row","UNRESOLVED","CRP_PHASE5_NEXT_GATE_RECONCILIATION.md §5.2 (measured: 21 of 437 records carry a durable per-ID disposition; none of them is this ID) - no durable per-ID basis exists in this workspace to assign EXCLUDED, GAP or REFUSAL","BLOCKED_MISSING_EVIDENCE","NO_DURABLE_RESCREEN_RECORD","a durable per-ID corrected-logic rescreen disposition for CRP-LSRC-0247 - no register section, work-order ledger, catalogue field or SOURCE_CAPTURES evidence package in this workspace records one","WORK - record a durable per-ID rescreen disposition in an authorised batch; where the disposition turns on report-field or event-date mapping it additionally requires an AUTHORISED_EVIDENCE_ROUTE"
"CRP-LSRC-0248","CONTENT_RULE","F10","US_WASHINGTON","EXACT","US","US-WA","Chapter 19.182 RCW (preemption interaction for the whole overlay) — RCW 19.182.902","https://app.leg.wa.gov/RCW/default.aspx?cite=19.182.","packages\backend\src\services\legalCorpus\rules.wa.ts","A4BFE8999B9AB681C582A59F403280BECC06C0EA20EAEC8F6A456FEF18121E9D","ADMITTED_SOURCE_ONLY","US | US-WA | US_WASHINGTON | Fair Credit Reporting Act, chapter 19.182 RCW | Chapter 19.182 RCW (preemption interaction for the whole overlay) — RCW 19.182.902","CRP-LSRC-0248","NONE","NO_REPEATED_STRING_MEASURED","no repeated (source_artifact, provision_or_citation) pair and no repeated citation string measured for this row","UNRESOLVED","CRP_PHASE5_NEXT_GATE_RECONCILIATION.md §5.2 (measured: 21 of 437 records carry a durable per-ID disposition; none of them is this ID) - no durable per-ID basis exists in this workspace to assign EXCLUDED, GAP or REFUSAL","BLOCKED_MISSING_EVIDENCE","NO_DURABLE_RESCREEN_RECORD","a durable per-ID corrected-logic rescreen disposition for CRP-LSRC-0248 - no register section, work-order ledger, catalogue field or SOURCE_CAPTURES evidence package in this workspace records one","WORK - record a durable per-ID rescreen disposition in an authorised batch; where the disposition turns on report-field or event-date mapping it additionally requires an AUTHORISED_EVIDENCE_ROUTE"
"CRP-LSRC-0249","CONTENT_RULE","F5","US_CALIFORNIA","EXACT","US","US-CA","§ 1785.10(a)–(c) — Cal. Civ. Code § 1785.10","https://leginfo.legislature.ca.gov/faces/codes_displaySection.xhtml?lawCode=CIV&sectionNum=","packages\backend\src\services\legalCorpus\rules.ca.ts","7DDBF5C4B4743367841128F7A5DD1B699617C6A4E7B567ACBAFDD8B84B681B80","ADMITTED_SOURCE_ONLY","US | US-CA | US_CALIFORNIA | Consumer Credit Reporting Agencies Act (California), Civ. Code tit. 1.6, §§ 1785.1–1785.36 | § 1785.10(a)–(c) — Cal. Civ. Code § 1785.10","CRP-LSRC-0249","NONE","NO_REPEATED_STRING_MEASURED","no repeated (source_artifact, provision_or_citation) pair and no repeated citation string measured for this row","UNRESOLVED","CRP_PHASE5_NEXT_GATE_RECONCILIATION.md §5.2 (measured: 21 of 437 records carry a durable per-ID disposition; none of them is this ID) - no durable per-ID basis exists in this workspace to assign EXCLUDED, GAP or REFUSAL","BLOCKED_MISSING_EVIDENCE","NO_DURABLE_RESCREEN_RECORD","a durable per-ID corrected-logic rescreen disposition for CRP-LSRC-0249 - no register section, work-order ledger, catalogue field or SOURCE_CAPTURES evidence package in this workspace records one","WORK - record a durable per-ID rescreen disposition in an authorised batch; where the disposition turns on report-field or event-date mapping it additionally requires an AUTHORISED_EVIDENCE_ROUTE"
"CRP-LSRC-0250","CONTENT_RULE","F5","US_CALIFORNIA","EXACT","US","US-CA","§ 1785.10(d)–(e) — Cal. Civ. Code § 1785.10","https://leginfo.legislature.ca.gov/faces/codes_displaySection.xhtml?lawCode=CIV&sectionNum=","packages\backend\src\services\legalCorpus\rules.ca.ts","7DDBF5C4B4743367841128F7A5DD1B699617C6A4E7B567ACBAFDD8B84B681B80","ADMITTED_SOURCE_ONLY","US | US-CA | US_CALIFORNIA | Consumer Credit Reporting Agencies Act (California), Civ. Code tit. 1.6, §§ 1785.1–1785.36 | § 1785.10(d)–(e) — Cal. Civ. Code § 1785.10","CRP-LSRC-0250","NONE","NO_REPEATED_STRING_MEASURED","no repeated (source_artifact, provision_or_citation) pair and no repeated citation string measured for this row","UNRESOLVED","CRP_PHASE5_NEXT_GATE_RECONCILIATION.md §5.2 (measured: 21 of 437 records carry a durable per-ID disposition; none of them is this ID) - no durable per-ID basis exists in this workspace to assign EXCLUDED, GAP or REFUSAL","BLOCKED_MISSING_EVIDENCE","NO_DURABLE_RESCREEN_RECORD","a durable per-ID corrected-logic rescreen disposition for CRP-LSRC-0250 - no register section, work-order ledger, catalogue field or SOURCE_CAPTURES evidence package in this workspace records one","WORK - record a durable per-ID rescreen disposition in an authorised batch; where the disposition turns on report-field or event-date mapping it additionally requires an AUTHORISED_EVIDENCE_ROUTE"
"CRP-LSRC-0251","CONTENT_RULE","F5","US_CALIFORNIA","EXACT","US","US-CA","§ 1785.10.1(a) — Cal. Civ. Code § 1785.10.1","https://leginfo.legislature.ca.gov/faces/codes_displaySection.xhtml?lawCode=CIV&sectionNum=","packages\backend\src\services\legalCorpus\rules.ca.ts","7DDBF5C4B4743367841128F7A5DD1B699617C6A4E7B567ACBAFDD8B84B681B80","ADMITTED_SOURCE_ONLY","US | US-CA | US_CALIFORNIA | Consumer Credit Reporting Agencies Act (California), Civ. Code tit. 1.6, §§ 1785.1–1785.36 | § 1785.10.1(a) — Cal. Civ. Code § 1785.10.1","CRP-LSRC-0251","NONE","NO_REPEATED_STRING_MEASURED","no repeated (source_artifact, provision_or_citation) pair and no repeated citation string measured for this row","UNRESOLVED","CRP_PHASE5_NEXT_GATE_RECONCILIATION.md §5.2 (measured: 21 of 437 records carry a durable per-ID disposition; none of them is this ID) - no durable per-ID basis exists in this workspace to assign EXCLUDED, GAP or REFUSAL","BLOCKED_MISSING_EVIDENCE","NO_DURABLE_RESCREEN_RECORD","a durable per-ID corrected-logic rescreen disposition for CRP-LSRC-0251 - no register section, work-order ledger, catalogue field or SOURCE_CAPTURES evidence package in this workspace records one","WORK - record a durable per-ID rescreen disposition in an authorised batch; where the disposition turns on report-field or event-date mapping it additionally requires an AUTHORISED_EVIDENCE_ROUTE"
"CRP-LSRC-0252","CONTENT_RULE","F8","US_CALIFORNIA","EXACT","US","US-CA","§ 1785.11(a) — Cal. Civ. Code § 1785.11","https://leginfo.legislature.ca.gov/faces/codes_displaySection.xhtml?lawCode=CIV&sectionNum=","packages\backend\src\services\legalCorpus\rules.ca.ts","7DDBF5C4B4743367841128F7A5DD1B699617C6A4E7B567ACBAFDD8B84B681B80","ADMITTED_SOURCE_ONLY","US | US-CA | US_CALIFORNIA | Consumer Credit Reporting Agencies Act (California), Civ. Code tit. 1.6, §§ 1785.1–1785.36 | § 1785.11(a) — Cal. Civ. Code § 1785.11","CRP-LSRC-0252","NONE","NO_REPEATED_STRING_MEASURED","no repeated (source_artifact, provision_or_citation) pair and no repeated citation string measured for this row","UNRESOLVED","CRP_PHASE5_NEXT_GATE_RECONCILIATION.md §5.2 (measured: 21 of 437 records carry a durable per-ID disposition; none of them is this ID) - no durable per-ID basis exists in this workspace to assign EXCLUDED, GAP or REFUSAL","BLOCKED_MISSING_EVIDENCE","NO_DURABLE_RESCREEN_RECORD","a durable per-ID corrected-logic rescreen disposition for CRP-LSRC-0252 - no register section, work-order ledger, catalogue field or SOURCE_CAPTURES evidence package in this workspace records one","WORK - record a durable per-ID rescreen disposition in an authorised batch; where the disposition turns on report-field or event-date mapping it additionally requires an AUTHORISED_EVIDENCE_ROUTE"
"CRP-LSRC-0253","CONTENT_RULE","F8","US_CALIFORNIA","EXACT","US","US-CA","§ 1785.11(b), (d)–(f) — Cal. Civ. Code § 1785.11","https://leginfo.legislature.ca.gov/faces/codes_displaySection.xhtml?lawCode=CIV&sectionNum=","packages\backend\src\services\legalCorpus\rules.ca.ts","7DDBF5C4B4743367841128F7A5DD1B699617C6A4E7B567ACBAFDD8B84B681B80","ADMITTED_SOURCE_ONLY","US | US-CA | US_CALIFORNIA | Consumer Credit Reporting Agencies Act (California), Civ. Code tit. 1.6, §§ 1785.1–1785.36 | § 1785.11(b), (d)–(f) — Cal. Civ. Code § 1785.11","CRP-LSRC-0253","NONE","NO_REPEATED_STRING_MEASURED","no repeated (source_artifact, provision_or_citation) pair and no repeated citation string measured for this row","UNRESOLVED","CRP_PHASE5_NEXT_GATE_RECONCILIATION.md §5.2 (measured: 21 of 437 records carry a durable per-ID disposition; none of them is this ID) - no durable per-ID basis exists in this workspace to assign EXCLUDED, GAP or REFUSAL","BLOCKED_MISSING_EVIDENCE","NO_DURABLE_RESCREEN_RECORD","a durable per-ID corrected-logic rescreen disposition for CRP-LSRC-0253 - no register section, work-order ledger, catalogue field or SOURCE_CAPTURES evidence package in this workspace records one","WORK - record a durable per-ID rescreen disposition in an authorised batch; where the disposition turns on report-field or event-date mapping it additionally requires an AUTHORISED_EVIDENCE_ROUTE"
"CRP-LSRC-0254","CONTENT_RULE","F10","US_CALIFORNIA","EXACT","US","US-CA","§ 1785.11(c) — Cal. Civ. Code § 1785.11","https://leginfo.legislature.ca.gov/faces/codes_displaySection.xhtml?lawCode=CIV&sectionNum=","packages\backend\src\services\legalCorpus\rules.ca.ts","7DDBF5C4B4743367841128F7A5DD1B699617C6A4E7B567ACBAFDD8B84B681B80","ADMITTED_SOURCE_ONLY","US | US-CA | US_CALIFORNIA | Consumer Credit Reporting Agencies Act (California), Civ. Code tit. 1.6, §§ 1785.1–1785.36 | § 1785.11(c) — Cal. Civ. Code § 1785.11","CRP-LSRC-0254","NONE","NO_REPEATED_STRING_MEASURED","no repeated (source_artifact, provision_or_citation) pair and no repeated citation string measured for this row","UNRESOLVED","CRP_PHASE5_NEXT_GATE_RECONCILIATION.md §5.2 (measured: 21 of 437 records carry a durable per-ID disposition; none of them is this ID) - no durable per-ID basis exists in this workspace to assign EXCLUDED, GAP or REFUSAL","BLOCKED_MISSING_EVIDENCE","NO_DURABLE_RESCREEN_RECORD","a durable per-ID corrected-logic rescreen disposition for CRP-LSRC-0254 - no register section, work-order ledger, catalogue field or SOURCE_CAPTURES evidence package in this workspace records one","WORK - record a durable per-ID rescreen disposition in an authorised batch; where the disposition turns on report-field or event-date mapping it additionally requires an AUTHORISED_EVIDENCE_ROUTE"
"CRP-LSRC-0255","CONTENT_RULE","F9","US_CALIFORNIA","EXACT","US","US-CA","§ 1785.11.1(a)–(f), (j) — Cal. Civ. Code § 1785.11.1","https://leginfo.legislature.ca.gov/faces/codes_displaySection.xhtml?lawCode=CIV&sectionNum=","packages\backend\src\services\legalCorpus\rules.ca.ts","7DDBF5C4B4743367841128F7A5DD1B699617C6A4E7B567ACBAFDD8B84B681B80","ADMITTED_SOURCE_ONLY","US | US-CA | US_CALIFORNIA | Consumer Credit Reporting Agencies Act (California), Civ. Code tit. 1.6, §§ 1785.1–1785.36 | § 1785.11.1(a)–(f), (j) — Cal. Civ. Code § 1785.11.1","CRP-LSRC-0255","NONE","NO_REPEATED_STRING_MEASURED","no repeated (source_artifact, provision_or_citation) pair and no repeated citation string measured for this row","UNRESOLVED","CRP_PHASE5_NEXT_GATE_RECONCILIATION.md §5.2 (measured: 21 of 437 records carry a durable per-ID disposition; none of them is this ID) - no durable per-ID basis exists in this workspace to assign EXCLUDED, GAP or REFUSAL","BLOCKED_MISSING_EVIDENCE","NO_DURABLE_RESCREEN_RECORD","a durable per-ID corrected-logic rescreen disposition for CRP-LSRC-0255 - no register section, work-order ledger, catalogue field or SOURCE_CAPTURES evidence package in this workspace records one","WORK - record a durable per-ID rescreen disposition in an authorised batch; where the disposition turns on report-field or event-date mapping it additionally requires an AUTHORISED_EVIDENCE_ROUTE"
"CRP-LSRC-0256","CONTENT_RULE","F9","US_CALIFORNIA","EXACT","US","US-CA","§ 1785.11.2(a)–(l) — Cal. Civ. Code § 1785.11.2","https://leginfo.legislature.ca.gov/faces/codes_displaySection.xhtml?lawCode=CIV&sectionNum=","packages\backend\src\services\legalCorpus\rules.ca.ts","7DDBF5C4B4743367841128F7A5DD1B699617C6A4E7B567ACBAFDD8B84B681B80","ADMITTED_SOURCE_ONLY","US | US-CA | US_CALIFORNIA | Consumer Credit Reporting Agencies Act (California), Civ. Code tit. 1.6, §§ 1785.1–1785.36 | § 1785.11.2(a)–(l) — Cal. Civ. Code § 1785.11.2","CRP-LSRC-0256","NONE","NO_REPEATED_STRING_MEASURED","no repeated (source_artifact, provision_or_citation) pair and no repeated citation string measured for this row","UNRESOLVED","CRP_PHASE5_NEXT_GATE_RECONCILIATION.md §5.2 (measured: 21 of 437 records carry a durable per-ID disposition; none of them is this ID) - no durable per-ID basis exists in this workspace to assign EXCLUDED, GAP or REFUSAL","BLOCKED_MISSING_EVIDENCE","NO_DURABLE_RESCREEN_RECORD","a durable per-ID corrected-logic rescreen disposition for CRP-LSRC-0256 - no register section, work-order ledger, catalogue field or SOURCE_CAPTURES evidence package in this workspace records one","WORK - record a durable per-ID rescreen disposition in an authorised batch; where the disposition turns on report-field or event-date mapping it additionally requires an AUTHORISED_EVIDENCE_ROUTE"
"CRP-LSRC-0257","CONTENT_RULE","F9","US_CALIFORNIA","EXACT","US","US-CA","§ 1785.11.2(m) — Cal. Civ. Code § 1785.11.2","https://leginfo.legislature.ca.gov/faces/codes_displaySection.xhtml?lawCode=CIV&sectionNum=","packages\backend\src\services\legalCorpus\rules.ca.ts","7DDBF5C4B4743367841128F7A5DD1B699617C6A4E7B567ACBAFDD8B84B681B80","ADMITTED_SOURCE_ONLY","US | US-CA | US_CALIFORNIA | Consumer Credit Reporting Agencies Act (California), Civ. Code tit. 1.6, §§ 1785.1–1785.36 | § 1785.11.2(m) — Cal. Civ. Code § 1785.11.2","CRP-LSRC-0257","NONE","NO_REPEATED_STRING_MEASURED","no repeated (source_artifact, provision_or_citation) pair and no repeated citation string measured for this row","UNRESOLVED","CRP_PHASE5_NEXT_GATE_RECONCILIATION.md §5.2 (measured: 21 of 437 records carry a durable per-ID disposition; none of them is this ID) - no durable per-ID basis exists in this workspace to assign EXCLUDED, GAP or REFUSAL","BLOCKED_MISSING_EVIDENCE","NO_DURABLE_RESCREEN_RECORD","a durable per-ID corrected-logic rescreen disposition for CRP-LSRC-0257 - no register section, work-order ledger, catalogue field or SOURCE_CAPTURES evidence package in this workspace records one","WORK - record a durable per-ID rescreen disposition in an authorised batch; where the disposition turns on report-field or event-date mapping it additionally requires an AUTHORISED_EVIDENCE_ROUTE"
"CRP-LSRC-0258","CONTENT_RULE","F9","US_CALIFORNIA","EXACT","US","US-CA","§ 1785.11.3(a)–(b) — Cal. Civ. Code § 1785.11.3","https://leginfo.legislature.ca.gov/faces/codes_displaySection.xhtml?lawCode=CIV&sectionNum=","packages\backend\src\services\legalCorpus\rules.ca.ts","7DDBF5C4B4743367841128F7A5DD1B699617C6A4E7B567ACBAFDD8B84B681B80","ADMITTED_SOURCE_ONLY","US | US-CA | US_CALIFORNIA | Consumer Credit Reporting Agencies Act (California), Civ. Code tit. 1.6, §§ 1785.1–1785.36 | § 1785.11.3(a)–(b) — Cal. Civ. Code § 1785.11.3","CRP-LSRC-0258","NONE","NO_REPEATED_STRING_MEASURED","no repeated (source_artifact, provision_or_citation) pair and no repeated citation string measured for this row","UNRESOLVED","CRP_PHASE5_NEXT_GATE_RECONCILIATION.md §5.2 (measured: 21 of 437 records carry a durable per-ID disposition; none of them is this ID) - no durable per-ID basis exists in this workspace to assign EXCLUDED, GAP or REFUSAL","BLOCKED_MISSING_EVIDENCE","NO_DURABLE_RESCREEN_RECORD","a durable per-ID corrected-logic rescreen disposition for CRP-LSRC-0258 - no register section, work-order ledger, catalogue field or SOURCE_CAPTURES evidence package in this workspace records one","WORK - record a durable per-ID rescreen disposition in an authorised batch; where the disposition turns on report-field or event-date mapping it additionally requires an AUTHORISED_EVIDENCE_ROUTE"
"CRP-LSRC-0259","CONTENT_RULE","F9","US_CALIFORNIA","EXACT","US","US-CA","§ 1785.11.11(a)–(d), (g)–(i) — Cal. Civ. Code § 1785.11.11","https://leginfo.legislature.ca.gov/faces/codes_displaySection.xhtml?lawCode=CIV&sectionNum=","packages\backend\src\services\legalCorpus\rules.ca.ts","7DDBF5C4B4743367841128F7A5DD1B699617C6A4E7B567ACBAFDD8B84B681B80","ADMITTED_SOURCE_ONLY","US | US-CA | US_CALIFORNIA | Consumer Credit Reporting Agencies Act (California), Civ. Code tit. 1.6, §§ 1785.1–1785.36 | § 1785.11.11(a)–(d), (g)–(i) — Cal. Civ. Code § 1785.11.11","CRP-LSRC-0259","NONE","NO_REPEATED_STRING_MEASURED","no repeated (source_artifact, provision_or_citation) pair and no repeated citation string measured for this row","UNRESOLVED","CRP_PHASE5_NEXT_GATE_RECONCILIATION.md §5.2 (measured: 21 of 437 records carry a durable per-ID disposition; none of them is this ID) - no durable per-ID basis exists in this workspace to assign EXCLUDED, GAP or REFUSAL","BLOCKED_MISSING_EVIDENCE","NO_DURABLE_RESCREEN_RECORD","a durable per-ID corrected-logic rescreen disposition for CRP-LSRC-0259 - no register section, work-order ledger, catalogue field or SOURCE_CAPTURES evidence package in this workspace records one","WORK - record a durable per-ID rescreen disposition in an authorised batch; where the disposition turns on report-field or event-date mapping it additionally requires an AUTHORISED_EVIDENCE_ROUTE"
"CRP-LSRC-0260","CONTENT_RULE","F9","US_CALIFORNIA","EXACT","US","US-CA","§ 1785.12(b) — Cal. Civ. Code § 1785.12","https://leginfo.legislature.ca.gov/faces/codes_displaySection.xhtml?lawCode=CIV&sectionNum=","packages\backend\src\services\legalCorpus\rules.ca.ts","7DDBF5C4B4743367841128F7A5DD1B699617C6A4E7B567ACBAFDD8B84B681B80","ADMITTED_SOURCE_ONLY","US | US-CA | US_CALIFORNIA | Consumer Credit Reporting Agencies Act (California), Civ. Code tit. 1.6, §§ 1785.1–1785.36 | § 1785.12(b) — Cal. Civ. Code § 1785.12","CRP-LSRC-0260","NONE","NO_REPEATED_STRING_MEASURED","no repeated (source_artifact, provision_or_citation) pair and no repeated citation string measured for this row","UNRESOLVED","CRP_PHASE5_NEXT_GATE_RECONCILIATION.md §5.2 (measured: 21 of 437 records carry a durable per-ID disposition; none of them is this ID) - no durable per-ID basis exists in this workspace to assign EXCLUDED, GAP or REFUSAL","BLOCKED_MISSING_EVIDENCE","NO_DURABLE_RESCREEN_RECORD","a durable per-ID corrected-logic rescreen disposition for CRP-LSRC-0260 - no register section, work-order ledger, catalogue field or SOURCE_CAPTURES evidence package in this workspace records one","WORK - record a durable per-ID rescreen disposition in an authorised batch; where the disposition turns on report-field or event-date mapping it additionally requires an AUTHORISED_EVIDENCE_ROUTE"
"CRP-LSRC-0261","CONTENT_RULE","F1","US_CALIFORNIA","EXACT","US","US-CA","§ 1785.13(a)(1) — Cal. Civ. Code § 1785.13","https://leginfo.legislature.ca.gov/faces/codes_displaySection.xhtml?lawCode=CIV&sectionNum=","packages\backend\src\services\legalCorpus\rules.ca.ts","7DDBF5C4B4743367841128F7A5DD1B699617C6A4E7B567ACBAFDD8B84B681B80","ADMITTED_SOURCE_ONLY","US | US-CA | US_CALIFORNIA | Consumer Credit Reporting Agencies Act (California), Civ. Code tit. 1.6, §§ 1785.1–1785.36 | § 1785.13(a)(1) — Cal. Civ. Code § 1785.13","CRP-LSRC-0261","NONE","NO_REPEATED_STRING_MEASURED","no repeated (source_artifact, provision_or_citation) pair and no repeated citation string measured for this row","UNRESOLVED","CRP_PHASE5_NEXT_GATE_RECONCILIATION.md §5.2 (measured: 21 of 437 records carry a durable per-ID disposition; none of them is this ID) - no durable per-ID basis exists in this workspace to assign EXCLUDED, GAP or REFUSAL","BLOCKED_MISSING_EVIDENCE","NO_DURABLE_RESCREEN_RECORD","a durable per-ID corrected-logic rescreen disposition for CRP-LSRC-0261 - no register section, work-order ledger, catalogue field or SOURCE_CAPTURES evidence package in this workspace records one","WORK - record a durable per-ID rescreen disposition in an authorised batch; where the disposition turns on report-field or event-date mapping it additionally requires an AUTHORISED_EVIDENCE_ROUTE"
"CRP-LSRC-0262","CONTENT_RULE","F1","US_CALIFORNIA","EXACT","US","US-CA","§ 1785.13(a)(2) — Cal. Civ. Code § 1785.13","https://leginfo.legislature.ca.gov/faces/codes_displaySection.xhtml?lawCode=CIV&sectionNum=","packages\backend\src\services\legalCorpus\rules.ca.ts","7DDBF5C4B4743367841128F7A5DD1B699617C6A4E7B567ACBAFDD8B84B681B80","ADMITTED_SOURCE_ONLY","US | US-CA | US_CALIFORNIA | Consumer Credit Reporting Agencies Act (California), Civ. Code tit. 1.6, §§ 1785.1–1785.36 | § 1785.13(a)(2) — Cal. Civ. Code § 1785.13","CRP-LSRC-0262","NONE","NO_REPEATED_STRING_MEASURED","no repeated (source_artifact, provision_or_citation) pair and no repeated citation string measured for this row","UNRESOLVED","CRP_PHASE5_NEXT_GATE_RECONCILIATION.md §5.2 (measured: 21 of 437 records carry a durable per-ID disposition; none of them is this ID) - no durable per-ID basis exists in this workspace to assign EXCLUDED, GAP or REFUSAL","BLOCKED_MISSING_EVIDENCE","NO_DURABLE_RESCREEN_RECORD","a durable per-ID corrected-logic rescreen disposition for CRP-LSRC-0262 - no register section, work-order ledger, catalogue field or SOURCE_CAPTURES evidence package in this workspace records one","WORK - record a durable per-ID rescreen disposition in an authorised batch; where the disposition turns on report-field or event-date mapping it additionally requires an AUTHORISED_EVIDENCE_ROUTE"
"CRP-LSRC-0263","CONTENT_RULE","F1","US_CALIFORNIA","EXACT","US","US-CA","§ 1785.13(a)(3) — Cal. Civ. Code § 1785.13","https://leginfo.legislature.ca.gov/faces/codes_displaySection.xhtml?lawCode=CIV&sectionNum=","packages\backend\src\services\legalCorpus\rules.ca.ts","7DDBF5C4B4743367841128F7A5DD1B699617C6A4E7B567ACBAFDD8B84B681B80","ADMITTED_SOURCE_ONLY","US | US-CA | US_CALIFORNIA | Consumer Credit Reporting Agencies Act (California), Civ. Code tit. 1.6, §§ 1785.1–1785.36 | § 1785.13(a)(3) — Cal. Civ. Code § 1785.13","CRP-LSRC-0263","NONE","NO_REPEATED_STRING_MEASURED","no repeated (source_artifact, provision_or_citation) pair and no repeated citation string measured for this row","UNRESOLVED","CRP_PHASE5_NEXT_GATE_RECONCILIATION.md §5.2 (measured: 21 of 437 records carry a durable per-ID disposition; none of them is this ID) - no durable per-ID basis exists in this workspace to assign EXCLUDED, GAP or REFUSAL","BLOCKED_MISSING_EVIDENCE","NO_DURABLE_RESCREEN_RECORD","a durable per-ID corrected-logic rescreen disposition for CRP-LSRC-0263 - no register section, work-order ledger, catalogue field or SOURCE_CAPTURES evidence package in this workspace records one","WORK - record a durable per-ID rescreen disposition in an authorised batch; where the disposition turns on report-field or event-date mapping it additionally requires an AUTHORISED_EVIDENCE_ROUTE"
"CRP-LSRC-0264","CONTENT_RULE","F1","US_CALIFORNIA","EXACT","US","US-CA","§ 1785.13(a)(4) — Cal. Civ. Code § 1785.13","https://leginfo.legislature.ca.gov/faces/codes_displaySection.xhtml?lawCode=CIV&sectionNum=","packages\backend\src\services\legalCorpus\rules.ca.ts","7DDBF5C4B4743367841128F7A5DD1B699617C6A4E7B567ACBAFDD8B84B681B80","ADMITTED_SOURCE_ONLY","US | US-CA | US_CALIFORNIA | Consumer Credit Reporting Agencies Act (California), Civ. Code tit. 1.6, §§ 1785.1–1785.36 | § 1785.13(a)(4) — Cal. Civ. Code § 1785.13","CRP-LSRC-0264","NONE","NO_REPEATED_STRING_MEASURED","no repeated (source_artifact, provision_or_citation) pair and no repeated citation string measured for this row","UNRESOLVED","CRP_PHASE5_NEXT_GATE_RECONCILIATION.md §5.2 (measured: 21 of 437 records carry a durable per-ID disposition; none of them is this ID) - no durable per-ID basis exists in this workspace to assign EXCLUDED, GAP or REFUSAL","BLOCKED_MISSING_EVIDENCE","NO_DURABLE_RESCREEN_RECORD","a durable per-ID corrected-logic rescreen disposition for CRP-LSRC-0264 - no register section, work-order ledger, catalogue field or SOURCE_CAPTURES evidence package in this workspace records one","WORK - record a durable per-ID rescreen disposition in an authorised batch; where the disposition turns on report-field or event-date mapping it additionally requires an AUTHORISED_EVIDENCE_ROUTE"
"CRP-LSRC-0265","CONTENT_RULE","F1","US_CALIFORNIA","EXACT","US","US-CA","§ 1785.13(a)(5) — Cal. Civ. Code § 1785.13","https://leginfo.legislature.ca.gov/faces/codes_displaySection.xhtml?lawCode=CIV&sectionNum=","packages\backend\src\services\legalCorpus\rules.ca.ts","7DDBF5C4B4743367841128F7A5DD1B699617C6A4E7B567ACBAFDD8B84B681B80","ADMITTED_SOURCE_ONLY","US | US-CA | US_CALIFORNIA | Consumer Credit Reporting Agencies Act (California), Civ. Code tit. 1.6, §§ 1785.1–1785.36 | § 1785.13(a)(5) — Cal. Civ. Code § 1785.13","CRP-LSRC-0265","NONE","NO_REPEATED_STRING_MEASURED","no repeated (source_artifact, provision_or_citation) pair and no repeated citation string measured for this row","UNRESOLVED","CRP_PHASE5_NEXT_GATE_RECONCILIATION.md §5.2 (measured: 21 of 437 records carry a durable per-ID disposition; none of them is this ID) - no durable per-ID basis exists in this workspace to assign EXCLUDED, GAP or REFUSAL","BLOCKED_MISSING_EVIDENCE","NO_DURABLE_RESCREEN_RECORD","a durable per-ID corrected-logic rescreen disposition for CRP-LSRC-0265 - no register section, work-order ledger, catalogue field or SOURCE_CAPTURES evidence package in this workspace records one","WORK - record a durable per-ID rescreen disposition in an authorised batch; where the disposition turns on report-field or event-date mapping it additionally requires an AUTHORISED_EVIDENCE_ROUTE"
"CRP-LSRC-0266","CONTENT_RULE","F1","US_CALIFORNIA","EXACT","US","US-CA","§ 1785.13(a)(6) — Cal. Civ. Code § 1785.13","https://leginfo.legislature.ca.gov/faces/codes_displaySection.xhtml?lawCode=CIV&sectionNum=","packages\backend\src\services\legalCorpus\rules.ca.ts","7DDBF5C4B4743367841128F7A5DD1B699617C6A4E7B567ACBAFDD8B84B681B80","ADMITTED_SOURCE_ONLY","US | US-CA | US_CALIFORNIA | Consumer Credit Reporting Agencies Act (California), Civ. Code tit. 1.6, §§ 1785.1–1785.36 | § 1785.13(a)(6) — Cal. Civ. Code § 1785.13","CRP-LSRC-0266","NONE","NO_REPEATED_STRING_MEASURED","no repeated (source_artifact, provision_or_citation) pair and no repeated citation string measured for this row","UNRESOLVED","CRP_PHASE5_NEXT_GATE_RECONCILIATION.md §5.2 (measured: 21 of 437 records carry a durable per-ID disposition; none of them is this ID) - no durable per-ID basis exists in this workspace to assign EXCLUDED, GAP or REFUSAL","BLOCKED_MISSING_EVIDENCE","NO_DURABLE_RESCREEN_RECORD","a durable per-ID corrected-logic rescreen disposition for CRP-LSRC-0266 - no register section, work-order ledger, catalogue field or SOURCE_CAPTURES evidence package in this workspace records one","WORK - record a durable per-ID rescreen disposition in an authorised batch; where the disposition turns on report-field or event-date mapping it additionally requires an AUTHORISED_EVIDENCE_ROUTE"
"CRP-LSRC-0267","CONTENT_RULE","F3","US_CALIFORNIA","EXACT","US","US-CA","§ 1785.13(a)(7) — Cal. Civ. Code § 1785.13","https://leginfo.legislature.ca.gov/faces/codes_displaySection.xhtml?lawCode=CIV&sectionNum=","packages\backend\src\services\legalCorpus\rules.ca.ts","7DDBF5C4B4743367841128F7A5DD1B699617C6A4E7B567ACBAFDD8B84B681B80","ADMITTED_SOURCE_ONLY","US | US-CA | US_CALIFORNIA | Consumer Credit Reporting Agencies Act (California), Civ. Code tit. 1.6, §§ 1785.1–1785.36 | § 1785.13(a)(7) — Cal. Civ. Code § 1785.13","CRP-LSRC-0267","NONE","NO_REPEATED_STRING_MEASURED","no repeated (source_artifact, provision_or_citation) pair and no repeated citation string measured for this row","UNRESOLVED","CRP_PHASE5_NEXT_GATE_RECONCILIATION.md §5.2 (measured: 21 of 437 records carry a durable per-ID disposition; none of them is this ID) - no durable per-ID basis exists in this workspace to assign EXCLUDED, GAP or REFUSAL","BLOCKED_MISSING_EVIDENCE","NO_DURABLE_RESCREEN_RECORD","a durable per-ID corrected-logic rescreen disposition for CRP-LSRC-0267 - no register section, work-order ledger, catalogue field or SOURCE_CAPTURES evidence package in this workspace records one","WORK - record a durable per-ID rescreen disposition in an authorised batch; where the disposition turns on report-field or event-date mapping it additionally requires an AUTHORISED_EVIDENCE_ROUTE"
"CRP-LSRC-0268","CONTENT_RULE","F1","US_CALIFORNIA","EXACT","US","US-CA","§ 1785.13(a)(8) — Cal. Civ. Code § 1785.13","https://leginfo.legislature.ca.gov/faces/codes_displaySection.xhtml?lawCode=CIV&sectionNum=","packages\backend\src\services\legalCorpus\rules.ca.ts","7DDBF5C4B4743367841128F7A5DD1B699617C6A4E7B567ACBAFDD8B84B681B80","ADMITTED_SOURCE_ONLY","US | US-CA | US_CALIFORNIA | Consumer Credit Reporting Agencies Act (California), Civ. Code tit. 1.6, §§ 1785.1–1785.36 | § 1785.13(a)(8) — Cal. Civ. Code § 1785.13","CRP-LSRC-0268","NONE","NO_REPEATED_STRING_MEASURED","no repeated (source_artifact, provision_or_citation) pair and no repeated citation string measured for this row","UNRESOLVED","CRP_PHASE5_NEXT_GATE_RECONCILIATION.md §5.2 (measured: 21 of 437 records carry a durable per-ID disposition; none of them is this ID) - no durable per-ID basis exists in this workspace to assign EXCLUDED, GAP or REFUSAL","BLOCKED_MISSING_EVIDENCE","NO_DURABLE_RESCREEN_RECORD","a durable per-ID corrected-logic rescreen disposition for CRP-LSRC-0268 - no register section, work-order ledger, catalogue field or SOURCE_CAPTURES evidence package in this workspace records one","WORK - record a durable per-ID rescreen disposition in an authorised batch; where the disposition turns on report-field or event-date mapping it additionally requires an AUTHORISED_EVIDENCE_ROUTE"
"CRP-LSRC-0269","CONTENT_RULE","F1","US_CALIFORNIA","EXACT","US","US-CA","§ 1785.13(b) — Cal. Civ. Code § 1785.13","https://leginfo.legislature.ca.gov/faces/codes_displaySection.xhtml?lawCode=CIV&sectionNum=","packages\backend\src\services\legalCorpus\rules.ca.ts","7DDBF5C4B4743367841128F7A5DD1B699617C6A4E7B567ACBAFDD8B84B681B80","ADMITTED_SOURCE_ONLY","US | US-CA | US_CALIFORNIA | Consumer Credit Reporting Agencies Act (California), Civ. Code tit. 1.6, §§ 1785.1–1785.36 | § 1785.13(b) — Cal. Civ. Code § 1785.13","CRP-LSRC-0269","NONE","NO_REPEATED_STRING_MEASURED","no repeated (source_artifact, provision_or_citation) pair and no repeated citation string measured for this row","UNRESOLVED","CRP_PHASE5_NEXT_GATE_RECONCILIATION.md §5.2 (measured: 21 of 437 records carry a durable per-ID disposition; none of them is this ID) - no durable per-ID basis exists in this workspace to assign EXCLUDED, GAP or REFUSAL","BLOCKED_MISSING_EVIDENCE","NO_DURABLE_RESCREEN_RECORD","a durable per-ID corrected-logic rescreen disposition for CRP-LSRC-0269 - no register section, work-order ledger, catalogue field or SOURCE_CAPTURES evidence package in this workspace records one","WORK - record a durable per-ID rescreen disposition in an authorised batch; where the disposition turns on report-field or event-date mapping it additionally requires an AUTHORISED_EVIDENCE_ROUTE"
"CRP-LSRC-0270","CONTENT_RULE","F7","US_CALIFORNIA","EXACT","US","US-CA","§ 1785.13(c) — Cal. Civ. Code § 1785.13","https://leginfo.legislature.ca.gov/faces/codes_displaySection.xhtml?lawCode=CIV&sectionNum=","packages\backend\src\services\legalCorpus\rules.ca.ts","7DDBF5C4B4743367841128F7A5DD1B699617C6A4E7B567ACBAFDD8B84B681B80","ADMITTED_SOURCE_ONLY","US | US-CA | US_CALIFORNIA | Consumer Credit Reporting Agencies Act (California), Civ. Code tit. 1.6, §§ 1785.1–1785.36 | § 1785.13(c) — Cal. Civ. Code § 1785.13","CRP-LSRC-0270","NONE","NO_REPEATED_STRING_MEASURED","no repeated (source_artifact, provision_or_citation) pair and no repeated citation string measured for this row","UNRESOLVED","CRP_PHASE5_NEXT_GATE_RECONCILIATION.md §5.2 (measured: 21 of 437 records carry a durable per-ID disposition; none of them is this ID) - no durable per-ID basis exists in this workspace to assign EXCLUDED, GAP or REFUSAL","BLOCKED_MISSING_EVIDENCE","NO_DURABLE_RESCREEN_RECORD","a durable per-ID corrected-logic rescreen disposition for CRP-LSRC-0270 - no register section, work-order ledger, catalogue field or SOURCE_CAPTURES evidence package in this workspace records one","WORK - record a durable per-ID rescreen disposition in an authorised batch; where the disposition turns on report-field or event-date mapping it additionally requires an AUTHORISED_EVIDENCE_ROUTE"
"CRP-LSRC-0271","CONTENT_RULE","F1","US_CALIFORNIA","EXACT","US","US-CA","§ 1785.13(d) — Cal. Civ. Code § 1785.13","https://leginfo.legislature.ca.gov/faces/codes_displaySection.xhtml?lawCode=CIV&sectionNum=","packages\backend\src\services\legalCorpus\rules.ca.ts","7DDBF5C4B4743367841128F7A5DD1B699617C6A4E7B567ACBAFDD8B84B681B80","ADMITTED_SOURCE_ONLY","US | US-CA | US_CALIFORNIA | Consumer Credit Reporting Agencies Act (California), Civ. Code tit. 1.6, §§ 1785.1–1785.36 | § 1785.13(d) — Cal. Civ. Code § 1785.13","CRP-LSRC-0271","NONE","NO_REPEATED_STRING_MEASURED","no repeated (source_artifact, provision_or_citation) pair and no repeated citation string measured for this row","UNRESOLVED","CRP_PHASE5_NEXT_GATE_RECONCILIATION.md §5.2 (measured: 21 of 437 records carry a durable per-ID disposition; none of them is this ID) - no durable per-ID basis exists in this workspace to assign EXCLUDED, GAP or REFUSAL","BLOCKED_MISSING_EVIDENCE","NO_DURABLE_RESCREEN_RECORD","a durable per-ID corrected-logic rescreen disposition for CRP-LSRC-0271 - no register section, work-order ledger, catalogue field or SOURCE_CAPTURES evidence package in this workspace records one","WORK - record a durable per-ID rescreen disposition in an authorised batch; where the disposition turns on report-field or event-date mapping it additionally requires an AUTHORISED_EVIDENCE_ROUTE"
"CRP-LSRC-0272","CONTENT_RULE","F4","US_CALIFORNIA","EXACT","US","US-CA","§ 1785.13(e) — Cal. Civ. Code § 1785.13","https://leginfo.legislature.ca.gov/faces/codes_displaySection.xhtml?lawCode=CIV&sectionNum=","packages\backend\src\services\legalCorpus\rules.ca.ts","7DDBF5C4B4743367841128F7A5DD1B699617C6A4E7B567ACBAFDD8B84B681B80","ADMITTED_SOURCE_ONLY","US | US-CA | US_CALIFORNIA | Consumer Credit Reporting Agencies Act (California), Civ. Code tit. 1.6, §§ 1785.1–1785.36 | § 1785.13(e) — Cal. Civ. Code § 1785.13","CRP-LSRC-0272","NONE","NO_REPEATED_STRING_MEASURED","no repeated (source_artifact, provision_or_citation) pair and no repeated citation string measured for this row","UNRESOLVED","CRP_PHASE5_NEXT_GATE_RECONCILIATION.md §5.2 (measured: 21 of 437 records carry a durable per-ID disposition; none of them is this ID) - no durable per-ID basis exists in this workspace to assign EXCLUDED, GAP or REFUSAL","BLOCKED_MISSING_EVIDENCE","NO_DURABLE_RESCREEN_RECORD","a durable per-ID corrected-logic rescreen disposition for CRP-LSRC-0272 - no register section, work-order ledger, catalogue field or SOURCE_CAPTURES evidence package in this workspace records one","WORK - record a durable per-ID rescreen disposition in an authorised batch; where the disposition turns on report-field or event-date mapping it additionally requires an AUTHORISED_EVIDENCE_ROUTE"
"CRP-LSRC-0273","CONTENT_RULE","F3","US_CALIFORNIA","EXACT","US","US-CA","§ 1785.13(f) — Cal. Civ. Code § 1785.13","https://leginfo.legislature.ca.gov/faces/codes_displaySection.xhtml?lawCode=CIV&sectionNum=","packages\backend\src\services\legalCorpus\rules.ca.ts","7DDBF5C4B4743367841128F7A5DD1B699617C6A4E7B567ACBAFDD8B84B681B80","ADMITTED_SOURCE_ONLY","US | US-CA | US_CALIFORNIA | Consumer Credit Reporting Agencies Act (California), Civ. Code tit. 1.6, §§ 1785.1–1785.36 | § 1785.13(f) — Cal. Civ. Code § 1785.13","CRP-LSRC-0273","NONE","NO_REPEATED_STRING_MEASURED","no repeated (source_artifact, provision_or_citation) pair and no repeated citation string measured for this row","UNRESOLVED","CRP_PHASE5_NEXT_GATE_RECONCILIATION.md §5.2 (measured: 21 of 437 records carry a durable per-ID disposition; none of them is this ID) - no durable per-ID basis exists in this workspace to assign EXCLUDED, GAP or REFUSAL","BLOCKED_MISSING_EVIDENCE","NO_DURABLE_RESCREEN_RECORD","a durable per-ID corrected-logic rescreen disposition for CRP-LSRC-0273 - no register section, work-order ledger, catalogue field or SOURCE_CAPTURES evidence package in this workspace records one","WORK - record a durable per-ID rescreen disposition in an authorised batch; where the disposition turns on report-field or event-date mapping it additionally requires an AUTHORISED_EVIDENCE_ROUTE"
"CRP-LSRC-0274","CONTENT_RULE","F4","US_CALIFORNIA","EXACT","US","US-CA","§ 1785.13(g) — Cal. Civ. Code § 1785.13","https://leginfo.legislature.ca.gov/faces/codes_displaySection.xhtml?lawCode=CIV&sectionNum=","packages\backend\src\services\legalCorpus\rules.ca.ts","7DDBF5C4B4743367841128F7A5DD1B699617C6A4E7B567ACBAFDD8B84B681B80","ADMITTED_SOURCE_ONLY","US | US-CA | US_CALIFORNIA | Consumer Credit Reporting Agencies Act (California), Civ. Code tit. 1.6, §§ 1785.1–1785.36 | § 1785.13(g) — Cal. Civ. Code § 1785.13","CRP-LSRC-0274","NONE","NO_REPEATED_STRING_MEASURED","no repeated (source_artifact, provision_or_citation) pair and no repeated citation string measured for this row","UNRESOLVED","CRP_PHASE5_NEXT_GATE_RECONCILIATION.md §5.2 (measured: 21 of 437 records carry a durable per-ID disposition; none of them is this ID) - no durable per-ID basis exists in this workspace to assign EXCLUDED, GAP or REFUSAL","BLOCKED_MISSING_EVIDENCE","NO_DURABLE_RESCREEN_RECORD","a durable per-ID corrected-logic rescreen disposition for CRP-LSRC-0274 - no register section, work-order ledger, catalogue field or SOURCE_CAPTURES evidence package in this workspace records one","WORK - record a durable per-ID rescreen disposition in an authorised batch; where the disposition turns on report-field or event-date mapping it additionally requires an AUTHORISED_EVIDENCE_ROUTE"
"CRP-LSRC-0275","CONTENT_RULE","F8","US_CALIFORNIA","EXACT","US","US-CA","§ 1785.14(a) — Cal. Civ. Code § 1785.14","https://leginfo.legislature.ca.gov/faces/codes_displaySection.xhtml?lawCode=CIV&sectionNum=","packages\backend\src\services\legalCorpus\rules.ca.ts","7DDBF5C4B4743367841128F7A5DD1B699617C6A4E7B567ACBAFDD8B84B681B80","ADMITTED_SOURCE_ONLY","US | US-CA | US_CALIFORNIA | Consumer Credit Reporting Agencies Act (California), Civ. Code tit. 1.6, §§ 1785.1–1785.36 | § 1785.14(a) — Cal. Civ. Code § 1785.14","CRP-LSRC-0275","NONE","NO_REPEATED_STRING_MEASURED","no repeated (source_artifact, provision_or_citation) pair and no repeated citation string measured for this row","UNRESOLVED","CRP_PHASE5_NEXT_GATE_RECONCILIATION.md §5.2 (measured: 21 of 437 records carry a durable per-ID disposition; none of them is this ID) - no durable per-ID basis exists in this workspace to assign EXCLUDED, GAP or REFUSAL","BLOCKED_MISSING_EVIDENCE","NO_DURABLE_RESCREEN_RECORD","a durable per-ID corrected-logic rescreen disposition for CRP-LSRC-0275 - no register section, work-order ledger, catalogue field or SOURCE_CAPTURES evidence package in this workspace records one","WORK - record a durable per-ID rescreen disposition in an authorised batch; where the disposition turns on report-field or event-date mapping it additionally requires an AUTHORISED_EVIDENCE_ROUTE"
"CRP-LSRC-0276","CONTENT_RULE","F4","US_CALIFORNIA","EXACT","US","US-CA","§ 1785.14(b) (self-contradiction limb) — Cal. Civ. Code § 1785.14","https://leginfo.legislature.ca.gov/faces/codes_displaySection.xhtml?lawCode=CIV&sectionNum=","packages\backend\src\services\legalCorpus\rules.ca.ts","7DDBF5C4B4743367841128F7A5DD1B699617C6A4E7B567ACBAFDD8B84B681B80","ADMITTED_SOURCE_ONLY","US | US-CA | US_CALIFORNIA | Consumer Credit Reporting Agencies Act (California), Civ. Code tit. 1.6, §§ 1785.1–1785.36 | § 1785.14(b) (self-contradiction limb) — Cal. Civ. Code § 1785.14","CRP-LSRC-0276","NONE","NO_REPEATED_STRING_MEASURED","no repeated (source_artifact, provision_or_citation) pair and no repeated citation string measured for this row","UNRESOLVED","CRP_PHASE5_NEXT_GATE_RECONCILIATION.md §5.2 (measured: 21 of 437 records carry a durable per-ID disposition; none of them is this ID) - no durable per-ID basis exists in this workspace to assign EXCLUDED, GAP or REFUSAL","BLOCKED_MISSING_EVIDENCE","NO_DURABLE_RESCREEN_RECORD","a durable per-ID corrected-logic rescreen disposition for CRP-LSRC-0276 - no register section, work-order ledger, catalogue field or SOURCE_CAPTURES evidence package in this workspace records one","WORK - record a durable per-ID rescreen disposition in an authorised batch; where the disposition turns on report-field or event-date mapping it additionally requires an AUTHORISED_EVIDENCE_ROUTE"
"CRP-LSRC-0277","CONTENT_RULE","F4","US_CALIFORNIA","EXACT","US","US-CA","§ 1785.14(b) (external-truth limb) — Cal. Civ. Code § 1785.14","https://leginfo.legislature.ca.gov/faces/codes_displaySection.xhtml?lawCode=CIV&sectionNum=","packages\backend\src\services\legalCorpus\rules.ca.ts","7DDBF5C4B4743367841128F7A5DD1B699617C6A4E7B567ACBAFDD8B84B681B80","ADMITTED_SOURCE_ONLY","US | US-CA | US_CALIFORNIA | Consumer Credit Reporting Agencies Act (California), Civ. Code tit. 1.6, §§ 1785.1–1785.36 | § 1785.14(b) (external-truth limb) — Cal. Civ. Code § 1785.14","CRP-LSRC-0277","NONE","NO_REPEATED_STRING_MEASURED","no repeated (source_artifact, provision_or_citation) pair and no repeated citation string measured for this row","UNRESOLVED","CRP_PHASE5_NEXT_GATE_RECONCILIATION.md §5.2 (measured: 21 of 437 records carry a durable per-ID disposition; none of them is this ID) - no durable per-ID basis exists in this workspace to assign EXCLUDED, GAP or REFUSAL","BLOCKED_MISSING_EVIDENCE","NO_DURABLE_RESCREEN_RECORD","a durable per-ID corrected-logic rescreen disposition for CRP-LSRC-0277 - no register section, work-order ledger, catalogue field or SOURCE_CAPTURES evidence package in this workspace records one","WORK - record a durable per-ID rescreen disposition in an authorised batch; where the disposition turns on report-field or event-date mapping it additionally requires an AUTHORISED_EVIDENCE_ROUTE"
"CRP-LSRC-0278","CONTENT_RULE","F10","US_CALIFORNIA","EXACT","US","US-CA","§ 1785.14(d) — Cal. Civ. Code § 1785.14","https://leginfo.legislature.ca.gov/faces/codes_displaySection.xhtml?lawCode=CIV&sectionNum=","packages\backend\src\services\legalCorpus\rules.ca.ts","7DDBF5C4B4743367841128F7A5DD1B699617C6A4E7B567ACBAFDD8B84B681B80","ADMITTED_SOURCE_ONLY","US | US-CA | US_CALIFORNIA | Consumer Credit Reporting Agencies Act (California), Civ. Code tit. 1.6, §§ 1785.1–1785.36 | § 1785.14(d) — Cal. Civ. Code § 1785.14","CRP-LSRC-0278","NONE","NO_REPEATED_STRING_MEASURED","no repeated (source_artifact, provision_or_citation) pair and no repeated citation string measured for this row","UNRESOLVED","CRP_PHASE5_NEXT_GATE_RECONCILIATION.md §5.2 (measured: 21 of 437 records carry a durable per-ID disposition; none of them is this ID) - no durable per-ID basis exists in this workspace to assign EXCLUDED, GAP or REFUSAL","BLOCKED_MISSING_EVIDENCE","NO_DURABLE_RESCREEN_RECORD","a durable per-ID corrected-logic rescreen disposition for CRP-LSRC-0278 - no register section, work-order ledger, catalogue field or SOURCE_CAPTURES evidence package in this workspace records one","WORK - record a durable per-ID rescreen disposition in an authorised batch; where the disposition turns on report-field or event-date mapping it additionally requires an AUTHORISED_EVIDENCE_ROUTE"
"CRP-LSRC-0279","CONTENT_RULE","F5","US_CALIFORNIA","EXACT","US","US-CA","§ 1785.15(a)–(b) — Cal. Civ. Code § 1785.15","https://leginfo.legislature.ca.gov/faces/codes_displaySection.xhtml?lawCode=CIV&sectionNum=","packages\backend\src\services\legalCorpus\rules.ca.ts","7DDBF5C4B4743367841128F7A5DD1B699617C6A4E7B567ACBAFDD8B84B681B80","ADMITTED_SOURCE_ONLY","US | US-CA | US_CALIFORNIA | Consumer Credit Reporting Agencies Act (California), Civ. Code tit. 1.6, §§ 1785.1–1785.36 | § 1785.15(a)–(b) — Cal. Civ. Code § 1785.15","CRP-LSRC-0279","NONE","NO_REPEATED_STRING_MEASURED","no repeated (source_artifact, provision_or_citation) pair and no repeated citation string measured for this row","UNRESOLVED","CRP_PHASE5_NEXT_GATE_RECONCILIATION.md §5.2 (measured: 21 of 437 records carry a durable per-ID disposition; none of them is this ID) - no durable per-ID basis exists in this workspace to assign EXCLUDED, GAP or REFUSAL","BLOCKED_MISSING_EVIDENCE","NO_DURABLE_RESCREEN_RECORD","a durable per-ID corrected-logic rescreen disposition for CRP-LSRC-0279 - no register section, work-order ledger, catalogue field or SOURCE_CAPTURES evidence package in this workspace records one","WORK - record a durable per-ID rescreen disposition in an authorised batch; where the disposition turns on report-field or event-date mapping it additionally requires an AUTHORISED_EVIDENCE_ROUTE"
"CRP-LSRC-0280","CONTENT_RULE","F5","US_CALIFORNIA","EXACT","US","US-CA","§ 1785.15.1(a) — Cal. Civ. Code § 1785.15.1","https://leginfo.legislature.ca.gov/faces/codes_displaySection.xhtml?lawCode=CIV&sectionNum=","packages\backend\src\services\legalCorpus\rules.ca.ts","7DDBF5C4B4743367841128F7A5DD1B699617C6A4E7B567ACBAFDD8B84B681B80","ADMITTED_SOURCE_ONLY","US | US-CA | US_CALIFORNIA | Consumer Credit Reporting Agencies Act (California), Civ. Code tit. 1.6, §§ 1785.1–1785.36 | § 1785.15.1(a) — Cal. Civ. Code § 1785.15.1","CRP-LSRC-0280","NONE","NO_REPEATED_STRING_MEASURED","no repeated (source_artifact, provision_or_citation) pair and no repeated citation string measured for this row","UNRESOLVED","CRP_PHASE5_NEXT_GATE_RECONCILIATION.md §5.2 (measured: 21 of 437 records carry a durable per-ID disposition; none of them is this ID) - no durable per-ID basis exists in this workspace to assign EXCLUDED, GAP or REFUSAL","BLOCKED_MISSING_EVIDENCE","NO_DURABLE_RESCREEN_RECORD","a durable per-ID corrected-logic rescreen disposition for CRP-LSRC-0280 - no register section, work-order ledger, catalogue field or SOURCE_CAPTURES evidence package in this workspace records one","WORK - record a durable per-ID rescreen disposition in an authorised batch; where the disposition turns on report-field or event-date mapping it additionally requires an AUTHORISED_EVIDENCE_ROUTE"
"CRP-LSRC-0281","CONTENT_RULE","F5","US_CALIFORNIA","EXACT","US","US-CA","§ 1785.15.2 — Cal. Civ. Code § 1785.15.2","https://leginfo.legislature.ca.gov/faces/codes_displaySection.xhtml?lawCode=CIV&sectionNum=","packages\backend\src\services\legalCorpus\rules.ca.ts","7DDBF5C4B4743367841128F7A5DD1B699617C6A4E7B567ACBAFDD8B84B681B80","ADMITTED_SOURCE_ONLY","US | US-CA | US_CALIFORNIA | Consumer Credit Reporting Agencies Act (California), Civ. Code tit. 1.6, §§ 1785.1–1785.36 | § 1785.15.2 — Cal. Civ. Code § 1785.15.2","CRP-LSRC-0281","NONE","NO_REPEATED_STRING_MEASURED","no repeated (source_artifact, provision_or_citation) pair and no repeated citation string measured for this row","UNRESOLVED","CRP_PHASE5_NEXT_GATE_RECONCILIATION.md §5.2 (measured: 21 of 437 records carry a durable per-ID disposition; none of them is this ID) - no durable per-ID basis exists in this workspace to assign EXCLUDED, GAP or REFUSAL","BLOCKED_MISSING_EVIDENCE","NO_DURABLE_RESCREEN_RECORD","a durable per-ID corrected-logic rescreen disposition for CRP-LSRC-0281 - no register section, work-order ledger, catalogue field or SOURCE_CAPTURES evidence package in this workspace records one","WORK - record a durable per-ID rescreen disposition in an authorised batch; where the disposition turns on report-field or event-date mapping it additionally requires an AUTHORISED_EVIDENCE_ROUTE"
"CRP-LSRC-0282","CONTENT_RULE","F9","US_CALIFORNIA","EXACT","US","US-CA","§ 1785.15.3(a)–(b) — Cal. Civ. Code § 1785.15.3","https://leginfo.legislature.ca.gov/faces/codes_displaySection.xhtml?lawCode=CIV&sectionNum=","packages\backend\src\services\legalCorpus\rules.ca.ts","7DDBF5C4B4743367841128F7A5DD1B699617C6A4E7B567ACBAFDD8B84B681B80","ADMITTED_SOURCE_ONLY","US | US-CA | US_CALIFORNIA | Consumer Credit Reporting Agencies Act (California), Civ. Code tit. 1.6, §§ 1785.1–1785.36 | § 1785.15.3(a)–(b) — Cal. Civ. Code § 1785.15.3","CRP-LSRC-0282","NONE","NO_REPEATED_STRING_MEASURED","no repeated (source_artifact, provision_or_citation) pair and no repeated citation string measured for this row","UNRESOLVED","CRP_PHASE5_NEXT_GATE_RECONCILIATION.md §5.2 (measured: 21 of 437 records carry a durable per-ID disposition; none of them is this ID) - no durable per-ID basis exists in this workspace to assign EXCLUDED, GAP or REFUSAL","BLOCKED_MISSING_EVIDENCE","NO_DURABLE_RESCREEN_RECORD","a durable per-ID corrected-logic rescreen disposition for CRP-LSRC-0282 - no register section, work-order ledger, catalogue field or SOURCE_CAPTURES evidence package in this workspace records one","WORK - record a durable per-ID rescreen disposition in an authorised batch; where the disposition turns on report-field or event-date mapping it additionally requires an AUTHORISED_EVIDENCE_ROUTE"
"CRP-LSRC-0283","CONTENT_RULE","F6","US_CALIFORNIA","EXACT","US","US-CA","§ 1785.16(a) — Cal. Civ. Code § 1785.16","https://leginfo.legislature.ca.gov/faces/codes_displaySection.xhtml?lawCode=CIV&sectionNum=","packages\backend\src\services\legalCorpus\rules.ca.ts","7DDBF5C4B4743367841128F7A5DD1B699617C6A4E7B567ACBAFDD8B84B681B80","ADMITTED_SOURCE_ONLY","US | US-CA | US_CALIFORNIA | Consumer Credit Reporting Agencies Act (California), Civ. Code tit. 1.6, §§ 1785.1–1785.36 | § 1785.16(a) — Cal. Civ. Code § 1785.16","CRP-LSRC-0283","NONE","NO_REPEATED_STRING_MEASURED","no repeated (source_artifact, provision_or_citation) pair and no repeated citation string measured for this row","UNRESOLVED","CRP_PHASE5_NEXT_GATE_RECONCILIATION.md §5.2 (measured: 21 of 437 records carry a durable per-ID disposition; none of them is this ID) - no durable per-ID basis exists in this workspace to assign EXCLUDED, GAP or REFUSAL","BLOCKED_MISSING_EVIDENCE","NO_DURABLE_RESCREEN_RECORD","a durable per-ID corrected-logic rescreen disposition for CRP-LSRC-0283 - no register section, work-order ledger, catalogue field or SOURCE_CAPTURES evidence package in this workspace records one","WORK - record a durable per-ID rescreen disposition in an authorised batch; where the disposition turns on report-field or event-date mapping it additionally requires an AUTHORISED_EVIDENCE_ROUTE"
"CRP-LSRC-0284","CONTENT_RULE","F6","US_CALIFORNIA","EXACT","US","US-CA","§ 1785.16(b) — Cal. Civ. Code § 1785.16","https://leginfo.legislature.ca.gov/faces/codes_displaySection.xhtml?lawCode=CIV&sectionNum=","packages\backend\src\services\legalCorpus\rules.ca.ts","7DDBF5C4B4743367841128F7A5DD1B699617C6A4E7B567ACBAFDD8B84B681B80","ADMITTED_SOURCE_ONLY","US | US-CA | US_CALIFORNIA | Consumer Credit Reporting Agencies Act (California), Civ. Code tit. 1.6, §§ 1785.1–1785.36 | § 1785.16(b) — Cal. Civ. Code § 1785.16","CRP-LSRC-0284","NONE","NO_REPEATED_STRING_MEASURED","no repeated (source_artifact, provision_or_citation) pair and no repeated citation string measured for this row","UNRESOLVED","CRP_PHASE5_NEXT_GATE_RECONCILIATION.md §5.2 (measured: 21 of 437 records carry a durable per-ID disposition; none of them is this ID) - no durable per-ID basis exists in this workspace to assign EXCLUDED, GAP or REFUSAL","BLOCKED_MISSING_EVIDENCE","NO_DURABLE_RESCREEN_RECORD","a durable per-ID corrected-logic rescreen disposition for CRP-LSRC-0284 - no register section, work-order ledger, catalogue field or SOURCE_CAPTURES evidence package in this workspace records one","WORK - record a durable per-ID rescreen disposition in an authorised batch; where the disposition turns on report-field or event-date mapping it additionally requires an AUTHORISED_EVIDENCE_ROUTE"
"CRP-LSRC-0285","CONTENT_RULE","F6","US_CALIFORNIA","EXACT","US","US-CA","§ 1785.16(f)–(g) — Cal. Civ. Code § 1785.16","https://leginfo.legislature.ca.gov/faces/codes_displaySection.xhtml?lawCode=CIV&sectionNum=","packages\backend\src\services\legalCorpus\rules.ca.ts","7DDBF5C4B4743367841128F7A5DD1B699617C6A4E7B567ACBAFDD8B84B681B80","ADMITTED_SOURCE_ONLY","US | US-CA | US_CALIFORNIA | Consumer Credit Reporting Agencies Act (California), Civ. Code tit. 1.6, §§ 1785.1–1785.36 | § 1785.16(f)–(g) — Cal. Civ. Code § 1785.16","CRP-LSRC-0285","NONE","NO_REPEATED_STRING_MEASURED","no repeated (source_artifact, provision_or_citation) pair and no repeated citation string measured for this row","UNRESOLVED","CRP_PHASE5_NEXT_GATE_RECONCILIATION.md §5.2 (measured: 21 of 437 records carry a durable per-ID disposition; none of them is this ID) - no durable per-ID basis exists in this workspace to assign EXCLUDED, GAP or REFUSAL","BLOCKED_MISSING_EVIDENCE","NO_DURABLE_RESCREEN_RECORD","a durable per-ID corrected-logic rescreen disposition for CRP-LSRC-0285 - no register section, work-order ledger, catalogue field or SOURCE_CAPTURES evidence package in this workspace records one","WORK - record a durable per-ID rescreen disposition in an authorised batch; where the disposition turns on report-field or event-date mapping it additionally requires an AUTHORISED_EVIDENCE_ROUTE"
"CRP-LSRC-0286","CONTENT_RULE","F9","US_CALIFORNIA","EXACT","US","US-CA","§ 1785.16(k)–(l) — Cal. Civ. Code § 1785.16","https://leginfo.legislature.ca.gov/faces/codes_displaySection.xhtml?lawCode=CIV&sectionNum=","packages\backend\src\services\legalCorpus\rules.ca.ts","7DDBF5C4B4743367841128F7A5DD1B699617C6A4E7B567ACBAFDD8B84B681B80","ADMITTED_SOURCE_ONLY","US | US-CA | US_CALIFORNIA | Consumer Credit Reporting Agencies Act (California), Civ. Code tit. 1.6, §§ 1785.1–1785.36 | § 1785.16(k)–(l) — Cal. Civ. Code § 1785.16","CRP-LSRC-0286","NONE","NO_REPEATED_STRING_MEASURED","no repeated (source_artifact, provision_or_citation) pair and no repeated citation string measured for this row","UNRESOLVED","CRP_PHASE5_NEXT_GATE_RECONCILIATION.md §5.2 (measured: 21 of 437 records carry a durable per-ID disposition; none of them is this ID) - no durable per-ID basis exists in this workspace to assign EXCLUDED, GAP or REFUSAL","BLOCKED_MISSING_EVIDENCE","NO_DURABLE_RESCREEN_RECORD","a durable per-ID corrected-logic rescreen disposition for CRP-LSRC-0286 - no register section, work-order ledger, catalogue field or SOURCE_CAPTURES evidence package in this workspace records one","WORK - record a durable per-ID rescreen disposition in an authorised batch; where the disposition turns on report-field or event-date mapping it additionally requires an AUTHORISED_EVIDENCE_ROUTE"
"CRP-LSRC-0287","CONTENT_RULE","F10","US_CALIFORNIA","EXACT","US","US-CA","§ 1785.16.1 — Cal. Civ. Code § 1785.16.1","https://leginfo.legislature.ca.gov/faces/codes_displaySection.xhtml?lawCode=CIV&sectionNum=","packages\backend\src\services\legalCorpus\rules.ca.ts","7DDBF5C4B4743367841128F7A5DD1B699617C6A4E7B567ACBAFDD8B84B681B80","ADMITTED_SOURCE_ONLY","US | US-CA | US_CALIFORNIA | Consumer Credit Reporting Agencies Act (California), Civ. Code tit. 1.6, §§ 1785.1–1785.36 | § 1785.16.1 — Cal. Civ. Code § 1785.16.1","CRP-LSRC-0287","NONE","NO_REPEATED_STRING_MEASURED","no repeated (source_artifact, provision_or_citation) pair and no repeated citation string measured for this row","UNRESOLVED","CRP_PHASE5_NEXT_GATE_RECONCILIATION.md §5.2 (measured: 21 of 437 records carry a durable per-ID disposition; none of them is this ID) - no durable per-ID basis exists in this workspace to assign EXCLUDED, GAP or REFUSAL","BLOCKED_MISSING_EVIDENCE","NO_DURABLE_RESCREEN_RECORD","a durable per-ID corrected-logic rescreen disposition for CRP-LSRC-0287 - no register section, work-order ledger, catalogue field or SOURCE_CAPTURES evidence package in this workspace records one","WORK - record a durable per-ID rescreen disposition in an authorised batch; where the disposition turns on report-field or event-date mapping it additionally requires an AUTHORISED_EVIDENCE_ROUTE"
"CRP-LSRC-0288","CONTENT_RULE","F7","US_CALIFORNIA","EXACT","US","US-CA","§ 1785.18(a) — Cal. Civ. Code § 1785.18","https://leginfo.legislature.ca.gov/faces/codes_displaySection.xhtml?lawCode=CIV&sectionNum=","packages\backend\src\services\legalCorpus\rules.ca.ts","7DDBF5C4B4743367841128F7A5DD1B699617C6A4E7B567ACBAFDD8B84B681B80","ADMITTED_SOURCE_ONLY","US | US-CA | US_CALIFORNIA | Consumer Credit Reporting Agencies Act (California), Civ. Code tit. 1.6, §§ 1785.1–1785.36 | § 1785.18(a) — Cal. Civ. Code § 1785.18","CRP-LSRC-0288","NONE","NO_REPEATED_STRING_MEASURED","no repeated (source_artifact, provision_or_citation) pair and no repeated citation string measured for this row","UNRESOLVED","CRP_PHASE5_NEXT_GATE_RECONCILIATION.md §5.2 (measured: 21 of 437 records carry a durable per-ID disposition; none of them is this ID) - no durable per-ID basis exists in this workspace to assign EXCLUDED, GAP or REFUSAL","BLOCKED_MISSING_EVIDENCE","NO_DURABLE_RESCREEN_RECORD","a durable per-ID corrected-logic rescreen disposition for CRP-LSRC-0288 - no register section, work-order ledger, catalogue field or SOURCE_CAPTURES evidence package in this workspace records one","WORK - record a durable per-ID rescreen disposition in an authorised batch; where the disposition turns on report-field or event-date mapping it additionally requires an AUTHORISED_EVIDENCE_ROUTE"
"CRP-LSRC-0289","CONTENT_RULE","F8","US_CALIFORNIA","EXACT","US","US-CA","§ 1785.19.5 — Cal. Civ. Code § 1785.19.5","https://leginfo.legislature.ca.gov/faces/codes_displaySection.xhtml?lawCode=CIV&sectionNum=","packages\backend\src\services\legalCorpus\rules.ca.ts","7DDBF5C4B4743367841128F7A5DD1B699617C6A4E7B567ACBAFDD8B84B681B80","ADMITTED_SOURCE_ONLY","US | US-CA | US_CALIFORNIA | Consumer Credit Reporting Agencies Act (California), Civ. Code tit. 1.6, §§ 1785.1–1785.36 | § 1785.19.5 — Cal. Civ. Code § 1785.19.5","CRP-LSRC-0289","NONE","NO_REPEATED_STRING_MEASURED","no repeated (source_artifact, provision_or_citation) pair and no repeated citation string measured for this row","UNRESOLVED","CRP_PHASE5_NEXT_GATE_RECONCILIATION.md §5.2 (measured: 21 of 437 records carry a durable per-ID disposition; none of them is this ID) - no durable per-ID basis exists in this workspace to assign EXCLUDED, GAP or REFUSAL","BLOCKED_MISSING_EVIDENCE","NO_DURABLE_RESCREEN_RECORD","a durable per-ID corrected-logic rescreen disposition for CRP-LSRC-0289 - no register section, work-order ledger, catalogue field or SOURCE_CAPTURES evidence package in this workspace records one","WORK - record a durable per-ID rescreen disposition in an authorised batch; where the disposition turns on report-field or event-date mapping it additionally requires an AUTHORISED_EVIDENCE_ROUTE"
"CRP-LSRC-0290","CONTENT_RULE","F4","US_CALIFORNIA","EXACT","US","US-CA","§ 1785.25(a) — Cal. Civ. Code § 1785.25","https://leginfo.legislature.ca.gov/faces/codes_displaySection.xhtml?lawCode=CIV&sectionNum=","packages\backend\src\services\legalCorpus\rules.ca.ts","7DDBF5C4B4743367841128F7A5DD1B699617C6A4E7B567ACBAFDD8B84B681B80","ADMITTED_SOURCE_ONLY","US | US-CA | US_CALIFORNIA | Consumer Credit Reporting Agencies Act (California), Civ. Code tit. 1.6, §§ 1785.1–1785.36 | § 1785.25(a) — Cal. Civ. Code § 1785.25","CRP-LSRC-0290","NONE","NO_REPEATED_STRING_MEASURED","no repeated (source_artifact, provision_or_citation) pair and no repeated citation string measured for this row","UNRESOLVED","CRP_PHASE5_NEXT_GATE_RECONCILIATION.md §5.2 (measured: 21 of 437 records carry a durable per-ID disposition; none of them is this ID) - no durable per-ID basis exists in this workspace to assign EXCLUDED, GAP or REFUSAL","BLOCKED_MISSING_EVIDENCE","NO_DURABLE_RESCREEN_RECORD","a durable per-ID corrected-logic rescreen disposition for CRP-LSRC-0290 - no register section, work-order ledger, catalogue field or SOURCE_CAPTURES evidence package in this workspace records one","WORK - record a durable per-ID rescreen disposition in an authorised batch; where the disposition turns on report-field or event-date mapping it additionally requires an AUTHORISED_EVIDENCE_ROUTE"
"CRP-LSRC-0291","CONTENT_RULE","F4","US_CALIFORNIA","EXACT","US","US-CA","§ 1785.25(b) — Cal. Civ. Code § 1785.25","https://leginfo.legislature.ca.gov/faces/codes_displaySection.xhtml?lawCode=CIV&sectionNum=","packages\backend\src\services\legalCorpus\rules.ca.ts","7DDBF5C4B4743367841128F7A5DD1B699617C6A4E7B567ACBAFDD8B84B681B80","ADMITTED_SOURCE_ONLY","US | US-CA | US_CALIFORNIA | Consumer Credit Reporting Agencies Act (California), Civ. Code tit. 1.6, §§ 1785.1–1785.36 | § 1785.25(b) — Cal. Civ. Code § 1785.25","CRP-LSRC-0291","NONE","NO_REPEATED_STRING_MEASURED","no repeated (source_artifact, provision_or_citation) pair and no repeated citation string measured for this row","UNRESOLVED","CRP_PHASE5_NEXT_GATE_RECONCILIATION.md §5.2 (measured: 21 of 437 records carry a durable per-ID disposition; none of them is this ID) - no durable per-ID basis exists in this workspace to assign EXCLUDED, GAP or REFUSAL","BLOCKED_MISSING_EVIDENCE","NO_DURABLE_RESCREEN_RECORD","a durable per-ID corrected-logic rescreen disposition for CRP-LSRC-0291 - no register section, work-order ledger, catalogue field or SOURCE_CAPTURES evidence package in this workspace records one","WORK - record a durable per-ID rescreen disposition in an authorised batch; where the disposition turns on report-field or event-date mapping it additionally requires an AUTHORISED_EVIDENCE_ROUTE"
"CRP-LSRC-0292","CONTENT_RULE","F4","US_CALIFORNIA","EXACT","US","US-CA","§ 1785.25(c) — Cal. Civ. Code § 1785.25","https://leginfo.legislature.ca.gov/faces/codes_displaySection.xhtml?lawCode=CIV&sectionNum=","packages\backend\src\services\legalCorpus\rules.ca.ts","7DDBF5C4B4743367841128F7A5DD1B699617C6A4E7B567ACBAFDD8B84B681B80","ADMITTED_SOURCE_ONLY","US | US-CA | US_CALIFORNIA | Consumer Credit Reporting Agencies Act (California), Civ. Code tit. 1.6, §§ 1785.1–1785.36 | § 1785.25(c) — Cal. Civ. Code § 1785.25","CRP-LSRC-0292","NONE","NO_REPEATED_STRING_MEASURED","no repeated (source_artifact, provision_or_citation) pair and no repeated citation string measured for this row","UNRESOLVED","CRP_PHASE5_NEXT_GATE_RECONCILIATION.md §5.2 (measured: 21 of 437 records carry a durable per-ID disposition; none of them is this ID) - no durable per-ID basis exists in this workspace to assign EXCLUDED, GAP or REFUSAL","BLOCKED_MISSING_EVIDENCE","NO_DURABLE_RESCREEN_RECORD","a durable per-ID corrected-logic rescreen disposition for CRP-LSRC-0292 - no register section, work-order ledger, catalogue field or SOURCE_CAPTURES evidence package in this workspace records one","WORK - record a durable per-ID rescreen disposition in an authorised batch; where the disposition turns on report-field or event-date mapping it additionally requires an AUTHORISED_EVIDENCE_ROUTE"
"CRP-LSRC-0293","CONTENT_RULE","F4","US_CALIFORNIA","EXACT","US","US-CA","§ 1785.25(d) — Cal. Civ. Code § 1785.25","https://leginfo.legislature.ca.gov/faces/codes_displaySection.xhtml?lawCode=CIV&sectionNum=","packages\backend\src\services\legalCorpus\rules.ca.ts","7DDBF5C4B4743367841128F7A5DD1B699617C6A4E7B567ACBAFDD8B84B681B80","ADMITTED_SOURCE_ONLY","US | US-CA | US_CALIFORNIA | Consumer Credit Reporting Agencies Act (California), Civ. Code tit. 1.6, §§ 1785.1–1785.36 | § 1785.25(d) — Cal. Civ. Code § 1785.25","CRP-LSRC-0293","NONE","NO_REPEATED_STRING_MEASURED","no repeated (source_artifact, provision_or_citation) pair and no repeated citation string measured for this row","UNRESOLVED","CRP_PHASE5_NEXT_GATE_RECONCILIATION.md §5.2 (measured: 21 of 437 records carry a durable per-ID disposition; none of them is this ID) - no durable per-ID basis exists in this workspace to assign EXCLUDED, GAP or REFUSAL","BLOCKED_MISSING_EVIDENCE","NO_DURABLE_RESCREEN_RECORD","a durable per-ID corrected-logic rescreen disposition for CRP-LSRC-0293 - no register section, work-order ledger, catalogue field or SOURCE_CAPTURES evidence package in this workspace records one","WORK - record a durable per-ID rescreen disposition in an authorised batch; where the disposition turns on report-field or event-date mapping it additionally requires an AUTHORISED_EVIDENCE_ROUTE"
"CRP-LSRC-0294","CONTENT_RULE","F1","US_CALIFORNIA","EXACT","US","US-CA","§ 1785.25(e) — Cal. Civ. Code § 1785.25","https://leginfo.legislature.ca.gov/faces/codes_displaySection.xhtml?lawCode=CIV&sectionNum=","packages\backend\src\services\legalCorpus\rules.ca.ts","7DDBF5C4B4743367841128F7A5DD1B699617C6A4E7B567ACBAFDD8B84B681B80","ADMITTED_SOURCE_ONLY","US | US-CA | US_CALIFORNIA | Consumer Credit Reporting Agencies Act (California), Civ. Code tit. 1.6, §§ 1785.1–1785.36 | § 1785.25(e) — Cal. Civ. Code § 1785.25","CRP-LSRC-0294","NONE","NO_REPEATED_STRING_MEASURED","no repeated (source_artifact, provision_or_citation) pair and no repeated citation string measured for this row","UNRESOLVED","CRP_PHASE5_NEXT_GATE_RECONCILIATION.md §5.2 (measured: 21 of 437 records carry a durable per-ID disposition; none of them is this ID) - no durable per-ID basis exists in this workspace to assign EXCLUDED, GAP or REFUSAL","BLOCKED_MISSING_EVIDENCE","NO_DURABLE_RESCREEN_RECORD","a durable per-ID corrected-logic rescreen disposition for CRP-LSRC-0294 - no register section, work-order ledger, catalogue field or SOURCE_CAPTURES evidence package in this workspace records one","WORK - record a durable per-ID rescreen disposition in an authorised batch; where the disposition turns on report-field or event-date mapping it additionally requires an AUTHORISED_EVIDENCE_ROUTE"
"CRP-LSRC-0295","CONTENT_RULE","F4","US_CALIFORNIA","EXACT","US","US-CA","§ 1785.25(f) — Cal. Civ. Code § 1785.25","https://leginfo.legislature.ca.gov/faces/codes_displaySection.xhtml?lawCode=CIV&sectionNum=","packages\backend\src\services\legalCorpus\rules.ca.ts","7DDBF5C4B4743367841128F7A5DD1B699617C6A4E7B567ACBAFDD8B84B681B80","ADMITTED_SOURCE_ONLY","US | US-CA | US_CALIFORNIA | Consumer Credit Reporting Agencies Act (California), Civ. Code tit. 1.6, §§ 1785.1–1785.36 | § 1785.25(f) — Cal. Civ. Code § 1785.25","CRP-LSRC-0295","NONE","NO_REPEATED_STRING_MEASURED","no repeated (source_artifact, provision_or_citation) pair and no repeated citation string measured for this row","UNRESOLVED","CRP_PHASE5_NEXT_GATE_RECONCILIATION.md §5.2 (measured: 21 of 437 records carry a durable per-ID disposition; none of them is this ID) - no durable per-ID basis exists in this workspace to assign EXCLUDED, GAP or REFUSAL","BLOCKED_MISSING_EVIDENCE","NO_DURABLE_RESCREEN_RECORD","a durable per-ID corrected-logic rescreen disposition for CRP-LSRC-0295 - no register section, work-order ledger, catalogue field or SOURCE_CAPTURES evidence package in this workspace records one","WORK - record a durable per-ID rescreen disposition in an authorised batch; where the disposition turns on report-field or event-date mapping it additionally requires an AUTHORISED_EVIDENCE_ROUTE"
"CRP-LSRC-0296","CONTENT_RULE","F4","US_CALIFORNIA","EXACT","US","US-CA","§ 1785.26(b)–(c) — Cal. Civ. Code § 1785.26","https://leginfo.legislature.ca.gov/faces/codes_displaySection.xhtml?lawCode=CIV&sectionNum=","packages\backend\src\services\legalCorpus\rules.ca.ts","7DDBF5C4B4743367841128F7A5DD1B699617C6A4E7B567ACBAFDD8B84B681B80","ADMITTED_SOURCE_ONLY","US | US-CA | US_CALIFORNIA | Consumer Credit Reporting Agencies Act (California), Civ. Code tit. 1.6, §§ 1785.1–1785.36 | § 1785.26(b)–(c) — Cal. Civ. Code § 1785.26","CRP-LSRC-0296","NONE","NO_REPEATED_STRING_MEASURED","no repeated (source_artifact, provision_or_citation) pair and no repeated citation string measured for this row","UNRESOLVED","CRP_PHASE5_NEXT_GATE_RECONCILIATION.md §5.2 (measured: 21 of 437 records carry a durable per-ID disposition; none of them is this ID) - no durable per-ID basis exists in this workspace to assign EXCLUDED, GAP or REFUSAL","BLOCKED_MISSING_EVIDENCE","NO_DURABLE_RESCREEN_RECORD","a durable per-ID corrected-logic rescreen disposition for CRP-LSRC-0296 - no register section, work-order ledger, catalogue field or SOURCE_CAPTURES evidence package in this workspace records one","WORK - record a durable per-ID rescreen disposition in an authorised batch; where the disposition turns on report-field or event-date mapping it additionally requires an AUTHORISED_EVIDENCE_ROUTE"
"CRP-LSRC-0297","CONTENT_RULE","F3","US_CALIFORNIA","EXACT","US","US-CA","§ 1785.27(a), (c)–(d) — Cal. Civ. Code § 1785.27","https://leginfo.legislature.ca.gov/faces/codes_displaySection.xhtml?lawCode=CIV&sectionNum=","packages\backend\src\services\legalCorpus\rules.ca.ts","7DDBF5C4B4743367841128F7A5DD1B699617C6A4E7B567ACBAFDD8B84B681B80","ADMITTED_SOURCE_ONLY","US | US-CA | US_CALIFORNIA | Consumer Credit Reporting Agencies Act (California), Civ. Code tit. 1.6, §§ 1785.1–1785.36 | § 1785.27(a), (c)–(d) — Cal. Civ. Code § 1785.27","CRP-LSRC-0297","NONE","NO_REPEATED_STRING_MEASURED","no repeated (source_artifact, provision_or_citation) pair and no repeated citation string measured for this row","UNRESOLVED","CRP_PHASE5_NEXT_GATE_RECONCILIATION.md §5.2 (measured: 21 of 437 records carry a durable per-ID disposition; none of them is this ID) - no durable per-ID basis exists in this workspace to assign EXCLUDED, GAP or REFUSAL","BLOCKED_MISSING_EVIDENCE","NO_DURABLE_RESCREEN_RECORD","a durable per-ID corrected-logic rescreen disposition for CRP-LSRC-0297 - no register section, work-order ledger, catalogue field or SOURCE_CAPTURES evidence package in this workspace records one","WORK - record a durable per-ID rescreen disposition in an authorised batch; where the disposition turns on report-field or event-date mapping it additionally requires an AUTHORISED_EVIDENCE_ROUTE"
"CRP-LSRC-0298","CONTENT_RULE","F10","US_CALIFORNIA","EXACT","US","US-CA","§ 1785.13 (preemption interaction for the whole overlay) — Cal. Civ. Code § 1785.13","https://leginfo.legislature.ca.gov/faces/codes_displaySection.xhtml?lawCode=CIV&sectionNum=","packages\backend\src\services\legalCorpus\rules.ca.ts","7DDBF5C4B4743367841128F7A5DD1B699617C6A4E7B567ACBAFDD8B84B681B80","ADMITTED_SOURCE_ONLY","US | US-CA | US_CALIFORNIA | Consumer Credit Reporting Agencies Act (California), Civ. Code tit. 1.6, §§ 1785.1–1785.36 | § 1785.13 (preemption interaction for the whole overlay) — Cal. Civ. Code § 1785.13","CRP-LSRC-0298","NONE","NO_REPEATED_STRING_MEASURED","no repeated (source_artifact, provision_or_citation) pair and no repeated citation string measured for this row","UNRESOLVED","CRP_PHASE5_NEXT_GATE_RECONCILIATION.md §5.2 (measured: 21 of 437 records carry a durable per-ID disposition; none of them is this ID) - no durable per-ID basis exists in this workspace to assign EXCLUDED, GAP or REFUSAL","BLOCKED_MISSING_EVIDENCE","NO_DURABLE_RESCREEN_RECORD","a durable per-ID corrected-logic rescreen disposition for CRP-LSRC-0298 - no register section, work-order ledger, catalogue field or SOURCE_CAPTURES evidence package in this workspace records one","WORK - record a durable per-ID rescreen disposition in an authorised batch; where the disposition turns on report-field or event-date mapping it additionally requires an AUTHORISED_EVIDENCE_ROUTE"
"CRP-LSRC-0299","CONTENT_RULE","F6","US_CALIFORNIA","EXACT","US","US-CA","§ 1785.30 — Cal. Civ. Code § 1785.30","https://leginfo.legislature.ca.gov/faces/codes_displaySection.xhtml?lawCode=CIV&sectionNum=","packages\backend\src\services\legalCorpus\rules.ca.ts","7DDBF5C4B4743367841128F7A5DD1B699617C6A4E7B567ACBAFDD8B84B681B80","ADMITTED_SOURCE_ONLY","US | US-CA | US_CALIFORNIA | Consumer Credit Reporting Agencies Act (California), Civ. Code tit. 1.6, §§ 1785.1–1785.36 | § 1785.30 — Cal. Civ. Code § 1785.30","CRP-LSRC-0299","NONE","NO_REPEATED_STRING_MEASURED","no repeated (source_artifact, provision_or_citation) pair and no repeated citation string measured for this row","UNRESOLVED","CRP_PHASE5_NEXT_GATE_RECONCILIATION.md §5.2 (measured: 21 of 437 records carry a durable per-ID disposition; none of them is this ID) - no durable per-ID basis exists in this workspace to assign EXCLUDED, GAP or REFUSAL","BLOCKED_MISSING_EVIDENCE","NO_DURABLE_RESCREEN_RECORD","a durable per-ID corrected-logic rescreen disposition for CRP-LSRC-0299 - no register section, work-order ledger, catalogue field or SOURCE_CAPTURES evidence package in this workspace records one","WORK - record a durable per-ID rescreen disposition in an authorised batch; where the disposition turns on report-field or event-date mapping it additionally requires an AUTHORISED_EVIDENCE_ROUTE"
"CRP-LSRC-0300","AUTHORITY_RECORD","F2","US_CALIFORNIA","EXACT","US","US-CA","NOT RECORDED","https://leginfo.legislature.ca.gov/faces/codes_displaySection.xhtml?lawCode=CIV&sectionNum=","packages\backend\src\services\legalCorpus\authorities.ca.ts","DDC6FC2F92BC1F2824F499ED204941DE435B79227A5CD099DE324D7C73E01BE4","ADMITTED_SOURCE_ONLY","US | US-CA | US_CALIFORNIA | Consumer Credit Reporting Agencies Act (California), Civ. Code tit. 1.6, §§ 1785.1–1785.36 | NOT RECORDED","CRP-LSRC-0300","DUP-PAIR-006","IDENTICAL_ARTIFACT_AND_CITATION","the (source_artifact, provision_or_citation) pair occurs on 5 catalogue rows (ids: CRP-LSRC-0300, CRP-LSRC-0301, CRP-LSRC-0302, CRP-LSRC-0303, CRP-LSRC-0310); string-identity duplicate indicator only, not a proven duplicate legal provision; the citation also repeats across distinct artifacts in DUP-CITE-009","UNRESOLVED","CRP_PHASE5_NEXT_GATE_RECONCILIATION.md §5.2 (measured: 21 of 437 records carry a durable per-ID disposition; none of them is this ID) - no durable per-ID basis exists in this workspace to assign EXCLUDED, GAP or REFUSAL","BLOCKED_MISSING_EVIDENCE","NO_DURABLE_RESCREEN_RECORD","a durable per-ID corrected-logic rescreen disposition for CRP-LSRC-0300 - no register section, work-order ledger, catalogue field or SOURCE_CAPTURES evidence package in this workspace records one","WORK - record a durable per-ID rescreen disposition in an authorised batch; where the disposition turns on report-field or event-date mapping it additionally requires an AUTHORISED_EVIDENCE_ROUTE"
"CRP-LSRC-0301","AUTHORITY_RECORD","F2","US_CALIFORNIA","EXACT","US","US-CA","NOT RECORDED","https://leginfo.legislature.ca.gov/faces/codes_displaySection.xhtml?lawCode=CIV&sectionNum=","packages\backend\src\services\legalCorpus\authorities.ca.ts","DDC6FC2F92BC1F2824F499ED204941DE435B79227A5CD099DE324D7C73E01BE4","ADMITTED_SOURCE_ONLY","US | US-CA | US_CALIFORNIA | Investigative Consumer Reporting Agencies Act (California), Civ. Code tit. 1.6A, §§ 1786–1786.60 | NOT RECORDED","CRP-LSRC-0300","DUP-PAIR-006","IDENTICAL_ARTIFACT_AND_CITATION","the (source_artifact, provision_or_citation) pair occurs on 5 catalogue rows (ids: CRP-LSRC-0300, CRP-LSRC-0301, CRP-LSRC-0302, CRP-LSRC-0303, CRP-LSRC-0310); string-identity duplicate indicator only, not a proven duplicate legal provision; the citation also repeats across distinct artifacts in DUP-CITE-009","UNRESOLVED","CRP_PHASE5_NEXT_GATE_RECONCILIATION.md §5.2 (measured: 21 of 437 records carry a durable per-ID disposition; none of them is this ID) - no durable per-ID basis exists in this workspace to assign EXCLUDED, GAP or REFUSAL","BLOCKED_MISSING_EVIDENCE","NO_DURABLE_RESCREEN_RECORD","a durable per-ID corrected-logic rescreen disposition for CRP-LSRC-0301 - no register section, work-order ledger, catalogue field or SOURCE_CAPTURES evidence package in this workspace records one","WORK - record a durable per-ID rescreen disposition in an authorised batch; where the disposition turns on report-field or event-date mapping it additionally requires an AUTHORISED_EVIDENCE_ROUTE"
"CRP-LSRC-0302","AUTHORITY_RECORD","F10","US_CALIFORNIA","EXACT","US","US-CA","NOT RECORDED","https://leginfo.legislature.ca.gov/faces/codes_displaySection.xhtml?lawCode=CIV&sectionNum=","packages\backend\src\services\legalCorpus\authorities.ca.ts","DDC6FC2F92BC1F2824F499ED204941DE435B79227A5CD099DE324D7C73E01BE4","ADMITTED_SOURCE_ONLY","US | US-CA | US_CALIFORNIA | Rosenthal Fair Debt Collection Practices Act (California), Civ. Code § 1788 et seq. | NOT RECORDED","CRP-LSRC-0300","DUP-PAIR-006","IDENTICAL_ARTIFACT_AND_CITATION","the (source_artifact, provision_or_citation) pair occurs on 5 catalogue rows (ids: CRP-LSRC-0300, CRP-LSRC-0301, CRP-LSRC-0302, CRP-LSRC-0303, CRP-LSRC-0310); string-identity duplicate indicator only, not a proven duplicate legal provision; the citation also repeats across distinct artifacts in DUP-CITE-009","UNRESOLVED","CRP_PHASE5_NEXT_GATE_RECONCILIATION.md §5.2 (measured: 21 of 437 records carry a durable per-ID disposition; none of them is this ID) - no durable per-ID basis exists in this workspace to assign EXCLUDED, GAP or REFUSAL","BLOCKED_MISSING_EVIDENCE","NO_DURABLE_RESCREEN_RECORD","a durable per-ID corrected-logic rescreen disposition for CRP-LSRC-0302 - no register section, work-order ledger, catalogue field or SOURCE_CAPTURES evidence package in this workspace records one","WORK - record a durable per-ID rescreen disposition in an authorised batch; where the disposition turns on report-field or event-date mapping it additionally requires an AUTHORISED_EVIDENCE_ROUTE"
"CRP-LSRC-0303","AUTHORITY_RECORD","F1","US_CALIFORNIA","EXACT","US","US-CA","NOT RECORDED","https://leginfo.legislature.ca.gov/faces/codes_displaySection.xhtml?lawCode=CCP&sectionNum=","packages\backend\src\services\legalCorpus\authorities.ca.ts","DDC6FC2F92BC1F2824F499ED204941DE435B79227A5CD099DE324D7C73E01BE4","ADMITTED_SOURCE_ONLY","US | US-CA | US_CALIFORNIA | Code of Civil Procedure (California) | NOT RECORDED","CRP-LSRC-0300","DUP-PAIR-006","IDENTICAL_ARTIFACT_AND_CITATION","the (source_artifact, provision_or_citation) pair occurs on 5 catalogue rows (ids: CRP-LSRC-0300, CRP-LSRC-0301, CRP-LSRC-0302, CRP-LSRC-0303, CRP-LSRC-0310); string-identity duplicate indicator only, not a proven duplicate legal provision; the citation also repeats across distinct artifacts in DUP-CITE-009","UNRESOLVED","CRP_PHASE5_NEXT_GATE_RECONCILIATION.md §5.2 (measured: 21 of 437 records carry a durable per-ID disposition; none of them is this ID) - no durable per-ID basis exists in this workspace to assign EXCLUDED, GAP or REFUSAL","BLOCKED_MISSING_EVIDENCE","NO_DURABLE_RESCREEN_RECORD","a durable per-ID corrected-logic rescreen disposition for CRP-LSRC-0303 - no register section, work-order ledger, catalogue field or SOURCE_CAPTURES evidence package in this workspace records one","WORK - record a durable per-ID rescreen disposition in an authorised batch; where the disposition turns on report-field or event-date mapping it additionally requires an AUTHORISED_EVIDENCE_ROUTE"
"CRP-LSRC-0304","AUTHORITY_RECORD","F2","US_NEW_YORK","EXACT","US","US-NY","NOT RECORDED","https://www.nysenate.gov/legislation/laws/GBS/","packages\backend\src\services\legalCorpus\authorities.ny.ts","0D9E28FE8F34EA89C8F22F7727EDCD03CF63116D69AD8D65F8C1B5D107A6623A","ADMITTED_SOURCE_ONLY","US | US-NY | US_NEW_YORK | Fair Credit Reporting Act (New York), Gen. Bus. Law art. 25, §§ 380–380-v | NOT RECORDED","CRP-LSRC-0304","DUP-PAIR-007","IDENTICAL_ARTIFACT_AND_CITATION","the (source_artifact, provision_or_citation) pair occurs on 5 catalogue rows (ids: CRP-LSRC-0304, CRP-LSRC-0305, CRP-LSRC-0306, CRP-LSRC-0307, CRP-LSRC-0311); string-identity duplicate indicator only, not a proven duplicate legal provision; the citation also repeats across distinct artifacts in DUP-CITE-009","UNRESOLVED","CRP_PHASE5_NEXT_GATE_RECONCILIATION.md §5.2 (measured: 21 of 437 records carry a durable per-ID disposition; none of them is this ID) - no durable per-ID basis exists in this workspace to assign EXCLUDED, GAP or REFUSAL","BLOCKED_MISSING_EVIDENCE","NO_DURABLE_RESCREEN_RECORD","a durable per-ID corrected-logic rescreen disposition for CRP-LSRC-0304 - no register section, work-order ledger, catalogue field or SOURCE_CAPTURES evidence package in this workspace records one","WORK - record a durable per-ID rescreen disposition in an authorised batch; where the disposition turns on report-field or event-date mapping it additionally requires an AUTHORISED_EVIDENCE_ROUTE"
"CRP-LSRC-0305","AUTHORITY_RECORD","F1","US_NEW_YORK","EXACT","US","US-NY","NOT RECORDED","https://www.nysenate.gov/legislation/laws/CVP/","packages\backend\src\services\legalCorpus\authorities.ny.ts","0D9E28FE8F34EA89C8F22F7727EDCD03CF63116D69AD8D65F8C1B5D107A6623A","ADMITTED_SOURCE_ONLY","US | US-NY | US_NEW_YORK | Civil Practice Law and Rules (New York), §§ 211 and 213 | NOT RECORDED","CRP-LSRC-0304","DUP-PAIR-007","IDENTICAL_ARTIFACT_AND_CITATION","the (source_artifact, provision_or_citation) pair occurs on 5 catalogue rows (ids: CRP-LSRC-0304, CRP-LSRC-0305, CRP-LSRC-0306, CRP-LSRC-0307, CRP-LSRC-0311); string-identity duplicate indicator only, not a proven duplicate legal provision; the citation also repeats across distinct artifacts in DUP-CITE-009","UNRESOLVED","CRP_PHASE5_NEXT_GATE_RECONCILIATION.md §5.2 (measured: 21 of 437 records carry a durable per-ID disposition; none of them is this ID) - no durable per-ID basis exists in this workspace to assign EXCLUDED, GAP or REFUSAL","BLOCKED_MISSING_EVIDENCE","NO_DURABLE_RESCREEN_RECORD","a durable per-ID corrected-logic rescreen disposition for CRP-LSRC-0305 - no register section, work-order ledger, catalogue field or SOURCE_CAPTURES evidence package in this workspace records one","WORK - record a durable per-ID rescreen disposition in an authorised batch; where the disposition turns on report-field or event-date mapping it additionally requires an AUTHORISED_EVIDENCE_ROUTE"
"CRP-LSRC-0306","AUTHORITY_RECORD","F10","US_NEW_YORK","EXACT","US","US-NY","NOT RECORDED","https://www.nysenate.gov/legislation/laws/TAX/","packages\backend\src\services\legalCorpus\authorities.ny.ts","0D9E28FE8F34EA89C8F22F7727EDCD03CF63116D69AD8D65F8C1B5D107A6623A","ADMITTED_SOURCE_ONLY","US | US-NY | US_NEW_YORK | Tax Law (New York) § 1141 | NOT RECORDED","CRP-LSRC-0304","DUP-PAIR-007","IDENTICAL_ARTIFACT_AND_CITATION","the (source_artifact, provision_or_citation) pair occurs on 5 catalogue rows (ids: CRP-LSRC-0304, CRP-LSRC-0305, CRP-LSRC-0306, CRP-LSRC-0307, CRP-LSRC-0311); string-identity duplicate indicator only, not a proven duplicate legal provision; the citation also repeats across distinct artifacts in DUP-CITE-009","UNRESOLVED","CRP_PHASE5_NEXT_GATE_RECONCILIATION.md §5.2 (measured: 21 of 437 records carry a durable per-ID disposition; none of them is this ID) - no durable per-ID basis exists in this workspace to assign EXCLUDED, GAP or REFUSAL","BLOCKED_MISSING_EVIDENCE","NO_DURABLE_RESCREEN_RECORD","a durable per-ID corrected-logic rescreen disposition for CRP-LSRC-0306 - no register section, work-order ledger, catalogue field or SOURCE_CAPTURES evidence package in this workspace records one","WORK - record a durable per-ID rescreen disposition in an authorised batch; where the disposition turns on report-field or event-date mapping it additionally requires an AUTHORISED_EVIDENCE_ROUTE"
"CRP-LSRC-0307","AUTHORITY_RECORD","F3","US_NEW_YORK","EXACT","US","US-NY","NOT RECORDED","https://www.nysenate.gov/legislation/laws/PBH/","packages\backend\src\services\legalCorpus\authorities.ny.ts","0D9E28FE8F34EA89C8F22F7727EDCD03CF63116D69AD8D65F8C1B5D107A6623A","ADMITTED_SOURCE_ONLY","US | US-NY | US_NEW_YORK | Public Health Law (New York) §§ 2807-k, 2826 (medical-debt provisions only) | NOT RECORDED","CRP-LSRC-0304","DUP-PAIR-007","IDENTICAL_ARTIFACT_AND_CITATION","the (source_artifact, provision_or_citation) pair occurs on 5 catalogue rows (ids: CRP-LSRC-0304, CRP-LSRC-0305, CRP-LSRC-0306, CRP-LSRC-0307, CRP-LSRC-0311); string-identity duplicate indicator only, not a proven duplicate legal provision; the citation also repeats across distinct artifacts in DUP-CITE-009","UNRESOLVED","CRP_PHASE5_NEXT_GATE_RECONCILIATION.md §5.2 (measured: 21 of 437 records carry a durable per-ID disposition; none of them is this ID) - no durable per-ID basis exists in this workspace to assign EXCLUDED, GAP or REFUSAL","BLOCKED_MISSING_EVIDENCE","NO_DURABLE_RESCREEN_RECORD","a durable per-ID corrected-logic rescreen disposition for CRP-LSRC-0307 - no register section, work-order ledger, catalogue field or SOURCE_CAPTURES evidence package in this workspace records one","WORK - record a durable per-ID rescreen disposition in an authorised batch; where the disposition turns on report-field or event-date mapping it additionally requires an AUTHORISED_EVIDENCE_ROUTE"
"CRP-LSRC-0308","AUTHORITY_RECORD","F2","US_WASHINGTON","EXACT","US","US-WA","NOT RECORDED","https://app.leg.wa.gov/RCW/default.aspx?cite=19.182.","packages\backend\src\services\legalCorpus\authorities.wa.ts","85912639F0AAD43AB754501B56357C0F976CA52AC246C1B7F92D0B1DF0DBB03E","ADMITTED_SOURCE_ONLY","US | US-WA | US_WASHINGTON | Fair Credit Reporting Act, chapter 19.182 RCW (Consumer reports — Washington's own credit-reporting chapter) | NOT RECORDED","CRP-LSRC-0308","DUP-PAIR-008","IDENTICAL_ARTIFACT_AND_CITATION","the (source_artifact, provision_or_citation) pair occurs on 2 catalogue rows (ids: CRP-LSRC-0308, CRP-LSRC-0312); string-identity duplicate indicator only, not a proven duplicate legal provision; the citation also repeats across distinct artifacts in DUP-CITE-009","UNRESOLVED","CRP_PHASE5_NEXT_GATE_RECONCILIATION.md §5.2 (measured: 21 of 437 records carry a durable per-ID disposition; none of them is this ID) - no durable per-ID basis exists in this workspace to assign EXCLUDED, GAP or REFUSAL","BLOCKED_MISSING_EVIDENCE","NO_DURABLE_RESCREEN_RECORD","a durable per-ID corrected-logic rescreen disposition for CRP-LSRC-0308 - no register section, work-order ledger, catalogue field or SOURCE_CAPTURES evidence package in this workspace records one","WORK - record a durable per-ID rescreen disposition in an authorised batch; where the disposition turns on report-field or event-date mapping it additionally requires an AUTHORISED_EVIDENCE_ROUTE"
"CRP-LSRC-0309","LIMITATION_RECORD","F1","CA","EXACT","US","US-CA","Cal. Civ. Proc. Code § 683.020","https://leginfo.legislature.ca.gov/faces/codes_displaySection.xhtml?lawCode=CCP&sectionNum=683.020","packages\backend\src\services\solTable.ts","E0C04B274FD748461FE8F3D33FB4E5DF52538AB324D7682E02B6B526926896EF","ADMITTED_SOURCE_ONLY","US | US-CA | CA | California Code of Civil Procedure (California) | Cal. Civ. Proc. Code § 683.020","CRP-LSRC-0309","NONE","NO_REPEATED_STRING_MEASURED","no repeated (source_artifact, provision_or_citation) pair and no repeated citation string measured for this row","UNRESOLVED","CRP_PHASE5_NEXT_GATE_RECONCILIATION.md §5.2 (measured: 21 of 437 records carry a durable per-ID disposition; none of them is this ID) - no durable per-ID basis exists in this workspace to assign EXCLUDED, GAP or REFUSAL","BLOCKED_MISSING_EVIDENCE","NO_DURABLE_RESCREEN_RECORD","a durable per-ID corrected-logic rescreen disposition for CRP-LSRC-0309 - no register section, work-order ledger, catalogue field or SOURCE_CAPTURES evidence package in this workspace records one","WORK - record a durable per-ID rescreen disposition in an authorised batch; where the disposition turns on report-field or event-date mapping it additionally requires an AUTHORISED_EVIDENCE_ROUTE"
"CRP-LSRC-0310","GAP","F10","US_CALIFORNIA","EXACT","US","US-CA","NOT RECORDED","NOT RECORDED","packages\backend\src\services\legalCorpus\authorities.ca.ts","DDC6FC2F92BC1F2824F499ED204941DE435B79227A5CD099DE324D7C73E01BE4","ADMITTED_SOURCE_ONLY","US | US-CA | US_CALIFORNIA | (California secondary-authority gap declaration) — no California secondary authority was read — PHASE5-001C owner amendment (closure is a scope decision only; no secondary source is retrieved; see CRP_GAP_REFUSAL_RESOLUTION_REGISTER.md): the owner document records a cross-reference statement that California primary statutory language (California Civil Code) was cross-referenced with California Department of Financial Protection and Innovation (DFPI) administrative guidance and Witkin California Law treatises. The statement is recorded as owner-authorised. No locator or retrieval is recorded for the named guidance or treatises, so they are not admitted as retrieved sources and no authority record is created | NOT RECORDED","CRP-LSRC-0300","DUP-PAIR-006","IDENTICAL_ARTIFACT_AND_CITATION","the (source_artifact, provision_or_citation) pair occurs on 5 catalogue rows (ids: CRP-LSRC-0300, CRP-LSRC-0301, CRP-LSRC-0302, CRP-LSRC-0303, CRP-LSRC-0310); string-identity duplicate indicator only, not a proven duplicate legal provision; the citation also repeats across distinct artifacts in DUP-CITE-009","GAP","CRP_GAP_REFUSAL_RESOLUTION_REGISTER.md §2 row for this ID, §4 group A, §7.4 index, with per-ID results in §8.3 / §10.4 / §11.5 / §12.4 and the catalogue entry text recorded under PHASE5-001C","RECORDED_DURABLE","NO_OPEN_ITEM_RECORDED","NONE_RECORDED - the register lists no open item for this ID","NONE - the recorded disposition stands"
"CRP-LSRC-0311","GAP","F10","US_NEW_YORK","EXACT","US","US-NY","NOT RECORDED","NOT RECORDED","packages\backend\src\services\legalCorpus\authorities.ny.ts","0D9E28FE8F34EA89C8F22F7727EDCD03CF63116D69AD8D65F8C1B5D107A6623A","ADMITTED_SOURCE_ONLY","US | US-NY | US_NEW_YORK | (New York secondary-authority gap declaration) — no New York secondary authority was read — PHASE5-001C owner amendment (closure is a scope decision only; no secondary source is retrieved; see CRP_GAP_REFUSAL_RESOLUTION_REGISTER.md): the owner document records a cross-reference statement that New York primary statutory language (New York CPLR and the Fair Consumer Debt Reporting Act) was cross-referenced with New York Department of Financial Services (NYDFS) industry guidance and McKinney's Practice Commentaries. The statement is recorded as owner-authorised, and the named State Act is recorded as owner-supplied naming only. No locator or retrieval is recorded for the named guidance or commentaries, so they are not admitted as retrieved sources and no authority record is created | NOT RECORDED","CRP-LSRC-0304","DUP-PAIR-007","IDENTICAL_ARTIFACT_AND_CITATION","the (source_artifact, provision_or_citation) pair occurs on 5 catalogue rows (ids: CRP-LSRC-0304, CRP-LSRC-0305, CRP-LSRC-0306, CRP-LSRC-0307, CRP-LSRC-0311); string-identity duplicate indicator only, not a proven duplicate legal provision; the citation also repeats across distinct artifacts in DUP-CITE-009","GAP","CRP_GAP_REFUSAL_RESOLUTION_REGISTER.md §2 row for this ID, §4 group A, §7.4 index, with per-ID results in §8.3 / §10.4 / §11.5 / §12.4 and the catalogue entry text recorded under PHASE5-001C","RECORDED_DURABLE","NO_OPEN_ITEM_RECORDED","NONE_RECORDED - the register lists no open item for this ID","NONE - the recorded disposition stands"
"CRP-LSRC-0312","GAP","F10","US_WASHINGTON","EXACT","US","US-WA","NOT RECORDED","NOT RECORDED","packages\backend\src\services\legalCorpus\authorities.wa.ts","85912639F0AAD43AB754501B56357C0F976CA52AC246C1B7F92D0B1DF0DBB03E","ADMITTED_SOURCE_ONLY","US | US-WA | US_WASHINGTON | (Washington secondary-authority gap declaration) — no Washington agency interpretation, attorney-general opinion or regulatory guidance was read — PHASE5-001C owner amendment (closure is a scope decision only; no secondary source is retrieved; see CRP_GAP_REFUSAL_RESOLUTION_REGISTER.md): the owner document records a cross-reference statement that Washington primary statutory parameters (the Washington Collection Agency Act and the Fair Credit Reporting Act) were cross-referenced with Washington State Attorney General's Office formal opinions and Department of Financial Institutions compliance manuals, and additionally states that logic rules actively enforce Washington's total medical debt reporting prohibition and mandated multi-point billing disclosures. Both statements are recorded as owner-authorised assertions. No locator or retrieval is recorded for the named opinions or manuals, and no runtime behaviour is confirmed by this work order; the Washington medical-debt reporting rule is not restated, extended or generalised here | NOT RECORDED","CRP-LSRC-0308","DUP-PAIR-008","IDENTICAL_ARTIFACT_AND_CITATION","the (source_artifact, provision_or_citation) pair occurs on 2 catalogue rows (ids: CRP-LSRC-0308, CRP-LSRC-0312); string-identity duplicate indicator only, not a proven duplicate legal provision; the citation also repeats across distinct artifacts in DUP-CITE-009","GAP","CRP_GAP_REFUSAL_RESOLUTION_REGISTER.md §2 row for this ID, §4 group A, §7.4 index, with per-ID results in §8.3 / §10.4 / §11.5 / §12.4 and the catalogue entry text recorded under PHASE5-001C","RECORDED_DURABLE","NO_OPEN_ITEM_RECORDED","NONE_RECORDED - the register lists no open item for this ID","NONE - the recorded disposition stands"
"CRP-LSRC-0313","CITATION_RECORD","F3","FEDERAL","COUNTRY_WIDE_SOURCE","null","null","S.C. 2000, c. 5, Sch. 1, cl. 4.6","NOT RECORDED","docs\citation-objects.tsv","C5915E80234A8C17FF7D2A466F12EFFF49F02143D0FFF7FAD269128E7AA3AE33","ADMITTED_SOURCE_ONLY"," |  | FEDERAL | PIPEDA | S.C. 2000, c. 5, Sch. 1, cl. 4.6","CRP-LSRC-0313","NONE","NO_REPEATED_STRING_MEASURED","no repeated (source_artifact, provision_or_citation) pair and no repeated citation string measured for this row","UNRESOLVED","CRP_PHASE5_NEXT_GATE_RECONCILIATION.md §5.2 (measured: 21 of 437 records carry a durable per-ID disposition; none of them is this ID) - no durable per-ID basis exists in this workspace to assign EXCLUDED, GAP or REFUSAL","BLOCKED_MISSING_EVIDENCE","NO_DURABLE_RESCREEN_RECORD","a durable per-ID corrected-logic rescreen disposition for CRP-LSRC-0313 - no register section, work-order ledger, catalogue field or SOURCE_CAPTURES evidence package in this workspace records one","WORK - record a durable per-ID rescreen disposition in an authorised batch; where the disposition turns on report-field or event-date mapping it additionally requires an AUTHORISED_EVIDENCE_ROUTE"
"CRP-LSRC-0314","CONTENT_RULE","F1","FEDERAL","COUNTRY_WIDE_SOURCE","null","null","NOT RECORDED (`section: null`)","https://www.canada.ca/en/financial-consumer-agency/services/credit-reports-score/information-credit-report.html","packages\backend\src\services\legalRules.ts","FE5C1BA63AE85923E378D4278C3D6E85461E8DF648847F43FE02FB4185BD41F6","ADMITTED_SOURCE_ONLY"," |  | FEDERAL | PIPEDA | NOT RECORDED (`section: null`)","CRP-LSRC-0314","DUP-PAIR-009","IDENTICAL_ARTIFACT_AND_CITATION","the (source_artifact, provision_or_citation) pair occurs on 2 catalogue rows (ids: CRP-LSRC-0314, CRP-LSRC-0410); string-identity duplicate indicator only, not a proven duplicate legal provision","UNRESOLVED","CRP_PHASE5_NEXT_GATE_RECONCILIATION.md §5.2 (measured: 21 of 437 records carry a durable per-ID disposition; none of them is this ID) - no durable per-ID basis exists in this workspace to assign EXCLUDED, GAP or REFUSAL","BLOCKED_MISSING_EVIDENCE","NO_DURABLE_RESCREEN_RECORD","a durable per-ID corrected-logic rescreen disposition for CRP-LSRC-0314 - no register section, work-order ledger, catalogue field or SOURCE_CAPTURES evidence package in this workspace records one","WORK - record a durable per-ID rescreen disposition in an authorised batch; where the disposition turns on report-field or event-date mapping it additionally requires an AUTHORISED_EVIDENCE_ROUTE"
"CRP-LSRC-0315","CONTENT_RULE","F1","FEDERAL","COUNTRY_WIDE_SOURCE","null","null","NOT RECORDED","https://www.canada.ca/en/financial-consumer-agency/services/credit-reports-score/information-credit-report.html","packages\backend\src\services\legalRules.ts","FE5C1BA63AE85923E378D4278C3D6E85461E8DF648847F43FE02FB4185BD41F6","ADMITTED_SOURCE_ONLY"," |  | FEDERAL | PIPEDA | NOT RECORDED","CRP-LSRC-0315","DUP-PAIR-010","IDENTICAL_ARTIFACT_AND_CITATION","the (source_artifact, provision_or_citation) pair occurs on 23 catalogue rows (ids: CRP-LSRC-0315, CRP-LSRC-0316, CRP-LSRC-0317, CRP-LSRC-0318, CRP-LSRC-0320, CRP-LSRC-0321, CRP-LSRC-0322, CRP-LSRC-0323, CRP-LSRC-0324, CRP-LSRC-0336, CRP-LSRC-0337, CRP-LSRC-0338, CRP-LSRC-0339, CRP-LSRC-0340, CRP-LSRC-0341, CRP-LSRC-0342, CRP-LSRC-0343, CRP-LSRC-0344, CRP-LSRC-0345, CRP-LSRC-0346, CRP-LSRC-0347, CRP-LSRC-0348, CRP-LSRC-0413); string-identity duplicate indicator only, not a proven duplicate legal provision; the citation also repeats across distinct artifacts in DUP-CITE-009","UNRESOLVED","CRP_PHASE5_NEXT_GATE_RECONCILIATION.md §5.2 (measured: 21 of 437 records carry a durable per-ID disposition; none of them is this ID) - no durable per-ID basis exists in this workspace to assign EXCLUDED, GAP or REFUSAL","BLOCKED_MISSING_EVIDENCE","NO_DURABLE_RESCREEN_RECORD","a durable per-ID corrected-logic rescreen disposition for CRP-LSRC-0315 - no register section, work-order ledger, catalogue field or SOURCE_CAPTURES evidence package in this workspace records one","WORK - record a durable per-ID rescreen disposition in an authorised batch; where the disposition turns on report-field or event-date mapping it additionally requires an AUTHORISED_EVIDENCE_ROUTE"
"CRP-LSRC-0316","CONTENT_RULE","F1","FEDERAL","COUNTRY_WIDE_SOURCE","null","null","NOT RECORDED","https://www.canada.ca/en/financial-consumer-agency/services/credit-reports-score/information-credit-report.html","packages\backend\src\services\legalRules.ts","FE5C1BA63AE85923E378D4278C3D6E85461E8DF648847F43FE02FB4185BD41F6","ADMITTED_SOURCE_ONLY"," |  | FEDERAL | PIPEDA | NOT RECORDED","CRP-LSRC-0315","DUP-PAIR-010","IDENTICAL_ARTIFACT_AND_CITATION","the (source_artifact, provision_or_citation) pair occurs on 23 catalogue rows (ids: CRP-LSRC-0315, CRP-LSRC-0316, CRP-LSRC-0317, CRP-LSRC-0318, CRP-LSRC-0320, CRP-LSRC-0321, CRP-LSRC-0322, CRP-LSRC-0323, CRP-LSRC-0324, CRP-LSRC-0336, CRP-LSRC-0337, CRP-LSRC-0338, CRP-LSRC-0339, CRP-LSRC-0340, CRP-LSRC-0341, CRP-LSRC-0342, CRP-LSRC-0343, CRP-LSRC-0344, CRP-LSRC-0345, CRP-LSRC-0346, CRP-LSRC-0347, CRP-LSRC-0348, CRP-LSRC-0413); string-identity duplicate indicator only, not a proven duplicate legal provision; the citation also repeats across distinct artifacts in DUP-CITE-009","UNRESOLVED","CRP_PHASE5_NEXT_GATE_RECONCILIATION.md §5.2 (measured: 21 of 437 records carry a durable per-ID disposition; none of them is this ID) - no durable per-ID basis exists in this workspace to assign EXCLUDED, GAP or REFUSAL","BLOCKED_MISSING_EVIDENCE","NO_DURABLE_RESCREEN_RECORD","a durable per-ID corrected-logic rescreen disposition for CRP-LSRC-0316 - no register section, work-order ledger, catalogue field or SOURCE_CAPTURES evidence package in this workspace records one","WORK - record a durable per-ID rescreen disposition in an authorised batch; where the disposition turns on report-field or event-date mapping it additionally requires an AUTHORISED_EVIDENCE_ROUTE"
"CRP-LSRC-0317","CONTENT_RULE","F1","FEDERAL","COUNTRY_WIDE_SOURCE","null","null","NOT RECORDED","https://www.canada.ca/en/financial-consumer-agency/services/credit-reports-score/information-credit-report.html","packages\backend\src\services\legalRules.ts","FE5C1BA63AE85923E378D4278C3D6E85461E8DF648847F43FE02FB4185BD41F6","ADMITTED_SOURCE_ONLY"," |  | FEDERAL | PIPEDA | NOT RECORDED","CRP-LSRC-0315","DUP-PAIR-010","IDENTICAL_ARTIFACT_AND_CITATION","the (source_artifact, provision_or_citation) pair occurs on 23 catalogue rows (ids: CRP-LSRC-0315, CRP-LSRC-0316, CRP-LSRC-0317, CRP-LSRC-0318, CRP-LSRC-0320, CRP-LSRC-0321, CRP-LSRC-0322, CRP-LSRC-0323, CRP-LSRC-0324, CRP-LSRC-0336, CRP-LSRC-0337, CRP-LSRC-0338, CRP-LSRC-0339, CRP-LSRC-0340, CRP-LSRC-0341, CRP-LSRC-0342, CRP-LSRC-0343, CRP-LSRC-0344, CRP-LSRC-0345, CRP-LSRC-0346, CRP-LSRC-0347, CRP-LSRC-0348, CRP-LSRC-0413); string-identity duplicate indicator only, not a proven duplicate legal provision; the citation also repeats across distinct artifacts in DUP-CITE-009","UNRESOLVED","CRP_PHASE5_NEXT_GATE_RECONCILIATION.md §5.2 (measured: 21 of 437 records carry a durable per-ID disposition; none of them is this ID) - no durable per-ID basis exists in this workspace to assign EXCLUDED, GAP or REFUSAL","BLOCKED_MISSING_EVIDENCE","NO_DURABLE_RESCREEN_RECORD","a durable per-ID corrected-logic rescreen disposition for CRP-LSRC-0317 - no register section, work-order ledger, catalogue field or SOURCE_CAPTURES evidence package in this workspace records one","WORK - record a durable per-ID rescreen disposition in an authorised batch; where the disposition turns on report-field or event-date mapping it additionally requires an AUTHORISED_EVIDENCE_ROUTE"
"CRP-LSRC-0318","CONTENT_RULE","F1","FEDERAL","COUNTRY_WIDE_SOURCE","null","null","NOT RECORDED","https://www.canada.ca/en/financial-consumer-agency/services/credit-reports-score/information-credit-report.html","packages\backend\src\services\legalRules.ts","FE5C1BA63AE85923E378D4278C3D6E85461E8DF648847F43FE02FB4185BD41F6","ADMITTED_SOURCE_ONLY"," |  | FEDERAL | PIPEDA | NOT RECORDED","CRP-LSRC-0315","DUP-PAIR-010","IDENTICAL_ARTIFACT_AND_CITATION","the (source_artifact, provision_or_citation) pair occurs on 23 catalogue rows (ids: CRP-LSRC-0315, CRP-LSRC-0316, CRP-LSRC-0317, CRP-LSRC-0318, CRP-LSRC-0320, CRP-LSRC-0321, CRP-LSRC-0322, CRP-LSRC-0323, CRP-LSRC-0324, CRP-LSRC-0336, CRP-LSRC-0337, CRP-LSRC-0338, CRP-LSRC-0339, CRP-LSRC-0340, CRP-LSRC-0341, CRP-LSRC-0342, CRP-LSRC-0343, CRP-LSRC-0344, CRP-LSRC-0345, CRP-LSRC-0346, CRP-LSRC-0347, CRP-LSRC-0348, CRP-LSRC-0413); string-identity duplicate indicator only, not a proven duplicate legal provision; the citation also repeats across distinct artifacts in DUP-CITE-009","UNRESOLVED","CRP_PHASE5_NEXT_GATE_RECONCILIATION.md §5.2 (measured: 21 of 437 records carry a durable per-ID disposition; none of them is this ID) - no durable per-ID basis exists in this workspace to assign EXCLUDED, GAP or REFUSAL","BLOCKED_MISSING_EVIDENCE","NO_DURABLE_RESCREEN_RECORD","a durable per-ID corrected-logic rescreen disposition for CRP-LSRC-0318 - no register section, work-order ledger, catalogue field or SOURCE_CAPTURES evidence package in this workspace records one","WORK - record a durable per-ID rescreen disposition in an authorised batch; where the disposition turns on report-field or event-date mapping it additionally requires an AUTHORISED_EVIDENCE_ROUTE"
"CRP-LSRC-0319","CONTENT_RULE","F4","FEDERAL","COUNTRY_WIDE_SOURCE","null","null","Schedule 1, clause 4.6 (Accuracy) and clause 4.9 (Individual access)","https://laws-lois.justice.gc.ca/eng/acts/P-8.6/","packages\backend\src\services\legalRules.ts","FE5C1BA63AE85923E378D4278C3D6E85461E8DF648847F43FE02FB4185BD41F6","ADMITTED_SOURCE_ONLY"," |  | FEDERAL | PIPEDA | Schedule 1, clause 4.6 (Accuracy) and clause 4.9 (Individual access)","CRP-LSRC-0319","NONE","NO_REPEATED_STRING_MEASURED","no repeated (source_artifact, provision_or_citation) pair and no repeated citation string measured for this row","UNRESOLVED","CRP_PHASE5_NEXT_GATE_RECONCILIATION.md §5.2 (measured: 21 of 437 records carry a durable per-ID disposition; none of them is this ID) - no durable per-ID basis exists in this workspace to assign EXCLUDED, GAP or REFUSAL","BLOCKED_MISSING_EVIDENCE","NO_DURABLE_RESCREEN_RECORD","a durable per-ID corrected-logic rescreen disposition for CRP-LSRC-0319 - no register section, work-order ledger, catalogue field or SOURCE_CAPTURES evidence package in this workspace records one","WORK - record a durable per-ID rescreen disposition in an authorised batch; where the disposition turns on report-field or event-date mapping it additionally requires an AUTHORISED_EVIDENCE_ROUTE"
"CRP-LSRC-0320","CONTENT_RULE","F1","FEDERAL","COUNTRY_WIDE_SOURCE","null","null","NOT RECORDED","https://www.canada.ca/en/financial-consumer-agency/services/credit-reports-score/information-credit-report.html","packages\backend\src\services\legalRules.ts","FE5C1BA63AE85923E378D4278C3D6E85461E8DF648847F43FE02FB4185BD41F6","ADMITTED_SOURCE_ONLY"," |  | FEDERAL | PIPEDA | NOT RECORDED","CRP-LSRC-0315","DUP-PAIR-010","IDENTICAL_ARTIFACT_AND_CITATION","the (source_artifact, provision_or_citation) pair occurs on 23 catalogue rows (ids: CRP-LSRC-0315, CRP-LSRC-0316, CRP-LSRC-0317, CRP-LSRC-0318, CRP-LSRC-0320, CRP-LSRC-0321, CRP-LSRC-0322, CRP-LSRC-0323, CRP-LSRC-0324, CRP-LSRC-0336, CRP-LSRC-0337, CRP-LSRC-0338, CRP-LSRC-0339, CRP-LSRC-0340, CRP-LSRC-0341, CRP-LSRC-0342, CRP-LSRC-0343, CRP-LSRC-0344, CRP-LSRC-0345, CRP-LSRC-0346, CRP-LSRC-0347, CRP-LSRC-0348, CRP-LSRC-0413); string-identity duplicate indicator only, not a proven duplicate legal provision; the citation also repeats across distinct artifacts in DUP-CITE-009","UNRESOLVED","CRP_PHASE5_NEXT_GATE_RECONCILIATION.md §5.2 (measured: 21 of 437 records carry a durable per-ID disposition; none of them is this ID) - no durable per-ID basis exists in this workspace to assign EXCLUDED, GAP or REFUSAL","BLOCKED_MISSING_EVIDENCE","NO_DURABLE_RESCREEN_RECORD","a durable per-ID corrected-logic rescreen disposition for CRP-LSRC-0320 - no register section, work-order ledger, catalogue field or SOURCE_CAPTURES evidence package in this workspace records one","WORK - record a durable per-ID rescreen disposition in an authorised batch; where the disposition turns on report-field or event-date mapping it additionally requires an AUTHORISED_EVIDENCE_ROUTE"
"CRP-LSRC-0321","GAP","F10","Canada — country scope","GAP","null","null","NOT RECORDED","NOT RECORDED","packages\backend\src\services\legalRules.ts","FE5C1BA63AE85923E378D4278C3D6E85461E8DF648847F43FE02FB4185BD41F6","ADMITTED_SOURCE_ONLY"," |  | Canada — country scope | `provincial and territorial Acts` (per the entry's own naming) — Every province and territory is in the table with an instrument; the recorded gap concerns how those instruments relate to the federal baseline — PHASE5-001C owner amendment (relationship recorded; cross-layer conflict remains open; see CRP_GAP_REFUSAL_RESOLUTION_REGISTER.md): the owner document records the federal baseline as PIPEDA for privacy with Bank Act and FCAC guidelines for banking, and records that every province and territory already has an instrument in the table. Owner-supplied relationship statements: (i) for a federal bank the federal baseline takes priority while provincial data-accuracy and privacy laws are still respected absent direct conflict; (ii) for a provincial lender or collector the provincial instrument governs operational timelines such as credit aging and collections; (iii) for a conflict in timelines the owner document proposes applying the shortest, most consumer-friendly window. Statement (iii) is recorded as a proposal only and is NOT adopted: this amendment applies no shortest-period and no global override rule, so cross-layer conflict resolution remains unresolved. Provincial examples named by the owner document are Ontario (Consumer Reporting Act, R.S.O. 1990) and Quebec (Civil Code of Québec / Consumer Protection Act), together with British Columbia and Alberta in the same supplied matrix. Province-specific rules are preserved as supplied and no merged, superseding or overridden rule is created | NOT RECORDED","CRP-LSRC-0315","DUP-PAIR-010","IDENTICAL_ARTIFACT_AND_CITATION","the (source_artifact, provision_or_citation) pair occurs on 23 catalogue rows (ids: CRP-LSRC-0315, CRP-LSRC-0316, CRP-LSRC-0317, CRP-LSRC-0318, CRP-LSRC-0320, CRP-LSRC-0321, CRP-LSRC-0322, CRP-LSRC-0323, CRP-LSRC-0324, CRP-LSRC-0336, CRP-LSRC-0337, CRP-LSRC-0338, CRP-LSRC-0339, CRP-LSRC-0340, CRP-LSRC-0341, CRP-LSRC-0342, CRP-LSRC-0343, CRP-LSRC-0344, CRP-LSRC-0345, CRP-LSRC-0346, CRP-LSRC-0347, CRP-LSRC-0348, CRP-LSRC-0413); string-identity duplicate indicator only, not a proven duplicate legal provision; the citation also repeats across distinct artifacts in DUP-CITE-009","GAP","CRP_GAP_REFUSAL_RESOLUTION_REGISTER.md §2 row for this ID, §4 group C, §7.4 index, §3.6 mapping, with per-ID results in §8.3 / §10.4 / §11.5 / §12.4 and the catalogue entry text recorded under PHASE5-001C","RECORDED_DURABLE","RECORDED_OPEN_ITEM","register §5 item 4: the cross-layer conflict limb stays open; no override rule is entered","WORK and/or AUTHORISED_EVIDENCE_ROUTE as the cited register item requires; an owner decision where the item is a scope, wildcard or refusal question"
"CRP-LSRC-0322","GAP","F10","Canada — country scope","GAP","null","null","NOT RECORDED","NOT RECORDED","packages\backend\src\services\legalRules.ts","FE5C1BA63AE85923E378D4278C3D6E85461E8DF648847F43FE02FB4185BD41F6","ADMITTED_SOURCE_ONLY"," |  | Canada — country scope | `FCAC` published bureau practice — The recorded FCAC periods are the bureaus' published practice; no statutory basis is cited for each period — PHASE5-001C owner amendment (statutory-basis identifications supplied for the named provinces; retrieval still owed; see CRP_GAP_REFUSAL_RESOLUTION_REGISTER.md): the owner document supplies the following owner-supplied statutory bases for the recorded bureau reporting periods, each given as bankruptcy-first years / collections-and-judgments years: Ontario 7/6 (Consumer Reporting Act, R.S.O. 1990, c. C.33, s. 9(3)); Quebec 6/6 (Civil Code of Québec, CQLR c CCQ-1991, art. 30); British Columbia 6/6 (Business Practices and Consumer Protection Act, S.B.C. 2004, c. 2, s. 109); Alberta 6/6 (Consumer Protection Act, R.S.A. 2000, c. C-26.3 with the Consumer Reporting Regulation, s. 16); Manitoba 6/6 (Personal Investigations Act, C.C.S.M. c. P34, s. 9(3)); Saskatchewan 6/6 (The Credit Reporting Act, S.S. 2004, c. C-43.2, s. 18); Nova Scotia 6/6 (Consumer Reporting Act, R.S.N.S. 1989, c. 89, s. 11(3)); New Brunswick 7/6 (Consumer Reporting Act, S.N.B. 2014, c. 31, s. 13); Prince Edward Island 7/6 (Consumer Reporting Act, R.S.P.E.I. 1988, c. C-18, s. 10); Newfoundland and Labrador 7/6 (Consumer Reporting Act, R.S.N.L. 1990, c. C-32, s. 11); Yukon, Northwest Territories and Nunavut 6/6 respectively under the Consumers Protection Act or Consumer Protection Act, with no precise provision supplied. None of these provisions was retrieved in this work order, so no period is admitted as a verified statutory basis and no rule is entered. Provenance limitation: the owner document cites the Prince Edward Island Consumer Reporting Act as c. C-18 in this row and as c. C-20 in the CRP-LSRC-0323 row | NOT RECORDED","CRP-LSRC-0315","DUP-PAIR-010","IDENTICAL_ARTIFACT_AND_CITATION","the (source_artifact, provision_or_citation) pair occurs on 23 catalogue rows (ids: CRP-LSRC-0315, CRP-LSRC-0316, CRP-LSRC-0317, CRP-LSRC-0318, CRP-LSRC-0320, CRP-LSRC-0321, CRP-LSRC-0322, CRP-LSRC-0323, CRP-LSRC-0324, CRP-LSRC-0336, CRP-LSRC-0337, CRP-LSRC-0338, CRP-LSRC-0339, CRP-LSRC-0340, CRP-LSRC-0341, CRP-LSRC-0342, CRP-LSRC-0343, CRP-LSRC-0344, CRP-LSRC-0345, CRP-LSRC-0346, CRP-LSRC-0347, CRP-LSRC-0348, CRP-LSRC-0413); string-identity duplicate indicator only, not a proven duplicate legal provision; the citation also repeats across distinct artifacts in DUP-CITE-009","GAP","CRP_GAP_REFUSAL_RESOLUTION_REGISTER.md §2 row for this ID, §4 group C, §7.4 index, §3.3 mapping, §13.9 correction, with per-ID results in §8.3 / §10.4 / §11.5 / §12.4 and the catalogue entry text recorded under PHASE5-001C","RECORDED_DURABLE","RECORDED_OPEN_ITEM","register §5 item 5: every supplied statutory basis is unretrieved, including the Prince Edward Island chapter-number inconsistency","WORK and/or AUTHORISED_EVIDENCE_ROUTE as the cited register item requires; an owner decision where the item is a scope, wildcard or refusal question"
"CRP-LSRC-0323","GAP","F10","Canada — country scope","GAP","null","null","NOT RECORDED","NOT RECORDED","packages\backend\src\services\legalRules.ts","FE5C1BA63AE85923E378D4278C3D6E85461E8DF648847F43FE02FB4185BD41F6","ADMITTED_SOURCE_ONLY"," |  | Canada — country scope | the four provincial consumer-reporting regimes (named by the entry) — Those regimes are read in their own words and deliberately not entered; the entry records the blocking reason — PHASE5-001C owner amendment (exclusion provisions recorded; the deliberate non-entry is retained; see CRP_GAP_REFUSAL_RESOLUTION_REGISTER.md): the owner document supplies the provisions for the four regimes read and deliberately not entered — Ontario (Consumer Reporting Act, R.S.O. 1990, c. C.33, s. 2(2) and s. 2(3): carve-outs where the Act does not apply, including professional investigations and specialised financial data transfers); Nova Scotia (Consumer Reporting Act, R.S.N.S. 1989, c. 89, s. 2: scope limited to consumer reports compiled for profit or commercial dissemination); New Brunswick (Consumer Reporting Act, S.N.B. 2014, c. 31, s. 2: limits on what constitutes an active consumer reporting file); Prince Edward Island (Consumer Reporting Act, R.S.P.E.I. 1988, c. C-20, s. 2: jurisdictional parameters and exemptions for commercial credit lines or cross-border file processing). The deliberate non-entry of these regimes is retained and is now grounded as an owner-supplied scope decision; the provisions were not retrieved in this work order, so no rule is entered and no exclusion is applied by this amendment. Provenance limitation: the Prince Edward Island chapter number is given as c. C-20 here and as c. C-18 in the CRP-LSRC-0322 row | NOT RECORDED","CRP-LSRC-0315","DUP-PAIR-010","IDENTICAL_ARTIFACT_AND_CITATION","the (source_artifact, provision_or_citation) pair occurs on 23 catalogue rows (ids: CRP-LSRC-0315, CRP-LSRC-0316, CRP-LSRC-0317, CRP-LSRC-0318, CRP-LSRC-0320, CRP-LSRC-0321, CRP-LSRC-0322, CRP-LSRC-0323, CRP-LSRC-0324, CRP-LSRC-0336, CRP-LSRC-0337, CRP-LSRC-0338, CRP-LSRC-0339, CRP-LSRC-0340, CRP-LSRC-0341, CRP-LSRC-0342, CRP-LSRC-0343, CRP-LSRC-0344, CRP-LSRC-0345, CRP-LSRC-0346, CRP-LSRC-0347, CRP-LSRC-0348, CRP-LSRC-0413); string-identity duplicate indicator only, not a proven duplicate legal provision; the citation also repeats across distinct artifacts in DUP-CITE-009","GAP","CRP_GAP_REFUSAL_RESOLUTION_REGISTER.md §2 row for this ID, §4 group A, §7.4 index, §3.7 mapping, §13.9 correction, with per-ID results in §8.3 / §10.4 / §11.5 / §12.4 and the catalogue entry text recorded under PHASE5-001C","RECORDED_DURABLE","RECORDED_OPEN_ITEM","register §5 item 7: the deliberate non-entry of the named provincial provisions is retained; they are unretrieved","WORK and/or AUTHORISED_EVIDENCE_ROUTE as the cited register item requires; an owner decision where the item is a scope, wildcard or refusal question"
"CRP-LSRC-0324","GAP","F10","Canada / United Kingdom — dual country scope","GAP","null","null","NOT RECORDED","NOT RECORDED","packages\backend\src\services\legalRules.ts","FE5C1BA63AE85923E378D4278C3D6E85461E8DF648847F43FE02FB4185BD41F6","ADMITTED_SOURCE_ONLY"," |  | Canada / United Kingdom — dual country scope | (bureau-side duties; named by the entry) — Bureau-side duties read and deliberately not entered; the decision is recorded as made — PHASE5-001C owner amendment (bureau-side duties recorded; scoping retained and out of scope for report-only findings; see CRP_GAP_REFUSAL_RESOLUTION_REGISTER.md): the owner document supplies the bureau-side statutory frameworks that were read and deliberately not entered. Canada: Ontario Consumer Reporting Act, R.S.O. 1990, c. C.33, s. 8 (duty to maintain accurate files) and s. 13 (30-day dispute investigation framework); Civil Code of Québec, CQLR c CCQ-1991, art. 35 to 40 (reputation and privacy protections) with the Act respecting the protection of personal information in the private sector; British Columbia Business Practices and Consumer Protection Act, S.B.C. 2004, c. 2, Part 6, s. 107 to 112 (consumer reporting agency responsibilities and mandatory file corrections). United Kingdom: UK Data Protection Act 2018 and UK GDPR Article 5(1)(d) (accuracy principle); Consumer Credit Act 1974, s. 157 to 159 (disclosure of file contents and the correction and notice framework). The recorded reason for omission is that this node enforces data-furnisher obligations only. Bureau-side duties and bureau conduct cannot be established from report content, so they remain out of scope for report-only findings and are not entered as rules | NOT RECORDED","CRP-LSRC-0315","DUP-PAIR-010","IDENTICAL_ARTIFACT_AND_CITATION","the (source_artifact, provision_or_citation) pair occurs on 23 catalogue rows (ids: CRP-LSRC-0315, CRP-LSRC-0316, CRP-LSRC-0317, CRP-LSRC-0318, CRP-LSRC-0320, CRP-LSRC-0321, CRP-LSRC-0322, CRP-LSRC-0323, CRP-LSRC-0324, CRP-LSRC-0336, CRP-LSRC-0337, CRP-LSRC-0338, CRP-LSRC-0339, CRP-LSRC-0340, CRP-LSRC-0341, CRP-LSRC-0342, CRP-LSRC-0343, CRP-LSRC-0344, CRP-LSRC-0345, CRP-LSRC-0346, CRP-LSRC-0347, CRP-LSRC-0348, CRP-LSRC-0413); string-identity duplicate indicator only, not a proven duplicate legal provision; the citation also repeats across distinct artifacts in DUP-CITE-009","GAP","CRP_GAP_REFUSAL_RESOLUTION_REGISTER.md §2 row for this ID, §4 group A, §7.4 index, §3.8 mapping, §13.9 correction, with per-ID results in §8.3 / §10.4 / §11.5 / §12.4 and the catalogue entry text recorded under PHASE5-001C","RECORDED_DURABLE","RECORDED_OPEN_ITEM","register §5 item 7: the deliberate non-entry of the named bureau-side provisions is retained; they are unretrieved","WORK and/or AUTHORISED_EVIDENCE_ROUTE as the cited register item requires; an owner decision where the item is a scope, wildcard or refusal question"
"CRP-LSRC-0325","GAP","F1","CA-*","GAP","null","null","NOT RECORDED","NOT RECORDED","packages\backend\src\services\solTable.ts","E0C04B274FD748461FE8F3D33FB4E5DF52538AB324D7682E02B6B526926896EF","ADMITTED_SOURCE_ONLY"," |  | CA-* | provincial Limitation Acts; Quebec: Civil Code of Québec — Recorded `SOL_GAPS` entry for `CA-*` (provincial/territorial; the wildcard token identifies no single unit) — PHASE5-001C owner amendment (wildcard preserved; this gap is NOT closed; the supplied mapping is held separately in the register; see CRP_GAP_REFUSAL_RESOLUTION_REGISTER.md): the owner document supplies the following exact-jurisdiction limitation mapping, recorded separately from this unresolved wildcard — Ontario 2 years (Limitations Act, 2002, S.O. 2002, c. 24, Sched. B, s. 4); British Columbia 2 years (Limitation Act, S.B.C. 2012, c. 13, s. 6); Alberta 2 years (Limitations Act, R.S.A. 2000, c. L-12, s. 3(1)(a)); Quebec 3 years (Civil Code of Québec, CQLR c CCQ-1991, art. 2925); Nova Scotia 3 years (Limitation of Actions Act, S.N.S. 2014, c. 35, s. 8); New Brunswick 3 years (Limitation of Actions Act, S.N.B. 2009, c. L-8.5, s. 5(1)). The mapping is recorded as owner-supplied, is not retrieved in this work order, is not applied by this amendment, and covers only six of the thirteen provincial and territorial units, so CA-* remains an unresolved wildcard that identifies no single unit. The owner document also proposes resolving the wildcard from the locked session province or the account profile; that off-report route is NOT adopted | NOT RECORDED","CRP-LSRC-0078","DUP-PAIR-003","IDENTICAL_ARTIFACT_AND_CITATION","the (source_artifact, provision_or_citation) pair occurs on 22 catalogue rows (ids: CRP-LSRC-0078, CRP-LSRC-0325, CRP-LSRC-0326, CRP-LSRC-0327, CRP-LSRC-0328, CRP-LSRC-0329, CRP-LSRC-0330, CRP-LSRC-0331, CRP-LSRC-0332, CRP-LSRC-0333, CRP-LSRC-0334, CRP-LSRC-0335, CRP-LSRC-0412, CRP-LSRC-0414, CRP-LSRC-0415, CRP-LSRC-0416, CRP-LSRC-0417, CRP-LSRC-0418, CRP-LSRC-0419, CRP-LSRC-0420, CRP-LSRC-0421, CRP-LSRC-0435); string-identity duplicate indicator only, not a proven duplicate legal provision; the citation also repeats across distinct artifacts in DUP-CITE-009","GAP","CRP_GAP_REFUSAL_RESOLUTION_REGISTER.md §2 row for this ID, §4 group B, §7.4 index, §3.2 mapping, §13.7 correction, with per-ID results in §8.3 / §10.4 / §11.5 / §12.4 and the catalogue entry text recorded under PHASE5-001C","RECORDED_DURABLE","RECORDED_OPEN_ITEM","register §5 item 6: the `CA-*` mapping covers only six of thirteen provincial and territorial units","WORK and/or AUTHORISED_EVIDENCE_ROUTE as the cited register item requires; an owner decision where the item is a scope, wildcard or refusal question"
"CRP-LSRC-0326","LIMITATION_RECORD","F1","CA-AB","EXACT","CA","CA-AB","NOT RECORDED","OWNER-APPROVED STATUTORY AUTHORITY (2026-09-17, owner-supplied mapping approved as truth): no URL recorded (note body withheld)","packages\backend\src\services\solTable.ts","E0C04B274FD748461FE8F3D33FB4E5DF52538AB324D7682E02B6B526926896EF","ADMITTED_SOURCE_ONLY","CA | CA-AB | CA-AB | Canada — Alberta, Limitations Act, R.S.A. 2000, c. L-12 | NOT RECORDED","CRP-LSRC-0078","DUP-PAIR-003","IDENTICAL_ARTIFACT_AND_CITATION","the (source_artifact, provision_or_citation) pair occurs on 22 catalogue rows (ids: CRP-LSRC-0078, CRP-LSRC-0325, CRP-LSRC-0326, CRP-LSRC-0327, CRP-LSRC-0328, CRP-LSRC-0329, CRP-LSRC-0330, CRP-LSRC-0331, CRP-LSRC-0332, CRP-LSRC-0333, CRP-LSRC-0334, CRP-LSRC-0335, CRP-LSRC-0412, CRP-LSRC-0414, CRP-LSRC-0415, CRP-LSRC-0416, CRP-LSRC-0417, CRP-LSRC-0418, CRP-LSRC-0419, CRP-LSRC-0420, CRP-LSRC-0421, CRP-LSRC-0435); string-identity duplicate indicator only, not a proven duplicate legal provision; the citation also repeats across distinct artifacts in DUP-CITE-009","UNRESOLVED","CRP_PHASE5_NEXT_GATE_RECONCILIATION.md §5.2 (measured: 21 of 437 records carry a durable per-ID disposition; none of them is this ID) - no durable per-ID basis exists in this workspace to assign EXCLUDED, GAP or REFUSAL","BLOCKED_MISSING_EVIDENCE","NO_DURABLE_RESCREEN_RECORD","a durable per-ID corrected-logic rescreen disposition for CRP-LSRC-0326 - no register section, work-order ledger, catalogue field or SOURCE_CAPTURES evidence package in this workspace records one","WORK - record a durable per-ID rescreen disposition in an authorised batch; where the disposition turns on report-field or event-date mapping it additionally requires an AUTHORISED_EVIDENCE_ROUTE"
"CRP-LSRC-0327","LIMITATION_RECORD","F1","CA-MB","EXACT","CA","CA-MB","NOT RECORDED","OWNER-APPROVED STATUTORY AUTHORITY (2026-09-17, owner-supplied mapping approved as truth): no URL recorded (note body withheld)","packages\backend\src\services\solTable.ts","E0C04B274FD748461FE8F3D33FB4E5DF52538AB324D7682E02B6B526926896EF","ADMITTED_SOURCE_ONLY","CA | CA-MB | CA-MB | Canada — Manitoba, The Limitations Act, S.M. 2021, c. 44 (C.C.S.M. c. L150) | NOT RECORDED","CRP-LSRC-0078","DUP-PAIR-003","IDENTICAL_ARTIFACT_AND_CITATION","the (source_artifact, provision_or_citation) pair occurs on 22 catalogue rows (ids: CRP-LSRC-0078, CRP-LSRC-0325, CRP-LSRC-0326, CRP-LSRC-0327, CRP-LSRC-0328, CRP-LSRC-0329, CRP-LSRC-0330, CRP-LSRC-0331, CRP-LSRC-0332, CRP-LSRC-0333, CRP-LSRC-0334, CRP-LSRC-0335, CRP-LSRC-0412, CRP-LSRC-0414, CRP-LSRC-0415, CRP-LSRC-0416, CRP-LSRC-0417, CRP-LSRC-0418, CRP-LSRC-0419, CRP-LSRC-0420, CRP-LSRC-0421, CRP-LSRC-0435); string-identity duplicate indicator only, not a proven duplicate legal provision; the citation also repeats across distinct artifacts in DUP-CITE-009","UNRESOLVED","CRP_PHASE5_NEXT_GATE_RECONCILIATION.md §5.2 (measured: 21 of 437 records carry a durable per-ID disposition; none of them is this ID) - no durable per-ID basis exists in this workspace to assign EXCLUDED, GAP or REFUSAL","BLOCKED_MISSING_EVIDENCE","NO_DURABLE_RESCREEN_RECORD","a durable per-ID corrected-logic rescreen disposition for CRP-LSRC-0327 - no register section, work-order ledger, catalogue field or SOURCE_CAPTURES evidence package in this workspace records one","WORK - record a durable per-ID rescreen disposition in an authorised batch; where the disposition turns on report-field or event-date mapping it additionally requires an AUTHORISED_EVIDENCE_ROUTE"
"CRP-LSRC-0328","LIMITATION_RECORD","F1","CA-PE","EXACT","CA","CA-PE","NOT RECORDED","OWNER-APPROVED STATUTORY AUTHORITY (2026-09-17, owner-supplied mapping approved as truth): no URL recorded (note body withheld)","packages\backend\src\services\solTable.ts","E0C04B274FD748461FE8F3D33FB4E5DF52538AB324D7682E02B6B526926896EF","ADMITTED_SOURCE_ONLY","CA | CA-PE | CA-PE | Canada — Prince Edward Island, Statute of Limitations, R.S.P.E.I. 1988, c. S-7 | NOT RECORDED","CRP-LSRC-0078","DUP-PAIR-003","IDENTICAL_ARTIFACT_AND_CITATION","the (source_artifact, provision_or_citation) pair occurs on 22 catalogue rows (ids: CRP-LSRC-0078, CRP-LSRC-0325, CRP-LSRC-0326, CRP-LSRC-0327, CRP-LSRC-0328, CRP-LSRC-0329, CRP-LSRC-0330, CRP-LSRC-0331, CRP-LSRC-0332, CRP-LSRC-0333, CRP-LSRC-0334, CRP-LSRC-0335, CRP-LSRC-0412, CRP-LSRC-0414, CRP-LSRC-0415, CRP-LSRC-0416, CRP-LSRC-0417, CRP-LSRC-0418, CRP-LSRC-0419, CRP-LSRC-0420, CRP-LSRC-0421, CRP-LSRC-0435); string-identity duplicate indicator only, not a proven duplicate legal provision; the citation also repeats across distinct artifacts in DUP-CITE-009","UNRESOLVED","CRP_PHASE5_NEXT_GATE_RECONCILIATION.md §5.2 (measured: 21 of 437 records carry a durable per-ID disposition; none of them is this ID) - no durable per-ID basis exists in this workspace to assign EXCLUDED, GAP or REFUSAL","BLOCKED_MISSING_EVIDENCE","NO_DURABLE_RESCREEN_RECORD","a durable per-ID corrected-logic rescreen disposition for CRP-LSRC-0328 - no register section, work-order ledger, catalogue field or SOURCE_CAPTURES evidence package in this workspace records one","WORK - record a durable per-ID rescreen disposition in an authorised batch; where the disposition turns on report-field or event-date mapping it additionally requires an AUTHORISED_EVIDENCE_ROUTE"
"CRP-LSRC-0329","LIMITATION_RECORD","F1","CA-BC","EXACT","CA","CA-BC","NOT RECORDED","OWNER-APPROVED STATUTORY AUTHORITY (2026-09-17, owner-supplied mapping approved as truth): no URL recorded (note body withheld)","packages\backend\src\services\solTable.ts","E0C04B274FD748461FE8F3D33FB4E5DF52538AB324D7682E02B6B526926896EF","ADMITTED_SOURCE_ONLY","CA | CA-BC | CA-BC | Canada — British Columbia, Limitation Act, S.B.C. 2012, c. 13 | NOT RECORDED","CRP-LSRC-0078","DUP-PAIR-003","IDENTICAL_ARTIFACT_AND_CITATION","the (source_artifact, provision_or_citation) pair occurs on 22 catalogue rows (ids: CRP-LSRC-0078, CRP-LSRC-0325, CRP-LSRC-0326, CRP-LSRC-0327, CRP-LSRC-0328, CRP-LSRC-0329, CRP-LSRC-0330, CRP-LSRC-0331, CRP-LSRC-0332, CRP-LSRC-0333, CRP-LSRC-0334, CRP-LSRC-0335, CRP-LSRC-0412, CRP-LSRC-0414, CRP-LSRC-0415, CRP-LSRC-0416, CRP-LSRC-0417, CRP-LSRC-0418, CRP-LSRC-0419, CRP-LSRC-0420, CRP-LSRC-0421, CRP-LSRC-0435); string-identity duplicate indicator only, not a proven duplicate legal provision; the citation also repeats across distinct artifacts in DUP-CITE-009","UNRESOLVED","CRP_PHASE5_NEXT_GATE_RECONCILIATION.md §5.2 (measured: 21 of 437 records carry a durable per-ID disposition; none of them is this ID) - no durable per-ID basis exists in this workspace to assign EXCLUDED, GAP or REFUSAL","BLOCKED_MISSING_EVIDENCE","NO_DURABLE_RESCREEN_RECORD","a durable per-ID corrected-logic rescreen disposition for CRP-LSRC-0329 - no register section, work-order ledger, catalogue field or SOURCE_CAPTURES evidence package in this workspace records one","WORK - record a durable per-ID rescreen disposition in an authorised batch; where the disposition turns on report-field or event-date mapping it additionally requires an AUTHORISED_EVIDENCE_ROUTE"
"CRP-LSRC-0330","LIMITATION_RECORD","F1","CA-NB","EXACT","CA","CA-NB","NOT RECORDED","OWNER-APPROVED STATUTORY AUTHORITY (2026-09-17, owner-supplied mapping approved as truth): no URL recorded (note body withheld)","packages\backend\src\services\solTable.ts","E0C04B274FD748461FE8F3D33FB4E5DF52538AB324D7682E02B6B526926896EF","ADMITTED_SOURCE_ONLY","CA | CA-NB | CA-NB | Canada — New Brunswick, Limitation of Actions Act, S.N.B. 2009, c. L-8.5 | NOT RECORDED","CRP-LSRC-0078","DUP-PAIR-003","IDENTICAL_ARTIFACT_AND_CITATION","the (source_artifact, provision_or_citation) pair occurs on 22 catalogue rows (ids: CRP-LSRC-0078, CRP-LSRC-0325, CRP-LSRC-0326, CRP-LSRC-0327, CRP-LSRC-0328, CRP-LSRC-0329, CRP-LSRC-0330, CRP-LSRC-0331, CRP-LSRC-0332, CRP-LSRC-0333, CRP-LSRC-0334, CRP-LSRC-0335, CRP-LSRC-0412, CRP-LSRC-0414, CRP-LSRC-0415, CRP-LSRC-0416, CRP-LSRC-0417, CRP-LSRC-0418, CRP-LSRC-0419, CRP-LSRC-0420, CRP-LSRC-0421, CRP-LSRC-0435); string-identity duplicate indicator only, not a proven duplicate legal provision; the citation also repeats across distinct artifacts in DUP-CITE-009","UNRESOLVED","CRP_PHASE5_NEXT_GATE_RECONCILIATION.md §5.2 (measured: 21 of 437 records carry a durable per-ID disposition; none of them is this ID) - no durable per-ID basis exists in this workspace to assign EXCLUDED, GAP or REFUSAL","BLOCKED_MISSING_EVIDENCE","NO_DURABLE_RESCREEN_RECORD","a durable per-ID corrected-logic rescreen disposition for CRP-LSRC-0330 - no register section, work-order ledger, catalogue field or SOURCE_CAPTURES evidence package in this workspace records one","WORK - record a durable per-ID rescreen disposition in an authorised batch; where the disposition turns on report-field or event-date mapping it additionally requires an AUTHORISED_EVIDENCE_ROUTE"
"CRP-LSRC-0331","LIMITATION_RECORD","F1","CA-SK","EXACT","CA","CA-SK","NOT RECORDED","OWNER-APPROVED STATUTORY AUTHORITY (2026-09-17, owner-supplied mapping approved as truth): no URL recorded (note body withheld)","packages\backend\src\services\solTable.ts","E0C04B274FD748461FE8F3D33FB4E5DF52538AB324D7682E02B6B526926896EF","ADMITTED_SOURCE_ONLY","CA | CA-SK | CA-SK | Canada — Saskatchewan, The Limitations Act, S.S. 2004, c. L-16.1 | NOT RECORDED","CRP-LSRC-0078","DUP-PAIR-003","IDENTICAL_ARTIFACT_AND_CITATION","the (source_artifact, provision_or_citation) pair occurs on 22 catalogue rows (ids: CRP-LSRC-0078, CRP-LSRC-0325, CRP-LSRC-0326, CRP-LSRC-0327, CRP-LSRC-0328, CRP-LSRC-0329, CRP-LSRC-0330, CRP-LSRC-0331, CRP-LSRC-0332, CRP-LSRC-0333, CRP-LSRC-0334, CRP-LSRC-0335, CRP-LSRC-0412, CRP-LSRC-0414, CRP-LSRC-0415, CRP-LSRC-0416, CRP-LSRC-0417, CRP-LSRC-0418, CRP-LSRC-0419, CRP-LSRC-0420, CRP-LSRC-0421, CRP-LSRC-0435); string-identity duplicate indicator only, not a proven duplicate legal provision; the citation also repeats across distinct artifacts in DUP-CITE-009","UNRESOLVED","CRP_PHASE5_NEXT_GATE_RECONCILIATION.md §5.2 (measured: 21 of 437 records carry a durable per-ID disposition; none of them is this ID) - no durable per-ID basis exists in this workspace to assign EXCLUDED, GAP or REFUSAL","BLOCKED_MISSING_EVIDENCE","NO_DURABLE_RESCREEN_RECORD","a durable per-ID corrected-logic rescreen disposition for CRP-LSRC-0331 - no register section, work-order ledger, catalogue field or SOURCE_CAPTURES evidence package in this workspace records one","WORK - record a durable per-ID rescreen disposition in an authorised batch; where the disposition turns on report-field or event-date mapping it additionally requires an AUTHORISED_EVIDENCE_ROUTE"
"CRP-LSRC-0332","LIMITATION_RECORD","F1","CA-NL","EXACT","CA","CA-NL","NOT RECORDED","https://www.assembly.nl.ca/legislation/sr/statutes/l16-1.htm","packages\backend\src\services\solTable.ts","E0C04B274FD748461FE8F3D33FB4E5DF52538AB324D7682E02B6B526926896EF","ADMITTED_SOURCE_ONLY","CA | CA-NL | CA-NL | Limitations Act, S.N.L. 1995, c. L-16.1 | NOT RECORDED","CRP-LSRC-0078","DUP-PAIR-003","IDENTICAL_ARTIFACT_AND_CITATION","the (source_artifact, provision_or_citation) pair occurs on 22 catalogue rows (ids: CRP-LSRC-0078, CRP-LSRC-0325, CRP-LSRC-0326, CRP-LSRC-0327, CRP-LSRC-0328, CRP-LSRC-0329, CRP-LSRC-0330, CRP-LSRC-0331, CRP-LSRC-0332, CRP-LSRC-0333, CRP-LSRC-0334, CRP-LSRC-0335, CRP-LSRC-0412, CRP-LSRC-0414, CRP-LSRC-0415, CRP-LSRC-0416, CRP-LSRC-0417, CRP-LSRC-0418, CRP-LSRC-0419, CRP-LSRC-0420, CRP-LSRC-0421, CRP-LSRC-0435); string-identity duplicate indicator only, not a proven duplicate legal provision; the citation also repeats across distinct artifacts in DUP-CITE-009","UNRESOLVED","CRP_PHASE5_NEXT_GATE_RECONCILIATION.md §5.2 (measured: 21 of 437 records carry a durable per-ID disposition; none of them is this ID) - no durable per-ID basis exists in this workspace to assign EXCLUDED, GAP or REFUSAL","BLOCKED_MISSING_EVIDENCE","NO_DURABLE_RESCREEN_RECORD","a durable per-ID corrected-logic rescreen disposition for CRP-LSRC-0332 - no register section, work-order ledger, catalogue field or SOURCE_CAPTURES evidence package in this workspace records one","WORK - record a durable per-ID rescreen disposition in an authorised batch; where the disposition turns on report-field or event-date mapping it additionally requires an AUTHORISED_EVIDENCE_ROUTE"
"CRP-LSRC-0333","LIMITATION_RECORD","F1","CA-NT","EXACT","CA","CA-NT","NOT RECORDED","https://www.justice.gov.nt.ca/en/files/legislation/limitation-of-actions/limitation-of-actions.a.pdf","packages\backend\src\services\solTable.ts","E0C04B274FD748461FE8F3D33FB4E5DF52538AB324D7682E02B6B526926896EF","ADMITTED_SOURCE_ONLY","CA | CA-NT | CA-NT | Limitation of Actions Act, R.S.N.W.T. 1988, c. L-8 | NOT RECORDED","CRP-LSRC-0078","DUP-PAIR-003","IDENTICAL_ARTIFACT_AND_CITATION","the (source_artifact, provision_or_citation) pair occurs on 22 catalogue rows (ids: CRP-LSRC-0078, CRP-LSRC-0325, CRP-LSRC-0326, CRP-LSRC-0327, CRP-LSRC-0328, CRP-LSRC-0329, CRP-LSRC-0330, CRP-LSRC-0331, CRP-LSRC-0332, CRP-LSRC-0333, CRP-LSRC-0334, CRP-LSRC-0335, CRP-LSRC-0412, CRP-LSRC-0414, CRP-LSRC-0415, CRP-LSRC-0416, CRP-LSRC-0417, CRP-LSRC-0418, CRP-LSRC-0419, CRP-LSRC-0420, CRP-LSRC-0421, CRP-LSRC-0435); string-identity duplicate indicator only, not a proven duplicate legal provision; the citation also repeats across distinct artifacts in DUP-CITE-009","UNRESOLVED","CRP_PHASE5_NEXT_GATE_RECONCILIATION.md §5.2 (measured: 21 of 437 records carry a durable per-ID disposition; none of them is this ID) - no durable per-ID basis exists in this workspace to assign EXCLUDED, GAP or REFUSAL","BLOCKED_MISSING_EVIDENCE","NO_DURABLE_RESCREEN_RECORD","a durable per-ID corrected-logic rescreen disposition for CRP-LSRC-0333 - no register section, work-order ledger, catalogue field or SOURCE_CAPTURES evidence package in this workspace records one","WORK - record a durable per-ID rescreen disposition in an authorised batch; where the disposition turns on report-field or event-date mapping it additionally requires an AUTHORISED_EVIDENCE_ROUTE"
"CRP-LSRC-0334","LIMITATION_RECORD","F1","CA-NU","EXACT","CA","CA-NU","NOT RECORDED","OWNER-SUPPLIED DOCUMENT: Government of Nunavut (Territorial Printer) OFFICIAL CONSOLIDATION … consolidation date 8 November 2022 — supplied file ""CSNucL110_1 (1).pdf""","packages\backend\src\services\solTable.ts","E0C04B274FD748461FE8F3D33FB4E5DF52538AB324D7682E02B6B526926896EF","ADMITTED_SOURCE_ONLY","CA | CA-NU | CA-NU | Limitation of Actions Act, C.S.Nu., c. L-110 | NOT RECORDED","CRP-LSRC-0078","DUP-PAIR-003","IDENTICAL_ARTIFACT_AND_CITATION","the (source_artifact, provision_or_citation) pair occurs on 22 catalogue rows (ids: CRP-LSRC-0078, CRP-LSRC-0325, CRP-LSRC-0326, CRP-LSRC-0327, CRP-LSRC-0328, CRP-LSRC-0329, CRP-LSRC-0330, CRP-LSRC-0331, CRP-LSRC-0332, CRP-LSRC-0333, CRP-LSRC-0334, CRP-LSRC-0335, CRP-LSRC-0412, CRP-LSRC-0414, CRP-LSRC-0415, CRP-LSRC-0416, CRP-LSRC-0417, CRP-LSRC-0418, CRP-LSRC-0419, CRP-LSRC-0420, CRP-LSRC-0421, CRP-LSRC-0435); string-identity duplicate indicator only, not a proven duplicate legal provision; the citation also repeats across distinct artifacts in DUP-CITE-009","UNRESOLVED","CRP_PHASE5_NEXT_GATE_RECONCILIATION.md §5.2 (measured: 21 of 437 records carry a durable per-ID disposition; none of them is this ID) - no durable per-ID basis exists in this workspace to assign EXCLUDED, GAP or REFUSAL","BLOCKED_MISSING_EVIDENCE","NO_DURABLE_RESCREEN_RECORD","a durable per-ID corrected-logic rescreen disposition for CRP-LSRC-0334 - no register section, work-order ledger, catalogue field or SOURCE_CAPTURES evidence package in this workspace records one","WORK - record a durable per-ID rescreen disposition in an authorised batch; where the disposition turns on report-field or event-date mapping it additionally requires an AUTHORISED_EVIDENCE_ROUTE"
"CRP-LSRC-0335","LIMITATION_RECORD","F1","CA-YT","EXACT","CA","CA-YT","NOT RECORDED","OWNER-SUPPLIED DOCUMENT: Government of Yukon, ""Unofficial Consolidation of the Statutes of Yukon"" … incorporating S.Y. 2023, c. 7 — supplied file ""2002-0139.pdf""","packages\backend\src\services\solTable.ts","E0C04B274FD748461FE8F3D33FB4E5DF52538AB324D7682E02B6B526926896EF","ADMITTED_SOURCE_ONLY","CA | CA-YT | CA-YT | Limitation of Actions Act, R.S.Y. 2002, c. 139 | NOT RECORDED","CRP-LSRC-0078","DUP-PAIR-003","IDENTICAL_ARTIFACT_AND_CITATION","the (source_artifact, provision_or_citation) pair occurs on 22 catalogue rows (ids: CRP-LSRC-0078, CRP-LSRC-0325, CRP-LSRC-0326, CRP-LSRC-0327, CRP-LSRC-0328, CRP-LSRC-0329, CRP-LSRC-0330, CRP-LSRC-0331, CRP-LSRC-0332, CRP-LSRC-0333, CRP-LSRC-0334, CRP-LSRC-0335, CRP-LSRC-0412, CRP-LSRC-0414, CRP-LSRC-0415, CRP-LSRC-0416, CRP-LSRC-0417, CRP-LSRC-0418, CRP-LSRC-0419, CRP-LSRC-0420, CRP-LSRC-0421, CRP-LSRC-0435); string-identity duplicate indicator only, not a proven duplicate legal provision; the citation also repeats across distinct artifacts in DUP-CITE-009","UNRESOLVED","CRP_PHASE5_NEXT_GATE_RECONCILIATION.md §5.2 (measured: 21 of 437 records carry a durable per-ID disposition; none of them is this ID) - no durable per-ID basis exists in this workspace to assign EXCLUDED, GAP or REFUSAL","BLOCKED_MISSING_EVIDENCE","NO_DURABLE_RESCREEN_RECORD","a durable per-ID corrected-logic rescreen disposition for CRP-LSRC-0335 - no register section, work-order ledger, catalogue field or SOURCE_CAPTURES evidence package in this workspace records one","WORK - record a durable per-ID rescreen disposition in an authorised batch; where the disposition turns on report-field or event-date mapping it additionally requires an AUTHORISED_EVIDENCE_ROUTE"
"CRP-LSRC-0336","AUTHORITY_RECORD","F2","NS","EXACT","CA","CA-NS","NOT RECORDED","https://nslegislature.ca/sites/default/files/legc/statutes/consumer%20reporting.pdf","packages\backend\src\services\legalRules.ts","FE5C1BA63AE85923E378D4278C3D6E85461E8DF648847F43FE02FB4185BD41F6","ADMITTED_SOURCE_ONLY","CA | CA-NS | NS | Consumer Reporting Act (Nova Scotia), R.S.N.S. 1989, c. 93 | NOT RECORDED","CRP-LSRC-0315","DUP-PAIR-010","IDENTICAL_ARTIFACT_AND_CITATION","the (source_artifact, provision_or_citation) pair occurs on 23 catalogue rows (ids: CRP-LSRC-0315, CRP-LSRC-0316, CRP-LSRC-0317, CRP-LSRC-0318, CRP-LSRC-0320, CRP-LSRC-0321, CRP-LSRC-0322, CRP-LSRC-0323, CRP-LSRC-0324, CRP-LSRC-0336, CRP-LSRC-0337, CRP-LSRC-0338, CRP-LSRC-0339, CRP-LSRC-0340, CRP-LSRC-0341, CRP-LSRC-0342, CRP-LSRC-0343, CRP-LSRC-0344, CRP-LSRC-0345, CRP-LSRC-0346, CRP-LSRC-0347, CRP-LSRC-0348, CRP-LSRC-0413); string-identity duplicate indicator only, not a proven duplicate legal provision; the citation also repeats across distinct artifacts in DUP-CITE-009","UNRESOLVED","CRP_PHASE5_NEXT_GATE_RECONCILIATION.md §5.2 (measured: 21 of 437 records carry a durable per-ID disposition; none of them is this ID) - no durable per-ID basis exists in this workspace to assign EXCLUDED, GAP or REFUSAL","BLOCKED_MISSING_EVIDENCE","NO_DURABLE_RESCREEN_RECORD","a durable per-ID corrected-logic rescreen disposition for CRP-LSRC-0336 - no register section, work-order ledger, catalogue field or SOURCE_CAPTURES evidence package in this workspace records one","WORK - record a durable per-ID rescreen disposition in an authorised batch; where the disposition turns on report-field or event-date mapping it additionally requires an AUTHORISED_EVIDENCE_ROUTE"
"CRP-LSRC-0337","AUTHORITY_RECORD","F2","ON","EXACT","CA","CA-ON","NOT RECORDED","https://www.ontario.ca/laws/statute/90c33","packages\backend\src\services\legalRules.ts","FE5C1BA63AE85923E378D4278C3D6E85461E8DF648847F43FE02FB4185BD41F6","ADMITTED_SOURCE_ONLY","CA | CA-ON | ON | Consumer Reporting Act (Ontario), R.S.O. 1990, c. C.33 | NOT RECORDED","CRP-LSRC-0315","DUP-PAIR-010","IDENTICAL_ARTIFACT_AND_CITATION","the (source_artifact, provision_or_citation) pair occurs on 23 catalogue rows (ids: CRP-LSRC-0315, CRP-LSRC-0316, CRP-LSRC-0317, CRP-LSRC-0318, CRP-LSRC-0320, CRP-LSRC-0321, CRP-LSRC-0322, CRP-LSRC-0323, CRP-LSRC-0324, CRP-LSRC-0336, CRP-LSRC-0337, CRP-LSRC-0338, CRP-LSRC-0339, CRP-LSRC-0340, CRP-LSRC-0341, CRP-LSRC-0342, CRP-LSRC-0343, CRP-LSRC-0344, CRP-LSRC-0345, CRP-LSRC-0346, CRP-LSRC-0347, CRP-LSRC-0348, CRP-LSRC-0413); string-identity duplicate indicator only, not a proven duplicate legal provision; the citation also repeats across distinct artifacts in DUP-CITE-009","UNRESOLVED","CRP_PHASE5_NEXT_GATE_RECONCILIATION.md §5.2 (measured: 21 of 437 records carry a durable per-ID disposition; none of them is this ID) - no durable per-ID basis exists in this workspace to assign EXCLUDED, GAP or REFUSAL","BLOCKED_MISSING_EVIDENCE","NO_DURABLE_RESCREEN_RECORD","a durable per-ID corrected-logic rescreen disposition for CRP-LSRC-0337 - no register section, work-order ledger, catalogue field or SOURCE_CAPTURES evidence package in this workspace records one","WORK - record a durable per-ID rescreen disposition in an authorised batch; where the disposition turns on report-field or event-date mapping it additionally requires an AUTHORISED_EVIDENCE_ROUTE"
"CRP-LSRC-0338","AUTHORITY_RECORD","F2","BC","EXACT","CA","CA-BC","NOT RECORDED","https://www.bclaws.gov.bc.ca/civix/document/id/complete/statreg/04002_01","packages\backend\src\services\legalRules.ts","FE5C1BA63AE85923E378D4278C3D6E85461E8DF648847F43FE02FB4185BD41F6","ADMITTED_SOURCE_ONLY","CA | CA-BC | BC | Business Practices and Consumer Protection Act (British Columbia), S.B.C. 2004, c. 2 — Part 6, Credit Reporting (the Credit Reporting Act, R.S.B.C. 1996, c. 81, was repealed 4 July 2004 and is kept here as the record) | NOT RECORDED","CRP-LSRC-0315","DUP-PAIR-010","IDENTICAL_ARTIFACT_AND_CITATION","the (source_artifact, provision_or_citation) pair occurs on 23 catalogue rows (ids: CRP-LSRC-0315, CRP-LSRC-0316, CRP-LSRC-0317, CRP-LSRC-0318, CRP-LSRC-0320, CRP-LSRC-0321, CRP-LSRC-0322, CRP-LSRC-0323, CRP-LSRC-0324, CRP-LSRC-0336, CRP-LSRC-0337, CRP-LSRC-0338, CRP-LSRC-0339, CRP-LSRC-0340, CRP-LSRC-0341, CRP-LSRC-0342, CRP-LSRC-0343, CRP-LSRC-0344, CRP-LSRC-0345, CRP-LSRC-0346, CRP-LSRC-0347, CRP-LSRC-0348, CRP-LSRC-0413); string-identity duplicate indicator only, not a proven duplicate legal provision; the citation also repeats across distinct artifacts in DUP-CITE-009","UNRESOLVED","CRP_PHASE5_NEXT_GATE_RECONCILIATION.md §5.2 (measured: 21 of 437 records carry a durable per-ID disposition; none of them is this ID) - no durable per-ID basis exists in this workspace to assign EXCLUDED, GAP or REFUSAL","BLOCKED_MISSING_EVIDENCE","NO_DURABLE_RESCREEN_RECORD","a durable per-ID corrected-logic rescreen disposition for CRP-LSRC-0338 - no register section, work-order ledger, catalogue field or SOURCE_CAPTURES evidence package in this workspace records one","WORK - record a durable per-ID rescreen disposition in an authorised batch; where the disposition turns on report-field or event-date mapping it additionally requires an AUTHORISED_EVIDENCE_ROUTE"
"CRP-LSRC-0339","AUTHORITY_RECORD","F2","AB","EXACT","CA","CA-AB","NOT RECORDED","https://kings-printer.alberta.ca/1266.cfm?page=C26P3.cfm&leg_type=Acts&isbncln=9780779812261","packages\backend\src\services\legalRules.ts","FE5C1BA63AE85923E378D4278C3D6E85461E8DF648847F43FE02FB4185BD41F6","ADMITTED_SOURCE_ONLY","CA | CA-AB | AB | Consumer Protection Act (Alberta), R.S.A. 2000, c. C-26.3 | NOT RECORDED","CRP-LSRC-0315","DUP-PAIR-010","IDENTICAL_ARTIFACT_AND_CITATION","the (source_artifact, provision_or_citation) pair occurs on 23 catalogue rows (ids: CRP-LSRC-0315, CRP-LSRC-0316, CRP-LSRC-0317, CRP-LSRC-0318, CRP-LSRC-0320, CRP-LSRC-0321, CRP-LSRC-0322, CRP-LSRC-0323, CRP-LSRC-0324, CRP-LSRC-0336, CRP-LSRC-0337, CRP-LSRC-0338, CRP-LSRC-0339, CRP-LSRC-0340, CRP-LSRC-0341, CRP-LSRC-0342, CRP-LSRC-0343, CRP-LSRC-0344, CRP-LSRC-0345, CRP-LSRC-0346, CRP-LSRC-0347, CRP-LSRC-0348, CRP-LSRC-0413); string-identity duplicate indicator only, not a proven duplicate legal provision; the citation also repeats across distinct artifacts in DUP-CITE-009","UNRESOLVED","CRP_PHASE5_NEXT_GATE_RECONCILIATION.md §5.2 (measured: 21 of 437 records carry a durable per-ID disposition; none of them is this ID) - no durable per-ID basis exists in this workspace to assign EXCLUDED, GAP or REFUSAL","BLOCKED_MISSING_EVIDENCE","NO_DURABLE_RESCREEN_RECORD","a durable per-ID corrected-logic rescreen disposition for CRP-LSRC-0339 - no register section, work-order ledger, catalogue field or SOURCE_CAPTURES evidence package in this workspace records one","WORK - record a durable per-ID rescreen disposition in an authorised batch; where the disposition turns on report-field or event-date mapping it additionally requires an AUTHORISED_EVIDENCE_ROUTE"
"CRP-LSRC-0340","AUTHORITY_RECORD","F2","SK","EXACT","CA","CA-SK","NOT RECORDED","https://publications.saskatchewan.ca/#/products/8246","packages\backend\src\services\legalRules.ts","FE5C1BA63AE85923E378D4278C3D6E85461E8DF648847F43FE02FB4185BD41F6","ADMITTED_SOURCE_ONLY","CA | CA-SK | SK | Credit Reporting Act (Saskatchewan), S.S. 2004, c. C-43.2 | NOT RECORDED","CRP-LSRC-0315","DUP-PAIR-010","IDENTICAL_ARTIFACT_AND_CITATION","the (source_artifact, provision_or_citation) pair occurs on 23 catalogue rows (ids: CRP-LSRC-0315, CRP-LSRC-0316, CRP-LSRC-0317, CRP-LSRC-0318, CRP-LSRC-0320, CRP-LSRC-0321, CRP-LSRC-0322, CRP-LSRC-0323, CRP-LSRC-0324, CRP-LSRC-0336, CRP-LSRC-0337, CRP-LSRC-0338, CRP-LSRC-0339, CRP-LSRC-0340, CRP-LSRC-0341, CRP-LSRC-0342, CRP-LSRC-0343, CRP-LSRC-0344, CRP-LSRC-0345, CRP-LSRC-0346, CRP-LSRC-0347, CRP-LSRC-0348, CRP-LSRC-0413); string-identity duplicate indicator only, not a proven duplicate legal provision; the citation also repeats across distinct artifacts in DUP-CITE-009","UNRESOLVED","CRP_PHASE5_NEXT_GATE_RECONCILIATION.md §5.2 (measured: 21 of 437 records carry a durable per-ID disposition; none of them is this ID) - no durable per-ID basis exists in this workspace to assign EXCLUDED, GAP or REFUSAL","BLOCKED_MISSING_EVIDENCE","NO_DURABLE_RESCREEN_RECORD","a durable per-ID corrected-logic rescreen disposition for CRP-LSRC-0340 - no register section, work-order ledger, catalogue field or SOURCE_CAPTURES evidence package in this workspace records one","WORK - record a durable per-ID rescreen disposition in an authorised batch; where the disposition turns on report-field or event-date mapping it additionally requires an AUTHORISED_EVIDENCE_ROUTE"
"CRP-LSRC-0341","AUTHORITY_RECORD","F10","MB","EXACT","CA","CA-MB","NOT RECORDED","https://web2.gov.mb.ca/laws/statutes/ccsm/c200e.php","packages\backend\src\services\legalRules.ts","FE5C1BA63AE85923E378D4278C3D6E85461E8DF648847F43FE02FB4185BD41F6","ADMITTED_SOURCE_ONLY","CA | CA-MB | MB | Consumer Protection Act (Manitoba), C.C.S.M. c. C200 (no consumer-reporting provisions) | NOT RECORDED","CRP-LSRC-0315","DUP-PAIR-010","IDENTICAL_ARTIFACT_AND_CITATION","the (source_artifact, provision_or_citation) pair occurs on 23 catalogue rows (ids: CRP-LSRC-0315, CRP-LSRC-0316, CRP-LSRC-0317, CRP-LSRC-0318, CRP-LSRC-0320, CRP-LSRC-0321, CRP-LSRC-0322, CRP-LSRC-0323, CRP-LSRC-0324, CRP-LSRC-0336, CRP-LSRC-0337, CRP-LSRC-0338, CRP-LSRC-0339, CRP-LSRC-0340, CRP-LSRC-0341, CRP-LSRC-0342, CRP-LSRC-0343, CRP-LSRC-0344, CRP-LSRC-0345, CRP-LSRC-0346, CRP-LSRC-0347, CRP-LSRC-0348, CRP-LSRC-0413); string-identity duplicate indicator only, not a proven duplicate legal provision; the citation also repeats across distinct artifacts in DUP-CITE-009","UNRESOLVED","CRP_PHASE5_NEXT_GATE_RECONCILIATION.md §5.2 (measured: 21 of 437 records carry a durable per-ID disposition; none of them is this ID) - no durable per-ID basis exists in this workspace to assign EXCLUDED, GAP or REFUSAL","BLOCKED_MISSING_EVIDENCE","NO_DURABLE_RESCREEN_RECORD","a durable per-ID corrected-logic rescreen disposition for CRP-LSRC-0341 - no register section, work-order ledger, catalogue field or SOURCE_CAPTURES evidence package in this workspace records one","WORK - record a durable per-ID rescreen disposition in an authorised batch; where the disposition turns on report-field or event-date mapping it additionally requires an AUTHORISED_EVIDENCE_ROUTE"
"CRP-LSRC-0342","AUTHORITY_RECORD","F2","QC","EXACT","CA","CA-QC","NOT RECORDED","https://www.legisquebec.gouv.qc.ca/en/document/cs/P-40.1","packages\backend\src\services\legalRules.ts","FE5C1BA63AE85923E378D4278C3D6E85461E8DF648847F43FE02FB4185BD41F6","ADMITTED_SOURCE_ONLY","CA | CA-QC | QC | Consumer Protection Act (Quebec), CQLR c. P-40.1 | NOT RECORDED","CRP-LSRC-0315","DUP-PAIR-010","IDENTICAL_ARTIFACT_AND_CITATION","the (source_artifact, provision_or_citation) pair occurs on 23 catalogue rows (ids: CRP-LSRC-0315, CRP-LSRC-0316, CRP-LSRC-0317, CRP-LSRC-0318, CRP-LSRC-0320, CRP-LSRC-0321, CRP-LSRC-0322, CRP-LSRC-0323, CRP-LSRC-0324, CRP-LSRC-0336, CRP-LSRC-0337, CRP-LSRC-0338, CRP-LSRC-0339, CRP-LSRC-0340, CRP-LSRC-0341, CRP-LSRC-0342, CRP-LSRC-0343, CRP-LSRC-0344, CRP-LSRC-0345, CRP-LSRC-0346, CRP-LSRC-0347, CRP-LSRC-0348, CRP-LSRC-0413); string-identity duplicate indicator only, not a proven duplicate legal provision; the citation also repeats across distinct artifacts in DUP-CITE-009","UNRESOLVED","CRP_PHASE5_NEXT_GATE_RECONCILIATION.md §5.2 (measured: 21 of 437 records carry a durable per-ID disposition; none of them is this ID) - no durable per-ID basis exists in this workspace to assign EXCLUDED, GAP or REFUSAL","BLOCKED_MISSING_EVIDENCE","NO_DURABLE_RESCREEN_RECORD","a durable per-ID corrected-logic rescreen disposition for CRP-LSRC-0342 - no register section, work-order ledger, catalogue field or SOURCE_CAPTURES evidence package in this workspace records one","WORK - record a durable per-ID rescreen disposition in an authorised batch; where the disposition turns on report-field or event-date mapping it additionally requires an AUTHORISED_EVIDENCE_ROUTE"
"CRP-LSRC-0343","AUTHORITY_RECORD","F2","NB","EXACT","CA","CA-NB","NOT RECORDED","https://laws.gnb.ca/en/showdoc/cs/2017-c.27","packages\backend\src\services\legalRules.ts","FE5C1BA63AE85923E378D4278C3D6E85461E8DF648847F43FE02FB4185BD41F6","ADMITTED_SOURCE_ONLY","CA | CA-NB | NB | Credit Reporting Services Act (New Brunswick), S.N.B. 2017, c. 27 | NOT RECORDED","CRP-LSRC-0315","DUP-PAIR-010","IDENTICAL_ARTIFACT_AND_CITATION","the (source_artifact, provision_or_citation) pair occurs on 23 catalogue rows (ids: CRP-LSRC-0315, CRP-LSRC-0316, CRP-LSRC-0317, CRP-LSRC-0318, CRP-LSRC-0320, CRP-LSRC-0321, CRP-LSRC-0322, CRP-LSRC-0323, CRP-LSRC-0324, CRP-LSRC-0336, CRP-LSRC-0337, CRP-LSRC-0338, CRP-LSRC-0339, CRP-LSRC-0340, CRP-LSRC-0341, CRP-LSRC-0342, CRP-LSRC-0343, CRP-LSRC-0344, CRP-LSRC-0345, CRP-LSRC-0346, CRP-LSRC-0347, CRP-LSRC-0348, CRP-LSRC-0413); string-identity duplicate indicator only, not a proven duplicate legal provision; the citation also repeats across distinct artifacts in DUP-CITE-009","UNRESOLVED","CRP_PHASE5_NEXT_GATE_RECONCILIATION.md §5.2 (measured: 21 of 437 records carry a durable per-ID disposition; none of them is this ID) - no durable per-ID basis exists in this workspace to assign EXCLUDED, GAP or REFUSAL","BLOCKED_MISSING_EVIDENCE","NO_DURABLE_RESCREEN_RECORD","a durable per-ID corrected-logic rescreen disposition for CRP-LSRC-0343 - no register section, work-order ledger, catalogue field or SOURCE_CAPTURES evidence package in this workspace records one","WORK - record a durable per-ID rescreen disposition in an authorised batch; where the disposition turns on report-field or event-date mapping it additionally requires an AUTHORISED_EVIDENCE_ROUTE"
"CRP-LSRC-0344","AUTHORITY_RECORD","F2","NL","EXACT","CA","CA-NL","NOT RECORDED","https://www.assembly.nl.ca/Legislation/sr/tableregulations/tableofpublicstatutes_85.htm + Part… (as recorded)","packages\backend\src\services\legalRules.ts","FE5C1BA63AE85923E378D4278C3D6E85461E8DF648847F43FE02FB4185BD41F6","ADMITTED_SOURCE_ONLY","CA | CA-NL | NL | Consumer Protection and Business Practices Act (Newfoundland and Labrador), S.N.L. 2009, c. C-31.1 — Part VI, Credit Reports (the Consumer Reporting Agencies Act, R.S.N.L. 1990, c. C-32, was repealed by 2009, c. C-31.1, s. 112) | NOT RECORDED","CRP-LSRC-0315","DUP-PAIR-010","IDENTICAL_ARTIFACT_AND_CITATION","the (source_artifact, provision_or_citation) pair occurs on 23 catalogue rows (ids: CRP-LSRC-0315, CRP-LSRC-0316, CRP-LSRC-0317, CRP-LSRC-0318, CRP-LSRC-0320, CRP-LSRC-0321, CRP-LSRC-0322, CRP-LSRC-0323, CRP-LSRC-0324, CRP-LSRC-0336, CRP-LSRC-0337, CRP-LSRC-0338, CRP-LSRC-0339, CRP-LSRC-0340, CRP-LSRC-0341, CRP-LSRC-0342, CRP-LSRC-0343, CRP-LSRC-0344, CRP-LSRC-0345, CRP-LSRC-0346, CRP-LSRC-0347, CRP-LSRC-0348, CRP-LSRC-0413); string-identity duplicate indicator only, not a proven duplicate legal provision; the citation also repeats across distinct artifacts in DUP-CITE-009","UNRESOLVED","CRP_PHASE5_NEXT_GATE_RECONCILIATION.md §5.2 (measured: 21 of 437 records carry a durable per-ID disposition; none of them is this ID) - no durable per-ID basis exists in this workspace to assign EXCLUDED, GAP or REFUSAL","BLOCKED_MISSING_EVIDENCE","NO_DURABLE_RESCREEN_RECORD","a durable per-ID corrected-logic rescreen disposition for CRP-LSRC-0344 - no register section, work-order ledger, catalogue field or SOURCE_CAPTURES evidence package in this workspace records one","WORK - record a durable per-ID rescreen disposition in an authorised batch; where the disposition turns on report-field or event-date mapping it additionally requires an AUTHORISED_EVIDENCE_ROUTE"
"CRP-LSRC-0345","AUTHORITY_RECORD","F2","PE","EXACT","CA","CA-PE","NOT RECORDED","https://www.princeedwardisland.ca/en/legislation/consumer-reporting-act","packages\backend\src\services\legalRules.ts","FE5C1BA63AE85923E378D4278C3D6E85461E8DF648847F43FE02FB4185BD41F6","ADMITTED_SOURCE_ONLY","CA | CA-PE | PE | Consumer Reporting Act (Prince Edward Island), R.S.P.E.I. 1988, c. C-20 | NOT RECORDED","CRP-LSRC-0315","DUP-PAIR-010","IDENTICAL_ARTIFACT_AND_CITATION","the (source_artifact, provision_or_citation) pair occurs on 23 catalogue rows (ids: CRP-LSRC-0315, CRP-LSRC-0316, CRP-LSRC-0317, CRP-LSRC-0318, CRP-LSRC-0320, CRP-LSRC-0321, CRP-LSRC-0322, CRP-LSRC-0323, CRP-LSRC-0324, CRP-LSRC-0336, CRP-LSRC-0337, CRP-LSRC-0338, CRP-LSRC-0339, CRP-LSRC-0340, CRP-LSRC-0341, CRP-LSRC-0342, CRP-LSRC-0343, CRP-LSRC-0344, CRP-LSRC-0345, CRP-LSRC-0346, CRP-LSRC-0347, CRP-LSRC-0348, CRP-LSRC-0413); string-identity duplicate indicator only, not a proven duplicate legal provision; the citation also repeats across distinct artifacts in DUP-CITE-009","UNRESOLVED","CRP_PHASE5_NEXT_GATE_RECONCILIATION.md §5.2 (measured: 21 of 437 records carry a durable per-ID disposition; none of them is this ID) - no durable per-ID basis exists in this workspace to assign EXCLUDED, GAP or REFUSAL","BLOCKED_MISSING_EVIDENCE","NO_DURABLE_RESCREEN_RECORD","a durable per-ID corrected-logic rescreen disposition for CRP-LSRC-0345 - no register section, work-order ledger, catalogue field or SOURCE_CAPTURES evidence package in this workspace records one","WORK - record a durable per-ID rescreen disposition in an authorised batch; where the disposition turns on report-field or event-date mapping it additionally requires an AUTHORISED_EVIDENCE_ROUTE"
"CRP-LSRC-0346","AUTHORITY_RECORD","F2","YT","EXACT","CA","CA-YT","NOT RECORDED","https://laws.yukon.ca/cms/images/LEGISLATION/PRINCIPAL/2002/2002-0041/2002-0041_1.pdf","packages\backend\src\services\legalRules.ts","FE5C1BA63AE85923E378D4278C3D6E85461E8DF648847F43FE02FB4185BD41F6","ADMITTED_SOURCE_ONLY","CA | CA-YT | YT | Consumer Reporting Act (Yukon), R.S.Y. 2002, c. 41 (unevidenced) | NOT RECORDED","CRP-LSRC-0315","DUP-PAIR-010","IDENTICAL_ARTIFACT_AND_CITATION","the (source_artifact, provision_or_citation) pair occurs on 23 catalogue rows (ids: CRP-LSRC-0315, CRP-LSRC-0316, CRP-LSRC-0317, CRP-LSRC-0318, CRP-LSRC-0320, CRP-LSRC-0321, CRP-LSRC-0322, CRP-LSRC-0323, CRP-LSRC-0324, CRP-LSRC-0336, CRP-LSRC-0337, CRP-LSRC-0338, CRP-LSRC-0339, CRP-LSRC-0340, CRP-LSRC-0341, CRP-LSRC-0342, CRP-LSRC-0343, CRP-LSRC-0344, CRP-LSRC-0345, CRP-LSRC-0346, CRP-LSRC-0347, CRP-LSRC-0348, CRP-LSRC-0413); string-identity duplicate indicator only, not a proven duplicate legal provision; the citation also repeats across distinct artifacts in DUP-CITE-009","UNRESOLVED","CRP_PHASE5_NEXT_GATE_RECONCILIATION.md §5.2 (measured: 21 of 437 records carry a durable per-ID disposition; none of them is this ID) - no durable per-ID basis exists in this workspace to assign EXCLUDED, GAP or REFUSAL","BLOCKED_MISSING_EVIDENCE","NO_DURABLE_RESCREEN_RECORD","a durable per-ID corrected-logic rescreen disposition for CRP-LSRC-0346 - no register section, work-order ledger, catalogue field or SOURCE_CAPTURES evidence package in this workspace records one","WORK - record a durable per-ID rescreen disposition in an authorised batch; where the disposition turns on report-field or event-date mapping it additionally requires an AUTHORISED_EVIDENCE_ROUTE"
"CRP-LSRC-0347","AUTHORITY_RECORD","F2","NT","EXACT","CA","CA-NT","NOT RECORDED","https://www.justice.gov.nt.ca/en/files/legislation/consumer-reporting/consumer-reporting.a.pdf","packages\backend\src\services\legalRules.ts","FE5C1BA63AE85923E378D4278C3D6E85461E8DF648847F43FE02FB4185BD41F6","ADMITTED_SOURCE_ONLY","CA | CA-NT | NT | Consumer Reporting Act (Northwest Territories), R.S.N.W.T. 1988, c. C-18 (unevidenced) | NOT RECORDED","CRP-LSRC-0315","DUP-PAIR-010","IDENTICAL_ARTIFACT_AND_CITATION","the (source_artifact, provision_or_citation) pair occurs on 23 catalogue rows (ids: CRP-LSRC-0315, CRP-LSRC-0316, CRP-LSRC-0317, CRP-LSRC-0318, CRP-LSRC-0320, CRP-LSRC-0321, CRP-LSRC-0322, CRP-LSRC-0323, CRP-LSRC-0324, CRP-LSRC-0336, CRP-LSRC-0337, CRP-LSRC-0338, CRP-LSRC-0339, CRP-LSRC-0340, CRP-LSRC-0341, CRP-LSRC-0342, CRP-LSRC-0343, CRP-LSRC-0344, CRP-LSRC-0345, CRP-LSRC-0346, CRP-LSRC-0347, CRP-LSRC-0348, CRP-LSRC-0413); string-identity duplicate indicator only, not a proven duplicate legal provision; the citation also repeats across distinct artifacts in DUP-CITE-009","UNRESOLVED","CRP_PHASE5_NEXT_GATE_RECONCILIATION.md §5.2 (measured: 21 of 437 records carry a durable per-ID disposition; none of them is this ID) - no durable per-ID basis exists in this workspace to assign EXCLUDED, GAP or REFUSAL","BLOCKED_MISSING_EVIDENCE","NO_DURABLE_RESCREEN_RECORD","a durable per-ID corrected-logic rescreen disposition for CRP-LSRC-0347 - no register section, work-order ledger, catalogue field or SOURCE_CAPTURES evidence package in this workspace records one","WORK - record a durable per-ID rescreen disposition in an authorised batch; where the disposition turns on report-field or event-date mapping it additionally requires an AUTHORISED_EVIDENCE_ROUTE"
"CRP-LSRC-0348","AUTHORITY_RECORD","F2","NU","EXACT","CA","CA-NU","NOT RECORDED","https://www.gov.nu.ca/sites/default/files/consumer_reporting_act.pdf","packages\backend\src\services\legalRules.ts","FE5C1BA63AE85923E378D4278C3D6E85461E8DF648847F43FE02FB4185BD41F6","ADMITTED_SOURCE_ONLY","CA | CA-NU | NU | Consumer Reporting Act (Nunavut), R.S.N.W.T. (Nu) 1988, c. C-18 (unevidenced) | NOT RECORDED","CRP-LSRC-0315","DUP-PAIR-010","IDENTICAL_ARTIFACT_AND_CITATION","the (source_artifact, provision_or_citation) pair occurs on 23 catalogue rows (ids: CRP-LSRC-0315, CRP-LSRC-0316, CRP-LSRC-0317, CRP-LSRC-0318, CRP-LSRC-0320, CRP-LSRC-0321, CRP-LSRC-0322, CRP-LSRC-0323, CRP-LSRC-0324, CRP-LSRC-0336, CRP-LSRC-0337, CRP-LSRC-0338, CRP-LSRC-0339, CRP-LSRC-0340, CRP-LSRC-0341, CRP-LSRC-0342, CRP-LSRC-0343, CRP-LSRC-0344, CRP-LSRC-0345, CRP-LSRC-0346, CRP-LSRC-0347, CRP-LSRC-0348, CRP-LSRC-0413); string-identity duplicate indicator only, not a proven duplicate legal provision; the citation also repeats across distinct artifacts in DUP-CITE-009","UNRESOLVED","CRP_PHASE5_NEXT_GATE_RECONCILIATION.md §5.2 (measured: 21 of 437 records carry a durable per-ID disposition; none of them is this ID) - no durable per-ID basis exists in this workspace to assign EXCLUDED, GAP or REFUSAL","BLOCKED_MISSING_EVIDENCE","NO_DURABLE_RESCREEN_RECORD","a durable per-ID corrected-logic rescreen disposition for CRP-LSRC-0348 - no register section, work-order ledger, catalogue field or SOURCE_CAPTURES evidence package in this workspace records one","WORK - record a durable per-ID rescreen disposition in an authorised batch; where the disposition turns on report-field or event-date mapping it additionally requires an AUTHORISED_EVIDENCE_ROUTE"
"CRP-LSRC-0349","AUTHORITY_RECORD","F2","`CANADA_NOVA_SCOTIA` (`CA-NS`)","EXACT","CA","CA-NS","NOT RECORDED","https://nslegislature.ca/sites/default/files/legc/statutes/consumer%20reporting.pdf","packages\backend\src\services\legalCorpus\authorities.canada.ts","34DED0275F522CD579E86F22DC97A5FD46CB308924A8288A065550B02C52A0B1","ADMITTED_SOURCE_ONLY","CA | CA-NS | `CANADA_NOVA_SCOTIA` (`CA-NS`) | Consumer Reporting Act (Nova Scotia), R.S.N.S. 1989, c. 93 | NOT RECORDED","CRP-LSRC-0349","DUP-PAIR-011","IDENTICAL_ARTIFACT_AND_CITATION","the (source_artifact, provision_or_citation) pair occurs on 3 catalogue rows (ids: CRP-LSRC-0349, CRP-LSRC-0350, CRP-LSRC-0351); string-identity duplicate indicator only, not a proven duplicate legal provision; the citation also repeats across distinct artifacts in DUP-CITE-009","UNRESOLVED","CRP_PHASE5_NEXT_GATE_RECONCILIATION.md §5.2 (measured: 21 of 437 records carry a durable per-ID disposition; none of them is this ID) - no durable per-ID basis exists in this workspace to assign EXCLUDED, GAP or REFUSAL","BLOCKED_MISSING_EVIDENCE","NO_DURABLE_RESCREEN_RECORD","a durable per-ID corrected-logic rescreen disposition for CRP-LSRC-0349 - no register section, work-order ledger, catalogue field or SOURCE_CAPTURES evidence package in this workspace records one","WORK - record a durable per-ID rescreen disposition in an authorised batch; where the disposition turns on report-field or event-date mapping it additionally requires an AUTHORISED_EVIDENCE_ROUTE"
"CRP-LSRC-0350","AUTHORITY_RECORD","F1","`CANADA_NOVA_SCOTIA` (`CA-NS`)","EXACT","CA","CA-NS","NOT RECORDED","https://nslegislature.ca/sites/default/files/legc/statutes/limitation%20of%20actions.pdf","packages\backend\src\services\legalCorpus\authorities.canada.ts","34DED0275F522CD579E86F22DC97A5FD46CB308924A8288A065550B02C52A0B1","ADMITTED_SOURCE_ONLY","CA | CA-NS | `CANADA_NOVA_SCOTIA` (`CA-NS`) | Limitation of Actions Act (Nova Scotia), S.N.S. 2014, c. 35 | NOT RECORDED","CRP-LSRC-0349","DUP-PAIR-011","IDENTICAL_ARTIFACT_AND_CITATION","the (source_artifact, provision_or_citation) pair occurs on 3 catalogue rows (ids: CRP-LSRC-0349, CRP-LSRC-0350, CRP-LSRC-0351); string-identity duplicate indicator only, not a proven duplicate legal provision; the citation also repeats across distinct artifacts in DUP-CITE-009","UNRESOLVED","CRP_PHASE5_NEXT_GATE_RECONCILIATION.md §5.2 (measured: 21 of 437 records carry a durable per-ID disposition; none of them is this ID) - no durable per-ID basis exists in this workspace to assign EXCLUDED, GAP or REFUSAL","BLOCKED_MISSING_EVIDENCE","NO_DURABLE_RESCREEN_RECORD","a durable per-ID corrected-logic rescreen disposition for CRP-LSRC-0350 - no register section, work-order ledger, catalogue field or SOURCE_CAPTURES evidence package in this workspace records one","WORK - record a durable per-ID rescreen disposition in an authorised batch; where the disposition turns on report-field or event-date mapping it additionally requires an AUTHORISED_EVIDENCE_ROUTE"
"CRP-LSRC-0351","AUTHORITY_RECORD","F2","`CANADA_ONTARIO` (`CA-ON`)","EXACT","CA","CA-ON","NOT RECORDED","https://www.ontario.ca/laws/statute/90c33","packages\backend\src\services\legalCorpus\authorities.canada.ts","34DED0275F522CD579E86F22DC97A5FD46CB308924A8288A065550B02C52A0B1","ADMITTED_SOURCE_ONLY","CA | CA-ON | `CANADA_ONTARIO` (`CA-ON`) | Consumer Reporting Act (Ontario), R.S.O. 1990, c. C.33 | NOT RECORDED","CRP-LSRC-0349","DUP-PAIR-011","IDENTICAL_ARTIFACT_AND_CITATION","the (source_artifact, provision_or_citation) pair occurs on 3 catalogue rows (ids: CRP-LSRC-0349, CRP-LSRC-0350, CRP-LSRC-0351); string-identity duplicate indicator only, not a proven duplicate legal provision; the citation also repeats across distinct artifacts in DUP-CITE-009","UNRESOLVED","CRP_PHASE5_NEXT_GATE_RECONCILIATION.md §5.2 (measured: 21 of 437 records carry a durable per-ID disposition; none of them is this ID) - no durable per-ID basis exists in this workspace to assign EXCLUDED, GAP or REFUSAL","BLOCKED_MISSING_EVIDENCE","NO_DURABLE_RESCREEN_RECORD","a durable per-ID corrected-logic rescreen disposition for CRP-LSRC-0351 - no register section, work-order ledger, catalogue field or SOURCE_CAPTURES evidence package in this workspace records one","WORK - record a durable per-ID rescreen disposition in an authorised batch; where the disposition turns on report-field or event-date mapping it additionally requires an AUTHORISED_EVIDENCE_ROUTE"
"CRP-LSRC-0352","CONTENT_RULE","F1","NS","EXACT","CA","CA-NS","`s. 10(3)(c) — a consumer reporting agency shall not include in a consumer report 'information …'` (recorded provision label; quoted wording withheld)","https://nslegislature.ca/sites/default/files/legc/statutes/consumer%20reporting.pdf","packages\backend\src\services\legalRules.ts","FE5C1BA63AE85923E378D4278C3D6E85461E8DF648847F43FE02FB4185BD41F6","ADMITTED_SOURCE_ONLY","CA | CA-NS | NS | Consumer Reporting Act (Nova Scotia), R.S.N.S. 1989, c. 93 | `s. 10(3)(c) — a consumer reporting agency shall not include in a consumer report 'information …'` (recorded provision label; quoted wording withheld)","CRP-LSRC-0352","NONE","NO_REPEATED_STRING_MEASURED","no repeated (source_artifact, provision_or_citation) pair and no repeated citation string measured for this row","UNRESOLVED","CRP_PHASE5_NEXT_GATE_RECONCILIATION.md §5.2 (measured: 21 of 437 records carry a durable per-ID disposition; none of them is this ID) - no durable per-ID basis exists in this workspace to assign EXCLUDED, GAP or REFUSAL","BLOCKED_MISSING_EVIDENCE","NO_DURABLE_RESCREEN_RECORD","a durable per-ID corrected-logic rescreen disposition for CRP-LSRC-0352 - no register section, work-order ledger, catalogue field or SOURCE_CAPTURES evidence package in this workspace records one","WORK - record a durable per-ID rescreen disposition in an authorised batch; where the disposition turns on report-field or event-date mapping it additionally requires an AUTHORISED_EVIDENCE_ROUTE"
"CRP-LSRC-0353","CONTENT_RULE","F1","NS","EXACT","CA","CA-NS","`s. 10(e) — no consumer report may include 'information as to the bankruptcy of a consumer afte…'` (recorded provision label; quoted wording withheld)","https://nslegislature.ca/sites/default/files/legc/statutes/consumer%20reporting.pdf","packages\backend\src\services\legalRules.ts","FE5C1BA63AE85923E378D4278C3D6E85461E8DF648847F43FE02FB4185BD41F6","ADMITTED_SOURCE_ONLY","CA | CA-NS | NS | Consumer Reporting Act (Nova Scotia), R.S.N.S. 1989, c. 93 | `s. 10(e) — no consumer report may include 'information as to the bankruptcy of a consumer afte…'` (recorded provision label; quoted wording withheld)","CRP-LSRC-0353","NONE","NO_REPEATED_STRING_MEASURED","no repeated (source_artifact, provision_or_citation) pair and no repeated citation string measured for this row","UNRESOLVED","CRP_PHASE5_NEXT_GATE_RECONCILIATION.md §5.2 (measured: 21 of 437 records carry a durable per-ID disposition; none of them is this ID) - no durable per-ID basis exists in this workspace to assign EXCLUDED, GAP or REFUSAL","BLOCKED_MISSING_EVIDENCE","NO_DURABLE_RESCREEN_RECORD","a durable per-ID corrected-logic rescreen disposition for CRP-LSRC-0353 - no register section, work-order ledger, catalogue field or SOURCE_CAPTURES evidence package in this workspace records one","WORK - record a durable per-ID rescreen disposition in an authorised batch; where the disposition turns on report-field or event-date mapping it additionally requires an AUTHORISED_EVIDENCE_ROUTE"
"CRP-LSRC-0354","CONTENT_RULE","F1","CA-NS","EXACT","CA","CA-NS","s. 10(3)(c)","NOT RECORDED","packages\backend\src\services\legalCorpus\rules.canada.ts","90A05625AFEC4F81BDEB6568249BDEE5A45C178A20026FEA9D4F50A18AF174CF","ADMITTED_SOURCE_ONLY","CA | CA-NS | CA-NS | Consumer Reporting Act (Nova Scotia), R.S.N.S. 1989, c. 93 (`ca-ns.cra`) | s. 10(3)(c)","CRP-LSRC-0354","NONE","NO_REPEATED_STRING_MEASURED","no repeated (source_artifact, provision_or_citation) pair and no repeated citation string measured for this row","UNRESOLVED","CRP_DIRECT_REPORT_CONTENT_SOURCE_EXPANSION_CONTRACT.md §6 owner-decision block (named per-ID mapping instruction) + build plan §3 Phase 5.1 carry-forward line; no class inferred for any other ID","BLOCKED_MISSING_EVIDENCE","REPORT_EVENT_DATE_MAPPING_UNVERIFIED","exact report representation and field mapping for Nova Scotia Credit Reporting Act s 10(3)(c) - the exact presentation mapping to the last-payment event, preserving the last-payment-date and no-payment/default-date alternatives","AUTHORISED_EVIDENCE_ROUTE (report representation) plus OWNER_DIRECTION; contract §6 states that no additional consumer evidence may be requested"
"CRP-LSRC-0355","CONTENT_RULE","F7","CA-NS","EXACT","CA","CA-NS","s. 10(3)(ca)","NOT RECORDED","packages\backend\src\services\legalCorpus\rules.canada.ts","90A05625AFEC4F81BDEB6568249BDEE5A45C178A20026FEA9D4F50A18AF174CF","ADMITTED_SOURCE_ONLY","CA | CA-NS | CA-NS | same | s. 10(3)(ca)","CRP-LSRC-0355","NONE","NO_REPEATED_STRING_MEASURED","no repeated (source_artifact, provision_or_citation) pair and no repeated citation string measured for this row","UNRESOLVED","CRP_PHASE5_NEXT_GATE_RECONCILIATION.md §5.2 (measured: 21 of 437 records carry a durable per-ID disposition; none of them is this ID) - no durable per-ID basis exists in this workspace to assign EXCLUDED, GAP or REFUSAL","BLOCKED_MISSING_EVIDENCE","NO_DURABLE_RESCREEN_RECORD","a durable per-ID corrected-logic rescreen disposition for CRP-LSRC-0355 - no register section, work-order ledger, catalogue field or SOURCE_CAPTURES evidence package in this workspace records one","WORK - record a durable per-ID rescreen disposition in an authorised batch; where the disposition turns on report-field or event-date mapping it additionally requires an AUTHORISED_EVIDENCE_ROUTE"
"CRP-LSRC-0356","CONTENT_RULE","F7","CA-NS","EXACT","CA","CA-NS","s. 10(3)(da)","NOT RECORDED","packages\backend\src\services\legalCorpus\rules.canada.ts","90A05625AFEC4F81BDEB6568249BDEE5A45C178A20026FEA9D4F50A18AF174CF","ADMITTED_SOURCE_ONLY","CA | CA-NS | CA-NS | same | s. 10(3)(da)","CRP-LSRC-0356","NONE","NO_REPEATED_STRING_MEASURED","no repeated (source_artifact, provision_or_citation) pair and no repeated citation string measured for this row","UNRESOLVED","CRP_PHASE5_NEXT_GATE_RECONCILIATION.md §5.2 (measured: 21 of 437 records carry a durable per-ID disposition; none of them is this ID) - no durable per-ID basis exists in this workspace to assign EXCLUDED, GAP or REFUSAL","BLOCKED_MISSING_EVIDENCE","NO_DURABLE_RESCREEN_RECORD","a durable per-ID corrected-logic rescreen disposition for CRP-LSRC-0356 - no register section, work-order ledger, catalogue field or SOURCE_CAPTURES evidence package in this workspace records one","WORK - record a durable per-ID rescreen disposition in an authorised batch; where the disposition turns on report-field or event-date mapping it additionally requires an AUTHORISED_EVIDENCE_ROUTE"
"CRP-LSRC-0357","CONTENT_RULE","F1","CA-NS","EXACT","CA","CA-NS","s. 10(3)(e)","NOT RECORDED","packages\backend\src\services\legalCorpus\rules.canada.ts","90A05625AFEC4F81BDEB6568249BDEE5A45C178A20026FEA9D4F50A18AF174CF","ADMITTED_SOURCE_ONLY","CA | CA-NS | CA-NS | same | s. 10(3)(e)","CRP-LSRC-0357","NONE","NO_REPEATED_STRING_MEASURED","no repeated (source_artifact, provision_or_citation) pair and no repeated citation string measured for this row","UNRESOLVED","CRP_PHASE5_NEXT_GATE_RECONCILIATION.md §5.2 (measured: 21 of 437 records carry a durable per-ID disposition; none of them is this ID) - no durable per-ID basis exists in this workspace to assign EXCLUDED, GAP or REFUSAL","BLOCKED_MISSING_EVIDENCE","NO_DURABLE_RESCREEN_RECORD","a durable per-ID corrected-logic rescreen disposition for CRP-LSRC-0357 - no register section, work-order ledger, catalogue field or SOURCE_CAPTURES evidence package in this workspace records one","WORK - record a durable per-ID rescreen disposition in an authorised batch; where the disposition turns on report-field or event-date mapping it additionally requires an AUTHORISED_EVIDENCE_ROUTE"
"CRP-LSRC-0358","CONTENT_RULE","F7","CA-NS","EXACT","CA","CA-NS","s. 10(3)(f)","NOT RECORDED","packages\backend\src\services\legalCorpus\rules.canada.ts","90A05625AFEC4F81BDEB6568249BDEE5A45C178A20026FEA9D4F50A18AF174CF","ADMITTED_SOURCE_ONLY","CA | CA-NS | CA-NS | same | s. 10(3)(f)","CRP-LSRC-0358","NONE","NO_REPEATED_STRING_MEASURED","no repeated (source_artifact, provision_or_citation) pair and no repeated citation string measured for this row","UNRESOLVED","CRP_PHASE5_NEXT_GATE_RECONCILIATION.md §5.2 (measured: 21 of 437 records carry a durable per-ID disposition; none of them is this ID) - no durable per-ID basis exists in this workspace to assign EXCLUDED, GAP or REFUSAL","BLOCKED_MISSING_EVIDENCE","NO_DURABLE_RESCREEN_RECORD","a durable per-ID corrected-logic rescreen disposition for CRP-LSRC-0358 - no register section, work-order ledger, catalogue field or SOURCE_CAPTURES evidence package in this workspace records one","WORK - record a durable per-ID rescreen disposition in an authorised batch; where the disposition turns on report-field or event-date mapping it additionally requires an AUTHORISED_EVIDENCE_ROUTE"
"CRP-LSRC-0359","CONTENT_RULE","F7","CA-NS","EXACT","CA","CA-NS","s. 10(3)(g)","NOT RECORDED","packages\backend\src\services\legalCorpus\rules.canada.ts","90A05625AFEC4F81BDEB6568249BDEE5A45C178A20026FEA9D4F50A18AF174CF","ADMITTED_SOURCE_ONLY","CA | CA-NS | CA-NS | same | s. 10(3)(g)","CRP-LSRC-0359","NONE","NO_REPEATED_STRING_MEASURED","no repeated (source_artifact, provision_or_citation) pair and no repeated citation string measured for this row","UNRESOLVED","CRP_PHASE5_NEXT_GATE_RECONCILIATION.md §5.2 (measured: 21 of 437 records carry a durable per-ID disposition; none of them is this ID) - no durable per-ID basis exists in this workspace to assign EXCLUDED, GAP or REFUSAL","BLOCKED_MISSING_EVIDENCE","NO_DURABLE_RESCREEN_RECORD","a durable per-ID corrected-logic rescreen disposition for CRP-LSRC-0359 - no register section, work-order ledger, catalogue field or SOURCE_CAPTURES evidence package in this workspace records one","WORK - record a durable per-ID rescreen disposition in an authorised batch; where the disposition turns on report-field or event-date mapping it additionally requires an AUTHORISED_EVIDENCE_ROUTE"
"CRP-LSRC-0360","CONTENT_RULE","F1","CA-NS","EXACT","CA","CA-NS","s. 10(3)(ha)","NOT RECORDED","packages\backend\src\services\legalCorpus\rules.canada.ts","90A05625AFEC4F81BDEB6568249BDEE5A45C178A20026FEA9D4F50A18AF174CF","ADMITTED_SOURCE_ONLY","CA | CA-NS | CA-NS | same | s. 10(3)(ha)","CRP-LSRC-0360","NONE","NO_REPEATED_STRING_MEASURED","no repeated (source_artifact, provision_or_citation) pair and no repeated citation string measured for this row","UNRESOLVED","CRP_PHASE5_NEXT_GATE_RECONCILIATION.md §5.2 (measured: 21 of 437 records carry a durable per-ID disposition; none of them is this ID) - no durable per-ID basis exists in this workspace to assign EXCLUDED, GAP or REFUSAL","BLOCKED_MISSING_EVIDENCE","NO_DURABLE_RESCREEN_RECORD","a durable per-ID corrected-logic rescreen disposition for CRP-LSRC-0360 - no register section, work-order ledger, catalogue field or SOURCE_CAPTURES evidence package in this workspace records one","WORK - record a durable per-ID rescreen disposition in an authorised batch; where the disposition turns on report-field or event-date mapping it additionally requires an AUTHORISED_EVIDENCE_ROUTE"
"CRP-LSRC-0361","CONTENT_RULE","F1","CA-NS","EXACT","CA","CA-NS","s. 8(1)","NOT RECORDED","packages\backend\src\services\legalCorpus\rules.canada.ts","90A05625AFEC4F81BDEB6568249BDEE5A45C178A20026FEA9D4F50A18AF174CF","ADMITTED_SOURCE_ONLY","CA | CA-NS | CA-NS | Limitation of Actions Act (Nova Scotia), S.N.S. 2014, c. 35 (`ca-ns.laa`) | s. 8(1)","CRP-LSRC-0361","NONE","NO_REPEATED_STRING_MEASURED","no repeated (source_artifact, provision_or_citation) pair and no repeated citation string measured for this row","UNRESOLVED","CRP_PHASE5_NEXT_GATE_RECONCILIATION.md §5.2 (measured: 21 of 437 records carry a durable per-ID disposition; none of them is this ID) - no durable per-ID basis exists in this workspace to assign EXCLUDED, GAP or REFUSAL","BLOCKED_MISSING_EVIDENCE","NO_DURABLE_RESCREEN_RECORD","a durable per-ID corrected-logic rescreen disposition for CRP-LSRC-0361 - no register section, work-order ledger, catalogue field or SOURCE_CAPTURES evidence package in this workspace records one","WORK - record a durable per-ID rescreen disposition in an authorised batch; where the disposition turns on report-field or event-date mapping it additionally requires an AUTHORISED_EVIDENCE_ROUTE"
"CRP-LSRC-0362","CONTENT_RULE","F4","CA-ON","EXACT","CA","CA-ON","s. 9(3)(a)","NOT RECORDED","packages\backend\src\services\legalCorpus\rules.canada.ts","90A05625AFEC4F81BDEB6568249BDEE5A45C178A20026FEA9D4F50A18AF174CF","ADMITTED_SOURCE_ONLY","CA | CA-ON | CA-ON | Consumer Reporting Act (Ontario), R.S.O. 1990, c. C.33 (`ca-on.cra`) | s. 9(3)(a)","CRP-LSRC-0362","NONE","NO_REPEATED_STRING_MEASURED","no repeated (source_artifact, provision_or_citation) pair and no repeated citation string measured for this row","UNRESOLVED","CRP_PHASE5_NEXT_GATE_RECONCILIATION.md §5.2 (measured: 21 of 437 records carry a durable per-ID disposition; none of them is this ID) - no durable per-ID basis exists in this workspace to assign EXCLUDED, GAP or REFUSAL","BLOCKED_MISSING_EVIDENCE","NO_DURABLE_RESCREEN_RECORD","a durable per-ID corrected-logic rescreen disposition for CRP-LSRC-0362 - no register section, work-order ledger, catalogue field or SOURCE_CAPTURES evidence package in this workspace records one","WORK - record a durable per-ID rescreen disposition in an authorised batch; where the disposition turns on report-field or event-date mapping it additionally requires an AUTHORISED_EVIDENCE_ROUTE"
"CRP-LSRC-0363","CONTENT_RULE","F4","CA-ON","EXACT","CA","CA-ON","s. 9(3)(b)","NOT RECORDED","packages\backend\src\services\legalCorpus\rules.canada.ts","90A05625AFEC4F81BDEB6568249BDEE5A45C178A20026FEA9D4F50A18AF174CF","ADMITTED_SOURCE_ONLY","CA | CA-ON | CA-ON | same | s. 9(3)(b)","CRP-LSRC-0363","NONE","NO_REPEATED_STRING_MEASURED","no repeated (source_artifact, provision_or_citation) pair and no repeated citation string measured for this row","UNRESOLVED","CRP_PHASE5_NEXT_GATE_RECONCILIATION.md §5.2 (measured: 21 of 437 records carry a durable per-ID disposition; none of them is this ID) - no durable per-ID basis exists in this workspace to assign EXCLUDED, GAP or REFUSAL","BLOCKED_MISSING_EVIDENCE","NO_DURABLE_RESCREEN_RECORD","a durable per-ID corrected-logic rescreen disposition for CRP-LSRC-0363 - no register section, work-order ledger, catalogue field or SOURCE_CAPTURES evidence package in this workspace records one","WORK - record a durable per-ID rescreen disposition in an authorised batch; where the disposition turns on report-field or event-date mapping it additionally requires an AUTHORISED_EVIDENCE_ROUTE"
"CRP-LSRC-0364","CONTENT_RULE","F7","CA-ON","EXACT","CA","CA-ON","s. 9(3)(c)","NOT RECORDED","packages\backend\src\services\legalCorpus\rules.canada.ts","90A05625AFEC4F81BDEB6568249BDEE5A45C178A20026FEA9D4F50A18AF174CF","ADMITTED_SOURCE_ONLY","CA | CA-ON | CA-ON | same | s. 9(3)(c)","CRP-LSRC-0364","NONE","NO_REPEATED_STRING_MEASURED","no repeated (source_artifact, provision_or_citation) pair and no repeated citation string measured for this row","UNRESOLVED","CRP_PHASE5_NEXT_GATE_RECONCILIATION.md §5.2 (measured: 21 of 437 records carry a durable per-ID disposition; none of them is this ID) - no durable per-ID basis exists in this workspace to assign EXCLUDED, GAP or REFUSAL","BLOCKED_MISSING_EVIDENCE","NO_DURABLE_RESCREEN_RECORD","a durable per-ID corrected-logic rescreen disposition for CRP-LSRC-0364 - no register section, work-order ledger, catalogue field or SOURCE_CAPTURES evidence package in this workspace records one","WORK - record a durable per-ID rescreen disposition in an authorised batch; where the disposition turns on report-field or event-date mapping it additionally requires an AUTHORISED_EVIDENCE_ROUTE"
"CRP-LSRC-0365","CONTENT_RULE","F7","CA-ON","EXACT","CA","CA-ON","s. 9(3)(d)","NOT RECORDED","packages\backend\src\services\legalCorpus\rules.canada.ts","90A05625AFEC4F81BDEB6568249BDEE5A45C178A20026FEA9D4F50A18AF174CF","ADMITTED_SOURCE_ONLY","CA | CA-ON | CA-ON | same | s. 9(3)(d)","CRP-LSRC-0365","NONE","NO_REPEATED_STRING_MEASURED","no repeated (source_artifact, provision_or_citation) pair and no repeated citation string measured for this row","UNRESOLVED","CRP_PHASE5_NEXT_GATE_RECONCILIATION.md §5.2 (measured: 21 of 437 records carry a durable per-ID disposition; none of them is this ID) - no durable per-ID basis exists in this workspace to assign EXCLUDED, GAP or REFUSAL","BLOCKED_MISSING_EVIDENCE","NO_DURABLE_RESCREEN_RECORD","a durable per-ID corrected-logic rescreen disposition for CRP-LSRC-0365 - no register section, work-order ledger, catalogue field or SOURCE_CAPTURES evidence package in this workspace records one","WORK - record a durable per-ID rescreen disposition in an authorised batch; where the disposition turns on report-field or event-date mapping it additionally requires an AUTHORISED_EVIDENCE_ROUTE"
"CRP-LSRC-0366","CONTENT_RULE","F1","CA-ON","EXACT","CA","CA-ON","s. 9(3)(e)","NOT RECORDED","packages\backend\src\services\legalCorpus\rules.canada.ts","90A05625AFEC4F81BDEB6568249BDEE5A45C178A20026FEA9D4F50A18AF174CF","ADMITTED_SOURCE_ONLY","CA | CA-ON | CA-ON | same | s. 9(3)(e)","CRP-LSRC-0366","NONE","NO_REPEATED_STRING_MEASURED","no repeated (source_artifact, provision_or_citation) pair and no repeated citation string measured for this row","UNRESOLVED","CRP_PHASE5_NEXT_GATE_RECONCILIATION.md §5.2 (measured: 21 of 437 records carry a durable per-ID disposition; none of them is this ID) - no durable per-ID basis exists in this workspace to assign EXCLUDED, GAP or REFUSAL","BLOCKED_MISSING_EVIDENCE","NO_DURABLE_RESCREEN_RECORD","a durable per-ID corrected-logic rescreen disposition for CRP-LSRC-0366 - no register section, work-order ledger, catalogue field or SOURCE_CAPTURES evidence package in this workspace records one","WORK - record a durable per-ID rescreen disposition in an authorised batch; where the disposition turns on report-field or event-date mapping it additionally requires an AUTHORISED_EVIDENCE_ROUTE"
"CRP-LSRC-0367","CONTENT_RULE","F1","CA-ON","EXACT","CA","CA-ON","s. 9(3)(f)","NOT RECORDED","packages\backend\src\services\legalCorpus\rules.canada.ts","90A05625AFEC4F81BDEB6568249BDEE5A45C178A20026FEA9D4F50A18AF174CF","ADMITTED_SOURCE_ONLY","CA | CA-ON | CA-ON | same | s. 9(3)(f)","CRP-LSRC-0367","NONE","NO_REPEATED_STRING_MEASURED","no repeated (source_artifact, provision_or_citation) pair and no repeated citation string measured for this row","UNRESOLVED","CRP_PHASE5_NEXT_GATE_RECONCILIATION.md §5.2 (measured: 21 of 437 records carry a durable per-ID disposition; none of them is this ID) - no durable per-ID basis exists in this workspace to assign EXCLUDED, GAP or REFUSAL","BLOCKED_MISSING_EVIDENCE","NO_DURABLE_RESCREEN_RECORD","a durable per-ID corrected-logic rescreen disposition for CRP-LSRC-0367 - no register section, work-order ledger, catalogue field or SOURCE_CAPTURES evidence package in this workspace records one","WORK - record a durable per-ID rescreen disposition in an authorised batch; where the disposition turns on report-field or event-date mapping it additionally requires an AUTHORISED_EVIDENCE_ROUTE"
"CRP-LSRC-0368","CONTENT_RULE","F7","CA-ON","EXACT","CA","CA-ON","s. 9(3)(i)","NOT RECORDED","packages\backend\src\services\legalCorpus\rules.canada.ts","90A05625AFEC4F81BDEB6568249BDEE5A45C178A20026FEA9D4F50A18AF174CF","ADMITTED_SOURCE_ONLY","CA | CA-ON | CA-ON | same | s. 9(3)(i)","CRP-LSRC-0368","NONE","NO_REPEATED_STRING_MEASURED","no repeated (source_artifact, provision_or_citation) pair and no repeated citation string measured for this row","UNRESOLVED","CRP_PHASE5_NEXT_GATE_RECONCILIATION.md §5.2 (measured: 21 of 437 records carry a durable per-ID disposition; none of them is this ID) - no durable per-ID basis exists in this workspace to assign EXCLUDED, GAP or REFUSAL","BLOCKED_MISSING_EVIDENCE","NO_DURABLE_RESCREEN_RECORD","a durable per-ID corrected-logic rescreen disposition for CRP-LSRC-0368 - no register section, work-order ledger, catalogue field or SOURCE_CAPTURES evidence package in this workspace records one","WORK - record a durable per-ID rescreen disposition in an authorised batch; where the disposition turns on report-field or event-date mapping it additionally requires an AUTHORISED_EVIDENCE_ROUTE"
"CRP-LSRC-0369","CONTENT_RULE","F7","CA-ON","EXACT","CA","CA-ON","s. 9(3)(j)","NOT RECORDED","packages\backend\src\services\legalCorpus\rules.canada.ts","90A05625AFEC4F81BDEB6568249BDEE5A45C178A20026FEA9D4F50A18AF174CF","ADMITTED_SOURCE_ONLY","CA | CA-ON | CA-ON | same | s. 9(3)(j)","CRP-LSRC-0369","NONE","NO_REPEATED_STRING_MEASURED","no repeated (source_artifact, provision_or_citation) pair and no repeated citation string measured for this row","UNRESOLVED","CRP_PHASE5_NEXT_GATE_RECONCILIATION.md §5.2 (measured: 21 of 437 records carry a durable per-ID disposition; none of them is this ID) - no durable per-ID basis exists in this workspace to assign EXCLUDED, GAP or REFUSAL","BLOCKED_MISSING_EVIDENCE","NO_DURABLE_RESCREEN_RECORD","a durable per-ID corrected-logic rescreen disposition for CRP-LSRC-0369 - no register section, work-order ledger, catalogue field or SOURCE_CAPTURES evidence package in this workspace records one","WORK - record a durable per-ID rescreen disposition in an authorised batch; where the disposition turns on report-field or event-date mapping it additionally requires an AUTHORISED_EVIDENCE_ROUTE"
"CRP-LSRC-0370","CONTENT_RULE","F1","CA-ON","EXACT","CA","CA-ON","s. 9(3)(k)","NOT RECORDED","packages\backend\src\services\legalCorpus\rules.canada.ts","90A05625AFEC4F81BDEB6568249BDEE5A45C178A20026FEA9D4F50A18AF174CF","ADMITTED_SOURCE_ONLY","CA | CA-ON | CA-ON | same | s. 9(3)(k)","CRP-LSRC-0370","NONE","NO_REPEATED_STRING_MEASURED","no repeated (source_artifact, provision_or_citation) pair and no repeated citation string measured for this row","UNRESOLVED","CRP_PHASE5_NEXT_GATE_RECONCILIATION.md §5.2 (measured: 21 of 437 records carry a durable per-ID disposition; none of them is this ID) - no durable per-ID basis exists in this workspace to assign EXCLUDED, GAP or REFUSAL","BLOCKED_MISSING_EVIDENCE","NO_DURABLE_RESCREEN_RECORD","a durable per-ID corrected-logic rescreen disposition for CRP-LSRC-0370 - no register section, work-order ledger, catalogue field or SOURCE_CAPTURES evidence package in this workspace records one","WORK - record a durable per-ID rescreen disposition in an authorised batch; where the disposition turns on report-field or event-date mapping it additionally requires an AUTHORISED_EVIDENCE_ROUTE"
"CRP-LSRC-0371","CONTENT_RULE","F10","CA-ON","EXACT","CA","CA-ON","s. 9(3)(l)","NOT RECORDED","packages\backend\src\services\legalCorpus\rules.canada.ts","90A05625AFEC4F81BDEB6568249BDEE5A45C178A20026FEA9D4F50A18AF174CF","ADMITTED_SOURCE_ONLY","CA | CA-ON | CA-ON | same | s. 9(3)(l)","CRP-LSRC-0371","NONE","NO_REPEATED_STRING_MEASURED","no repeated (source_artifact, provision_or_citation) pair and no repeated citation string measured for this row","UNRESOLVED","CRP_PHASE5_NEXT_GATE_RECONCILIATION.md §5.2 (measured: 21 of 437 records carry a durable per-ID disposition; none of them is this ID) - no durable per-ID basis exists in this workspace to assign EXCLUDED, GAP or REFUSAL","BLOCKED_MISSING_EVIDENCE","NO_DURABLE_RESCREEN_RECORD","a durable per-ID corrected-logic rescreen disposition for CRP-LSRC-0371 - no register section, work-order ledger, catalogue field or SOURCE_CAPTURES evidence package in this workspace records one","WORK - record a durable per-ID rescreen disposition in an authorised batch; where the disposition turns on report-field or event-date mapping it additionally requires an AUTHORISED_EVIDENCE_ROUTE"
"CRP-LSRC-0372","CONTENT_RULE","F10","CA-ON","EXACT","CA","CA-ON","s. 9(3)(m)","NOT RECORDED","packages\backend\src\services\legalCorpus\rules.canada.ts","90A05625AFEC4F81BDEB6568249BDEE5A45C178A20026FEA9D4F50A18AF174CF","ADMITTED_SOURCE_ONLY","CA | CA-ON | CA-ON | same | s. 9(3)(m)","CRP-LSRC-0372","NONE","NO_REPEATED_STRING_MEASURED","no repeated (source_artifact, provision_or_citation) pair and no repeated citation string measured for this row","UNRESOLVED","CRP_PHASE5_NEXT_GATE_RECONCILIATION.md §5.2 (measured: 21 of 437 records carry a durable per-ID disposition; none of them is this ID) - no durable per-ID basis exists in this workspace to assign EXCLUDED, GAP or REFUSAL","BLOCKED_MISSING_EVIDENCE","NO_DURABLE_RESCREEN_RECORD","a durable per-ID corrected-logic rescreen disposition for CRP-LSRC-0372 - no register section, work-order ledger, catalogue field or SOURCE_CAPTURES evidence package in this workspace records one","WORK - record a durable per-ID rescreen disposition in an authorised batch; where the disposition turns on report-field or event-date mapping it additionally requires an AUTHORISED_EVIDENCE_ROUTE"
"CRP-LSRC-0373","CITATION_RECORD","F10","AB","EXACT","CA","CA-AB","R.S.A. 2000, c. C-26.3, s. [VERIFY]","NOT RECORDED","docs\citation-objects.tsv","C5915E80234A8C17FF7D2A466F12EFFF49F02143D0FFF7FAD269128E7AA3AE33","ADMITTED_SOURCE_ONLY","CA | CA-AB | AB | Consumer Protection Act (Alberta) | R.S.A. 2000, c. C-26.3, s. [VERIFY]","CRP-LSRC-0373","NONE","NO_REPEATED_STRING_MEASURED","no repeated (source_artifact, provision_or_citation) pair and no repeated citation string measured for this row","UNRESOLVED","CRP_PHASE5_NEXT_GATE_RECONCILIATION.md §5.2 (measured: 21 of 437 records carry a durable per-ID disposition; none of them is this ID) - no durable per-ID basis exists in this workspace to assign EXCLUDED, GAP or REFUSAL","BLOCKED_MISSING_EVIDENCE","NO_DURABLE_RESCREEN_RECORD","a durable per-ID corrected-logic rescreen disposition for CRP-LSRC-0373 - no register section, work-order ledger, catalogue field or SOURCE_CAPTURES evidence package in this workspace records one","WORK - record a durable per-ID rescreen disposition in an authorised batch; where the disposition turns on report-field or event-date mapping it additionally requires an AUTHORISED_EVIDENCE_ROUTE"
"CRP-LSRC-0374","CITATION_RECORD","F1","AB","EXACT","CA","CA-AB","R.S.A. 2000, c. L-12, s. [VERIFY]","NOT RECORDED","docs\citation-objects.tsv","C5915E80234A8C17FF7D2A466F12EFFF49F02143D0FFF7FAD269128E7AA3AE33","ADMITTED_SOURCE_ONLY","CA | CA-AB | AB | Limitations Act (Alberta) | R.S.A. 2000, c. L-12, s. [VERIFY]","CRP-LSRC-0374","NONE","NO_REPEATED_STRING_MEASURED","no repeated (source_artifact, provision_or_citation) pair and no repeated citation string measured for this row","UNRESOLVED","CRP_PHASE5_NEXT_GATE_RECONCILIATION.md §5.2 (measured: 21 of 437 records carry a durable per-ID disposition; none of them is this ID) - no durable per-ID basis exists in this workspace to assign EXCLUDED, GAP or REFUSAL","BLOCKED_MISSING_EVIDENCE","NO_DURABLE_RESCREEN_RECORD","a durable per-ID corrected-logic rescreen disposition for CRP-LSRC-0374 - no register section, work-order ledger, catalogue field or SOURCE_CAPTURES evidence package in this workspace records one","WORK - record a durable per-ID rescreen disposition in an authorised batch; where the disposition turns on report-field or event-date mapping it additionally requires an AUTHORISED_EVIDENCE_ROUTE"
"CRP-LSRC-0375","CITATION_RECORD","F2","BC","EXACT","CA","CA-BC","S.B.C. 2004, c. 2, s. [VERIFY]","NOT RECORDED","docs\citation-objects.tsv","C5915E80234A8C17FF7D2A466F12EFFF49F02143D0FFF7FAD269128E7AA3AE33","ADMITTED_SOURCE_ONLY","CA | CA-BC | BC | Business Practices and Consumer Protection Act (BC) | S.B.C. 2004, c. 2, s. [VERIFY]","CRP-LSRC-0375","NONE","NO_REPEATED_STRING_MEASURED","no repeated (source_artifact, provision_or_citation) pair and no repeated citation string measured for this row","UNRESOLVED","CRP_PHASE5_NEXT_GATE_RECONCILIATION.md §5.2 (measured: 21 of 437 records carry a durable per-ID disposition; none of them is this ID) - no durable per-ID basis exists in this workspace to assign EXCLUDED, GAP or REFUSAL","BLOCKED_MISSING_EVIDENCE","NO_DURABLE_RESCREEN_RECORD","a durable per-ID corrected-logic rescreen disposition for CRP-LSRC-0375 - no register section, work-order ledger, catalogue field or SOURCE_CAPTURES evidence package in this workspace records one","WORK - record a durable per-ID rescreen disposition in an authorised batch; where the disposition turns on report-field or event-date mapping it additionally requires an AUTHORISED_EVIDENCE_ROUTE"
"CRP-LSRC-0376","CITATION_RECORD","F1","BC","EXACT","CA","CA-BC","S.B.C. 2012, c. 13, s. [VERIFY]","NOT RECORDED","docs\citation-objects.tsv","C5915E80234A8C17FF7D2A466F12EFFF49F02143D0FFF7FAD269128E7AA3AE33","ADMITTED_SOURCE_ONLY","CA | CA-BC | BC | Limitation Act (British Columbia) | S.B.C. 2012, c. 13, s. [VERIFY]","CRP-LSRC-0376","NONE","NO_REPEATED_STRING_MEASURED","no repeated (source_artifact, provision_or_citation) pair and no repeated citation string measured for this row","UNRESOLVED","CRP_PHASE5_NEXT_GATE_RECONCILIATION.md §5.2 (measured: 21 of 437 records carry a durable per-ID disposition; none of them is this ID) - no durable per-ID basis exists in this workspace to assign EXCLUDED, GAP or REFUSAL","BLOCKED_MISSING_EVIDENCE","NO_DURABLE_RESCREEN_RECORD","a durable per-ID corrected-logic rescreen disposition for CRP-LSRC-0376 - no register section, work-order ledger, catalogue field or SOURCE_CAPTURES evidence package in this workspace records one","WORK - record a durable per-ID rescreen disposition in an authorised batch; where the disposition turns on report-field or event-date mapping it additionally requires an AUTHORISED_EVIDENCE_ROUTE"
"CRP-LSRC-0377","CITATION_RECORD","F2","MB","EXACT","CA","CA-MB","C.C.S.M. c. P34, s. [VERIFY]","NOT RECORDED","docs\citation-objects.tsv","C5915E80234A8C17FF7D2A466F12EFFF49F02143D0FFF7FAD269128E7AA3AE33","ADMITTED_SOURCE_ONLY","CA | CA-MB | MB | The Personal Investigations Act (Manitoba) | C.C.S.M. c. P34, s. [VERIFY]","CRP-LSRC-0377","NONE","NO_REPEATED_STRING_MEASURED","no repeated (source_artifact, provision_or_citation) pair and no repeated citation string measured for this row","UNRESOLVED","CRP_PHASE5_NEXT_GATE_RECONCILIATION.md §5.2 (measured: 21 of 437 records carry a durable per-ID disposition; none of them is this ID) - no durable per-ID basis exists in this workspace to assign EXCLUDED, GAP or REFUSAL","BLOCKED_MISSING_EVIDENCE","NO_DURABLE_RESCREEN_RECORD","a durable per-ID corrected-logic rescreen disposition for CRP-LSRC-0377 - no register section, work-order ledger, catalogue field or SOURCE_CAPTURES evidence package in this workspace records one","WORK - record a durable per-ID rescreen disposition in an authorised batch; where the disposition turns on report-field or event-date mapping it additionally requires an AUTHORISED_EVIDENCE_ROUTE"
"CRP-LSRC-0378","CITATION_RECORD","F1","MB","EXACT","CA","CA-MB","C.C.S.M. c. L150, s. [VERIFY]","NOT RECORDED","docs\citation-objects.tsv","C5915E80234A8C17FF7D2A466F12EFFF49F02143D0FFF7FAD269128E7AA3AE33","ADMITTED_SOURCE_ONLY","CA | CA-MB | MB | Limitations Act (Manitoba) | C.C.S.M. c. L150, s. [VERIFY]","CRP-LSRC-0378","NONE","NO_REPEATED_STRING_MEASURED","no repeated (source_artifact, provision_or_citation) pair and no repeated citation string measured for this row","UNRESOLVED","CRP_PHASE5_NEXT_GATE_RECONCILIATION.md §5.2 (measured: 21 of 437 records carry a durable per-ID disposition; none of them is this ID) - no durable per-ID basis exists in this workspace to assign EXCLUDED, GAP or REFUSAL","BLOCKED_MISSING_EVIDENCE","NO_DURABLE_RESCREEN_RECORD","a durable per-ID corrected-logic rescreen disposition for CRP-LSRC-0378 - no register section, work-order ledger, catalogue field or SOURCE_CAPTURES evidence package in this workspace records one","WORK - record a durable per-ID rescreen disposition in an authorised batch; where the disposition turns on report-field or event-date mapping it additionally requires an AUTHORISED_EVIDENCE_ROUTE"
"CRP-LSRC-0379","CITATION_RECORD","F2","NB","EXACT","CA","CA-NB","S.N.B. 2017, c. 27, s. [VERIFY]","NOT RECORDED","docs\citation-objects.tsv","C5915E80234A8C17FF7D2A466F12EFFF49F02143D0FFF7FAD269128E7AA3AE33","ADMITTED_SOURCE_ONLY","CA | CA-NB | NB | Credit Reporting Services Act (New Brunswick) | S.N.B. 2017, c. 27, s. [VERIFY]","CRP-LSRC-0379","NONE","NO_REPEATED_STRING_MEASURED","no repeated (source_artifact, provision_or_citation) pair and no repeated citation string measured for this row","UNRESOLVED","CRP_PHASE5_NEXT_GATE_RECONCILIATION.md §5.2 (measured: 21 of 437 records carry a durable per-ID disposition; none of them is this ID) - no durable per-ID basis exists in this workspace to assign EXCLUDED, GAP or REFUSAL","BLOCKED_MISSING_EVIDENCE","NO_DURABLE_RESCREEN_RECORD","a durable per-ID corrected-logic rescreen disposition for CRP-LSRC-0379 - no register section, work-order ledger, catalogue field or SOURCE_CAPTURES evidence package in this workspace records one","WORK - record a durable per-ID rescreen disposition in an authorised batch; where the disposition turns on report-field or event-date mapping it additionally requires an AUTHORISED_EVIDENCE_ROUTE"
"CRP-LSRC-0380","CITATION_RECORD","F1","NB","EXACT","CA","CA-NB","S.N.B. 2009, c. L-8.5, s. [VERIFY]","NOT RECORDED","docs\citation-objects.tsv","C5915E80234A8C17FF7D2A466F12EFFF49F02143D0FFF7FAD269128E7AA3AE33","ADMITTED_SOURCE_ONLY","CA | CA-NB | NB | Limitation of Actions Act (New Brunswick) | S.N.B. 2009, c. L-8.5, s. [VERIFY]","CRP-LSRC-0380","NONE","NO_REPEATED_STRING_MEASURED","no repeated (source_artifact, provision_or_citation) pair and no repeated citation string measured for this row","UNRESOLVED","CRP_PHASE5_NEXT_GATE_RECONCILIATION.md §5.2 (measured: 21 of 437 records carry a durable per-ID disposition; none of them is this ID) - no durable per-ID basis exists in this workspace to assign EXCLUDED, GAP or REFUSAL","BLOCKED_MISSING_EVIDENCE","NO_DURABLE_RESCREEN_RECORD","a durable per-ID corrected-logic rescreen disposition for CRP-LSRC-0380 - no register section, work-order ledger, catalogue field or SOURCE_CAPTURES evidence package in this workspace records one","WORK - record a durable per-ID rescreen disposition in an authorised batch; where the disposition turns on report-field or event-date mapping it additionally requires an AUTHORISED_EVIDENCE_ROUTE"
"CRP-LSRC-0381","CITATION_RECORD","F2","NL","EXACT","CA","CA-NL","R.S.N.L. 1990, c. C-33, s. [VERIFY]","NOT RECORDED","docs\citation-objects.tsv","C5915E80234A8C17FF7D2A466F12EFFF49F02143D0FFF7FAD269128E7AA3AE33","ADMITTED_SOURCE_ONLY","CA | CA-NL | NL | Consumer Reporting Act (Newfoundland and Labrador) | R.S.N.L. 1990, c. C-33, s. [VERIFY]","CRP-LSRC-0381","NONE","NO_REPEATED_STRING_MEASURED","no repeated (source_artifact, provision_or_citation) pair and no repeated citation string measured for this row","UNRESOLVED","CRP_PHASE5_NEXT_GATE_RECONCILIATION.md §5.2 (measured: 21 of 437 records carry a durable per-ID disposition; none of them is this ID) - no durable per-ID basis exists in this workspace to assign EXCLUDED, GAP or REFUSAL","BLOCKED_MISSING_EVIDENCE","NO_DURABLE_RESCREEN_RECORD","a durable per-ID corrected-logic rescreen disposition for CRP-LSRC-0381 - no register section, work-order ledger, catalogue field or SOURCE_CAPTURES evidence package in this workspace records one","WORK - record a durable per-ID rescreen disposition in an authorised batch; where the disposition turns on report-field or event-date mapping it additionally requires an AUTHORISED_EVIDENCE_ROUTE"
"CRP-LSRC-0382","CITATION_RECORD","F1","NL","EXACT","CA","CA-NL","S.N.L. 1995, c. L-16.1, s. [VERIFY]","NOT RECORDED","docs\citation-objects.tsv","C5915E80234A8C17FF7D2A466F12EFFF49F02143D0FFF7FAD269128E7AA3AE33","ADMITTED_SOURCE_ONLY","CA | CA-NL | NL | Limitations Act (Newfoundland and Labrador) | S.N.L. 1995, c. L-16.1, s. [VERIFY]","CRP-LSRC-0382","NONE","NO_REPEATED_STRING_MEASURED","no repeated (source_artifact, provision_or_citation) pair and no repeated citation string measured for this row","UNRESOLVED","CRP_PHASE5_NEXT_GATE_RECONCILIATION.md §5.2 (measured: 21 of 437 records carry a durable per-ID disposition; none of them is this ID) - no durable per-ID basis exists in this workspace to assign EXCLUDED, GAP or REFUSAL","BLOCKED_MISSING_EVIDENCE","NO_DURABLE_RESCREEN_RECORD","a durable per-ID corrected-logic rescreen disposition for CRP-LSRC-0382 - no register section, work-order ledger, catalogue field or SOURCE_CAPTURES evidence package in this workspace records one","WORK - record a durable per-ID rescreen disposition in an authorised batch; where the disposition turns on report-field or event-date mapping it additionally requires an AUTHORISED_EVIDENCE_ROUTE"
"CRP-LSRC-0383","CITATION_RECORD","F2","NS","EXACT","CA","CA-NS","R.S.N.S. 1989, c. 93, s. [VERIFY]","NOT RECORDED","docs\citation-objects.tsv","C5915E80234A8C17FF7D2A466F12EFFF49F02143D0FFF7FAD269128E7AA3AE33","ADMITTED_SOURCE_ONLY","CA | CA-NS | NS | Consumer Reporting Act (Nova Scotia) | R.S.N.S. 1989, c. 93, s. [VERIFY]","CRP-LSRC-0383","NONE","NO_REPEATED_STRING_MEASURED","no repeated (source_artifact, provision_or_citation) pair and no repeated citation string measured for this row","UNRESOLVED","CRP_PHASE5_NEXT_GATE_RECONCILIATION.md §5.2 (measured: 21 of 437 records carry a durable per-ID disposition; none of them is this ID) - no durable per-ID basis exists in this workspace to assign EXCLUDED, GAP or REFUSAL","BLOCKED_MISSING_EVIDENCE","NO_DURABLE_RESCREEN_RECORD","a durable per-ID corrected-logic rescreen disposition for CRP-LSRC-0383 - no register section, work-order ledger, catalogue field or SOURCE_CAPTURES evidence package in this workspace records one","WORK - record a durable per-ID rescreen disposition in an authorised batch; where the disposition turns on report-field or event-date mapping it additionally requires an AUTHORISED_EVIDENCE_ROUTE"
"CRP-LSRC-0384","CITATION_RECORD","F1","NS","EXACT","CA","CA-NS","S.N.S. 2014, c. 35, s. [VERIFY]","NOT RECORDED","docs\citation-objects.tsv","C5915E80234A8C17FF7D2A466F12EFFF49F02143D0FFF7FAD269128E7AA3AE33","ADMITTED_SOURCE_ONLY","CA | CA-NS | NS | Limitation of Actions Act (Nova Scotia) | S.N.S. 2014, c. 35, s. [VERIFY]","CRP-LSRC-0384","NONE","NO_REPEATED_STRING_MEASURED","no repeated (source_artifact, provision_or_citation) pair and no repeated citation string measured for this row","UNRESOLVED","CRP_PHASE5_NEXT_GATE_RECONCILIATION.md §5.2 (measured: 21 of 437 records carry a durable per-ID disposition; none of them is this ID) - no durable per-ID basis exists in this workspace to assign EXCLUDED, GAP or REFUSAL","BLOCKED_MISSING_EVIDENCE","NO_DURABLE_RESCREEN_RECORD","a durable per-ID corrected-logic rescreen disposition for CRP-LSRC-0384 - no register section, work-order ledger, catalogue field or SOURCE_CAPTURES evidence package in this workspace records one","WORK - record a durable per-ID rescreen disposition in an authorised batch; where the disposition turns on report-field or event-date mapping it additionally requires an AUTHORISED_EVIDENCE_ROUTE"
"CRP-LSRC-0385","CITATION_RECORD","F1","NT","EXACT","CA","CA-NT","Limitation of Actions Act (NT), [chapter VERIFY], s. [VERIFY]","NOT RECORDED","docs\citation-objects.tsv","C5915E80234A8C17FF7D2A466F12EFFF49F02143D0FFF7FAD269128E7AA3AE33","ADMITTED_SOURCE_ONLY","CA | CA-NT | NT | Limitation of Actions Act (NT) | Limitation of Actions Act (NT), [chapter VERIFY], s. [VERIFY]","CRP-LSRC-0385","NONE","NO_REPEATED_STRING_MEASURED","no repeated (source_artifact, provision_or_citation) pair and no repeated citation string measured for this row","UNRESOLVED","CRP_PHASE5_NEXT_GATE_RECONCILIATION.md §5.2 (measured: 21 of 437 records carry a durable per-ID disposition; none of them is this ID) - no durable per-ID basis exists in this workspace to assign EXCLUDED, GAP or REFUSAL","BLOCKED_MISSING_EVIDENCE","NO_DURABLE_RESCREEN_RECORD","a durable per-ID corrected-logic rescreen disposition for CRP-LSRC-0385 - no register section, work-order ledger, catalogue field or SOURCE_CAPTURES evidence package in this workspace records one","WORK - record a durable per-ID rescreen disposition in an authorised batch; where the disposition turns on report-field or event-date mapping it additionally requires an AUTHORISED_EVIDENCE_ROUTE"
"CRP-LSRC-0386","CITATION_RECORD","F1","NU","EXACT","CA","CA-NU","Limitation of Actions Act (NU), [chapter VERIFY], s. [VERIFY]","NOT RECORDED","docs\citation-objects.tsv","C5915E80234A8C17FF7D2A466F12EFFF49F02143D0FFF7FAD269128E7AA3AE33","ADMITTED_SOURCE_ONLY","CA | CA-NU | NU | Limitation of Actions Act (NU) | Limitation of Actions Act (NU), [chapter VERIFY], s. [VERIFY]","CRP-LSRC-0386","NONE","NO_REPEATED_STRING_MEASURED","no repeated (source_artifact, provision_or_citation) pair and no repeated citation string measured for this row","UNRESOLVED","CRP_PHASE5_NEXT_GATE_RECONCILIATION.md §5.2 (measured: 21 of 437 records carry a durable per-ID disposition; none of them is this ID) - no durable per-ID basis exists in this workspace to assign EXCLUDED, GAP or REFUSAL","BLOCKED_MISSING_EVIDENCE","NO_DURABLE_RESCREEN_RECORD","a durable per-ID corrected-logic rescreen disposition for CRP-LSRC-0386 - no register section, work-order ledger, catalogue field or SOURCE_CAPTURES evidence package in this workspace records one","WORK - record a durable per-ID rescreen disposition in an authorised batch; where the disposition turns on report-field or event-date mapping it additionally requires an AUTHORISED_EVIDENCE_ROUTE"
"CRP-LSRC-0387","CITATION_RECORD","F2","ON","EXACT","CA","CA-ON","R.S.O. 1990, c. C.33, s. [VERIFY]","NOT RECORDED","docs\citation-objects.tsv","C5915E80234A8C17FF7D2A466F12EFFF49F02143D0FFF7FAD269128E7AA3AE33","ADMITTED_SOURCE_ONLY","CA | CA-ON | ON | Consumer Reporting Act (Ontario) | R.S.O. 1990, c. C.33, s. [VERIFY]","CRP-LSRC-0387","NONE","NO_REPEATED_STRING_MEASURED","no repeated (source_artifact, provision_or_citation) pair and no repeated citation string measured for this row","UNRESOLVED","CRP_PHASE5_NEXT_GATE_RECONCILIATION.md §5.2 (measured: 21 of 437 records carry a durable per-ID disposition; none of them is this ID) - no durable per-ID basis exists in this workspace to assign EXCLUDED, GAP or REFUSAL","BLOCKED_MISSING_EVIDENCE","NO_DURABLE_RESCREEN_RECORD","a durable per-ID corrected-logic rescreen disposition for CRP-LSRC-0387 - no register section, work-order ledger, catalogue field or SOURCE_CAPTURES evidence package in this workspace records one","WORK - record a durable per-ID rescreen disposition in an authorised batch; where the disposition turns on report-field or event-date mapping it additionally requires an AUTHORISED_EVIDENCE_ROUTE"
"CRP-LSRC-0388","CITATION_RECORD","F1","ON","EXACT","CA","CA-ON","S.O. 2002, c. 24, Sch. B, s. [VERIFY]","NOT RECORDED","docs\citation-objects.tsv","C5915E80234A8C17FF7D2A466F12EFFF49F02143D0FFF7FAD269128E7AA3AE33","ADMITTED_SOURCE_ONLY","CA | CA-ON | ON | Limitations Act, 2002 (Ontario) | S.O. 2002, c. 24, Sch. B, s. [VERIFY]","CRP-LSRC-0388","NONE","NO_REPEATED_STRING_MEASURED","no repeated (source_artifact, provision_or_citation) pair and no repeated citation string measured for this row","UNRESOLVED","CRP_PHASE5_NEXT_GATE_RECONCILIATION.md §5.2 (measured: 21 of 437 records carry a durable per-ID disposition; none of them is this ID) - no durable per-ID basis exists in this workspace to assign EXCLUDED, GAP or REFUSAL","BLOCKED_MISSING_EVIDENCE","NO_DURABLE_RESCREEN_RECORD","a durable per-ID corrected-logic rescreen disposition for CRP-LSRC-0388 - no register section, work-order ledger, catalogue field or SOURCE_CAPTURES evidence package in this workspace records one","WORK - record a durable per-ID rescreen disposition in an authorised batch; where the disposition turns on report-field or event-date mapping it additionally requires an AUTHORISED_EVIDENCE_ROUTE"
"CRP-LSRC-0389","CITATION_RECORD","F2","PE","EXACT","CA","CA-PE","R.S.P.E.I. 1988, c. C-19, s. [VERIFY]","NOT RECORDED","docs\citation-objects.tsv","C5915E80234A8C17FF7D2A466F12EFFF49F02143D0FFF7FAD269128E7AA3AE33","ADMITTED_SOURCE_ONLY","CA | CA-PE | PE | Consumer Reporting Act (Prince Edward Island) | R.S.P.E.I. 1988, c. C-19, s. [VERIFY]","CRP-LSRC-0389","NONE","NO_REPEATED_STRING_MEASURED","no repeated (source_artifact, provision_or_citation) pair and no repeated citation string measured for this row","UNRESOLVED","CRP_PHASE5_NEXT_GATE_RECONCILIATION.md §5.2 (measured: 21 of 437 records carry a durable per-ID disposition; none of them is this ID) - no durable per-ID basis exists in this workspace to assign EXCLUDED, GAP or REFUSAL","BLOCKED_MISSING_EVIDENCE","NO_DURABLE_RESCREEN_RECORD","a durable per-ID corrected-logic rescreen disposition for CRP-LSRC-0389 - no register section, work-order ledger, catalogue field or SOURCE_CAPTURES evidence package in this workspace records one","WORK - record a durable per-ID rescreen disposition in an authorised batch; where the disposition turns on report-field or event-date mapping it additionally requires an AUTHORISED_EVIDENCE_ROUTE"
"CRP-LSRC-0390","CITATION_RECORD","F1","PE","EXACT","CA","CA-PE","R.S.P.E.I. 1988, c. S-7, s. [VERIFY]","NOT RECORDED","docs\citation-objects.tsv","C5915E80234A8C17FF7D2A466F12EFFF49F02143D0FFF7FAD269128E7AA3AE33","ADMITTED_SOURCE_ONLY","CA | CA-PE | PE | Statute of Limitations (PEI) | R.S.P.E.I. 1988, c. S-7, s. [VERIFY]","CRP-LSRC-0390","NONE","NO_REPEATED_STRING_MEASURED","no repeated (source_artifact, provision_or_citation) pair and no repeated citation string measured for this row","UNRESOLVED","CRP_PHASE5_NEXT_GATE_RECONCILIATION.md §5.2 (measured: 21 of 437 records carry a durable per-ID disposition; none of them is this ID) - no durable per-ID basis exists in this workspace to assign EXCLUDED, GAP or REFUSAL","BLOCKED_MISSING_EVIDENCE","NO_DURABLE_RESCREEN_RECORD","a durable per-ID corrected-logic rescreen disposition for CRP-LSRC-0390 - no register section, work-order ledger, catalogue field or SOURCE_CAPTURES evidence package in this workspace records one","WORK - record a durable per-ID rescreen disposition in an authorised batch; where the disposition turns on report-field or event-date mapping it additionally requires an AUTHORISED_EVIDENCE_ROUTE"
"CRP-LSRC-0391","CITATION_RECORD","F10","QC","EXACT","CA","CA-QC","C.C.Q. art. [VERIFY]","NOT RECORDED","docs\citation-objects.tsv","C5915E80234A8C17FF7D2A466F12EFFF49F02143D0FFF7FAD269128E7AA3AE33","ADMITTED_SOURCE_ONLY","CA | CA-QC | QC | Civil Code of Québec | C.C.Q. art. [VERIFY]","CRP-LSRC-0391","NONE","NO_REPEATED_STRING_MEASURED","no repeated (source_artifact, provision_or_citation) pair and no repeated citation string measured for this row","UNRESOLVED","CRP_PHASE5_NEXT_GATE_RECONCILIATION.md §5.2 (measured: 21 of 437 records carry a durable per-ID disposition; none of them is this ID) - no durable per-ID basis exists in this workspace to assign EXCLUDED, GAP or REFUSAL","BLOCKED_MISSING_EVIDENCE","NO_DURABLE_RESCREEN_RECORD","a durable per-ID corrected-logic rescreen disposition for CRP-LSRC-0391 - no register section, work-order ledger, catalogue field or SOURCE_CAPTURES evidence package in this workspace records one","WORK - record a durable per-ID rescreen disposition in an authorised batch; where the disposition turns on report-field or event-date mapping it additionally requires an AUTHORISED_EVIDENCE_ROUTE"
"CRP-LSRC-0392","CITATION_RECORD","F2","SK","EXACT","CA","CA-SK","S.S. 2004, c. C-43.2, s. [VERIFY]","NOT RECORDED","docs\citation-objects.tsv","C5915E80234A8C17FF7D2A466F12EFFF49F02143D0FFF7FAD269128E7AA3AE33","ADMITTED_SOURCE_ONLY","CA | CA-SK | SK | The Credit Reporting Act (Saskatchewan) | S.S. 2004, c. C-43.2, s. [VERIFY]","CRP-LSRC-0392","NONE","NO_REPEATED_STRING_MEASURED","no repeated (source_artifact, provision_or_citation) pair and no repeated citation string measured for this row","UNRESOLVED","CRP_PHASE5_NEXT_GATE_RECONCILIATION.md §5.2 (measured: 21 of 437 records carry a durable per-ID disposition; none of them is this ID) - no durable per-ID basis exists in this workspace to assign EXCLUDED, GAP or REFUSAL","BLOCKED_MISSING_EVIDENCE","NO_DURABLE_RESCREEN_RECORD","a durable per-ID corrected-logic rescreen disposition for CRP-LSRC-0392 - no register section, work-order ledger, catalogue field or SOURCE_CAPTURES evidence package in this workspace records one","WORK - record a durable per-ID rescreen disposition in an authorised batch; where the disposition turns on report-field or event-date mapping it additionally requires an AUTHORISED_EVIDENCE_ROUTE"
"CRP-LSRC-0393","CITATION_RECORD","F1","SK","EXACT","CA","CA-SK","S.S. 2004, c. L-16.1, s. [VERIFY]","NOT RECORDED","docs\citation-objects.tsv","C5915E80234A8C17FF7D2A466F12EFFF49F02143D0FFF7FAD269128E7AA3AE33","ADMITTED_SOURCE_ONLY","CA | CA-SK | SK | Limitations Act (Saskatchewan) | S.S. 2004, c. L-16.1, s. [VERIFY]","CRP-LSRC-0393","NONE","NO_REPEATED_STRING_MEASURED","no repeated (source_artifact, provision_or_citation) pair and no repeated citation string measured for this row","UNRESOLVED","CRP_PHASE5_NEXT_GATE_RECONCILIATION.md §5.2 (measured: 21 of 437 records carry a durable per-ID disposition; none of them is this ID) - no durable per-ID basis exists in this workspace to assign EXCLUDED, GAP or REFUSAL","BLOCKED_MISSING_EVIDENCE","NO_DURABLE_RESCREEN_RECORD","a durable per-ID corrected-logic rescreen disposition for CRP-LSRC-0393 - no register section, work-order ledger, catalogue field or SOURCE_CAPTURES evidence package in this workspace records one","WORK - record a durable per-ID rescreen disposition in an authorised batch; where the disposition turns on report-field or event-date mapping it additionally requires an AUTHORISED_EVIDENCE_ROUTE"
"CRP-LSRC-0394","CITATION_RECORD","F1","YT","EXACT","CA","CA-YT","R.S.Y. 2002, c. 139, s. [VERIFY]","NOT RECORDED","docs\citation-objects.tsv","C5915E80234A8C17FF7D2A466F12EFFF49F02143D0FFF7FAD269128E7AA3AE33","ADMITTED_SOURCE_ONLY","CA | CA-YT | YT | Limitation of Actions Act (Yukon) | R.S.Y. 2002, c. 139, s. [VERIFY]","CRP-LSRC-0394","NONE","NO_REPEATED_STRING_MEASURED","no repeated (source_artifact, provision_or_citation) pair and no repeated citation string measured for this row","UNRESOLVED","CRP_PHASE5_NEXT_GATE_RECONCILIATION.md §5.2 (measured: 21 of 437 records carry a durable per-ID disposition; none of them is this ID) - no durable per-ID basis exists in this workspace to assign EXCLUDED, GAP or REFUSAL","BLOCKED_MISSING_EVIDENCE","NO_DURABLE_RESCREEN_RECORD","a durable per-ID corrected-logic rescreen disposition for CRP-LSRC-0394 - no register section, work-order ledger, catalogue field or SOURCE_CAPTURES evidence package in this workspace records one","WORK - record a durable per-ID rescreen disposition in an authorised batch; where the disposition turns on report-field or event-date mapping it additionally requires an AUTHORISED_EVIDENCE_ROUTE"
"CRP-LSRC-0395","REFUSAL","F1","CA-NS","RECORDED_REFUSAL","CA","CA-NS","s. 12 (ultimate limitation period) — owner-supplied identification; not retrieved in this work order","Limitation of Actions Act, S.N.S. 2014, c. 35, s. 12 — owner-supplied","packages\backend\src\services\solTable.ts","E0C04B274FD748461FE8F3D33FB4E5DF52538AB324D7682E02B6B526926896EF","ADMITTED_SOURCE_ONLY","CA | CA-NS | CA-NS | Limitation of Actions Act, S.N.S. 2014, c. 35 — Provision is read and represented by the governed corpus; no period is applied — the unit fails closed — PHASE5-001C owner amendment (refusal retained; citations, dates and rationale recorded; see CRP_GAP_REFUSAL_RESOLUTION_REGISTER.md): the owner document supplies s. 12 (ultimate limitation period) of the Limitation of Actions Act, S.N.S. 2014, c. 35, in force since 2015-06-01, and records the rationale that this unit fails closed because s. 12 establishes an absolute ultimate ceiling measured from the act or omission rather than from discovery or acknowledgment. The recorded refusal is retained: no limitation period is applied from report content, and this amendment creates no operational collection or reporting block and no finding authority | s. 12 (ultimate limitation period) — owner-supplied identification; not retrieved in this work order","CRP-LSRC-0395","NONE","NO_REPEATED_STRING_MEASURED","no repeated (source_artifact, provision_or_citation) pair and no repeated citation string measured for this row","REFUSAL","CRP_GAP_REFUSAL_RESOLUTION_REGISTER.md §2 row for this ID, §4 group D, §7.4 index, §13.6 correction, with per-ID results in §8.3 / §10.4 / §11.5 / §12.4 and the catalogue entry text recorded under PHASE5-001C","RECORDED_DURABLE","RECORDED_OPEN_ITEM","register §5 item 12: the refusal is retained; no citation was retrieved and the rationale is owner-supplied limitation analysis only","WORK and/or AUTHORISED_EVIDENCE_ROUTE as the cited register item requires; an owner decision where the item is a scope, wildcard or refusal question"
"CRP-LSRC-0396","REFUSAL","F1","CA-ON","RECORDED_REFUSAL","CA","CA-ON","s. 5 (discovery) and s. 15 (ultimate limitation period) — owner-supplied identification; not retrieved in this work order","Limitations Act, 2002, S.O. 2002, c. 24, Sched. B, ss. 5 and 15 — owner-supplied","packages\backend\src\services\solTable.ts","E0C04B274FD748461FE8F3D33FB4E5DF52538AB324D7682E02B6B526926896EF","ADMITTED_SOURCE_ONLY","CA | CA-ON | CA-ON | Limitations Act, 2002 (Ontario) (discovery start) — Discovery-based start; recorded owner direction 2026-09-17 — refusal retained — PHASE5-001C owner amendment (refusal retained; citations, dates and rationale recorded; see CRP_GAP_REFUSAL_RESOLUTION_REGISTER.md): the owner document supplies s. 5 (discovery) and s. 15 (ultimate limitation period) of the Limitations Act, 2002, S.O. 2002, c. 24, Sched. B, in force since 2004-01-01, and records that this refusal is retained per the recorded owner direction dated 2026-09-17. Rationale as supplied: the two-year clock is described as running from discovery rather than as a flat period, with s. 15 as the ultimate ceiling. The recorded refusal is retained: no limitation period is applied from report content, and this amendment creates no operational collection or reporting block and no finding authority | s. 5 (discovery) and s. 15 (ultimate limitation period) — owner-supplied identification; not retrieved in this work order","CRP-LSRC-0396","NONE","NO_REPEATED_STRING_MEASURED","no repeated (source_artifact, provision_or_citation) pair and no repeated citation string measured for this row","REFUSAL","CRP_GAP_REFUSAL_RESOLUTION_REGISTER.md §2 row for this ID, §4 group D, §7.4 index, §13.5 correction, with per-ID results in §8.3 / §10.4 / §11.5 / §12.4 and the catalogue entry text recorded under PHASE5-001C","RECORDED_DURABLE","RECORDED_OPEN_ITEM","register §5 item 12: the refusal is retained; no citation was retrieved and the rationale is owner-supplied limitation analysis only","WORK and/or AUTHORISED_EVIDENCE_ROUTE as the cited register item requires; an owner decision where the item is a scope, wildcard or refusal question"
"CRP-LSRC-0397","REFUSAL","F1","CA-QC","RECORDED_REFUSAL","CA","CA-QC","art. 2898 (acknowledgment of a right) and art. 2925 (general extinctive prescription) — owner-supplied identification; not retrieved in this work order","Civil Code of Québec, CQLR c CCQ-1991, arts. 2898 and 2925 — owner-supplied","packages\backend\src\services\solTable.ts","E0C04B274FD748461FE8F3D33FB4E5DF52538AB324D7682E02B6B526926896EF","ADMITTED_SOURCE_ONLY","CA | CA-QC | CA-QC | Civil Code of Québec — Interruption analysis required, not a payment reset — recorded refusal — PHASE5-001C owner amendment (refusal retained; citations, dates and rationale recorded; see CRP_GAP_REFUSAL_RESOLUTION_REGISTER.md): the owner document supplies art. 2898 (acknowledgment of a right) and art. 2925 (general extinctive prescription) of the Civil Code of Québec, CQLR c CCQ-1991, in force since 1994-01-01, and records that interruption analysis is required and that a partial payment alone does not automatically reset the three-year prescription without a clear and unambiguous acknowledgment of the debt obligation. The recorded refusal is retained: no limitation period is applied from report content, and this amendment creates no operational collection or reporting block and no finding authority | art. 2898 (acknowledgment of a right) and art. 2925 (general extinctive prescription) — owner-supplied identification; not retrieved in this work order","CRP-LSRC-0397","NONE","NO_REPEATED_STRING_MEASURED","no repeated (source_artifact, provision_or_citation) pair and no repeated citation string measured for this row","REFUSAL","CRP_GAP_REFUSAL_RESOLUTION_REGISTER.md §2 row for this ID, §4 group D, §7.4 index, §13.8 correction, with per-ID results in §8.3 / §10.4 / §11.5 / §12.4 and the catalogue entry text recorded under PHASE5-001C","RECORDED_DURABLE","RECORDED_OPEN_ITEM","register §5 item 12: the refusal is retained; no citation was retrieved and the rationale is owner-supplied limitation analysis only","WORK and/or AUTHORISED_EVIDENCE_ROUTE as the cited register item requires; an owner decision where the item is a scope, wildcard or refusal question"
"CRP-LSRC-0398","GAP","F1","PE (country-scope entry)","GAP","CA","CA-PE","s. 2(1)(g) (actions not otherwise provided for; six years; deliberately not entered as a rule) with the controlling specific provision s. 2(1)(e) (six-year limit for actions on account or debt grounded on a lending contract) — owner-supplied identification, not retrieved in this work order","R.S.P.E.I. 1988, c. L-15, s. 2(1)(g) and s. 2(1)(e) — owner-supplied; not retrieved in this work order","packages\backend\src\services\legalRules.ts","FE5C1BA63AE85923E378D4278C3D6E85461E8DF648847F43FE02FB4185BD41F6","ADMITTED_SOURCE_ONLY","CA | CA-PE | PE (country-scope entry) | Prince Edward Island Statute of Limitations — Recorded `UNVERIFIED_GAPS` entry: the s. 2(1)(g) catch-all is read and refused, decided — no rule entered — PHASE5-001C owner amendment (catch-all recorded and closed as a relationship decision; no duplicate rule created; see CRP_GAP_REFUSAL_RESOLUTION_REGISTER.md): the owner document supplies the Prince Edward Island catch-all as the Limitation of Actions Act, R.S.P.E.I. 1988, c. L-15, s. 2(1)(g) (actions not otherwise provided for, six years from the time the cause of action arose) and records that it was read and deliberately not turned into a rule because consumer debts are already covered by the specific provision s. 2(1)(e) of the same Act (six-year limit for actions on account or debt grounded on a lending contract), which controls. The citation and relationship are recorded as owner-supplied; the specific provision is recorded as the controlling one, and no duplicate catch-all rule and no overlapping rule is created | s. 2(1)(g) (actions not otherwise provided for; six years; deliberately not entered as a rule) with the controlling specific provision s. 2(1)(e) (six-year limit for actions on account or debt grounded on a lending contract) — owner-supplied identification, not retrieved in this work order","CRP-LSRC-0398","NONE","NO_REPEATED_STRING_MEASURED","no repeated (source_artifact, provision_or_citation) pair and no repeated citation string measured for this row","GAP","CRP_GAP_REFUSAL_RESOLUTION_REGISTER.md §2 row for this ID, §4 group A, §7.4 index, with per-ID results in §8.3 / §10.4 / §11.5 / §12.4 and the catalogue entry text recorded under PHASE5-001C","RECORDED_DURABLE","NO_OPEN_ITEM_RECORDED","NONE_RECORDED - the register lists no open item for this ID","NONE - the recorded disposition stands"
"CRP-LSRC-0399","LIMITATION_RECORD","F1","UK-ENG","UK_TO_GB_RECONCILIATION_REQUIRED","GB","GB-ENG","s. 5 (time limit for actions founded on simple contract)","https://www.legislation.gov.uk/ukpga/1980/58/section/5","packages\backend\src\services\solTable.ts","E0C04B274FD748461FE8F3D33FB4E5DF52538AB324D7682E02B6B526926896EF","ADMITTED_SOURCE_ONLY","GB | GB-ENG | UK-ENG | Limitation Act 1980 (c. 58) | s. 5 (time limit for actions founded on simple contract)","CRP-LSRC-0399","DUP-PAIR-012","IDENTICAL_ARTIFACT_AND_CITATION","the (source_artifact, provision_or_citation) pair occurs on 2 catalogue rows (ids: CRP-LSRC-0399, CRP-LSRC-0400); string-identity duplicate indicator only, not a proven duplicate legal provision","UNRESOLVED","CRP_PHASE5_NEXT_GATE_RECONCILIATION.md §5.2 (measured: 21 of 437 records carry a durable per-ID disposition; none of them is this ID) - no durable per-ID basis exists in this workspace to assign EXCLUDED, GAP or REFUSAL","BLOCKED_MISSING_EVIDENCE","NO_DURABLE_RESCREEN_RECORD","a durable per-ID corrected-logic rescreen disposition for CRP-LSRC-0399 - no register section, work-order ledger, catalogue field or SOURCE_CAPTURES evidence package in this workspace records one","WORK - record a durable per-ID rescreen disposition in an authorised batch; where the disposition turns on report-field or event-date mapping it additionally requires an AUTHORISED_EVIDENCE_ROUTE"
"CRP-LSRC-0400","LIMITATION_RECORD","F1","UK-WLS","UK_TO_GB_RECONCILIATION_REQUIRED","GB","GB-WLS","s. 5 (time limit for actions founded on simple contract)","https://www.legislation.gov.uk/ukpga/1980/58/section/5","packages\backend\src\services\solTable.ts","E0C04B274FD748461FE8F3D33FB4E5DF52538AB324D7682E02B6B526926896EF","ADMITTED_SOURCE_ONLY","GB | GB-WLS | UK-WLS | Limitation Act 1980 (c. 58) | s. 5 (time limit for actions founded on simple contract)","CRP-LSRC-0399","DUP-PAIR-012","IDENTICAL_ARTIFACT_AND_CITATION","the (source_artifact, provision_or_citation) pair occurs on 2 catalogue rows (ids: CRP-LSRC-0399, CRP-LSRC-0400); string-identity duplicate indicator only, not a proven duplicate legal provision","UNRESOLVED","CRP_PHASE5_NEXT_GATE_RECONCILIATION.md §5.2 (measured: 21 of 437 records carry a durable per-ID disposition; none of them is this ID) - no durable per-ID basis exists in this workspace to assign EXCLUDED, GAP or REFUSAL","BLOCKED_MISSING_EVIDENCE","NO_DURABLE_RESCREEN_RECORD","a durable per-ID corrected-logic rescreen disposition for CRP-LSRC-0400 - no register section, work-order ledger, catalogue field or SOURCE_CAPTURES evidence package in this workspace records one","WORK - record a durable per-ID rescreen disposition in an authorised batch; where the disposition turns on report-field or event-date mapping it additionally requires an AUTHORISED_EVIDENCE_ROUTE"
"CRP-LSRC-0401","LIMITATION_RECORD","F1","UK-ENG","UK_TO_GB_RECONCILIATION_REQUIRED","GB","GB-ENG","s. 24(1) (time limit for actions to enforce judgments)","https://www.legislation.gov.uk/ukpga/1980/58/section/24","packages\backend\src\services\solTable.ts","E0C04B274FD748461FE8F3D33FB4E5DF52538AB324D7682E02B6B526926896EF","ADMITTED_SOURCE_ONLY","GB | GB-ENG | UK-ENG | Limitation Act 1980 (c. 58) | s. 24(1) (time limit for actions to enforce judgments)","CRP-LSRC-0401","DUP-PAIR-013","IDENTICAL_ARTIFACT_AND_CITATION","the (source_artifact, provision_or_citation) pair occurs on 2 catalogue rows (ids: CRP-LSRC-0401, CRP-LSRC-0402); string-identity duplicate indicator only, not a proven duplicate legal provision","UNRESOLVED","CRP_PHASE5_NEXT_GATE_RECONCILIATION.md §5.2 (measured: 21 of 437 records carry a durable per-ID disposition; none of them is this ID) - no durable per-ID basis exists in this workspace to assign EXCLUDED, GAP or REFUSAL","BLOCKED_MISSING_EVIDENCE","NO_DURABLE_RESCREEN_RECORD","a durable per-ID corrected-logic rescreen disposition for CRP-LSRC-0401 - no register section, work-order ledger, catalogue field or SOURCE_CAPTURES evidence package in this workspace records one","WORK - record a durable per-ID rescreen disposition in an authorised batch; where the disposition turns on report-field or event-date mapping it additionally requires an AUTHORISED_EVIDENCE_ROUTE"
"CRP-LSRC-0402","LIMITATION_RECORD","F1","UK-WLS","UK_TO_GB_RECONCILIATION_REQUIRED","GB","GB-WLS","s. 24(1) (time limit for actions to enforce judgments)","https://www.legislation.gov.uk/ukpga/1980/58/section/24","packages\backend\src\services\solTable.ts","E0C04B274FD748461FE8F3D33FB4E5DF52538AB324D7682E02B6B526926896EF","ADMITTED_SOURCE_ONLY","GB | GB-WLS | UK-WLS | Limitation Act 1980 (c. 58) | s. 24(1) (time limit for actions to enforce judgments)","CRP-LSRC-0401","DUP-PAIR-013","IDENTICAL_ARTIFACT_AND_CITATION","the (source_artifact, provision_or_citation) pair occurs on 2 catalogue rows (ids: CRP-LSRC-0401, CRP-LSRC-0402); string-identity duplicate indicator only, not a proven duplicate legal provision","UNRESOLVED","CRP_PHASE5_NEXT_GATE_RECONCILIATION.md §5.2 (measured: 21 of 437 records carry a durable per-ID disposition; none of them is this ID) - no durable per-ID basis exists in this workspace to assign EXCLUDED, GAP or REFUSAL","BLOCKED_MISSING_EVIDENCE","NO_DURABLE_RESCREEN_RECORD","a durable per-ID corrected-logic rescreen disposition for CRP-LSRC-0402 - no register section, work-order ledger, catalogue field or SOURCE_CAPTURES evidence package in this workspace records one","WORK - record a durable per-ID rescreen disposition in an authorised batch; where the disposition turns on report-field or event-date mapping it additionally requires an AUTHORISED_EVIDENCE_ROUTE"
"CRP-LSRC-0403","LIMITATION_RECORD","F1","UK-SCT","UK_TO_GB_RECONCILIATION_REQUIRED","GB","GB-SCT","s. 6 (extinction of obligations by prescriptive periods of five years)","https://www.legislation.gov.uk/ukpga/1973/52/section/6","packages\backend\src\services\solTable.ts","E0C04B274FD748461FE8F3D33FB4E5DF52538AB324D7682E02B6B526926896EF","ADMITTED_SOURCE_ONLY","GB | GB-SCT | UK-SCT | Prescription and Limitation (Scotland) Act 1973 (c. 52) | s. 6 (extinction of obligations by prescriptive periods of five years)","CRP-LSRC-0403","NONE","NO_REPEATED_STRING_MEASURED","no repeated (source_artifact, provision_or_citation) pair and no repeated citation string measured for this row","UNRESOLVED","CRP_PHASE5_NEXT_GATE_RECONCILIATION.md §5.2 (measured: 21 of 437 records carry a durable per-ID disposition; none of them is this ID) - no durable per-ID basis exists in this workspace to assign EXCLUDED, GAP or REFUSAL","BLOCKED_MISSING_EVIDENCE","NO_DURABLE_RESCREEN_RECORD","a durable per-ID corrected-logic rescreen disposition for CRP-LSRC-0403 - no register section, work-order ledger, catalogue field or SOURCE_CAPTURES evidence package in this workspace records one","WORK - record a durable per-ID rescreen disposition in an authorised batch; where the disposition turns on report-field or event-date mapping it additionally requires an AUTHORISED_EVIDENCE_ROUTE"
"CRP-LSRC-0404","LIMITATION_RECORD","F1","UK-NIR","UK_TO_GB_RECONCILIATION_REQUIRED","GB","GB-NIR","NOT RECORDED (recorded source locator is article 4)","https://www.legislation.gov.uk/nisi/1989/1339/article/4","packages\backend\src\services\solTable.ts","E0C04B274FD748461FE8F3D33FB4E5DF52538AB324D7682E02B6B526926896EF","ADMITTED_SOURCE_ONLY","GB | GB-NIR | UK-NIR | Limitation (Northern Ireland) Order 1989 (No. 1339 (NI. 11)) | NOT RECORDED (recorded source locator is article 4)","CRP-LSRC-0404","NONE","NO_REPEATED_STRING_MEASURED","no repeated (source_artifact, provision_or_citation) pair and no repeated citation string measured for this row","UNRESOLVED","CRP_PHASE5_NEXT_GATE_RECONCILIATION.md §5.2 (measured: 21 of 437 records carry a durable per-ID disposition; none of them is this ID) - no durable per-ID basis exists in this workspace to assign EXCLUDED, GAP or REFUSAL","BLOCKED_MISSING_EVIDENCE","NO_DURABLE_RESCREEN_RECORD","a durable per-ID corrected-logic rescreen disposition for CRP-LSRC-0404 - no register section, work-order ledger, catalogue field or SOURCE_CAPTURES evidence package in this workspace records one","WORK - record a durable per-ID rescreen disposition in an authorised batch; where the disposition turns on report-field or event-date mapping it additionally requires an AUTHORISED_EVIDENCE_ROUTE"
"CRP-LSRC-0405","CONTENT_RULE","F7","UK","UK_TO_GB_RECONCILIATION_REQUIRED","null","null","Judgment data (6 years live use; 11 years including profiling)","https://www.experian.co.uk/legal/crain/data-retention-periods","packages\backend\src\services\legalRules.ts","FE5C1BA63AE85923E378D4278C3D6E85461E8DF648847F43FE02FB4185BD41F6","ADMITTED_SOURCE_ONLY"," |  | UK | Credit Reference Agency Information Notice (CRAIN) retention table | Judgment data (6 years live use; 11 years including profiling)","CRP-LSRC-0405","NONE","NO_REPEATED_STRING_MEASURED","no repeated (source_artifact, provision_or_citation) pair and no repeated citation string measured for this row","UNRESOLVED","CRP_PHASE5_NEXT_GATE_RECONCILIATION.md §5.2 (measured: 21 of 437 records carry a durable per-ID disposition; none of them is this ID) - no durable per-ID basis exists in this workspace to assign EXCLUDED, GAP or REFUSAL","BLOCKED_MISSING_EVIDENCE","NO_DURABLE_RESCREEN_RECORD","a durable per-ID corrected-logic rescreen disposition for CRP-LSRC-0405 - no register section, work-order ledger, catalogue field or SOURCE_CAPTURES evidence package in this workspace records one","WORK - record a durable per-ID rescreen disposition in an authorised batch; where the disposition turns on report-field or event-date mapping it additionally requires an AUTHORISED_EVIDENCE_ROUTE"
"CRP-LSRC-0406","CONTENT_RULE","F1","UK","UK_TO_GB_RECONCILIATION_REQUIRED","null","null","Insolvency data (6 years from the start date, or until the stated end date if later)","https://www.experian.co.uk/legal/crain/data-retention-periods","packages\backend\src\services\legalRules.ts","FE5C1BA63AE85923E378D4278C3D6E85461E8DF648847F43FE02FB4185BD41F6","ADMITTED_SOURCE_ONLY"," |  | UK | Credit Reference Agency Information Notice (CRAIN) retention table | Insolvency data (6 years from the start date, or until the stated end date if later)","CRP-LSRC-0406","NONE","NO_REPEATED_STRING_MEASURED","no repeated (source_artifact, provision_or_citation) pair and no repeated citation string measured for this row","UNRESOLVED","CRP_PHASE5_NEXT_GATE_RECONCILIATION.md §5.2 (measured: 21 of 437 records carry a durable per-ID disposition; none of them is this ID) - no durable per-ID basis exists in this workspace to assign EXCLUDED, GAP or REFUSAL","BLOCKED_MISSING_EVIDENCE","NO_DURABLE_RESCREEN_RECORD","a durable per-ID corrected-logic rescreen disposition for CRP-LSRC-0406 - no register section, work-order ledger, catalogue field or SOURCE_CAPTURES evidence package in this workspace records one","WORK - record a durable per-ID rescreen disposition in an authorised batch; where the disposition turns on report-field or event-date mapping it additionally requires an AUTHORISED_EVIDENCE_ROUTE"
"CRP-LSRC-0407","CONTENT_RULE","F4","UK","UK_TO_GB_RECONCILIATION_REQUIRED","null","null","UK GDPR Articles 5(1)(d) and 16 (accuracy; right to rectification)","https://www.legislation.gov.uk/eur/2016/679/article/5","packages\backend\src\services\legalRules.ts","FE5C1BA63AE85923E378D4278C3D6E85461E8DF648847F43FE02FB4185BD41F6","ADMITTED_SOURCE_ONLY"," |  | UK | UK GDPR / Data Protection Act 2018 | UK GDPR Articles 5(1)(d) and 16 (accuracy; right to rectification)","CRP-LSRC-0407","NONE","NO_REPEATED_STRING_MEASURED","no repeated (source_artifact, provision_or_citation) pair and no repeated citation string measured for this row","UNRESOLVED","CRP_PHASE5_NEXT_GATE_RECONCILIATION.md §5.2 (measured: 21 of 437 records carry a durable per-ID disposition; none of them is this ID) - no durable per-ID basis exists in this workspace to assign EXCLUDED, GAP or REFUSAL","BLOCKED_MISSING_EVIDENCE","NO_DURABLE_RESCREEN_RECORD","a durable per-ID corrected-logic rescreen disposition for CRP-LSRC-0407 - no register section, work-order ledger, catalogue field or SOURCE_CAPTURES evidence package in this workspace records one","WORK - record a durable per-ID rescreen disposition in an authorised batch; where the disposition turns on report-field or event-date mapping it additionally requires an AUTHORISED_EVIDENCE_ROUTE"
"CRP-LSRC-0408","CONTENT_RULE","F1","UK","UK_TO_GB_RECONCILIATION_REQUIRED","null","null","`Credit account performance data — 6 years for live decision-making (the tables retain longe…` (recorded label)","https://www.experian.co.uk/legal/crain/data-retention-periods","packages\backend\src\services\legalRules.ts","FE5C1BA63AE85923E378D4278C3D6E85461E8DF648847F43FE02FB4185BD41F6","ADMITTED_SOURCE_ONLY"," |  | UK | Credit Reference Agency Information Notice (CRAIN) retention table | `Credit account performance data — 6 years for live decision-making (the tables retain longe…` (recorded label)","CRP-LSRC-0408","NONE","NO_REPEATED_STRING_MEASURED","no repeated (source_artifact, provision_or_citation) pair and no repeated citation string measured for this row","UNRESOLVED","CRP_PHASE5_NEXT_GATE_RECONCILIATION.md §5.2 (measured: 21 of 437 records carry a durable per-ID disposition; none of them is this ID) - no durable per-ID basis exists in this workspace to assign EXCLUDED, GAP or REFUSAL","BLOCKED_MISSING_EVIDENCE","NO_DURABLE_RESCREEN_RECORD","a durable per-ID corrected-logic rescreen disposition for CRP-LSRC-0408 - no register section, work-order ledger, catalogue field or SOURCE_CAPTURES evidence package in this workspace records one","WORK - record a durable per-ID rescreen disposition in an authorised batch; where the disposition turns on report-field or event-date mapping it additionally requires an AUTHORISED_EVIDENCE_ROUTE"
"CRP-LSRC-0409","CONTENT_RULE","F1","UK","UK_TO_GB_RECONCILIATION_REQUIRED","null","null","`Credit account performance data — 6 years for live decision-making from the date the accoun…` (recorded label)","https://www.experian.co.uk/legal/crain/data-retention-periods","packages\backend\src\services\legalRules.ts","FE5C1BA63AE85923E378D4278C3D6E85461E8DF648847F43FE02FB4185BD41F6","ADMITTED_SOURCE_ONLY"," |  | UK | Credit Reference Agency Information Notice (CRAIN) retention table | `Credit account performance data — 6 years for live decision-making from the date the accoun…` (recorded label)","CRP-LSRC-0409","DUP-PAIR-014","IDENTICAL_ARTIFACT_AND_CITATION","the (source_artifact, provision_or_citation) pair occurs on 2 catalogue rows (ids: CRP-LSRC-0409, CRP-LSRC-0411); string-identity duplicate indicator only, not a proven duplicate legal provision","UNRESOLVED","CRP_PHASE5_NEXT_GATE_RECONCILIATION.md §5.2 (measured: 21 of 437 records carry a durable per-ID disposition; none of them is this ID) - no durable per-ID basis exists in this workspace to assign EXCLUDED, GAP or REFUSAL","BLOCKED_MISSING_EVIDENCE","NO_DURABLE_RESCREEN_RECORD","a durable per-ID corrected-logic rescreen disposition for CRP-LSRC-0409 - no register section, work-order ledger, catalogue field or SOURCE_CAPTURES evidence package in this workspace records one","WORK - record a durable per-ID rescreen disposition in an authorised batch; where the disposition turns on report-field or event-date mapping it additionally requires an AUTHORISED_EVIDENCE_ROUTE"
"CRP-LSRC-0410","CONTENT_RULE","F1","UK","UK_TO_GB_RECONCILIATION_REQUIRED","null","null","NOT RECORDED (`section: null`)","https://www.experian.co.uk/legal/crain/data-retention-periods","packages\backend\src\services\legalRules.ts","FE5C1BA63AE85923E378D4278C3D6E85461E8DF648847F43FE02FB4185BD41F6","ADMITTED_SOURCE_ONLY"," |  | UK | Credit Reference Agency Information Notice (CRAIN) retention table | NOT RECORDED (`section: null`)","CRP-LSRC-0314","DUP-PAIR-009","IDENTICAL_ARTIFACT_AND_CITATION","the (source_artifact, provision_or_citation) pair occurs on 2 catalogue rows (ids: CRP-LSRC-0314, CRP-LSRC-0410); string-identity duplicate indicator only, not a proven duplicate legal provision","UNRESOLVED","CRP_PHASE5_NEXT_GATE_RECONCILIATION.md §5.2 (measured: 21 of 437 records carry a durable per-ID disposition; none of them is this ID) - no durable per-ID basis exists in this workspace to assign EXCLUDED, GAP or REFUSAL","BLOCKED_MISSING_EVIDENCE","NO_DURABLE_RESCREEN_RECORD","a durable per-ID corrected-logic rescreen disposition for CRP-LSRC-0410 - no register section, work-order ledger, catalogue field or SOURCE_CAPTURES evidence package in this workspace records one","WORK - record a durable per-ID rescreen disposition in an authorised batch; where the disposition turns on report-field or event-date mapping it additionally requires an AUTHORISED_EVIDENCE_ROUTE"
"CRP-LSRC-0411","CONTENT_RULE","F1","UK","UK_TO_GB_RECONCILIATION_REQUIRED","null","null","`Credit account performance data — 6 years for live decision-making from the date the accoun…` (recorded label)","https://www.experian.co.uk/legal/crain/data-retention-periods","packages\backend\src\services\legalRules.ts","FE5C1BA63AE85923E378D4278C3D6E85461E8DF648847F43FE02FB4185BD41F6","ADMITTED_SOURCE_ONLY"," |  | UK | Credit Reference Agency Information Notice (CRAIN) retention table | `Credit account performance data — 6 years for live decision-making from the date the accoun…` (recorded label)","CRP-LSRC-0409","DUP-PAIR-014","IDENTICAL_ARTIFACT_AND_CITATION","the (source_artifact, provision_or_citation) pair occurs on 2 catalogue rows (ids: CRP-LSRC-0409, CRP-LSRC-0411); string-identity duplicate indicator only, not a proven duplicate legal provision","UNRESOLVED","CRP_PHASE5_NEXT_GATE_RECONCILIATION.md §5.2 (measured: 21 of 437 records carry a durable per-ID disposition; none of them is this ID) - no durable per-ID basis exists in this workspace to assign EXCLUDED, GAP or REFUSAL","BLOCKED_MISSING_EVIDENCE","NO_DURABLE_RESCREEN_RECORD","a durable per-ID corrected-logic rescreen disposition for CRP-LSRC-0411 - no register section, work-order ledger, catalogue field or SOURCE_CAPTURES evidence package in this workspace records one","WORK - record a durable per-ID rescreen disposition in an authorised batch; where the disposition turns on report-field or event-date mapping it additionally requires an AUTHORISED_EVIDENCE_ROUTE"
"CRP-LSRC-0412","GAP","F1","`UK` (bare country token)","UK_TO_GB_RECONCILIATION_REQUIRED","null","null","NOT RECORDED","NOT RECORDED","packages\backend\src\services\solTable.ts","E0C04B274FD748461FE8F3D33FB4E5DF52538AB324D7682E02B6B526926896EF","ADMITTED_SOURCE_ONLY"," |  | `UK` (bare country token) | Limitation Act 1980 / Prescription and Limitation (Scotland) Act 1973 / Limitation (Northern Ireland) Order 1989 — Recorded `SOL_GAPS` entry: all four constituent nations are read and they differ; a bare UK token still does not identify the nation, so it remains unanswerable at country level — PHASE5-001C owner amendment (bare UK token preserved; this gap is NOT closed; the supplied mapping is held separately in the register; see CRP_GAP_REFUSAL_RESOLUTION_REGISTER.md): the owner document supplies the following exact-nation limitation mapping, recorded separately from this unresolved country-level entry — England and Wales 6 years (Limitation Act 1980, c. 58, s. 5: procedural bar only); Scotland 5 years (Prescription and Limitation (Scotland) Act 1973, c. 52, s. 6: extinctive prescription); Northern Ireland 6 years (Limitation (Northern Ireland) Order 1989, S.I. 1989/1339, art. 4: procedural bar only). The mapping is recorded as owner-supplied, is not retrieved in this work order and is not applied by this amendment; Wales is not identified separately from England and Wales. A bare UK token still identifies no single nation, so this entry remains unanswerable at country level. The owner document also proposes resolving the token from the locked session nation or the account profile; that off-report route is NOT adopted | NOT RECORDED","CRP-LSRC-0078","DUP-PAIR-003","IDENTICAL_ARTIFACT_AND_CITATION","the (source_artifact, provision_or_citation) pair occurs on 22 catalogue rows (ids: CRP-LSRC-0078, CRP-LSRC-0325, CRP-LSRC-0326, CRP-LSRC-0327, CRP-LSRC-0328, CRP-LSRC-0329, CRP-LSRC-0330, CRP-LSRC-0331, CRP-LSRC-0332, CRP-LSRC-0333, CRP-LSRC-0334, CRP-LSRC-0335, CRP-LSRC-0412, CRP-LSRC-0414, CRP-LSRC-0415, CRP-LSRC-0416, CRP-LSRC-0417, CRP-LSRC-0418, CRP-LSRC-0419, CRP-LSRC-0420, CRP-LSRC-0421, CRP-LSRC-0435); string-identity duplicate indicator only, not a proven duplicate legal provision; the citation also repeats across distinct artifacts in DUP-CITE-009","GAP","CRP_GAP_REFUSAL_RESOLUTION_REGISTER.md §2 row for this ID, §4 group B, §7.4 index, §3.4 mapping, with per-ID results in §8.3 / §10.4 / §11.5 / §12.4 and the catalogue entry text recorded under PHASE5-001C","RECORDED_DURABLE","RECORDED_OPEN_ITEM","register §5 item 8: the bare `UK` token still identifies no single nation, and Wales is not separately identified","WORK and/or AUTHORISED_EVIDENCE_ROUTE as the cited register item requires; an owner decision where the item is a scope, wildcard or refusal question"
"CRP-LSRC-0413","GAP","F1","country-scope entry","GAP","null","null","NOT RECORDED","NOT RECORDED","packages\backend\src\services\legalRules.ts","FE5C1BA63AE85923E378D4278C3D6E85461E8DF648847F43FE02FB4185BD41F6","ADMITTED_SOURCE_ONLY"," |  | country-scope entry | `Credit Reference Agency Information Notice (CRAIN)` — the searches row only — Recorded `UNVERIFIED_GAPS` entry: the SEARCHES row only remains unverified; the other three were closed by owner approval 2026-09-17 — PHASE5-001C owner amendment (search distinctions recorded as owner-authorised source information; the SEARCHES row is NOT verified and this gap is NOT closed; see CRP_GAP_REFUSAL_RESOLUTION_REGISTER.md): the owner document supplies the CRAIN search distinctions — a hard search (credit application) is stated to be retained and visible to other lenders for twelve months from the date of the search; a soft search (quotation, eligibility, audit) is stated to be visible only to the consumer and the bureau, invisible to third-party lenders, decoupled from credit scoring and typically purged or archived after twelve to twenty-four months depending on the specific bureau system architecture, without affecting risk metrics. The owner document cites UK GDPR Article 5(1)(c) (data minimisation) and Article 5(1)(e) (storage limitation) as interpreted by the official CRAIN Section 5 framework. These statements are recorded as owner-supplied only: the twelve-month figure is a CRAIN framework retention statement and is NOT recorded as a specific statutory twelve-month rule, CRAIN is an industry notice rather than primary legislation and remains outside the primary-authority scope, and a search row cannot support a report-content finding | NOT RECORDED","CRP-LSRC-0315","DUP-PAIR-010","IDENTICAL_ARTIFACT_AND_CITATION","the (source_artifact, provision_or_citation) pair occurs on 23 catalogue rows (ids: CRP-LSRC-0315, CRP-LSRC-0316, CRP-LSRC-0317, CRP-LSRC-0318, CRP-LSRC-0320, CRP-LSRC-0321, CRP-LSRC-0322, CRP-LSRC-0323, CRP-LSRC-0324, CRP-LSRC-0336, CRP-LSRC-0337, CRP-LSRC-0338, CRP-LSRC-0339, CRP-LSRC-0340, CRP-LSRC-0341, CRP-LSRC-0342, CRP-LSRC-0343, CRP-LSRC-0344, CRP-LSRC-0345, CRP-LSRC-0346, CRP-LSRC-0347, CRP-LSRC-0348, CRP-LSRC-0413); string-identity duplicate indicator only, not a proven duplicate legal provision; the citation also repeats across distinct artifacts in DUP-CITE-009","GAP","CRP_GAP_REFUSAL_RESOLUTION_REGISTER.md §2 row for this ID, §4 group B, §7.4 index, §3.9 mapping, with per-ID results in §8.3 / §10.4 / §11.5 / §12.4 and the catalogue entry text recorded under PHASE5-001C","RECORDED_DURABLE","RECORDED_OPEN_ITEM","register §5 item 9: the `SEARCHES` row stays unverified; neither CRAIN nor the cited UK GDPR provisions were retrieved","WORK and/or AUTHORISED_EVIDENCE_ROUTE as the cited register item requires; an owner decision where the item is a scope, wildcard or refusal question"
"CRP-LSRC-0414","LIMITATION_RECORD","F1","AU-ACT","EXACT","AU","AU-ACT","NOT RECORDED","https://www.legislation.act.gov.au/DownloadFile/a/1985-66/current/PDF/1985-66.PDF","packages\backend\src\services\solTable.ts","E0C04B274FD748461FE8F3D33FB4E5DF52538AB324D7682E02B6B526926896EF","ADMITTED_SOURCE_ONLY","AU | AU-ACT | AU-ACT | Limitation Act 1985 (ACT) | NOT RECORDED","CRP-LSRC-0078","DUP-PAIR-003","IDENTICAL_ARTIFACT_AND_CITATION","the (source_artifact, provision_or_citation) pair occurs on 22 catalogue rows (ids: CRP-LSRC-0078, CRP-LSRC-0325, CRP-LSRC-0326, CRP-LSRC-0327, CRP-LSRC-0328, CRP-LSRC-0329, CRP-LSRC-0330, CRP-LSRC-0331, CRP-LSRC-0332, CRP-LSRC-0333, CRP-LSRC-0334, CRP-LSRC-0335, CRP-LSRC-0412, CRP-LSRC-0414, CRP-LSRC-0415, CRP-LSRC-0416, CRP-LSRC-0417, CRP-LSRC-0418, CRP-LSRC-0419, CRP-LSRC-0420, CRP-LSRC-0421, CRP-LSRC-0435); string-identity duplicate indicator only, not a proven duplicate legal provision; the citation also repeats across distinct artifacts in DUP-CITE-009","UNRESOLVED","CRP_PHASE5_NEXT_GATE_RECONCILIATION.md §5.2 (measured: 21 of 437 records carry a durable per-ID disposition; none of them is this ID) - no durable per-ID basis exists in this workspace to assign EXCLUDED, GAP or REFUSAL","BLOCKED_MISSING_EVIDENCE","NO_DURABLE_RESCREEN_RECORD","a durable per-ID corrected-logic rescreen disposition for CRP-LSRC-0414 - no register section, work-order ledger, catalogue field or SOURCE_CAPTURES evidence package in this workspace records one","WORK - record a durable per-ID rescreen disposition in an authorised batch; where the disposition turns on report-field or event-date mapping it additionally requires an AUTHORISED_EVIDENCE_ROUTE"
"CRP-LSRC-0415","LIMITATION_RECORD","F1","AU-NT","EXACT","AU","AU-NT","NOT RECORDED","https://legislation.nt.gov.au/api/sitecore/Act/PDF?id=11951","packages\backend\src\services\solTable.ts","E0C04B274FD748461FE8F3D33FB4E5DF52538AB324D7682E02B6B526926896EF","ADMITTED_SOURCE_ONLY","AU | AU-NT | AU-NT | Limitation Act 1981 (NT) | NOT RECORDED","CRP-LSRC-0078","DUP-PAIR-003","IDENTICAL_ARTIFACT_AND_CITATION","the (source_artifact, provision_or_citation) pair occurs on 22 catalogue rows (ids: CRP-LSRC-0078, CRP-LSRC-0325, CRP-LSRC-0326, CRP-LSRC-0327, CRP-LSRC-0328, CRP-LSRC-0329, CRP-LSRC-0330, CRP-LSRC-0331, CRP-LSRC-0332, CRP-LSRC-0333, CRP-LSRC-0334, CRP-LSRC-0335, CRP-LSRC-0412, CRP-LSRC-0414, CRP-LSRC-0415, CRP-LSRC-0416, CRP-LSRC-0417, CRP-LSRC-0418, CRP-LSRC-0419, CRP-LSRC-0420, CRP-LSRC-0421, CRP-LSRC-0435); string-identity duplicate indicator only, not a proven duplicate legal provision; the citation also repeats across distinct artifacts in DUP-CITE-009","UNRESOLVED","CRP_PHASE5_NEXT_GATE_RECONCILIATION.md §5.2 (measured: 21 of 437 records carry a durable per-ID disposition; none of them is this ID) - no durable per-ID basis exists in this workspace to assign EXCLUDED, GAP or REFUSAL","BLOCKED_MISSING_EVIDENCE","NO_DURABLE_RESCREEN_RECORD","a durable per-ID corrected-logic rescreen disposition for CRP-LSRC-0415 - no register section, work-order ledger, catalogue field or SOURCE_CAPTURES evidence package in this workspace records one","WORK - record a durable per-ID rescreen disposition in an authorised batch; where the disposition turns on report-field or event-date mapping it additionally requires an AUTHORISED_EVIDENCE_ROUTE"
"CRP-LSRC-0416","LIMITATION_RECORD","F1","AU-QLD","EXACT","AU","AU-QLD","NOT RECORDED","https://www.legislation.qld.gov.au/view/pdf/inforce/current/act-1974-075","packages\backend\src\services\solTable.ts","E0C04B274FD748461FE8F3D33FB4E5DF52538AB324D7682E02B6B526926896EF","ADMITTED_SOURCE_ONLY","AU | AU-QLD | AU-QLD | Limitation of Actions Act 1974 (Qld) | NOT RECORDED","CRP-LSRC-0078","DUP-PAIR-003","IDENTICAL_ARTIFACT_AND_CITATION","the (source_artifact, provision_or_citation) pair occurs on 22 catalogue rows (ids: CRP-LSRC-0078, CRP-LSRC-0325, CRP-LSRC-0326, CRP-LSRC-0327, CRP-LSRC-0328, CRP-LSRC-0329, CRP-LSRC-0330, CRP-LSRC-0331, CRP-LSRC-0332, CRP-LSRC-0333, CRP-LSRC-0334, CRP-LSRC-0335, CRP-LSRC-0412, CRP-LSRC-0414, CRP-LSRC-0415, CRP-LSRC-0416, CRP-LSRC-0417, CRP-LSRC-0418, CRP-LSRC-0419, CRP-LSRC-0420, CRP-LSRC-0421, CRP-LSRC-0435); string-identity duplicate indicator only, not a proven duplicate legal provision; the citation also repeats across distinct artifacts in DUP-CITE-009","UNRESOLVED","CRP_PHASE5_NEXT_GATE_RECONCILIATION.md §5.2 (measured: 21 of 437 records carry a durable per-ID disposition; none of them is this ID) - no durable per-ID basis exists in this workspace to assign EXCLUDED, GAP or REFUSAL","BLOCKED_MISSING_EVIDENCE","NO_DURABLE_RESCREEN_RECORD","a durable per-ID corrected-logic rescreen disposition for CRP-LSRC-0416 - no register section, work-order ledger, catalogue field or SOURCE_CAPTURES evidence package in this workspace records one","WORK - record a durable per-ID rescreen disposition in an authorised batch; where the disposition turns on report-field or event-date mapping it additionally requires an AUTHORISED_EVIDENCE_ROUTE"
"CRP-LSRC-0417","LIMITATION_RECORD","F1","AU-TAS","EXACT","AU","AU-TAS","NOT RECORDED","https://www.legislation.tas.gov.au/view/pdf/authorised/2020-05-01%202020-05-13/act-1974-098","packages\backend\src\services\solTable.ts","E0C04B274FD748461FE8F3D33FB4E5DF52538AB324D7682E02B6B526926896EF","ADMITTED_SOURCE_ONLY","AU | AU-TAS | AU-TAS | Limitation Act 1974 (Tas) | NOT RECORDED","CRP-LSRC-0078","DUP-PAIR-003","IDENTICAL_ARTIFACT_AND_CITATION","the (source_artifact, provision_or_citation) pair occurs on 22 catalogue rows (ids: CRP-LSRC-0078, CRP-LSRC-0325, CRP-LSRC-0326, CRP-LSRC-0327, CRP-LSRC-0328, CRP-LSRC-0329, CRP-LSRC-0330, CRP-LSRC-0331, CRP-LSRC-0332, CRP-LSRC-0333, CRP-LSRC-0334, CRP-LSRC-0335, CRP-LSRC-0412, CRP-LSRC-0414, CRP-LSRC-0415, CRP-LSRC-0416, CRP-LSRC-0417, CRP-LSRC-0418, CRP-LSRC-0419, CRP-LSRC-0420, CRP-LSRC-0421, CRP-LSRC-0435); string-identity duplicate indicator only, not a proven duplicate legal provision; the citation also repeats across distinct artifacts in DUP-CITE-009","UNRESOLVED","CRP_PHASE5_NEXT_GATE_RECONCILIATION.md §5.2 (measured: 21 of 437 records carry a durable per-ID disposition; none of them is this ID) - no durable per-ID basis exists in this workspace to assign EXCLUDED, GAP or REFUSAL","BLOCKED_MISSING_EVIDENCE","NO_DURABLE_RESCREEN_RECORD","a durable per-ID corrected-logic rescreen disposition for CRP-LSRC-0417 - no register section, work-order ledger, catalogue field or SOURCE_CAPTURES evidence package in this workspace records one","WORK - record a durable per-ID rescreen disposition in an authorised batch; where the disposition turns on report-field or event-date mapping it additionally requires an AUTHORISED_EVIDENCE_ROUTE"
"CRP-LSRC-0418","LIMITATION_RECORD","F1","AU-VIC","EXACT","AU","AU-VIC","NOT RECORDED","https://content.legislation.vic.gov.au/sites/default/files/2026-02/58-6295aa112-authorised.pdf","packages\backend\src\services\solTable.ts","E0C04B274FD748461FE8F3D33FB4E5DF52538AB324D7682E02B6B526926896EF","ADMITTED_SOURCE_ONLY","AU | AU-VIC | AU-VIC | Limitation of Actions Act 1958 (Vic) | NOT RECORDED","CRP-LSRC-0078","DUP-PAIR-003","IDENTICAL_ARTIFACT_AND_CITATION","the (source_artifact, provision_or_citation) pair occurs on 22 catalogue rows (ids: CRP-LSRC-0078, CRP-LSRC-0325, CRP-LSRC-0326, CRP-LSRC-0327, CRP-LSRC-0328, CRP-LSRC-0329, CRP-LSRC-0330, CRP-LSRC-0331, CRP-LSRC-0332, CRP-LSRC-0333, CRP-LSRC-0334, CRP-LSRC-0335, CRP-LSRC-0412, CRP-LSRC-0414, CRP-LSRC-0415, CRP-LSRC-0416, CRP-LSRC-0417, CRP-LSRC-0418, CRP-LSRC-0419, CRP-LSRC-0420, CRP-LSRC-0421, CRP-LSRC-0435); string-identity duplicate indicator only, not a proven duplicate legal provision; the citation also repeats across distinct artifacts in DUP-CITE-009","UNRESOLVED","CRP_PHASE5_NEXT_GATE_RECONCILIATION.md §5.2 (measured: 21 of 437 records carry a durable per-ID disposition; none of them is this ID) - no durable per-ID basis exists in this workspace to assign EXCLUDED, GAP or REFUSAL","BLOCKED_MISSING_EVIDENCE","NO_DURABLE_RESCREEN_RECORD","a durable per-ID corrected-logic rescreen disposition for CRP-LSRC-0418 - no register section, work-order ledger, catalogue field or SOURCE_CAPTURES evidence package in this workspace records one","WORK - record a durable per-ID rescreen disposition in an authorised batch; where the disposition turns on report-field or event-date mapping it additionally requires an AUTHORISED_EVIDENCE_ROUTE"
"CRP-LSRC-0419","LIMITATION_RECORD","F1","AU-NSW","EXACT","AU","AU-NSW","NOT RECORDED","OWNER-SUPPLIED DOCUMENT: New South Wales legislation (authorised version), Limitation Act 1969 No 31 [1969-31], current version for 16 June 2022 to date — supplied file ""act-1969-031.pdf""","packages\backend\src\services\solTable.ts","E0C04B274FD748461FE8F3D33FB4E5DF52538AB324D7682E02B6B526926896EF","ADMITTED_SOURCE_ONLY","AU | AU-NSW | AU-NSW | Limitation Act 1969 No 31 (NSW) | NOT RECORDED","CRP-LSRC-0078","DUP-PAIR-003","IDENTICAL_ARTIFACT_AND_CITATION","the (source_artifact, provision_or_citation) pair occurs on 22 catalogue rows (ids: CRP-LSRC-0078, CRP-LSRC-0325, CRP-LSRC-0326, CRP-LSRC-0327, CRP-LSRC-0328, CRP-LSRC-0329, CRP-LSRC-0330, CRP-LSRC-0331, CRP-LSRC-0332, CRP-LSRC-0333, CRP-LSRC-0334, CRP-LSRC-0335, CRP-LSRC-0412, CRP-LSRC-0414, CRP-LSRC-0415, CRP-LSRC-0416, CRP-LSRC-0417, CRP-LSRC-0418, CRP-LSRC-0419, CRP-LSRC-0420, CRP-LSRC-0421, CRP-LSRC-0435); string-identity duplicate indicator only, not a proven duplicate legal provision; the citation also repeats across distinct artifacts in DUP-CITE-009","UNRESOLVED","CRP_PHASE5_NEXT_GATE_RECONCILIATION.md §5.2 (measured: 21 of 437 records carry a durable per-ID disposition; none of them is this ID) - no durable per-ID basis exists in this workspace to assign EXCLUDED, GAP or REFUSAL","BLOCKED_MISSING_EVIDENCE","NO_DURABLE_RESCREEN_RECORD","a durable per-ID corrected-logic rescreen disposition for CRP-LSRC-0419 - no register section, work-order ledger, catalogue field or SOURCE_CAPTURES evidence package in this workspace records one","WORK - record a durable per-ID rescreen disposition in an authorised batch; where the disposition turns on report-field or event-date mapping it additionally requires an AUTHORISED_EVIDENCE_ROUTE"
"CRP-LSRC-0420","LIMITATION_RECORD","F1","AU-SA","EXACT","AU","AU-SA","NOT RECORDED","OWNER-SUPPLIED DOCUMENT: South Australia, authorised version 1.7.2021 published under the Legislation Revision and Publication Act 2002 — supplied file ""1936.2268.auth.pdf""","packages\backend\src\services\solTable.ts","E0C04B274FD748461FE8F3D33FB4E5DF52538AB324D7682E02B6B526926896EF","ADMITTED_SOURCE_ONLY","AU | AU-SA | AU-SA | Limitation of Actions Act 1936 (SA) | NOT RECORDED","CRP-LSRC-0078","DUP-PAIR-003","IDENTICAL_ARTIFACT_AND_CITATION","the (source_artifact, provision_or_citation) pair occurs on 22 catalogue rows (ids: CRP-LSRC-0078, CRP-LSRC-0325, CRP-LSRC-0326, CRP-LSRC-0327, CRP-LSRC-0328, CRP-LSRC-0329, CRP-LSRC-0330, CRP-LSRC-0331, CRP-LSRC-0332, CRP-LSRC-0333, CRP-LSRC-0334, CRP-LSRC-0335, CRP-LSRC-0412, CRP-LSRC-0414, CRP-LSRC-0415, CRP-LSRC-0416, CRP-LSRC-0417, CRP-LSRC-0418, CRP-LSRC-0419, CRP-LSRC-0420, CRP-LSRC-0421, CRP-LSRC-0435); string-identity duplicate indicator only, not a proven duplicate legal provision; the citation also repeats across distinct artifacts in DUP-CITE-009","UNRESOLVED","CRP_PHASE5_NEXT_GATE_RECONCILIATION.md §5.2 (measured: 21 of 437 records carry a durable per-ID disposition; none of them is this ID) - no durable per-ID basis exists in this workspace to assign EXCLUDED, GAP or REFUSAL","BLOCKED_MISSING_EVIDENCE","NO_DURABLE_RESCREEN_RECORD","a durable per-ID corrected-logic rescreen disposition for CRP-LSRC-0420 - no register section, work-order ledger, catalogue field or SOURCE_CAPTURES evidence package in this workspace records one","WORK - record a durable per-ID rescreen disposition in an authorised batch; where the disposition turns on report-field or event-date mapping it additionally requires an AUTHORISED_EVIDENCE_ROUTE"
"CRP-LSRC-0421","LIMITATION_RECORD","F1","AU-WA","EXACT","AU","AU-WA","NOT RECORDED","OWNER-SUPPLIED DOCUMENT: Western Australia, Official Version [PCO 00-g0-00] as at 01 Dec 2024, published on www.legislation.wa.gov.au — supplied file ""Limitation Act 2005 - [00-g0-00].pdf""","packages\backend\src\services\solTable.ts","E0C04B274FD748461FE8F3D33FB4E5DF52538AB324D7682E02B6B526926896EF","ADMITTED_SOURCE_ONLY","AU | AU-WA | AU-WA | Limitation Act 2005 (WA) | NOT RECORDED","CRP-LSRC-0078","DUP-PAIR-003","IDENTICAL_ARTIFACT_AND_CITATION","the (source_artifact, provision_or_citation) pair occurs on 22 catalogue rows (ids: CRP-LSRC-0078, CRP-LSRC-0325, CRP-LSRC-0326, CRP-LSRC-0327, CRP-LSRC-0328, CRP-LSRC-0329, CRP-LSRC-0330, CRP-LSRC-0331, CRP-LSRC-0332, CRP-LSRC-0333, CRP-LSRC-0334, CRP-LSRC-0335, CRP-LSRC-0412, CRP-LSRC-0414, CRP-LSRC-0415, CRP-LSRC-0416, CRP-LSRC-0417, CRP-LSRC-0418, CRP-LSRC-0419, CRP-LSRC-0420, CRP-LSRC-0421, CRP-LSRC-0435); string-identity duplicate indicator only, not a proven duplicate legal provision; the citation also repeats across distinct artifacts in DUP-CITE-009","UNRESOLVED","CRP_PHASE5_NEXT_GATE_RECONCILIATION.md §5.2 (measured: 21 of 437 records carry a durable per-ID disposition; none of them is this ID) - no durable per-ID basis exists in this workspace to assign EXCLUDED, GAP or REFUSAL","BLOCKED_MISSING_EVIDENCE","NO_DURABLE_RESCREEN_RECORD","a durable per-ID corrected-logic rescreen disposition for CRP-LSRC-0421 - no register section, work-order ledger, catalogue field or SOURCE_CAPTURES evidence package in this workspace records one","WORK - record a durable per-ID rescreen disposition in an authorised batch; where the disposition turns on report-field or event-date mapping it additionally requires an AUTHORISED_EVIDENCE_ROUTE"
"CRP-LSRC-0422","CONTENT_RULE","F1","AU","COUNTRY_WIDE_SOURCE","null","null","s. 20W table, item 3 (information of a kind referred to in s. 6N(d) or (e))","https://www.legislation.gov.au/C2004A03712/latest/text","packages\backend\src\services\legalRules.ts","FE5C1BA63AE85923E378D4278C3D6E85461E8DF648847F43FE02FB4185BD41F6","ADMITTED_SOURCE_ONLY"," |  | AU | Privacy Act 1988 (Cth) | s. 20W table, item 3 (information of a kind referred to in s. 6N(d) or (e))","CRP-LSRC-0422","NONE","NO_REPEATED_STRING_MEASURED","no repeated (source_artifact, provision_or_citation) pair and no repeated citation string measured for this row","UNRESOLVED","CRP_DIRECT_REPORT_CONTENT_SOURCE_EXPANSION_CONTRACT.md §6 owner-decision block (named per-ID mapping instruction) + build plan §3 Phase 5.1 carry-forward line; no class inferred for any other ID","BLOCKED_MISSING_EVIDENCE","REPORT_EVENT_DATE_MAPPING_UNVERIFIED","exact report representation and field mapping for Privacy Act 1988 (Cth) s 20W inquiry-retention limb - explicit report identification of the inquiry with the exact date the information request was made","AUTHORISED_EVIDENCE_ROUTE (report representation) plus OWNER_DIRECTION; contract §6 states that no additional consumer evidence may be requested"
"CRP-LSRC-0423","CONTENT_RULE","F1","AU","COUNTRY_WIDE_SOURCE","null","null","s. 20W table, item 4 (default information)","https://www.legislation.gov.au/C2004A03712/latest/text","packages\backend\src\services\legalRules.ts","FE5C1BA63AE85923E378D4278C3D6E85461E8DF648847F43FE02FB4185BD41F6","ADMITTED_SOURCE_ONLY"," |  | AU | Privacy Act 1988 (Cth) | s. 20W table, item 4 (default information)","CRP-LSRC-0423","NONE","NO_REPEATED_STRING_MEASURED","no repeated (source_artifact, provision_or_citation) pair and no repeated citation string measured for this row","UNRESOLVED","CRP_DIRECT_REPORT_CONTENT_SOURCE_EXPANSION_CONTRACT.md §6 owner-decision block (named per-ID mapping instruction) + build plan §3 Phase 5.1 carry-forward line; no class inferred for any other ID","BLOCKED_MISSING_EVIDENCE","REPORT_EVENT_DATE_MAPPING_UNVERIFIED","exact report representation and field mapping for Privacy Act 1988 (Cth) s 20W item 4 - explicit representation of the bureau's collection of the information","AUTHORISED_EVIDENCE_ROUTE (report representation) plus OWNER_DIRECTION; contract §6 states that no additional consumer evidence may be requested"
"CRP-LSRC-0424","CONTENT_RULE","F1","AU","COUNTRY_WIDE_SOURCE","null","null","s. 20W table, item 5 (payment information)","https://www.legislation.gov.au/C2004A03712/latest/text","packages\backend\src\services\legalRules.ts","FE5C1BA63AE85923E378D4278C3D6E85461E8DF648847F43FE02FB4185BD41F6","ADMITTED_SOURCE_ONLY"," |  | AU | Privacy Act 1988 (Cth) | s. 20W table, item 5 (payment information)","CRP-LSRC-0424","NONE","NO_REPEATED_STRING_MEASURED","no repeated (source_artifact, provision_or_citation) pair and no repeated citation string measured for this row","UNRESOLVED","CRP_DIRECT_REPORT_CONTENT_SOURCE_EXPANSION_CONTRACT.md §6 owner-decision block (named per-ID mapping instruction) + build plan §3 Phase 5.1 carry-forward line; no class inferred for any other ID","BLOCKED_MISSING_EVIDENCE","REPORT_EVENT_DATE_MAPPING_UNVERIFIED","exact report representation and field mapping for Privacy Act 1988 (Cth) s 20W item 5 - explicit representation of the bureau's collection of the information","AUTHORISED_EVIDENCE_ROUTE (report representation) plus OWNER_DIRECTION; contract §6 states that no additional consumer evidence may be requested"
"CRP-LSRC-0425","CONTENT_RULE","F1","AU","COUNTRY_WIDE_SOURCE","null","null","s. 20W table, items 6 and 7 (new arrangement information, s. 6S)","https://www.legislation.gov.au/C2004A03712/latest/text","packages\backend\src\services\legalRules.ts","FE5C1BA63AE85923E378D4278C3D6E85461E8DF648847F43FE02FB4185BD41F6","ADMITTED_SOURCE_ONLY"," |  | AU | Privacy Act 1988 (Cth) | s. 20W table, items 6 and 7 (new arrangement information, s. 6S)","CRP-LSRC-0425","NONE","NO_REPEATED_STRING_MEASURED","no repeated (source_artifact, provision_or_citation) pair and no repeated citation string measured for this row","UNRESOLVED","CRP_DIRECT_REPORT_CONTENT_SOURCE_EXPANSION_CONTRACT.md §6 owner-decision block (named per-ID mapping instruction) + build plan §3 Phase 5.1 carry-forward line; no class inferred for any other ID","BLOCKED_MISSING_EVIDENCE","REPORT_EVENT_DATE_MAPPING_UNVERIFIED","exact report representation and field mapping for Privacy Act 1988 (Cth) s 20W item 6 - explicit representation of the bureau's collection of the information","AUTHORISED_EVIDENCE_ROUTE (report representation) plus OWNER_DIRECTION; contract §6 states that no additional consumer evidence may be requested"
"CRP-LSRC-0426","CONTENT_RULE","F7","AU","COUNTRY_WIDE_SOURCE","null","null","s. 20W table, item 8 (court proceedings information)","https://www.legislation.gov.au/C2004A03712/latest/text","packages\backend\src\services\legalRules.ts","FE5C1BA63AE85923E378D4278C3D6E85461E8DF648847F43FE02FB4185BD41F6","ADMITTED_SOURCE_ONLY"," |  | AU | Privacy Act 1988 (Cth) | s. 20W table, item 8 (court proceedings information)","CRP-LSRC-0426","NONE","NO_REPEATED_STRING_MEASURED","no repeated (source_artifact, provision_or_citation) pair and no repeated citation string measured for this row","UNRESOLVED","CRP_PHASE5_NEXT_GATE_RECONCILIATION.md §5.2 (measured: 21 of 437 records carry a durable per-ID disposition; none of them is this ID) - no durable per-ID basis exists in this workspace to assign EXCLUDED, GAP or REFUSAL","BLOCKED_MISSING_EVIDENCE","NO_DURABLE_RESCREEN_RECORD","a durable per-ID corrected-logic rescreen disposition for CRP-LSRC-0426 - no register section, work-order ledger, catalogue field or SOURCE_CAPTURES evidence package in this workspace records one","WORK - record a durable per-ID rescreen disposition in an authorised batch; where the disposition turns on report-field or event-date mapping it additionally requires an AUTHORISED_EVIDENCE_ROUTE"
"CRP-LSRC-0427","CONTENT_RULE","F10","AU","COUNTRY_WIDE_SOURCE","null","null","s. 20W table, item 9 (information of a kind referred to in s. 6N(l))","https://www.legislation.gov.au/C2004A03712/latest/text","packages\backend\src\services\legalRules.ts","FE5C1BA63AE85923E378D4278C3D6E85461E8DF648847F43FE02FB4185BD41F6","ADMITTED_SOURCE_ONLY"," |  | AU | Privacy Act 1988 (Cth) | s. 20W table, item 9 (information of a kind referred to in s. 6N(l))","CRP-LSRC-0427","NONE","NO_REPEATED_STRING_MEASURED","no repeated (source_artifact, provision_or_citation) pair and no repeated citation string measured for this row","UNRESOLVED","CRP_DIRECT_REPORT_CONTENT_SOURCE_EXPANSION_CONTRACT.md §6 owner-decision block (named per-ID mapping instruction) + build plan §3 Phase 5.1 carry-forward line; no class inferred for any other ID","BLOCKED_MISSING_EVIDENCE","REPORT_EVENT_DATE_MAPPING_UNVERIFIED","exact report representation and field mapping for Privacy Act 1988 (Cth) s 20W item 9 - explicit representation of the bureau's collection of the information","AUTHORISED_EVIDENCE_ROUTE (report representation) plus OWNER_DIRECTION; contract §6 states that no additional consumer evidence may be requested"
"CRP-LSRC-0428","CONTENT_RULE","F1","AU","COUNTRY_WIDE_SOURCE","null","null","s. 20W table, item 1 (consumer credit liability information)","https://www.legislation.gov.au/C2004A03712/latest/text","packages\backend\src\services\legalRules.ts","FE5C1BA63AE85923E378D4278C3D6E85461E8DF648847F43FE02FB4185BD41F6","ADMITTED_SOURCE_ONLY"," |  | AU | Privacy Act 1988 (Cth) | s. 20W table, item 1 (consumer credit liability information)","CRP-LSRC-0428","NONE","NO_REPEATED_STRING_MEASURED","no repeated (source_artifact, provision_or_citation) pair and no repeated citation string measured for this row","UNRESOLVED","CRP_PHASE5_NEXT_GATE_RECONCILIATION.md §5.2 (measured: 21 of 437 records carry a durable per-ID disposition; none of them is this ID) - no durable per-ID basis exists in this workspace to assign EXCLUDED, GAP or REFUSAL","BLOCKED_MISSING_EVIDENCE","NO_DURABLE_RESCREEN_RECORD","a durable per-ID corrected-logic rescreen disposition for CRP-LSRC-0428 - no register section, work-order ledger, catalogue field or SOURCE_CAPTURES evidence package in this workspace records one","WORK - record a durable per-ID rescreen disposition in an authorised batch; where the disposition turns on report-field or event-date mapping it additionally requires an AUTHORISED_EVIDENCE_ROUTE"
"CRP-LSRC-0429","CONTENT_RULE","F1","AU","COUNTRY_WIDE_SOURCE","null","null","s. 20W table, item 2 (repayment history information)","https://www.legislation.gov.au/C2004A03712/latest/text","packages\backend\src\services\legalRules.ts","FE5C1BA63AE85923E378D4278C3D6E85461E8DF648847F43FE02FB4185BD41F6","ADMITTED_SOURCE_ONLY"," |  | AU | Privacy Act 1988 (Cth) | s. 20W table, item 2 (repayment history information)","CRP-LSRC-0429","NONE","NO_REPEATED_STRING_MEASURED","no repeated (source_artifact, provision_or_citation) pair and no repeated citation string measured for this row","UNRESOLVED","CRP_PHASE5_NEXT_GATE_RECONCILIATION.md §5.2 (measured: 21 of 437 records carry a durable per-ID disposition; none of them is this ID) - no durable per-ID basis exists in this workspace to assign EXCLUDED, GAP or REFUSAL","BLOCKED_MISSING_EVIDENCE","NO_DURABLE_RESCREEN_RECORD","a durable per-ID corrected-logic rescreen disposition for CRP-LSRC-0429 - no register section, work-order ledger, catalogue field or SOURCE_CAPTURES evidence package in this workspace records one","WORK - record a durable per-ID rescreen disposition in an authorised batch; where the disposition turns on report-field or event-date mapping it additionally requires an AUTHORISED_EVIDENCE_ROUTE"
"CRP-LSRC-0430","CONTENT_RULE","F1","AU","COUNTRY_WIDE_SOURCE","null","null","s. 20X table, item 1 (personal insolvency information — bankruptcy)","https://www.legislation.gov.au/C2004A03712/latest/text","packages\backend\src\services\legalRules.ts","FE5C1BA63AE85923E378D4278C3D6E85461E8DF648847F43FE02FB4185BD41F6","ADMITTED_SOURCE_ONLY"," |  | AU | Privacy Act 1988 (Cth) | s. 20X table, item 1 (personal insolvency information — bankruptcy)","CRP-LSRC-0430","NONE","NO_REPEATED_STRING_MEASURED","no repeated (source_artifact, provision_or_citation) pair and no repeated citation string measured for this row","UNRESOLVED","CRP_PHASE5_NEXT_GATE_RECONCILIATION.md §5.2 (measured: 21 of 437 records carry a durable per-ID disposition; none of them is this ID) - no durable per-ID basis exists in this workspace to assign EXCLUDED, GAP or REFUSAL","BLOCKED_MISSING_EVIDENCE","NO_DURABLE_RESCREEN_RECORD","a durable per-ID corrected-logic rescreen disposition for CRP-LSRC-0430 - no register section, work-order ledger, catalogue field or SOURCE_CAPTURES evidence package in this workspace records one","WORK - record a durable per-ID rescreen disposition in an authorised batch; where the disposition turns on report-field or event-date mapping it additionally requires an AUTHORISED_EVIDENCE_ROUTE"
"CRP-LSRC-0431","CONTENT_RULE","F1","AU","COUNTRY_WIDE_SOURCE","null","null","s. 20X table, items 2 and 3 (personal insolvency agreement)","https://www.legislation.gov.au/C2004A03712/latest/text","packages\backend\src\services\legalRules.ts","FE5C1BA63AE85923E378D4278C3D6E85461E8DF648847F43FE02FB4185BD41F6","ADMITTED_SOURCE_ONLY"," |  | AU | Privacy Act 1988 (Cth) | s. 20X table, items 2 and 3 (personal insolvency agreement)","CRP-LSRC-0431","NONE","NO_REPEATED_STRING_MEASURED","no repeated (source_artifact, provision_or_citation) pair and no repeated citation string measured for this row","UNRESOLVED","CRP_PHASE5_NEXT_GATE_RECONCILIATION.md §5.2 (measured: 21 of 437 records carry a durable per-ID disposition; none of them is this ID) - no durable per-ID basis exists in this workspace to assign EXCLUDED, GAP or REFUSAL","BLOCKED_MISSING_EVIDENCE","NO_DURABLE_RESCREEN_RECORD","a durable per-ID corrected-logic rescreen disposition for CRP-LSRC-0431 - no register section, work-order ledger, catalogue field or SOURCE_CAPTURES evidence package in this workspace records one","WORK - record a durable per-ID rescreen disposition in an authorised batch; where the disposition turns on report-field or event-date mapping it additionally requires an AUTHORISED_EVIDENCE_ROUTE"
"CRP-LSRC-0432","CONTENT_RULE","F1","AU","COUNTRY_WIDE_SOURCE","null","null","s. 20X table, items 4 and 5 (debt agreement)","https://www.legislation.gov.au/C2004A03712/latest/text","packages\backend\src\services\legalRules.ts","FE5C1BA63AE85923E378D4278C3D6E85461E8DF648847F43FE02FB4185BD41F6","ADMITTED_SOURCE_ONLY"," |  | AU | Privacy Act 1988 (Cth) | s. 20X table, items 4 and 5 (debt agreement)","CRP-LSRC-0432","NONE","NO_REPEATED_STRING_MEASURED","no repeated (source_artifact, provision_or_citation) pair and no repeated citation string measured for this row","UNRESOLVED","CRP_PHASE5_NEXT_GATE_RECONCILIATION.md §5.2 (measured: 21 of 437 records carry a durable per-ID disposition; none of them is this ID) - no durable per-ID basis exists in this workspace to assign EXCLUDED, GAP or REFUSAL","BLOCKED_MISSING_EVIDENCE","NO_DURABLE_RESCREEN_RECORD","a durable per-ID corrected-logic rescreen disposition for CRP-LSRC-0432 - no register section, work-order ledger, catalogue field or SOURCE_CAPTURES evidence package in this workspace records one","WORK - record a durable per-ID rescreen disposition in an authorised batch; where the disposition turns on report-field or event-date mapping it additionally requires an AUTHORISED_EVIDENCE_ROUTE"
"CRP-LSRC-0433","CONTENT_RULE","F1","AU","COUNTRY_WIDE_SOURCE","null","null","s. 20Z","https://www.oaic.gov.au/privacy/privacy-guidance-for-organisations-and-government-agencies/organisations/credit-reporting/credit-reporting-information-retention-periods","packages\backend\src\services\legalRules.ts","FE5C1BA63AE85923E378D4278C3D6E85461E8DF648847F43FE02FB4185BD41F6","ADMITTED_SOURCE_ONLY"," |  | AU | Privacy Act 1988 (Cth) | s. 20Z","CRP-LSRC-0433","NONE","NO_REPEATED_STRING_MEASURED","no repeated (source_artifact, provision_or_citation) pair and no repeated citation string measured for this row","UNRESOLVED","CRP_PHASE5_NEXT_GATE_RECONCILIATION.md §5.2 (measured: 21 of 437 records carry a durable per-ID disposition; none of them is this ID) - no durable per-ID basis exists in this workspace to assign EXCLUDED, GAP or REFUSAL","BLOCKED_MISSING_EVIDENCE","NO_DURABLE_RESCREEN_RECORD","a durable per-ID corrected-logic rescreen disposition for CRP-LSRC-0433 - no register section, work-order ledger, catalogue field or SOURCE_CAPTURES evidence package in this workspace records one","WORK - record a durable per-ID rescreen disposition in an authorised batch; where the disposition turns on report-field or event-date mapping it additionally requires an AUTHORISED_EVIDENCE_ROUTE"
"CRP-LSRC-0434","CONTENT_RULE","F4","AU","COUNTRY_WIDE_SOURCE","null","null","Schedule 1, Australian Privacy Principles 10 (quality) and 13 (correction)","https://www.oaic.gov.au/privacy/australian-privacy-principles/australian-privacy-principles… (recorded, truncated)","packages\backend\src\services\legalRules.ts","FE5C1BA63AE85923E378D4278C3D6E85461E8DF648847F43FE02FB4185BD41F6","ADMITTED_SOURCE_ONLY"," |  | AU | Privacy Act 1988 (Cth) | Schedule 1, Australian Privacy Principles 10 (quality) and 13 (correction)","CRP-LSRC-0434","NONE","NO_REPEATED_STRING_MEASURED","no repeated (source_artifact, provision_or_citation) pair and no repeated citation string measured for this row","UNRESOLVED","CRP_PHASE5_NEXT_GATE_RECONCILIATION.md §5.2 (measured: 21 of 437 records carry a durable per-ID disposition; none of them is this ID) - no durable per-ID basis exists in this workspace to assign EXCLUDED, GAP or REFUSAL","BLOCKED_MISSING_EVIDENCE","NO_DURABLE_RESCREEN_RECORD","a durable per-ID corrected-logic rescreen disposition for CRP-LSRC-0434 - no register section, work-order ledger, catalogue field or SOURCE_CAPTURES evidence package in this workspace records one","WORK - record a durable per-ID rescreen disposition in an authorised batch; where the disposition turns on report-field or event-date mapping it additionally requires an AUTHORISED_EVIDENCE_ROUTE"
"CRP-LSRC-0435","GAP","F1","AU-*","GAP","null","null","NOT RECORDED","NOT RECORDED","packages\backend\src\services\solTable.ts","E0C04B274FD748461FE8F3D33FB4E5DF52538AB324D7682E02B6B526926896EF","ADMITTED_SOURCE_ONLY"," |  | AU-* | state/territory Limitation Acts — Recorded `SOL_GAPS` entry: state/territory law; no Australian national period exists (the wildcard token identifies no single unit) — PHASE5-001C owner amendment (wildcard preserved; this gap is NOT closed; the supplied mapping is held separately in the register; see CRP_GAP_REFUSAL_RESOLUTION_REGISTER.md): the owner document supplies the following exact-jurisdiction limitation mapping, recorded separately from this unresolved wildcard — New South Wales 6 years (Limitation Act 1969 (NSW), s. 14(1)(a)); Victoria 6 years (Limitation of Actions Act 1958 (Vic), s. 5(1)(a)); Queensland 6 years (Limitation of Actions Act 1974 (Qld), s. 10(1)(a)); Western Australia 6 years (Limitation Act 2005 (WA), s. 13 and s. 84, with the debt recorded as extinguished); South Australia 6 years (Limitation of Actions Act 1936 (SA), s. 35); Tasmania 6 years (Limitation Act 1974 (Tas), s. 4(1)(a)); Northern Territory 3 years (Limitation Act 1981 (NT), s. 12(1)(a)); Australian Capital Territory 6 years (Limitation Act 1985 (ACT), s. 11(1)(a)). The mapping is recorded as owner-supplied, is not retrieved in this work order and is not applied by this amendment; AU-* still identifies no single state or territory, so the wildcard remains unresolved. The owner document also proposes resolving the wildcard from the locked session state or the account profile; that off-report route is NOT adopted | NOT RECORDED","CRP-LSRC-0078","DUP-PAIR-003","IDENTICAL_ARTIFACT_AND_CITATION","the (source_artifact, provision_or_citation) pair occurs on 22 catalogue rows (ids: CRP-LSRC-0078, CRP-LSRC-0325, CRP-LSRC-0326, CRP-LSRC-0327, CRP-LSRC-0328, CRP-LSRC-0329, CRP-LSRC-0330, CRP-LSRC-0331, CRP-LSRC-0332, CRP-LSRC-0333, CRP-LSRC-0334, CRP-LSRC-0335, CRP-LSRC-0412, CRP-LSRC-0414, CRP-LSRC-0415, CRP-LSRC-0416, CRP-LSRC-0417, CRP-LSRC-0418, CRP-LSRC-0419, CRP-LSRC-0420, CRP-LSRC-0421, CRP-LSRC-0435); string-identity duplicate indicator only, not a proven duplicate legal provision; the citation also repeats across distinct artifacts in DUP-CITE-009","GAP","CRP_GAP_REFUSAL_RESOLUTION_REGISTER.md §2 row for this ID, §4 group B, §7.4 index, §3.5 mapping, with per-ID results in §8.3 / §10.4 / §11.5 / §12.4 and the catalogue entry text recorded under PHASE5-001C","RECORDED_DURABLE","RECORDED_OPEN_ITEM","register §5 item 10: `AU-*` is unresolved; the remedy-barred and extinguishment labels are owner-supplied and unverified","WORK and/or AUTHORISED_EVIDENCE_ROUTE as the cited register item requires; an owner decision where the item is a scope, wildcard or refusal question"
"CRP-LSRC-0436","GAP","F4","country-scope entry","COUNTRY_WIDE_SOURCE","null","null","Privacy Act 1988 (Cth), Schedule 1, APP 10 and APP 13 — owner-supplied identification; verbatim text and pinpoint locators not retrieved in this work order","legislation.gov.au C2004A03712 (already recorded in this entry); APP 10 and APP 13 pinpoint locators not retrieved in this work order","packages\backend\src\services\legalRules.ts","FE5C1BA63AE85923E378D4278C3D6E85461E8DF648847F43FE02FB4185BD41F6","ADMITTED_SOURCE_ONLY"," |  | country-scope entry | Privacy Act 1988 (Cth) — APPs 10 and 13 — Recorded `UNVERIFIED_GAPS` entry: the data-quality and correction rows are verified from the OAIC publication; the gap concerns the underlying Act text (locator recorded in the entry: `https://www.legislation.gov.au/C2004A03712/latest`) — PHASE5-001C owner amendment (APP 10 and APP 13 identified and the qualification recorded; the text gap is NOT closed; see CRP_GAP_REFUSAL_RESOLUTION_REGISTER.md): the owner document supplies APP 10 (quality of personal information: reasonable steps in the circumstances so that personal information collected is accurate, up-to-date and complete and, having regard to the purpose of the use or disclosure, accurate, up-to-date, complete and relevant) and APP 13 (correction of personal information: correction where the entity is satisfied the information is inaccurate, out-of-date, incomplete, irrelevant or misleading, or where the individual requests correction), both in Schedule 1 to the Privacy Act 1988 (Cth). Owner-supplied qualification: correction is described as due within a reasonable timeframe, typically 30 days for credit reporting data. That 30-day figure is recorded as a qualified owner-supplied statement and NOT as an unconditional statutory deadline. The verbatim Act text and pinpoint locators remain to be retrieved, so the recorded text gap stays open; no correction request or dispute workflow is implemented and no credit provider or bureau conduct is inferred from report content | Privacy Act 1988 (Cth), Schedule 1, APP 10 and APP 13 — owner-supplied identification; verbatim text and pinpoint locators not retrieved in this work order","CRP-LSRC-0436","NONE","NO_REPEATED_STRING_MEASURED","no repeated (source_artifact, provision_or_citation) pair and no repeated citation string measured for this row","GAP","CRP_GAP_REFUSAL_RESOLUTION_REGISTER.md §2 row for this ID, §4 group B, §7.4 index, §3.10 mapping, with per-ID results in §8.3 / §10.4 / §11.5 / §12.4 and the catalogue entry text recorded under PHASE5-001C","RECORDED_DURABLE","RECORDED_OPEN_ITEM","register §5 item 11: the recorded text gap stays open; the APP 10 / APP 13 criteria descriptions are owner-supplied descriptions","WORK and/or AUTHORISED_EVIDENCE_ROUTE as the cited register item requires; an owner decision where the item is a scope, wildcard or refusal question"
"CRP-LSRC-0437","GAP","F2","country-scope entry","COUNTRY_WIDE_SOURCE","null","null","Privacy (Credit Reporting) Code 2024, s. 16 (data quality), s. 20 (correction timelines), s. 21 (dispute flagging) — owner-supplied identification; pinpoint text and locators not retrieved in this work order","NOT RECORDED","packages\backend\src\services\legalRules.ts","FE5C1BA63AE85923E378D4278C3D6E85461E8DF648847F43FE02FB4185BD41F6","ADMITTED_SOURCE_ONLY"," |  | country-scope entry | Privacy (Credit Reporting) Code 2024 (and its recorded predecessors) — Recorded `UNVERIFIED_GAPS` entry: the current CR code is the 2024 Code; the table cites no CR code and the bureau-side candidates are recorded as gaps rather than entered — PHASE5-001C owner amendment (Code provisions identified; this gap is NOT closed; see CRP_GAP_REFUSAL_RESOLUTION_REGISTER.md): the owner document names the Privacy (Credit Reporting) Code 2024 provisions that this table should cite — s. 16 (data quality), s. 20 (correction timelines) and s. 21 (dispute flagging) — and refers to Office of the Australian Information Commissioner guidance on those requirements. The identification is recorded as owner-supplied; the Code text and pinpoint locators were not retrieved in this work order, so no Code provision is admitted, no Code rule is entered, and the recorded gap that the table cites no Code provisions remains open. The correction and dispute provisions are procedural duties that report content cannot establish, so they remain out of scope for report-only findings, and no dispute or request workflow is implemented | Privacy (Credit Reporting) Code 2024, s. 16 (data quality), s. 20 (correction timelines), s. 21 (dispute flagging) — owner-supplied identification; pinpoint text and locators not retrieved in this work order","CRP-LSRC-0437","NONE","NO_REPEATED_STRING_MEASURED","no repeated (source_artifact, provision_or_citation) pair and no repeated citation string measured for this row","GAP","CRP_GAP_REFUSAL_RESOLUTION_REGISTER.md §2 row for this ID, §4 group B, §7.4 index, §3.10 mapping, with per-ID results in §8.3 / §10.4 / §11.5 / §12.4 and the catalogue entry text recorded under PHASE5-001C","RECORDED_DURABLE","RECORDED_OPEN_ITEM","register §5 item 11: the recorded text gap stays open; the Privacy (Credit Reporting) Code 2024 text and pinpoint locators are unretrieved","WORK and/or AUTHORISED_EVIDENCE_ROUTE as the cited register item requires; an owner decision where the item is a scope, wildcard or refusal question"
