"source_entry_id","record_type","legal_family","source_family_label","instrument_title","provision_or_citation","legacy_jurisdiction_reference","canonical_jurisdiction_status","canonical_country_code","canonical_region_code","owner_acceptance_state","instrument_class_screen","existing_operational_mapping_state","existing_operational_mapping_basis","legacy_rule_reference_ids","legacy_coverage_outcome","remaining_implementation_dependencies","administrative_limitations","register_disposition","register_disposition_state","missing_artifact","gate_layer_open","removal_permitted"
"CRP-LSRC-0001","AUTHORITY_RECORD","F2","CONSUMER_CREDIT_REGISTRY","Fair Credit Reporting Act (FCRA)","NOT RECORDED (registrar record, locatorPrefix `15 U.S.C. §`)","US_FEDERAL","COUNTRY_WIDE_SOURCE","","","OWNER_ACCEPTED_LEGAL_AUTHORITY","STATUTE_OR_REGULATION","ESTABLISHED","LEGACY_AUTHORITY_LOCATOR_PREFIX_QUOTED_IN_RECORD","us:statute:fcra","","COUNTRY_WIDE_TO_SELECTED_REGION_RELATION_REQUIRED; REGISTER_DISPOSITION_UNRESOLVED","PRIOR_REVIEW_RECORD_NOT_HELD_IN_THIS_WORKSPACE; FORMAL_EDITION_OR_HISTORICAL_VERSION_NOT_RECORDED","UNRESOLVED","BLOCKED_MISSING_EVIDENCE","a durable per-ID corrected-logic rescreen disposition for CRP-LSRC-0001 - no register section, work-order ledger, catalogue field or SOURCE_CAPTURES evidence package in this workspace records one","ADMINISTRATIVE_RECONCILIATION; REPORT_FORMAT_AND_APPLICATION_DEPENDENCIES; READINESS_FOR_DETERMINISTIC_EVALUATION","NO"
"CRP-LSRC-0002","AUTHORITY_RECORD","F2","CONSUMER_CREDIT_REGISTRY","Regulation V — Fair Credit Reporting (12 C.F.R. part 1022)","NOT RECORDED (registrar record, locatorPrefix `12 CFR §`)","US_FEDERAL","COUNTRY_WIDE_SOURCE","","","OWNER_ACCEPTED_LEGAL_AUTHORITY","STATUTE_OR_REGULATION","ESTABLISHED","LEGACY_AUTHORITY_LOCATOR_PREFIX_QUOTED_IN_RECORD","us:reg:regv","","COUNTRY_WIDE_TO_SELECTED_REGION_RELATION_REQUIRED; REGISTER_DISPOSITION_UNRESOLVED","PRIOR_REVIEW_RECORD_NOT_HELD_IN_THIS_WORKSPACE; FORMAL_EDITION_OR_HISTORICAL_VERSION_NOT_RECORDED","UNRESOLVED","BLOCKED_MISSING_EVIDENCE","a durable per-ID corrected-logic rescreen disposition for CRP-LSRC-0002 - no register section, work-order ledger, catalogue field or SOURCE_CAPTURES evidence package in this workspace records one","ADMINISTRATIVE_RECONCILIATION; REPORT_FORMAT_AND_APPLICATION_DEPENDENCIES; READINESS_FOR_DETERMINISTIC_EVALUATION","NO"
"CRP-LSRC-0003","CONTENT_RULE","F1","LIMITATION_OR_RETENTION","Fair Credit Reporting Act (FCRA), 15 U.S.C. § 1681 et seq.","§ 605(a)(5) — 15 U.S.C. § 1681c(a)(5)","US_FEDERAL","COUNTRY_WIDE_SOURCE","","","OWNER_ACCEPTED_LEGAL_AUTHORITY","STATUTE_OR_REGULATION","ESTABLISHED","LEGACY_SECTION_TOKEN_NAMED_BY_CATALOGUE_NOTE","us.negative_info.7y","","COUNTRY_WIDE_TO_SELECTED_REGION_RELATION_REQUIRED; REGISTER_DISPOSITION_UNRESOLVED","PRIOR_REVIEW_RECORD_NOT_HELD_IN_THIS_WORKSPACE; FORMAL_EDITION_OR_HISTORICAL_VERSION_NOT_RECORDED","UNRESOLVED","BLOCKED_MISSING_EVIDENCE","a durable per-ID corrected-logic rescreen disposition for CRP-LSRC-0003 - no register section, work-order ledger, catalogue field or SOURCE_CAPTURES evidence package in this workspace records one","ADMINISTRATIVE_RECONCILIATION; REPORT_FORMAT_AND_APPLICATION_DEPENDENCIES; READINESS_FOR_DETERMINISTIC_EVALUATION","NO"
"CRP-LSRC-0004","CONTENT_RULE","F1","LIMITATION_OR_RETENTION","Fair Credit Reporting Act (FCRA), 15 U.S.C. § 1681 et seq.","§ 605(a)(1) — 15 U.S.C. § 1681c(a)(1)","US_FEDERAL","COUNTRY_WIDE_SOURCE","","","OWNER_ACCEPTED_LEGAL_AUTHORITY","STATUTE_OR_REGULATION","ESTABLISHED","LEGACY_SECTION_TOKEN_NAMED_BY_CATALOGUE_NOTE","us.bankruptcy.10y","","COUNTRY_WIDE_TO_SELECTED_REGION_RELATION_REQUIRED; REGISTER_DISPOSITION_UNRESOLVED","PRIOR_REVIEW_RECORD_NOT_HELD_IN_THIS_WORKSPACE; FORMAL_EDITION_OR_HISTORICAL_VERSION_NOT_RECORDED","UNRESOLVED","BLOCKED_MISSING_EVIDENCE","a durable per-ID corrected-logic rescreen disposition for CRP-LSRC-0004 - no register section, work-order ledger, catalogue field or SOURCE_CAPTURES evidence package in this workspace records one","ADMINISTRATIVE_RECONCILIATION; REPORT_FORMAT_AND_APPLICATION_DEPENDENCIES; READINESS_FOR_DETERMINISTIC_EVALUATION","NO"
"CRP-LSRC-0005","CONTENT_RULE","F1","LIMITATION_OR_RETENTION","Fair Credit Reporting Act (FCRA), 15 U.S.C. § 1681 et seq.","§ 605(a)(2) — 15 U.S.C. § 1681c(a)(2)","US_FEDERAL","COUNTRY_WIDE_SOURCE","","","OWNER_ACCEPTED_LEGAL_AUTHORITY","STATUTE_OR_REGULATION","ESTABLISHED","LEGACY_SECTION_TOKEN_NAMED_BY_CATALOGUE_NOTE","us.judgment.7y","","COUNTRY_WIDE_TO_SELECTED_REGION_RELATION_REQUIRED; REGISTER_DISPOSITION_UNRESOLVED","PRIOR_REVIEW_RECORD_NOT_HELD_IN_THIS_WORKSPACE; FORMAL_EDITION_OR_HISTORICAL_VERSION_NOT_RECORDED","UNRESOLVED","BLOCKED_MISSING_EVIDENCE","a durable per-ID corrected-logic rescreen disposition for CRP-LSRC-0005 - no register section, work-order ledger, catalogue field or SOURCE_CAPTURES evidence package in this workspace records one","ADMINISTRATIVE_RECONCILIATION; REPORT_FORMAT_AND_APPLICATION_DEPENDENCIES; READINESS_FOR_DETERMINISTIC_EVALUATION","NO"
"CRP-LSRC-0006","CONTENT_RULE","F1","LIMITATION_OR_RETENTION","Fair Credit Reporting Act (FCRA), 15 U.S.C. § 1681 et seq.","§ 605(a)(3) — 15 U.S.C. § 1681c(a)(3)","US_FEDERAL","COUNTRY_WIDE_SOURCE","","","OWNER_ACCEPTED_LEGAL_AUTHORITY","STATUTE_OR_REGULATION","ESTABLISHED","LEGACY_SECTION_TOKEN_NAMED_BY_CATALOGUE_NOTE","us.tax_lien_paid.7y","","COUNTRY_WIDE_TO_SELECTED_REGION_RELATION_REQUIRED; REGISTER_DISPOSITION_UNRESOLVED","PRIOR_REVIEW_RECORD_NOT_HELD_IN_THIS_WORKSPACE; FORMAL_EDITION_OR_HISTORICAL_VERSION_NOT_RECORDED","UNRESOLVED","BLOCKED_MISSING_EVIDENCE","a durable per-ID corrected-logic rescreen disposition for CRP-LSRC-0006 - no register section, work-order ledger, catalogue field or SOURCE_CAPTURES evidence package in this workspace records one","ADMINISTRATIVE_RECONCILIATION; REPORT_FORMAT_AND_APPLICATION_DEPENDENCIES; READINESS_FOR_DETERMINISTIC_EVALUATION","NO"
"CRP-LSRC-0007","CONTENT_RULE","F1","LIMITATION_OR_RETENTION","Fair Credit Reporting Act (FCRA), 15 U.S.C. § 1681 et seq.","§ 605(a)(4) — 15 U.S.C. § 1681c(a)(4)","US_FEDERAL","COUNTRY_WIDE_SOURCE","","","OWNER_ACCEPTED_LEGAL_AUTHORITY","STATUTE_OR_REGULATION","ESTABLISHED","LEGACY_SECTION_TOKEN_NAMED_BY_CATALOGUE_NOTE","us.collection.7y","","COUNTRY_WIDE_TO_SELECTED_REGION_RELATION_REQUIRED; REGISTER_DISPOSITION_UNRESOLVED","PRIOR_REVIEW_RECORD_NOT_HELD_IN_THIS_WORKSPACE; FORMAL_EDITION_OR_HISTORICAL_VERSION_NOT_RECORDED","UNRESOLVED","BLOCKED_MISSING_EVIDENCE","a durable per-ID corrected-logic rescreen disposition for CRP-LSRC-0007 - no register section, work-order ledger, catalogue field or SOURCE_CAPTURES evidence package in this workspace records one","ADMINISTRATIVE_RECONCILIATION; REPORT_FORMAT_AND_APPLICATION_DEPENDENCIES; READINESS_FOR_DETERMINISTIC_EVALUATION","NO"
"CRP-LSRC-0008","CONTENT_RULE","F3","PRIVACY_OR_DATA_HANDLING","Fair Credit Reporting Act (FCRA), 15 U.S.C. § 1681 et seq.","§ 605(a)(6), (a)(7), (a)(8) — 15 U.S.C. § 1681c(a)(6)-(8)","US_FEDERAL","COUNTRY_WIDE_SOURCE","","","OWNER_ACCEPTED_LEGAL_AUTHORITY","STATUTE_OR_REGULATION","ESTABLISHED","LEGACY_SECTION_TOKEN_NAMED_BY_CATALOGUE_NOTE","us.medical_debt","","COUNTRY_WIDE_TO_SELECTED_REGION_RELATION_REQUIRED; REGISTER_DISPOSITION_UNRESOLVED","LOCATOR_OR_EFFECTIVE_INFORMATION_NOT_RECORDED; PRIOR_REVIEW_RECORD_NOT_HELD_IN_THIS_WORKSPACE; FORMAL_EDITION_OR_HISTORICAL_VERSION_NOT_RECORDED","UNRESOLVED","BLOCKED_MISSING_EVIDENCE","a durable per-ID corrected-logic rescreen disposition for CRP-LSRC-0008 - no register section, work-order ledger, catalogue field or SOURCE_CAPTURES evidence package in this workspace records one","ADMINISTRATIVE_RECONCILIATION; REPORT_FORMAT_AND_APPLICATION_DEPENDENCIES; READINESS_FOR_DETERMINISTIC_EVALUATION","NO"
"CRP-LSRC-0009","CONTENT_RULE","F1","LIMITATION_OR_RETENTION","Fair Credit Reporting Act (FCRA), 15 U.S.C. § 1681 et seq.","§ 605(c) — 15 U.S.C. § 1681c(c)","US_FEDERAL","COUNTRY_WIDE_SOURCE","","","OWNER_ACCEPTED_LEGAL_AUTHORITY","STATUTE_OR_REGULATION","ESTABLISHED","LEGACY_SECTION_TOKEN_NAMED_BY_CATALOGUE_NOTE","us.clock_start.180_days","","COUNTRY_WIDE_TO_SELECTED_REGION_RELATION_REQUIRED; REGISTER_DISPOSITION_UNRESOLVED","LOCATOR_OR_EFFECTIVE_INFORMATION_NOT_RECORDED; PRIOR_REVIEW_RECORD_NOT_HELD_IN_THIS_WORKSPACE; FORMAL_EDITION_OR_HISTORICAL_VERSION_NOT_RECORDED","UNRESOLVED","BLOCKED_MISSING_EVIDENCE","a durable per-ID corrected-logic rescreen disposition for CRP-LSRC-0009 - no register section, work-order ledger, catalogue field or SOURCE_CAPTURES evidence package in this workspace records one","ADMINISTRATIVE_RECONCILIATION; REPORT_FORMAT_AND_APPLICATION_DEPENDENCIES; READINESS_FOR_DETERMINISTIC_EVALUATION","NO"
"CRP-LSRC-0010","CONTENT_RULE","F1","LIMITATION_OR_RETENTION","Fair Credit Reporting Act (FCRA), 15 U.S.C. § 1681 et seq.","§ 623(a)(5)(A) — 15 U.S.C. § 1681s-2(a)(5)(A)","US_FEDERAL","COUNTRY_WIDE_SOURCE","","","OWNER_ACCEPTED_LEGAL_AUTHORITY","STATUTE_OR_REGULATION","ESTABLISHED","LEGACY_SECTION_TOKEN_NAMED_BY_CATALOGUE_NOTE","us.date_of_first_delinquency","","COUNTRY_WIDE_TO_SELECTED_REGION_RELATION_REQUIRED; REGISTER_DISPOSITION_UNRESOLVED","LOCATOR_OR_EFFECTIVE_INFORMATION_NOT_RECORDED; PRIOR_REVIEW_RECORD_NOT_HELD_IN_THIS_WORKSPACE; FORMAL_EDITION_OR_HISTORICAL_VERSION_NOT_RECORDED","UNRESOLVED","BLOCKED_MISSING_EVIDENCE","a durable per-ID corrected-logic rescreen disposition for CRP-LSRC-0010 - no register section, work-order ledger, catalogue field or SOURCE_CAPTURES evidence package in this workspace records one","ADMINISTRATIVE_RECONCILIATION; REPORT_FORMAT_AND_APPLICATION_DEPENDENCIES; READINESS_FOR_DETERMINISTIC_EVALUATION","NO"
"CRP-LSRC-0011","CONTENT_RULE","F5","DISCLOSURE_OR_FILE_ACCESS","Fair Credit Reporting Act (FCRA), 15 U.S.C. § 1681 et seq.","§ 609(a)(1) — 15 U.S.C. § 1681g(a)(1)","US_FEDERAL","COUNTRY_WIDE_SOURCE","","","OWNER_ACCEPTED_LEGAL_AUTHORITY","STATUTE_OR_REGULATION","ESTABLISHED","LEGACY_SECTION_TOKEN_NAMED_BY_CATALOGUE_NOTE","us.credit_enquiry","","COUNTRY_WIDE_TO_SELECTED_REGION_RELATION_REQUIRED; REGISTER_DISPOSITION_UNRESOLVED","LOCATOR_OR_EFFECTIVE_INFORMATION_NOT_RECORDED; PRIOR_REVIEW_RECORD_NOT_HELD_IN_THIS_WORKSPACE; FORMAL_EDITION_OR_HISTORICAL_VERSION_NOT_RECORDED","UNRESOLVED","BLOCKED_MISSING_EVIDENCE","a durable per-ID corrected-logic rescreen disposition for CRP-LSRC-0011 - no register section, work-order ledger, catalogue field or SOURCE_CAPTURES evidence package in this workspace records one","ADMINISTRATIVE_RECONCILIATION; REPORT_FORMAT_AND_APPLICATION_DEPENDENCIES; READINESS_FOR_DETERMINISTIC_EVALUATION","NO"
"CRP-LSRC-0012","CONTENT_RULE","F6","DISPUTE_OR_CORRECTION","Fair Credit Reporting Act (FCRA), 15 U.S.C. § 1681 et seq.","§ 611(a)(1)(A) and (a)(5)(A) — 15 U.S.C. § 1681i(a)(1)(A), (a)(5)(A)","US_FEDERAL","COUNTRY_WIDE_SOURCE","","","OWNER_ACCEPTED_LEGAL_AUTHORITY","STATUTE_OR_REGULATION","ESTABLISHED","LEGACY_SECTION_TOKEN_NAMED_BY_CATALOGUE_NOTE","us.dispute_reinvestigation.30d","","COUNTRY_WIDE_TO_SELECTED_REGION_RELATION_REQUIRED; REGISTER_DISPOSITION_UNRESOLVED","LOCATOR_OR_EFFECTIVE_INFORMATION_NOT_RECORDED; PRIOR_REVIEW_RECORD_NOT_HELD_IN_THIS_WORKSPACE; FORMAL_EDITION_OR_HISTORICAL_VERSION_NOT_RECORDED","UNRESOLVED","BLOCKED_MISSING_EVIDENCE","a durable per-ID corrected-logic rescreen disposition for CRP-LSRC-0012 - no register section, work-order ledger, catalogue field or SOURCE_CAPTURES evidence package in this workspace records one","ADMINISTRATIVE_RECONCILIATION; REPORT_FORMAT_AND_APPLICATION_DEPENDENCIES; READINESS_FOR_DETERMINISTIC_EVALUATION","NO"
"CRP-LSRC-0013","CONTENT_RULE","F4","REPORT_ACCURACY_OR_COMPLETENESS","Fair Credit Reporting Act (FCRA), 15 U.S.C. § 1681 et seq.","§ 607(b) — 15 U.S.C. § 1681e(b)","US_FEDERAL","COUNTRY_WIDE_SOURCE","","","OWNER_ACCEPTED_LEGAL_AUTHORITY","STATUTE_OR_REGULATION","ESTABLISHED","LEGACY_SECTION_TOKEN_NAMED_BY_CATALOGUE_NOTE","us.accuracy_duty.607b","","COUNTRY_WIDE_TO_SELECTED_REGION_RELATION_REQUIRED; REGISTER_DISPOSITION_UNRESOLVED","LOCATOR_OR_EFFECTIVE_INFORMATION_NOT_RECORDED; PRIOR_REVIEW_RECORD_NOT_HELD_IN_THIS_WORKSPACE; FORMAL_EDITION_OR_HISTORICAL_VERSION_NOT_RECORDED","UNRESOLVED","BLOCKED_MISSING_EVIDENCE","a durable per-ID corrected-logic rescreen disposition for CRP-LSRC-0013 - no register section, work-order ledger, catalogue field or SOURCE_CAPTURES evidence package in this workspace records one","ADMINISTRATIVE_RECONCILIATION; REPORT_FORMAT_AND_APPLICATION_DEPENDENCIES; READINESS_FOR_DETERMINISTIC_EVALUATION","NO"
"CRP-LSRC-0014","CONTENT_RULE","F1","LIMITATION_OR_RETENTION","Fair Credit Reporting Act (FCRA)","§ 605(a)(1) — 15 U.S.C. § 1681c(a)(1)","US_FEDERAL","COUNTRY_WIDE_SOURCE","","","OWNER_ACCEPTED_LEGAL_AUTHORITY","STATUTE_OR_REGULATION","ESTABLISHED","LEGACY_RULE_PROVISION_AND_CITATION_EXACT","us-federal.fcra.605.a.1.title_11_case_10_years","","COUNTRY_WIDE_TO_SELECTED_REGION_RELATION_REQUIRED; REGISTER_DISPOSITION_UNRESOLVED","PRIOR_REVIEW_RECORD_NOT_HELD_IN_THIS_WORKSPACE; FORMAL_EDITION_OR_HISTORICAL_VERSION_NOT_RECORDED","UNRESOLVED","BLOCKED_MISSING_EVIDENCE","a durable per-ID corrected-logic rescreen disposition for CRP-LSRC-0014 - no register section, work-order ledger, catalogue field or SOURCE_CAPTURES evidence package in this workspace records one","ADMINISTRATIVE_RECONCILIATION; REPORT_FORMAT_AND_APPLICATION_DEPENDENCIES; READINESS_FOR_DETERMINISTIC_EVALUATION","NO"
"CRP-LSRC-0015","CONTENT_RULE","F1","LIMITATION_OR_RETENTION","Fair Credit Reporting Act (FCRA)","§ 605(a)(2) — 15 U.S.C. § 1681c(a)(2)","US_FEDERAL","COUNTRY_WIDE_SOURCE","","","OWNER_ACCEPTED_LEGAL_AUTHORITY","STATUTE_OR_REGULATION","ESTABLISHED","LEGACY_RULE_PROVISION_AND_CITATION_EXACT","us-federal.fcra.605.a.2.judgments_and_arrest_records_7_years","","COUNTRY_WIDE_TO_SELECTED_REGION_RELATION_REQUIRED; REGISTER_DISPOSITION_UNRESOLVED","PRIOR_REVIEW_RECORD_NOT_HELD_IN_THIS_WORKSPACE; FORMAL_EDITION_OR_HISTORICAL_VERSION_NOT_RECORDED","UNRESOLVED","BLOCKED_MISSING_EVIDENCE","a durable per-ID corrected-logic rescreen disposition for CRP-LSRC-0015 - no register section, work-order ledger, catalogue field or SOURCE_CAPTURES evidence package in this workspace records one","ADMINISTRATIVE_RECONCILIATION; REPORT_FORMAT_AND_APPLICATION_DEPENDENCIES; READINESS_FOR_DETERMINISTIC_EVALUATION","NO"
"CRP-LSRC-0016","CONTENT_RULE","F1","LIMITATION_OR_RETENTION","Fair Credit Reporting Act (FCRA)","§ 605(a)(3) — 15 U.S.C. § 1681c(a)(3)","US_FEDERAL","COUNTRY_WIDE_SOURCE","","","OWNER_ACCEPTED_LEGAL_AUTHORITY","STATUTE_OR_REGULATION","ESTABLISHED","LEGACY_RULE_PROVISION_AND_CITATION_EXACT","us-federal.fcra.605.a.3.paid_tax_liens_7_years","","COUNTRY_WIDE_TO_SELECTED_REGION_RELATION_REQUIRED; REGISTER_DISPOSITION_UNRESOLVED","PRIOR_REVIEW_RECORD_NOT_HELD_IN_THIS_WORKSPACE; FORMAL_EDITION_OR_HISTORICAL_VERSION_NOT_RECORDED","UNRESOLVED","BLOCKED_MISSING_EVIDENCE","a durable per-ID corrected-logic rescreen disposition for CRP-LSRC-0016 - no register section, work-order ledger, catalogue field or SOURCE_CAPTURES evidence package in this workspace records one","ADMINISTRATIVE_RECONCILIATION; REPORT_FORMAT_AND_APPLICATION_DEPENDENCIES; READINESS_FOR_DETERMINISTIC_EVALUATION","NO"
"CRP-LSRC-0017","CONTENT_RULE","F1","LIMITATION_OR_RETENTION","Fair Credit Reporting Act (FCRA)","§ 605(a)(4) — 15 U.S.C. § 1681c(a)(4)","US_FEDERAL","COUNTRY_WIDE_SOURCE","","","OWNER_ACCEPTED_LEGAL_AUTHORITY","STATUTE_OR_REGULATION","ESTABLISHED","LEGACY_RULE_PROVISION_AND_CITATION_EXACT","us-federal.fcra.605.a.4.collections_and_chargeoffs_7_years","","COUNTRY_WIDE_TO_SELECTED_REGION_RELATION_REQUIRED; REGISTER_DISPOSITION_UNRESOLVED","PRIOR_REVIEW_RECORD_NOT_HELD_IN_THIS_WORKSPACE; FORMAL_EDITION_OR_HISTORICAL_VERSION_NOT_RECORDED","UNRESOLVED","BLOCKED_MISSING_EVIDENCE","a durable per-ID corrected-logic rescreen disposition for CRP-LSRC-0017 - no register section, work-order ledger, catalogue field or SOURCE_CAPTURES evidence package in this workspace records one","ADMINISTRATIVE_RECONCILIATION; REPORT_FORMAT_AND_APPLICATION_DEPENDENCIES; READINESS_FOR_DETERMINISTIC_EVALUATION","NO"
"CRP-LSRC-0018","CONTENT_RULE","F1","LIMITATION_OR_RETENTION","Fair Credit Reporting Act (FCRA)","§ 605(a)(5) — 15 U.S.C. § 1681c(a)(5)","US_FEDERAL","COUNTRY_WIDE_SOURCE","","","OWNER_ACCEPTED_LEGAL_AUTHORITY","STATUTE_OR_REGULATION","ESTABLISHED","LEGACY_RULE_PROVISION_AND_CITATION_EXACT","us-federal.fcra.605.a.5.other_adverse_information_7_years","","COUNTRY_WIDE_TO_SELECTED_REGION_RELATION_REQUIRED; REGISTER_DISPOSITION_UNRESOLVED","PRIOR_REVIEW_RECORD_NOT_HELD_IN_THIS_WORKSPACE; FORMAL_EDITION_OR_HISTORICAL_VERSION_NOT_RECORDED","UNRESOLVED","BLOCKED_MISSING_EVIDENCE","a durable per-ID corrected-logic rescreen disposition for CRP-LSRC-0018 - no register section, work-order ledger, catalogue field or SOURCE_CAPTURES evidence package in this workspace records one","ADMINISTRATIVE_RECONCILIATION; REPORT_FORMAT_AND_APPLICATION_DEPENDENCIES; READINESS_FOR_DETERMINISTIC_EVALUATION","NO"
"CRP-LSRC-0019","CONTENT_RULE","F3","PRIVACY_OR_DATA_HANDLING","Fair Credit Reporting Act (FCRA)","§ 605(a)(6) — 15 U.S.C. § 1681c(a)(6)","US_FEDERAL","COUNTRY_WIDE_SOURCE","","","OWNER_ACCEPTED_LEGAL_AUTHORITY","STATUTE_OR_REGULATION","ESTABLISHED","LEGACY_RULE_PROVISION_AND_CITATION_EXACT","us-federal.fcra.605.a.6.medical_information_furnisher_identity","","COUNTRY_WIDE_TO_SELECTED_REGION_RELATION_REQUIRED; REGISTER_DISPOSITION_UNRESOLVED","PRIOR_REVIEW_RECORD_NOT_HELD_IN_THIS_WORKSPACE; FORMAL_EDITION_OR_HISTORICAL_VERSION_NOT_RECORDED","UNRESOLVED","BLOCKED_MISSING_EVIDENCE","a durable per-ID corrected-logic rescreen disposition for CRP-LSRC-0019 - no register section, work-order ledger, catalogue field or SOURCE_CAPTURES evidence package in this workspace records one","ADMINISTRATIVE_RECONCILIATION; REPORT_FORMAT_AND_APPLICATION_DEPENDENCIES; READINESS_FOR_DETERMINISTIC_EVALUATION","NO"
"CRP-LSRC-0020","CONTENT_RULE","F3","PRIVACY_OR_DATA_HANDLING","Fair Credit Reporting Act (FCRA)","§ 605(a)(7) — 15 U.S.C. § 1681c(a)(7)","US_FEDERAL","COUNTRY_WIDE_SOURCE","","","OWNER_ACCEPTED_LEGAL_AUTHORITY","STATUTE_OR_REGULATION","ESTABLISHED","LEGACY_RULE_PROVISION_AND_CITATION_EXACT","us-federal.fcra.605.a.7.veterans_medical_debt_first_year","","COUNTRY_WIDE_TO_SELECTED_REGION_RELATION_REQUIRED; REGISTER_DISPOSITION_UNRESOLVED","PRIOR_REVIEW_RECORD_NOT_HELD_IN_THIS_WORKSPACE; FORMAL_EDITION_OR_HISTORICAL_VERSION_NOT_RECORDED","UNRESOLVED","BLOCKED_MISSING_EVIDENCE","a durable per-ID corrected-logic rescreen disposition for CRP-LSRC-0020 - no register section, work-order ledger, catalogue field or SOURCE_CAPTURES evidence package in this workspace records one","ADMINISTRATIVE_RECONCILIATION; REPORT_FORMAT_AND_APPLICATION_DEPENDENCIES; READINESS_FOR_DETERMINISTIC_EVALUATION","NO"
"CRP-LSRC-0021","CONTENT_RULE","F3","PRIVACY_OR_DATA_HANDLING","Fair Credit Reporting Act (FCRA)","§ 605(a)(8) — 15 U.S.C. § 1681c(a)(8)","US_FEDERAL","COUNTRY_WIDE_SOURCE","","","OWNER_ACCEPTED_LEGAL_AUTHORITY","STATUTE_OR_REGULATION","ESTABLISHED","LEGACY_RULE_PROVISION_AND_CITATION_EXACT","us-federal.fcra.605.a.8.veterans_medical_debt_paid_or_settled","","COUNTRY_WIDE_TO_SELECTED_REGION_RELATION_REQUIRED; REGISTER_DISPOSITION_UNRESOLVED","PRIOR_REVIEW_RECORD_NOT_HELD_IN_THIS_WORKSPACE; FORMAL_EDITION_OR_HISTORICAL_VERSION_NOT_RECORDED","UNRESOLVED","BLOCKED_MISSING_EVIDENCE","a durable per-ID corrected-logic rescreen disposition for CRP-LSRC-0021 - no register section, work-order ledger, catalogue field or SOURCE_CAPTURES evidence package in this workspace records one","ADMINISTRATIVE_RECONCILIATION; REPORT_FORMAT_AND_APPLICATION_DEPENDENCIES; READINESS_FOR_DETERMINISTIC_EVALUATION","NO"
"CRP-LSRC-0022","CONTENT_RULE","F1","LIMITATION_OR_RETENTION","Fair Credit Reporting Act (FCRA)","§ 605(b) — 15 U.S.C. § 1681c(b)","US_FEDERAL","COUNTRY_WIDE_SOURCE","","","OWNER_ACCEPTED_LEGAL_AUTHORITY","STATUTE_OR_REGULATION","ESTABLISHED","LEGACY_RULE_PROVISION_AND_CITATION_EXACT","us-federal.fcra.605.b.exempted_transactions","","COUNTRY_WIDE_TO_SELECTED_REGION_RELATION_REQUIRED; REGISTER_DISPOSITION_UNRESOLVED","PRIOR_REVIEW_RECORD_NOT_HELD_IN_THIS_WORKSPACE; FORMAL_EDITION_OR_HISTORICAL_VERSION_NOT_RECORDED","UNRESOLVED","BLOCKED_MISSING_EVIDENCE","a durable per-ID corrected-logic rescreen disposition for CRP-LSRC-0022 - no register section, work-order ledger, catalogue field or SOURCE_CAPTURES evidence package in this workspace records one","ADMINISTRATIVE_RECONCILIATION; REPORT_FORMAT_AND_APPLICATION_DEPENDENCIES; READINESS_FOR_DETERMINISTIC_EVALUATION","NO"
"CRP-LSRC-0023","CONTENT_RULE","F1","LIMITATION_OR_RETENTION","Fair Credit Reporting Act (FCRA)","§ 605(c)(1) — 15 U.S.C. § 1681c(c)(1)","US_FEDERAL","COUNTRY_WIDE_SOURCE","","","OWNER_ACCEPTED_LEGAL_AUTHORITY","STATUTE_OR_REGULATION","ESTABLISHED","LEGACY_RULE_PROVISION_AND_CITATION_EXACT","us-federal.fcra.605.c.1.180_day_clock_start","","COUNTRY_WIDE_TO_SELECTED_REGION_RELATION_REQUIRED; REGISTER_DISPOSITION_UNRESOLVED","PRIOR_REVIEW_RECORD_NOT_HELD_IN_THIS_WORKSPACE; FORMAL_EDITION_OR_HISTORICAL_VERSION_NOT_RECORDED","UNRESOLVED","BLOCKED_MISSING_EVIDENCE","a durable per-ID corrected-logic rescreen disposition for CRP-LSRC-0023 - no register section, work-order ledger, catalogue field or SOURCE_CAPTURES evidence package in this workspace records one","ADMINISTRATIVE_RECONCILIATION; REPORT_FORMAT_AND_APPLICATION_DEPENDENCIES; READINESS_FOR_DETERMINISTIC_EVALUATION","NO"
"CRP-LSRC-0024","CONTENT_RULE","F1","LIMITATION_OR_RETENTION","Fair Credit Reporting Act (FCRA)","§ 605(c)(2) — 15 U.S.C. § 1681c(c)(2)","US_FEDERAL","COUNTRY_WIDE_SOURCE","","","OWNER_ACCEPTED_LEGAL_AUTHORITY","STATUTE_OR_REGULATION","ESTABLISHED","LEGACY_RULE_PROVISION_AND_CITATION_EXACT","us-federal.fcra.605.c.2.455_day_commencement","","COUNTRY_WIDE_TO_SELECTED_REGION_RELATION_REQUIRED; REGISTER_DISPOSITION_UNRESOLVED","PRIOR_REVIEW_RECORD_NOT_HELD_IN_THIS_WORKSPACE; FORMAL_EDITION_OR_HISTORICAL_VERSION_NOT_RECORDED","UNRESOLVED","BLOCKED_MISSING_EVIDENCE","a durable per-ID corrected-logic rescreen disposition for CRP-LSRC-0024 - no register section, work-order ledger, catalogue field or SOURCE_CAPTURES evidence package in this workspace records one","ADMINISTRATIVE_RECONCILIATION; REPORT_FORMAT_AND_APPLICATION_DEPENDENCIES; READINESS_FOR_DETERMINISTIC_EVALUATION","NO"
"CRP-LSRC-0025","CONTENT_RULE","F7","PUBLIC_RECORD_OR_JUDGMENT","Fair Credit Reporting Act (FCRA)","§ 605(d)(1) — 15 U.S.C. § 1681c(d)(1)","US_FEDERAL","COUNTRY_WIDE_SOURCE","","","OWNER_ACCEPTED_LEGAL_AUTHORITY","STATUTE_OR_REGULATION","ESTABLISHED","LEGACY_RULE_PROVISION_AND_CITATION_EXACT","us-federal.fcra.605.d.1.title_11_chapter_identification","","COUNTRY_WIDE_TO_SELECTED_REGION_RELATION_REQUIRED; REGISTER_DISPOSITION_UNRESOLVED","PRIOR_REVIEW_RECORD_NOT_HELD_IN_THIS_WORKSPACE; FORMAL_EDITION_OR_HISTORICAL_VERSION_NOT_RECORDED","UNRESOLVED","BLOCKED_MISSING_EVIDENCE","a durable per-ID corrected-logic rescreen disposition for CRP-LSRC-0025 - no register section, work-order ledger, catalogue field or SOURCE_CAPTURES evidence package in this workspace records one","ADMINISTRATIVE_RECONCILIATION; REPORT_FORMAT_AND_APPLICATION_DEPENDENCIES; READINESS_FOR_DETERMINISTIC_EVALUATION","NO"
"CRP-LSRC-0026","CONTENT_RULE","F10","UNCLASSIFIED_SOURCE_FAMILY","Fair Credit Reporting Act (FCRA)","§ 605(d)(2) — 15 U.S.C. § 1681c(d)(2)","US_FEDERAL","COUNTRY_WIDE_SOURCE","","","OWNER_ACCEPTED_LEGAL_AUTHORITY","STATUTE_OR_REGULATION","ESTABLISHED","LEGACY_RULE_PROVISION_AND_CITATION_EXACT","us-federal.fcra.605.d.2.key_factor_inquiries_statement","","COUNTRY_WIDE_TO_SELECTED_REGION_RELATION_REQUIRED; REGISTER_DISPOSITION_UNRESOLVED","PRIOR_REVIEW_RECORD_NOT_HELD_IN_THIS_WORKSPACE; FORMAL_EDITION_OR_HISTORICAL_VERSION_NOT_RECORDED","UNRESOLVED","BLOCKED_MISSING_EVIDENCE","a durable per-ID corrected-logic rescreen disposition for CRP-LSRC-0026 - no register section, work-order ledger, catalogue field or SOURCE_CAPTURES evidence package in this workspace records one","ADMINISTRATIVE_RECONCILIATION; REPORT_FORMAT_AND_APPLICATION_DEPENDENCIES; READINESS_FOR_DETERMINISTIC_EVALUATION","NO"
"CRP-LSRC-0027","CONTENT_RULE","F10","UNCLASSIFIED_SOURCE_FAMILY","Fair Credit Reporting Act (FCRA)","§ 605(e) — 15 U.S.C. § 1681c(e)","US_FEDERAL","COUNTRY_WIDE_SOURCE","","","OWNER_ACCEPTED_LEGAL_AUTHORITY","STATUTE_OR_REGULATION","ESTABLISHED","LEGACY_RULE_PROVISION_AND_CITATION_EXACT","us-federal.fcra.605.e.voluntary_closure_indication","","COUNTRY_WIDE_TO_SELECTED_REGION_RELATION_REQUIRED; REGISTER_DISPOSITION_UNRESOLVED","PRIOR_REVIEW_RECORD_NOT_HELD_IN_THIS_WORKSPACE; FORMAL_EDITION_OR_HISTORICAL_VERSION_NOT_RECORDED","UNRESOLVED","BLOCKED_MISSING_EVIDENCE","a durable per-ID corrected-logic rescreen disposition for CRP-LSRC-0027 - no register section, work-order ledger, catalogue field or SOURCE_CAPTURES evidence package in this workspace records one","ADMINISTRATIVE_RECONCILIATION; REPORT_FORMAT_AND_APPLICATION_DEPENDENCIES; READINESS_FOR_DETERMINISTIC_EVALUATION","NO"
"CRP-LSRC-0028","CONTENT_RULE","F6","DISPUTE_OR_CORRECTION","Fair Credit Reporting Act (FCRA)","§ 605(f) — 15 U.S.C. § 1681c(f)","US_FEDERAL","COUNTRY_WIDE_SOURCE","","","OWNER_ACCEPTED_LEGAL_AUTHORITY","STATUTE_OR_REGULATION","ESTABLISHED","LEGACY_RULE_PROVISION_AND_CITATION_EXACT","us-federal.fcra.605.f.dispute_indication","","COUNTRY_WIDE_TO_SELECTED_REGION_RELATION_REQUIRED; REGISTER_DISPOSITION_UNRESOLVED","PRIOR_REVIEW_RECORD_NOT_HELD_IN_THIS_WORKSPACE; FORMAL_EDITION_OR_HISTORICAL_VERSION_NOT_RECORDED","UNRESOLVED","BLOCKED_MISSING_EVIDENCE","a durable per-ID corrected-logic rescreen disposition for CRP-LSRC-0028 - no register section, work-order ledger, catalogue field or SOURCE_CAPTURES evidence package in this workspace records one","ADMINISTRATIVE_RECONCILIATION; REPORT_FORMAT_AND_APPLICATION_DEPENDENCIES; READINESS_FOR_DETERMINISTIC_EVALUATION","NO"
"CRP-LSRC-0029","CONTENT_RULE","F10","UNCLASSIFIED_SOURCE_FAMILY","Fair Credit Reporting Act (FCRA)","§ 605(h) — 15 U.S.C. § 1681c(h)","US_FEDERAL","COUNTRY_WIDE_SOURCE","","","OWNER_ACCEPTED_LEGAL_AUTHORITY","STATUTE_OR_REGULATION","ESTABLISHED","LEGACY_RULE_PROVISION_AND_CITATION_EXACT","us-federal.fcra.605.h.address_discrepancy_duties","","COUNTRY_WIDE_TO_SELECTED_REGION_RELATION_REQUIRED; REGISTER_DISPOSITION_UNRESOLVED","PRIOR_REVIEW_RECORD_NOT_HELD_IN_THIS_WORKSPACE; FORMAL_EDITION_OR_HISTORICAL_VERSION_NOT_RECORDED","UNRESOLVED","BLOCKED_MISSING_EVIDENCE","a durable per-ID corrected-logic rescreen disposition for CRP-LSRC-0029 - no register section, work-order ledger, catalogue field or SOURCE_CAPTURES evidence package in this workspace records one","ADMINISTRATIVE_RECONCILIATION; REPORT_FORMAT_AND_APPLICATION_DEPENDENCIES; READINESS_FOR_DETERMINISTIC_EVALUATION","NO"
"CRP-LSRC-0030","CONTENT_RULE","F8","PERMISSIBLE_PURPOSE_OR_CONSENT","Fair Credit Reporting Act (FCRA)","§ 604(a) — 15 U.S.C. § 1681b(a)","US_FEDERAL","COUNTRY_WIDE_SOURCE","","","OWNER_ACCEPTED_LEGAL_AUTHORITY","STATUTE_OR_REGULATION","ESTABLISHED","LEGACY_RULE_PROVISION_AND_CITATION_EXACT","us-federal.fcra.604.a.permissible_purposes","","COUNTRY_WIDE_TO_SELECTED_REGION_RELATION_REQUIRED; REGISTER_DISPOSITION_UNRESOLVED","PRIOR_REVIEW_RECORD_NOT_HELD_IN_THIS_WORKSPACE; FORMAL_EDITION_OR_HISTORICAL_VERSION_NOT_RECORDED","UNRESOLVED","BLOCKED_MISSING_EVIDENCE","a durable per-ID corrected-logic rescreen disposition for CRP-LSRC-0030 - no register section, work-order ledger, catalogue field or SOURCE_CAPTURES evidence package in this workspace records one","ADMINISTRATIVE_RECONCILIATION; REPORT_FORMAT_AND_APPLICATION_DEPENDENCIES; READINESS_FOR_DETERMINISTIC_EVALUATION","NO"
"CRP-LSRC-0031","CONTENT_RULE","F8","PERMISSIBLE_PURPOSE_OR_CONSENT","Fair Credit Reporting Act (FCRA)","§ 604(b)(2) — 15 U.S.C. § 1681b(b)(2)","US_FEDERAL","COUNTRY_WIDE_SOURCE","","","OWNER_ACCEPTED_LEGAL_AUTHORITY","STATUTE_OR_REGULATION","ESTABLISHED","LEGACY_RULE_PROVISION_AND_CITATION_EXACT","us-federal.fcra.604.b.2.employment_written_authorization","","COUNTRY_WIDE_TO_SELECTED_REGION_RELATION_REQUIRED; REGISTER_DISPOSITION_UNRESOLVED","PRIOR_REVIEW_RECORD_NOT_HELD_IN_THIS_WORKSPACE; FORMAL_EDITION_OR_HISTORICAL_VERSION_NOT_RECORDED","UNRESOLVED","BLOCKED_MISSING_EVIDENCE","a durable per-ID corrected-logic rescreen disposition for CRP-LSRC-0031 - no register section, work-order ledger, catalogue field or SOURCE_CAPTURES evidence package in this workspace records one","ADMINISTRATIVE_RECONCILIATION; REPORT_FORMAT_AND_APPLICATION_DEPENDENCIES; READINESS_FOR_DETERMINISTIC_EVALUATION","NO"
"CRP-LSRC-0032","CONTENT_RULE","F9","IDENTITY_THEFT_OR_MIXED_FILE","Fair Credit Reporting Act (FCRA)","§ 605A(a) — 15 U.S.C. § 1681c-1(a)","US_FEDERAL","COUNTRY_WIDE_SOURCE","","","OWNER_ACCEPTED_LEGAL_AUTHORITY","STATUTE_OR_REGULATION","ESTABLISHED","LEGACY_RULE_PROVISION_AND_CITATION_EXACT","us-federal.fcra.605A.a.one_call_fraud_alert","","COUNTRY_WIDE_TO_SELECTED_REGION_RELATION_REQUIRED; REGISTER_DISPOSITION_UNRESOLVED","PRIOR_REVIEW_RECORD_NOT_HELD_IN_THIS_WORKSPACE; FORMAL_EDITION_OR_HISTORICAL_VERSION_NOT_RECORDED","UNRESOLVED","BLOCKED_MISSING_EVIDENCE","a durable per-ID corrected-logic rescreen disposition for CRP-LSRC-0032 - no register section, work-order ledger, catalogue field or SOURCE_CAPTURES evidence package in this workspace records one","ADMINISTRATIVE_RECONCILIATION; REPORT_FORMAT_AND_APPLICATION_DEPENDENCIES; READINESS_FOR_DETERMINISTIC_EVALUATION","NO"
"CRP-LSRC-0033","CONTENT_RULE","F9","IDENTITY_THEFT_OR_MIXED_FILE","Fair Credit Reporting Act (FCRA)","§ 605A(b) — 15 U.S.C. § 1681c-1(b)","US_FEDERAL","COUNTRY_WIDE_SOURCE","","","OWNER_ACCEPTED_LEGAL_AUTHORITY","STATUTE_OR_REGULATION","ESTABLISHED","LEGACY_RULE_PROVISION_AND_CITATION_EXACT","us-federal.fcra.605A.b.extended_fraud_alert_5_years","","COUNTRY_WIDE_TO_SELECTED_REGION_RELATION_REQUIRED; REGISTER_DISPOSITION_UNRESOLVED","PRIOR_REVIEW_RECORD_NOT_HELD_IN_THIS_WORKSPACE; FORMAL_EDITION_OR_HISTORICAL_VERSION_NOT_RECORDED","UNRESOLVED","BLOCKED_MISSING_EVIDENCE","a durable per-ID corrected-logic rescreen disposition for CRP-LSRC-0033 - no register section, work-order ledger, catalogue field or SOURCE_CAPTURES evidence package in this workspace records one","ADMINISTRATIVE_RECONCILIATION; REPORT_FORMAT_AND_APPLICATION_DEPENDENCIES; READINESS_FOR_DETERMINISTIC_EVALUATION","NO"
"CRP-LSRC-0034","CONTENT_RULE","F9","IDENTITY_THEFT_OR_MIXED_FILE","Fair Credit Reporting Act (FCRA)","§ 605A(c) — 15 U.S.C. § 1681c-1(c)","US_FEDERAL","COUNTRY_WIDE_SOURCE","","","OWNER_ACCEPTED_LEGAL_AUTHORITY","STATUTE_OR_REGULATION","ESTABLISHED","LEGACY_RULE_PROVISION_AND_CITATION_EXACT","us-federal.fcra.605A.c.active_duty_alert_2_years","","COUNTRY_WIDE_TO_SELECTED_REGION_RELATION_REQUIRED; REGISTER_DISPOSITION_UNRESOLVED","PRIOR_REVIEW_RECORD_NOT_HELD_IN_THIS_WORKSPACE; FORMAL_EDITION_OR_HISTORICAL_VERSION_NOT_RECORDED","UNRESOLVED","BLOCKED_MISSING_EVIDENCE","a durable per-ID corrected-logic rescreen disposition for CRP-LSRC-0034 - no register section, work-order ledger, catalogue field or SOURCE_CAPTURES evidence package in this workspace records one","ADMINISTRATIVE_RECONCILIATION; REPORT_FORMAT_AND_APPLICATION_DEPENDENCIES; READINESS_FOR_DETERMINISTIC_EVALUATION","NO"
"CRP-LSRC-0035","CONTENT_RULE","F9","IDENTITY_THEFT_OR_MIXED_FILE","Fair Credit Reporting Act (FCRA)","§ 605A(i) — 15 U.S.C. § 1681c-1(i)","US_FEDERAL","COUNTRY_WIDE_SOURCE","","","OWNER_ACCEPTED_LEGAL_AUTHORITY","STATUTE_OR_REGULATION","ESTABLISHED","LEGACY_RULE_PROVISION_AND_CITATION_EXACT","us-federal.fcra.605A.i.security_freeze_placement_timing","","COUNTRY_WIDE_TO_SELECTED_REGION_RELATION_REQUIRED; REGISTER_DISPOSITION_UNRESOLVED","PRIOR_REVIEW_RECORD_NOT_HELD_IN_THIS_WORKSPACE; FORMAL_EDITION_OR_HISTORICAL_VERSION_NOT_RECORDED","UNRESOLVED","BLOCKED_MISSING_EVIDENCE","a durable per-ID corrected-logic rescreen disposition for CRP-LSRC-0035 - no register section, work-order ledger, catalogue field or SOURCE_CAPTURES evidence package in this workspace records one","ADMINISTRATIVE_RECONCILIATION; REPORT_FORMAT_AND_APPLICATION_DEPENDENCIES; READINESS_FOR_DETERMINISTIC_EVALUATION","NO"
"CRP-LSRC-0036","CONTENT_RULE","F9","IDENTITY_THEFT_OR_MIXED_FILE","Fair Credit Reporting Act (FCRA)","§ 605A(j) — 15 U.S.C. § 1681c-1(j)","US_FEDERAL","COUNTRY_WIDE_SOURCE","","","OWNER_ACCEPTED_LEGAL_AUTHORITY","STATUTE_OR_REGULATION","ESTABLISHED","LEGACY_RULE_PROVISION_AND_CITATION_EXACT","us-federal.fcra.605A.j.protected_consumer_freeze","","COUNTRY_WIDE_TO_SELECTED_REGION_RELATION_REQUIRED; REGISTER_DISPOSITION_UNRESOLVED","PRIOR_REVIEW_RECORD_NOT_HELD_IN_THIS_WORKSPACE; FORMAL_EDITION_OR_HISTORICAL_VERSION_NOT_RECORDED","UNRESOLVED","BLOCKED_MISSING_EVIDENCE","a durable per-ID corrected-logic rescreen disposition for CRP-LSRC-0036 - no register section, work-order ledger, catalogue field or SOURCE_CAPTURES evidence package in this workspace records one","ADMINISTRATIVE_RECONCILIATION; REPORT_FORMAT_AND_APPLICATION_DEPENDENCIES; READINESS_FOR_DETERMINISTIC_EVALUATION","NO"
"CRP-LSRC-0037","CONTENT_RULE","F9","IDENTITY_THEFT_OR_MIXED_FILE","Fair Credit Reporting Act (FCRA)","§ 605A(k) — 15 U.S.C. § 1681c-1(k)","US_FEDERAL","COUNTRY_WIDE_SOURCE","","","OWNER_ACCEPTED_LEGAL_AUTHORITY","STATUTE_OR_REGULATION","ESTABLISHED","LEGACY_RULE_PROVISION_AND_CITATION_EXACT","us-federal.fcra.605A.k.active_duty_credit_monitoring","","COUNTRY_WIDE_TO_SELECTED_REGION_RELATION_REQUIRED; REGISTER_DISPOSITION_UNRESOLVED","PRIOR_REVIEW_RECORD_NOT_HELD_IN_THIS_WORKSPACE; FORMAL_EDITION_OR_HISTORICAL_VERSION_NOT_RECORDED","UNRESOLVED","BLOCKED_MISSING_EVIDENCE","a durable per-ID corrected-logic rescreen disposition for CRP-LSRC-0037 - no register section, work-order ledger, catalogue field or SOURCE_CAPTURES evidence package in this workspace records one","ADMINISTRATIVE_RECONCILIATION; REPORT_FORMAT_AND_APPLICATION_DEPENDENCIES; READINESS_FOR_DETERMINISTIC_EVALUATION","NO"
"CRP-LSRC-0038","CONTENT_RULE","F9","IDENTITY_THEFT_OR_MIXED_FILE","Fair Credit Reporting Act (FCRA)","§ 605B(a) — 15 U.S.C. § 1681c-2(a)","US_FEDERAL","COUNTRY_WIDE_SOURCE","","","OWNER_ACCEPTED_LEGAL_AUTHORITY","STATUTE_OR_REGULATION","ESTABLISHED","LEGACY_RULE_PROVISION_AND_CITATION_EXACT","us-federal.fcra.605B.identity_theft_block_4_business_days","","COUNTRY_WIDE_TO_SELECTED_REGION_RELATION_REQUIRED; REGISTER_DISPOSITION_UNRESOLVED","PRIOR_REVIEW_RECORD_NOT_HELD_IN_THIS_WORKSPACE; FORMAL_EDITION_OR_HISTORICAL_VERSION_NOT_RECORDED","UNRESOLVED","BLOCKED_MISSING_EVIDENCE","a durable per-ID corrected-logic rescreen disposition for CRP-LSRC-0038 - no register section, work-order ledger, catalogue field or SOURCE_CAPTURES evidence package in this workspace records one","ADMINISTRATIVE_RECONCILIATION; REPORT_FORMAT_AND_APPLICATION_DEPENDENCIES; READINESS_FOR_DETERMINISTIC_EVALUATION","NO"
"CRP-LSRC-0039","CONTENT_RULE","F1","LIMITATION_OR_RETENTION","Fair Credit Reporting Act (FCRA)","§ 605C(b) — 15 U.S.C. § 1681c-3(b)","US_FEDERAL","COUNTRY_WIDE_SOURCE","","","OWNER_ACCEPTED_LEGAL_AUTHORITY","STATUTE_OR_REGULATION","ESTABLISHED","LEGACY_RULE_PROVISION_AND_CITATION_EXACT","us-federal.fcra.605C.trafficking_adverse_information","","COUNTRY_WIDE_TO_SELECTED_REGION_RELATION_REQUIRED; REGISTER_DISPOSITION_UNRESOLVED","PRIOR_REVIEW_RECORD_NOT_HELD_IN_THIS_WORKSPACE; FORMAL_EDITION_OR_HISTORICAL_VERSION_NOT_RECORDED","UNRESOLVED","BLOCKED_MISSING_EVIDENCE","a durable per-ID corrected-logic rescreen disposition for CRP-LSRC-0039 - no register section, work-order ledger, catalogue field or SOURCE_CAPTURES evidence package in this workspace records one","ADMINISTRATIVE_RECONCILIATION; REPORT_FORMAT_AND_APPLICATION_DEPENDENCIES; READINESS_FOR_DETERMINISTIC_EVALUATION","NO"
"CRP-LSRC-0040","CONTENT_RULE","F8","PERMISSIBLE_PURPOSE_OR_CONSENT","Fair Credit Reporting Act (FCRA)","§ 607(a) — 15 U.S.C. § 1681e(a)","US_FEDERAL","COUNTRY_WIDE_SOURCE","","","OWNER_ACCEPTED_LEGAL_AUTHORITY","STATUTE_OR_REGULATION","ESTABLISHED","LEGACY_RULE_PROVISION_AND_CITATION_EXACT","us-federal.fcra.607.a.reasonable_procedures_purpose_limits","","COUNTRY_WIDE_TO_SELECTED_REGION_RELATION_REQUIRED; REGISTER_DISPOSITION_UNRESOLVED","PRIOR_REVIEW_RECORD_NOT_HELD_IN_THIS_WORKSPACE; FORMAL_EDITION_OR_HISTORICAL_VERSION_NOT_RECORDED","UNRESOLVED","BLOCKED_MISSING_EVIDENCE","a durable per-ID corrected-logic rescreen disposition for CRP-LSRC-0040 - no register section, work-order ledger, catalogue field or SOURCE_CAPTURES evidence package in this workspace records one","ADMINISTRATIVE_RECONCILIATION; REPORT_FORMAT_AND_APPLICATION_DEPENDENCIES; READINESS_FOR_DETERMINISTIC_EVALUATION","NO"
"CRP-LSRC-0041","CONTENT_RULE","F4","REPORT_ACCURACY_OR_COMPLETENESS","Fair Credit Reporting Act (FCRA)","§ 607(b) — 15 U.S.C. § 1681e(b)","US_FEDERAL","COUNTRY_WIDE_SOURCE","","","OWNER_ACCEPTED_LEGAL_AUTHORITY","STATUTE_OR_REGULATION","ESTABLISHED_MULTIPLE_RECORDED_ROWS","LEGACY_RULE_PROVISION_AND_CITATION_EXACT","us-federal.fcra.607.b.accuracy_self_contradiction; us-federal.fcra.607.b.accuracy_external_truth","","COUNTRY_WIDE_TO_SELECTED_REGION_RELATION_REQUIRED; REGISTER_DISPOSITION_UNRESOLVED","PRIOR_REVIEW_RECORD_NOT_HELD_IN_THIS_WORKSPACE; FORMAL_EDITION_OR_HISTORICAL_VERSION_NOT_RECORDED","UNRESOLVED","BLOCKED_MISSING_EVIDENCE","a durable per-ID corrected-logic rescreen disposition for CRP-LSRC-0041 - no register section, work-order ledger, catalogue field or SOURCE_CAPTURES evidence package in this workspace records one","ADMINISTRATIVE_RECONCILIATION; REPORT_FORMAT_AND_APPLICATION_DEPENDENCIES; READINESS_FOR_DETERMINISTIC_EVALUATION","NO"
"CRP-LSRC-0042","CONTENT_RULE","F4","REPORT_ACCURACY_OR_COMPLETENESS","Fair Credit Reporting Act (FCRA)","§ 607(b) — 15 U.S.C. § 1681e(b)","US_FEDERAL","COUNTRY_WIDE_SOURCE","","","OWNER_ACCEPTED_LEGAL_AUTHORITY","STATUTE_OR_REGULATION","ESTABLISHED_MULTIPLE_RECORDED_ROWS","LEGACY_RULE_PROVISION_AND_CITATION_EXACT","us-federal.fcra.607.b.accuracy_self_contradiction; us-federal.fcra.607.b.accuracy_external_truth","","COUNTRY_WIDE_TO_SELECTED_REGION_RELATION_REQUIRED; REGISTER_DISPOSITION_UNRESOLVED","PRIOR_REVIEW_RECORD_NOT_HELD_IN_THIS_WORKSPACE; FORMAL_EDITION_OR_HISTORICAL_VERSION_NOT_RECORDED","UNRESOLVED","BLOCKED_MISSING_EVIDENCE","a durable per-ID corrected-logic rescreen disposition for CRP-LSRC-0042 - no register section, work-order ledger, catalogue field or SOURCE_CAPTURES evidence package in this workspace records one","ADMINISTRATIVE_RECONCILIATION; REPORT_FORMAT_AND_APPLICATION_DEPENDENCIES; READINESS_FOR_DETERMINISTIC_EVALUATION","NO"
"CRP-LSRC-0043","CONTENT_RULE","F5","DISCLOSURE_OR_FILE_ACCESS","Fair Credit Reporting Act (FCRA)","§ 609(a) — 15 U.S.C. § 1681g(a)","US_FEDERAL","COUNTRY_WIDE_SOURCE","","","OWNER_ACCEPTED_LEGAL_AUTHORITY","STATUTE_OR_REGULATION","ESTABLISHED","LEGACY_RULE_PROVISION_AND_CITATION_EXACT","us-federal.fcra.609.a.file_disclosure_contents","","COUNTRY_WIDE_TO_SELECTED_REGION_RELATION_REQUIRED; REGISTER_DISPOSITION_UNRESOLVED","PRIOR_REVIEW_RECORD_NOT_HELD_IN_THIS_WORKSPACE; FORMAL_EDITION_OR_HISTORICAL_VERSION_NOT_RECORDED","UNRESOLVED","BLOCKED_MISSING_EVIDENCE","a durable per-ID corrected-logic rescreen disposition for CRP-LSRC-0043 - no register section, work-order ledger, catalogue field or SOURCE_CAPTURES evidence package in this workspace records one","ADMINISTRATIVE_RECONCILIATION; REPORT_FORMAT_AND_APPLICATION_DEPENDENCIES; READINESS_FOR_DETERMINISTIC_EVALUATION","NO"
"CRP-LSRC-0044","CONTENT_RULE","F10","UNCLASSIFIED_SOURCE_FAMILY","Fair Credit Reporting Act (FCRA)","§ 609(a)(1) — 15 U.S.C. § 1681g(a)(1)","US_FEDERAL","COUNTRY_WIDE_SOURCE","","","OWNER_ACCEPTED_LEGAL_AUTHORITY","STATUTE_OR_REGULATION","ESTABLISHED","LEGACY_RULE_PROVISION_AND_CITATION_EXACT","us-federal.fcra.609.a.1.inquiries_displayed_on_request","","COUNTRY_WIDE_TO_SELECTED_REGION_RELATION_REQUIRED; REGISTER_DISPOSITION_UNRESOLVED","PRIOR_REVIEW_RECORD_NOT_HELD_IN_THIS_WORKSPACE; FORMAL_EDITION_OR_HISTORICAL_VERSION_NOT_RECORDED","UNRESOLVED","BLOCKED_MISSING_EVIDENCE","a durable per-ID corrected-logic rescreen disposition for CRP-LSRC-0044 - no register section, work-order ledger, catalogue field or SOURCE_CAPTURES evidence package in this workspace records one","ADMINISTRATIVE_RECONCILIATION; REPORT_FORMAT_AND_APPLICATION_DEPENDENCIES; READINESS_FOR_DETERMINISTIC_EVALUATION","NO"
"CRP-LSRC-0045","CONTENT_RULE","F5","DISCLOSURE_OR_FILE_ACCESS","Fair Credit Reporting Act (FCRA)","§ 609(f) — 15 U.S.C. § 1681g(f)","US_FEDERAL","COUNTRY_WIDE_SOURCE","","","OWNER_ACCEPTED_LEGAL_AUTHORITY","STATUTE_OR_REGULATION","ESTABLISHED","LEGACY_RULE_PROVISION_AND_CITATION_EXACT","us-federal.fcra.609.f.credit_score_disclosure","","COUNTRY_WIDE_TO_SELECTED_REGION_RELATION_REQUIRED; REGISTER_DISPOSITION_UNRESOLVED","PRIOR_REVIEW_RECORD_NOT_HELD_IN_THIS_WORKSPACE; FORMAL_EDITION_OR_HISTORICAL_VERSION_NOT_RECORDED","UNRESOLVED","BLOCKED_MISSING_EVIDENCE","a durable per-ID corrected-logic rescreen disposition for CRP-LSRC-0045 - no register section, work-order ledger, catalogue field or SOURCE_CAPTURES evidence package in this workspace records one","ADMINISTRATIVE_RECONCILIATION; REPORT_FORMAT_AND_APPLICATION_DEPENDENCIES; READINESS_FOR_DETERMINISTIC_EVALUATION","NO"
"CRP-LSRC-0046","CONTENT_RULE","F5","DISCLOSURE_OR_FILE_ACCESS","Fair Credit Reporting Act (FCRA)","§ 612(a)(1)(A) — 15 U.S.C. § 1681j(a)(1)(A)","US_FEDERAL","COUNTRY_WIDE_SOURCE","","","OWNER_ACCEPTED_LEGAL_AUTHORITY","STATUTE_OR_REGULATION","ESTABLISHED","LEGACY_RULE_PROVISION_AND_CITATION_EXACT","us-federal.fcra.612.a.free_annual_disclosure","","COUNTRY_WIDE_TO_SELECTED_REGION_RELATION_REQUIRED; REGISTER_DISPOSITION_UNRESOLVED","PRIOR_REVIEW_RECORD_NOT_HELD_IN_THIS_WORKSPACE; FORMAL_EDITION_OR_HISTORICAL_VERSION_NOT_RECORDED","UNRESOLVED","BLOCKED_MISSING_EVIDENCE","a durable per-ID corrected-logic rescreen disposition for CRP-LSRC-0046 - no register section, work-order ledger, catalogue field or SOURCE_CAPTURES evidence package in this workspace records one","ADMINISTRATIVE_RECONCILIATION; REPORT_FORMAT_AND_APPLICATION_DEPENDENCIES; READINESS_FOR_DETERMINISTIC_EVALUATION","NO"
"CRP-LSRC-0047","CONTENT_RULE","F5","DISCLOSURE_OR_FILE_ACCESS","Fair Credit Reporting Act (FCRA)","§ 612(f)(1) — 15 U.S.C. § 1681j(f)(1)","US_FEDERAL","COUNTRY_WIDE_SOURCE","","","OWNER_ACCEPTED_LEGAL_AUTHORITY","STATUTE_OR_REGULATION","ESTABLISHED","LEGACY_RULE_PROVISION_AND_CITATION_EXACT","us-federal.fcra.612.f.reasonable_charge_cap","","COUNTRY_WIDE_TO_SELECTED_REGION_RELATION_REQUIRED; REGISTER_DISPOSITION_UNRESOLVED","PRIOR_REVIEW_RECORD_NOT_HELD_IN_THIS_WORKSPACE; FORMAL_EDITION_OR_HISTORICAL_VERSION_NOT_RECORDED","UNRESOLVED","BLOCKED_MISSING_EVIDENCE","a durable per-ID corrected-logic rescreen disposition for CRP-LSRC-0047 - no register section, work-order ledger, catalogue field or SOURCE_CAPTURES evidence package in this workspace records one","ADMINISTRATIVE_RECONCILIATION; REPORT_FORMAT_AND_APPLICATION_DEPENDENCIES; READINESS_FOR_DETERMINISTIC_EVALUATION","NO"
"CRP-LSRC-0048","CONTENT_RULE","F6","DISPUTE_OR_CORRECTION","Fair Credit Reporting Act (FCRA)","§ 611(a)(1)(A) — 15 U.S.C. § 1681i(a)(1)(A)","US_FEDERAL","COUNTRY_WIDE_SOURCE","","","OWNER_ACCEPTED_LEGAL_AUTHORITY","STATUTE_OR_REGULATION","ESTABLISHED","LEGACY_RULE_PROVISION_AND_CITATION_EXACT","us-federal.fcra.611.a.1.30_day_reinvestigation","","COUNTRY_WIDE_TO_SELECTED_REGION_RELATION_REQUIRED; REGISTER_DISPOSITION_UNRESOLVED","PRIOR_REVIEW_RECORD_NOT_HELD_IN_THIS_WORKSPACE; FORMAL_EDITION_OR_HISTORICAL_VERSION_NOT_RECORDED","UNRESOLVED","BLOCKED_MISSING_EVIDENCE","a durable per-ID corrected-logic rescreen disposition for CRP-LSRC-0048 - no register section, work-order ledger, catalogue field or SOURCE_CAPTURES evidence package in this workspace records one","ADMINISTRATIVE_RECONCILIATION; REPORT_FORMAT_AND_APPLICATION_DEPENDENCIES; READINESS_FOR_DETERMINISTIC_EVALUATION","NO"
"CRP-LSRC-0049","CONTENT_RULE","F6","DISPUTE_OR_CORRECTION","Fair Credit Reporting Act (FCRA)","§ 611(a)(5)(A) — 15 U.S.C. § 1681i(a)(5)(A)","US_FEDERAL","COUNTRY_WIDE_SOURCE","","","OWNER_ACCEPTED_LEGAL_AUTHORITY","STATUTE_OR_REGULATION","ESTABLISHED","LEGACY_RULE_PROVISION_AND_CITATION_EXACT","us-federal.fcra.611.a.5.delete_or_modify_inaccurate","","COUNTRY_WIDE_TO_SELECTED_REGION_RELATION_REQUIRED; REGISTER_DISPOSITION_UNRESOLVED","PRIOR_REVIEW_RECORD_NOT_HELD_IN_THIS_WORKSPACE; FORMAL_EDITION_OR_HISTORICAL_VERSION_NOT_RECORDED","UNRESOLVED","BLOCKED_MISSING_EVIDENCE","a durable per-ID corrected-logic rescreen disposition for CRP-LSRC-0049 - no register section, work-order ledger, catalogue field or SOURCE_CAPTURES evidence package in this workspace records one","ADMINISTRATIVE_RECONCILIATION; REPORT_FORMAT_AND_APPLICATION_DEPENDENCIES; READINESS_FOR_DETERMINISTIC_EVALUATION","NO"
"CRP-LSRC-0050","CONTENT_RULE","F6","DISPUTE_OR_CORRECTION","Fair Credit Reporting Act (FCRA)","§ 611(c) — 15 U.S.C. § 1681i(c)","US_FEDERAL","COUNTRY_WIDE_SOURCE","","","OWNER_ACCEPTED_LEGAL_AUTHORITY","STATUTE_OR_REGULATION","ESTABLISHED","LEGACY_RULE_PROVISION_AND_CITATION_EXACT","us-federal.fcra.611.c.dispute_notation_in_subsequent_reports","","COUNTRY_WIDE_TO_SELECTED_REGION_RELATION_REQUIRED; REGISTER_DISPOSITION_UNRESOLVED","PRIOR_REVIEW_RECORD_NOT_HELD_IN_THIS_WORKSPACE; FORMAL_EDITION_OR_HISTORICAL_VERSION_NOT_RECORDED","UNRESOLVED","BLOCKED_MISSING_EVIDENCE","a durable per-ID corrected-logic rescreen disposition for CRP-LSRC-0050 - no register section, work-order ledger, catalogue field or SOURCE_CAPTURES evidence package in this workspace records one","ADMINISTRATIVE_RECONCILIATION; REPORT_FORMAT_AND_APPLICATION_DEPENDENCIES; READINESS_FOR_DETERMINISTIC_EVALUATION","NO"
"CRP-LSRC-0051","CONTENT_RULE","F6","DISPUTE_OR_CORRECTION","Fair Credit Reporting Act (FCRA)","§ 611(d) — 15 U.S.C. § 1681i(d)","US_FEDERAL","COUNTRY_WIDE_SOURCE","","","OWNER_ACCEPTED_LEGAL_AUTHORITY","STATUTE_OR_REGULATION","ESTABLISHED","LEGACY_RULE_PROVISION_AND_CITATION_EXACT","us-federal.fcra.611.d.deletion_notification_to_designees","","COUNTRY_WIDE_TO_SELECTED_REGION_RELATION_REQUIRED; REGISTER_DISPOSITION_UNRESOLVED","PRIOR_REVIEW_RECORD_NOT_HELD_IN_THIS_WORKSPACE; FORMAL_EDITION_OR_HISTORICAL_VERSION_NOT_RECORDED","UNRESOLVED","BLOCKED_MISSING_EVIDENCE","a durable per-ID corrected-logic rescreen disposition for CRP-LSRC-0051 - no register section, work-order ledger, catalogue field or SOURCE_CAPTURES evidence package in this workspace records one","ADMINISTRATIVE_RECONCILIATION; REPORT_FORMAT_AND_APPLICATION_DEPENDENCIES; READINESS_FOR_DETERMINISTIC_EVALUATION","NO"
"CRP-LSRC-0052","CONTENT_RULE","F3","PRIVACY_OR_DATA_HANDLING","Fair Credit Reporting Act (FCRA)","§ 611(g) — 15 U.S.C. § 1681i(g)","US_FEDERAL","COUNTRY_WIDE_SOURCE","","","OWNER_ACCEPTED_LEGAL_AUTHORITY","STATUTE_OR_REGULATION","ESTABLISHED","LEGACY_RULE_PROVISION_AND_CITATION_EXACT","us-federal.fcra.611.g.veterans_medical_debt_dispute","","COUNTRY_WIDE_TO_SELECTED_REGION_RELATION_REQUIRED; REGISTER_DISPOSITION_UNRESOLVED","PRIOR_REVIEW_RECORD_NOT_HELD_IN_THIS_WORKSPACE; FORMAL_EDITION_OR_HISTORICAL_VERSION_NOT_RECORDED","UNRESOLVED","BLOCKED_MISSING_EVIDENCE","a durable per-ID corrected-logic rescreen disposition for CRP-LSRC-0052 - no register section, work-order ledger, catalogue field or SOURCE_CAPTURES evidence package in this workspace records one","ADMINISTRATIVE_RECONCILIATION; REPORT_FORMAT_AND_APPLICATION_DEPENDENCIES; READINESS_FOR_DETERMINISTIC_EVALUATION","NO"
"CRP-LSRC-0053","CONTENT_RULE","F1","LIMITATION_OR_RETENTION","Fair Credit Reporting Act (FCRA)","§ 623(a)(5)(A) — 15 U.S.C. § 1681s-2(a)(5)(A)","US_FEDERAL","COUNTRY_WIDE_SOURCE","","","OWNER_ACCEPTED_LEGAL_AUTHORITY","STATUTE_OR_REGULATION","ESTABLISHED_MULTIPLE_RECORDED_ROWS","LEGACY_RULE_PROVISION_AND_CITATION_EXACT","us-federal.fcra.623.a.5.dofd_notice_to_agency; us-federal.fcra.623.a.5.dofd_omission_in_report","","COUNTRY_WIDE_TO_SELECTED_REGION_RELATION_REQUIRED; REGISTER_DISPOSITION_UNRESOLVED","PRIOR_REVIEW_RECORD_NOT_HELD_IN_THIS_WORKSPACE; FORMAL_EDITION_OR_HISTORICAL_VERSION_NOT_RECORDED","UNRESOLVED","BLOCKED_MISSING_EVIDENCE","a durable per-ID corrected-logic rescreen disposition for CRP-LSRC-0053 - no register section, work-order ledger, catalogue field or SOURCE_CAPTURES evidence package in this workspace records one","ADMINISTRATIVE_RECONCILIATION; REPORT_FORMAT_AND_APPLICATION_DEPENDENCIES; READINESS_FOR_DETERMINISTIC_EVALUATION","NO"
"CRP-LSRC-0054","CONTENT_RULE","F1","LIMITATION_OR_RETENTION","Fair Credit Reporting Act (FCRA)","§ 623(a)(5)(A) — 15 U.S.C. § 1681s-2(a)(5)(A)","US_FEDERAL","COUNTRY_WIDE_SOURCE","","","OWNER_ACCEPTED_LEGAL_AUTHORITY","STATUTE_OR_REGULATION","ESTABLISHED_MULTIPLE_RECORDED_ROWS","LEGACY_RULE_PROVISION_AND_CITATION_EXACT","us-federal.fcra.623.a.5.dofd_notice_to_agency; us-federal.fcra.623.a.5.dofd_omission_in_report","","COUNTRY_WIDE_TO_SELECTED_REGION_RELATION_REQUIRED; REGISTER_DISPOSITION_UNRESOLVED","PRIOR_REVIEW_RECORD_NOT_HELD_IN_THIS_WORKSPACE; FORMAL_EDITION_OR_HISTORICAL_VERSION_NOT_RECORDED","UNRESOLVED","BLOCKED_MISSING_EVIDENCE","a durable per-ID corrected-logic rescreen disposition for CRP-LSRC-0054 - no register section, work-order ledger, catalogue field or SOURCE_CAPTURES evidence package in this workspace records one","ADMINISTRATIVE_RECONCILIATION; REPORT_FORMAT_AND_APPLICATION_DEPENDENCIES; READINESS_FOR_DETERMINISTIC_EVALUATION","NO"
"CRP-LSRC-0055","CONTENT_RULE","F4","REPORT_ACCURACY_OR_COMPLETENESS","Fair Credit Reporting Act (FCRA)","§ 623(a)(7) — 15 U.S.C. § 1681s-2(a)(7)","US_FEDERAL","COUNTRY_WIDE_SOURCE","","","OWNER_ACCEPTED_LEGAL_AUTHORITY","STATUTE_OR_REGULATION","ESTABLISHED","LEGACY_RULE_PROVISION_AND_CITATION_EXACT","us-federal.fcra.623.a.7.negative_information_notice","","COUNTRY_WIDE_TO_SELECTED_REGION_RELATION_REQUIRED; REGISTER_DISPOSITION_UNRESOLVED","PRIOR_REVIEW_RECORD_NOT_HELD_IN_THIS_WORKSPACE; FORMAL_EDITION_OR_HISTORICAL_VERSION_NOT_RECORDED","UNRESOLVED","BLOCKED_MISSING_EVIDENCE","a durable per-ID corrected-logic rescreen disposition for CRP-LSRC-0055 - no register section, work-order ledger, catalogue field or SOURCE_CAPTURES evidence package in this workspace records one","ADMINISTRATIVE_RECONCILIATION; REPORT_FORMAT_AND_APPLICATION_DEPENDENCIES; READINESS_FOR_DETERMINISTIC_EVALUATION","NO"
"CRP-LSRC-0056","CONTENT_RULE","F10","UNCLASSIFIED_SOURCE_FAMILY","Fair Credit Reporting Act (FCRA)","§ 623(a)(8) — 15 U.S.C. § 1681s-2(a)(8)","US_FEDERAL","COUNTRY_WIDE_SOURCE","","","OWNER_ACCEPTED_LEGAL_AUTHORITY","STATUTE_OR_REGULATION","ESTABLISHED","LEGACY_RULE_PROVISION_AND_CITATION_EXACT","us-federal.fcra.623.a.8.voluntary_closure_notice","","COUNTRY_WIDE_TO_SELECTED_REGION_RELATION_REQUIRED; REGISTER_DISPOSITION_UNRESOLVED","PRIOR_REVIEW_RECORD_NOT_HELD_IN_THIS_WORKSPACE; FORMAL_EDITION_OR_HISTORICAL_VERSION_NOT_RECORDED","UNRESOLVED","BLOCKED_MISSING_EVIDENCE","a durable per-ID corrected-logic rescreen disposition for CRP-LSRC-0056 - no register section, work-order ledger, catalogue field or SOURCE_CAPTURES evidence package in this workspace records one","ADMINISTRATIVE_RECONCILIATION; REPORT_FORMAT_AND_APPLICATION_DEPENDENCIES; READINESS_FOR_DETERMINISTIC_EVALUATION","NO"
"CRP-LSRC-0057","CONTENT_RULE","F4","REPORT_ACCURACY_OR_COMPLETENESS","Fair Credit Reporting Act (FCRA)","§ 623(b)(1) — 15 U.S.C. § 1681s-2(b)(1)","US_FEDERAL","COUNTRY_WIDE_SOURCE","","","OWNER_ACCEPTED_LEGAL_AUTHORITY","STATUTE_OR_REGULATION","ESTABLISHED","LEGACY_RULE_PROVISION_AND_CITATION_EXACT","us-federal.fcra.623.b.duties_after_notice_of_dispute","","COUNTRY_WIDE_TO_SELECTED_REGION_RELATION_REQUIRED; REGISTER_DISPOSITION_UNRESOLVED","PRIOR_REVIEW_RECORD_NOT_HELD_IN_THIS_WORKSPACE; FORMAL_EDITION_OR_HISTORICAL_VERSION_NOT_RECORDED","UNRESOLVED","BLOCKED_MISSING_EVIDENCE","a durable per-ID corrected-logic rescreen disposition for CRP-LSRC-0057 - no register section, work-order ledger, catalogue field or SOURCE_CAPTURES evidence package in this workspace records one","ADMINISTRATIVE_RECONCILIATION; REPORT_FORMAT_AND_APPLICATION_DEPENDENCIES; READINESS_FOR_DETERMINISTIC_EVALUATION","NO"
"CRP-LSRC-0058","CONTENT_RULE","F4","REPORT_ACCURACY_OR_COMPLETENESS","Fair Credit Reporting Act (FCRA)","§ 623(e) — 15 U.S.C. § 1681s-2(e)","US_FEDERAL","COUNTRY_WIDE_SOURCE","","","OWNER_ACCEPTED_LEGAL_AUTHORITY","STATUTE_OR_REGULATION","ESTABLISHED","LEGACY_RULE_PROVISION_AND_CITATION_EXACT","us-federal.fcra.623.e.accuracy_guidelines_rulemaking","","COUNTRY_WIDE_TO_SELECTED_REGION_RELATION_REQUIRED; REGISTER_DISPOSITION_UNRESOLVED","PRIOR_REVIEW_RECORD_NOT_HELD_IN_THIS_WORKSPACE; FORMAL_EDITION_OR_HISTORICAL_VERSION_NOT_RECORDED","UNRESOLVED","BLOCKED_MISSING_EVIDENCE","a durable per-ID corrected-logic rescreen disposition for CRP-LSRC-0058 - no register section, work-order ledger, catalogue field or SOURCE_CAPTURES evidence package in this workspace records one","ADMINISTRATIVE_RECONCILIATION; REPORT_FORMAT_AND_APPLICATION_DEPENDENCIES; READINESS_FOR_DETERMINISTIC_EVALUATION","NO"
"CRP-LSRC-0059","CONTENT_RULE","F10","UNCLASSIFIED_SOURCE_FAMILY","Fair Credit Reporting Act (FCRA)","§ 625 — 15 U.S.C. § 1681t","US_FEDERAL","COUNTRY_WIDE_SOURCE","","","OWNER_ACCEPTED_LEGAL_AUTHORITY","STATUTE_OR_REGULATION","ESTABLISHED","LEGACY_RULE_PROVISION_AND_CITATION_EXACT","us-federal.fcra.625.relation_to_state_laws","PREEMPTION_ONLY","COUNTRY_WIDE_TO_SELECTED_REGION_RELATION_REQUIRED; REGISTER_DISPOSITION_UNRESOLVED","PRIOR_REVIEW_RECORD_NOT_HELD_IN_THIS_WORKSPACE; FORMAL_EDITION_OR_HISTORICAL_VERSION_NOT_RECORDED","UNRESOLVED","BLOCKED_MISSING_EVIDENCE","a durable per-ID corrected-logic rescreen disposition for CRP-LSRC-0059 - no register section, work-order ledger, catalogue field or SOURCE_CAPTURES evidence package in this workspace records one","ADMINISTRATIVE_RECONCILIATION; REPORT_FORMAT_AND_APPLICATION_DEPENDENCIES; READINESS_FOR_DETERMINISTIC_EVALUATION","NO"
"CRP-LSRC-0060","CONTENT_RULE","F10","UNCLASSIFIED_SOURCE_FAMILY","Fair Credit Reporting Act (FCRA)","§ 628 — 15 U.S.C. § 1681w","US_FEDERAL","COUNTRY_WIDE_SOURCE","","","OWNER_ACCEPTED_LEGAL_AUTHORITY","STATUTE_OR_REGULATION","ESTABLISHED","LEGACY_RULE_PROVISION_AND_CITATION_EXACT","us-federal.fcra.628.disposal_of_records","RULE_FOUND","COUNTRY_WIDE_TO_SELECTED_REGION_RELATION_REQUIRED; REGISTER_DISPOSITION_UNRESOLVED","PRIOR_REVIEW_RECORD_NOT_HELD_IN_THIS_WORKSPACE; FORMAL_EDITION_OR_HISTORICAL_VERSION_NOT_RECORDED","UNRESOLVED","BLOCKED_MISSING_EVIDENCE","a durable per-ID corrected-logic rescreen disposition for CRP-LSRC-0060 - no register section, work-order ledger, catalogue field or SOURCE_CAPTURES evidence package in this workspace records one","ADMINISTRATIVE_RECONCILIATION; REPORT_FORMAT_AND_APPLICATION_DEPENDENCIES; READINESS_FOR_DETERMINISTIC_EVALUATION","NO"
"CRP-LSRC-0061","CONTENT_RULE","F10","UNCLASSIFIED_SOURCE_FAMILY","Fair Credit Reporting Act (FCRA)","§ 629 — 15 U.S.C. § 1681x","US_FEDERAL","COUNTRY_WIDE_SOURCE","","","OWNER_ACCEPTED_LEGAL_AUTHORITY","STATUTE_OR_REGULATION","ESTABLISHED","LEGACY_RULE_PROVISION_AND_CITATION_EXACT","us-federal.fcra.629.corporate_circumvention_prohibited","RULE_FOUND","COUNTRY_WIDE_TO_SELECTED_REGION_RELATION_REQUIRED; REGISTER_DISPOSITION_UNRESOLVED","PRIOR_REVIEW_RECORD_NOT_HELD_IN_THIS_WORKSPACE; FORMAL_EDITION_OR_HISTORICAL_VERSION_NOT_RECORDED","UNRESOLVED","BLOCKED_MISSING_EVIDENCE","a durable per-ID corrected-logic rescreen disposition for CRP-LSRC-0061 - no register section, work-order ledger, catalogue field or SOURCE_CAPTURES evidence package in this workspace records one","ADMINISTRATIVE_RECONCILIATION; REPORT_FORMAT_AND_APPLICATION_DEPENDENCIES; READINESS_FOR_DETERMINISTIC_EVALUATION","NO"
"CRP-LSRC-0062","CONTENT_RULE","F3","PRIVACY_OR_DATA_HANDLING","Regulation V — Fair Credit Reporting (12 C.F.R. part 1022)","§ 1022.38 — 12 CFR § 1022.38","US_FEDERAL","COUNTRY_WIDE_SOURCE","","","OWNER_ACCEPTED_LEGAL_AUTHORITY","STATUTE_OR_REGULATION","ESTABLISHED","LEGACY_RULE_PROVISION_AND_CITATION_EXACT","us-federal.regv.1022.38.medical_debt_information_condition","RULE_FOUND","COUNTRY_WIDE_TO_SELECTED_REGION_RELATION_REQUIRED; REGISTER_DISPOSITION_UNRESOLVED","PRIOR_REVIEW_RECORD_NOT_HELD_IN_THIS_WORKSPACE; FORMAL_EDITION_OR_HISTORICAL_VERSION_NOT_RECORDED","UNRESOLVED","BLOCKED_MISSING_EVIDENCE","a durable per-ID corrected-logic rescreen disposition for CRP-LSRC-0062 - no register section, work-order ledger, catalogue field or SOURCE_CAPTURES evidence package in this workspace records one","ADMINISTRATIVE_RECONCILIATION; REPORT_FORMAT_AND_APPLICATION_DEPENDENCIES; READINESS_FOR_DETERMINISTIC_EVALUATION","NO"
"CRP-LSRC-0063","CONTENT_RULE","F9","IDENTITY_THEFT_OR_MIXED_FILE","Regulation V — Fair Credit Reporting (12 C.F.R. part 1022)","§ 1022.121 — 12 CFR § 1022.121","US_FEDERAL","COUNTRY_WIDE_SOURCE","","","OWNER_ACCEPTED_LEGAL_AUTHORITY","STATUTE_OR_REGULATION","ESTABLISHED","LEGACY_RULE_PROVISION_AND_CITATION_EXACT","us-federal.regv.1022.121.active_duty_alert_duration","RULE_FOUND","COUNTRY_WIDE_TO_SELECTED_REGION_RELATION_REQUIRED; REGISTER_DISPOSITION_UNRESOLVED","PRIOR_REVIEW_RECORD_NOT_HELD_IN_THIS_WORKSPACE; FORMAL_EDITION_OR_HISTORICAL_VERSION_NOT_RECORDED","UNRESOLVED","BLOCKED_MISSING_EVIDENCE","a durable per-ID corrected-logic rescreen disposition for CRP-LSRC-0063 - no register section, work-order ledger, catalogue field or SOURCE_CAPTURES evidence package in this workspace records one","ADMINISTRATIVE_RECONCILIATION; REPORT_FORMAT_AND_APPLICATION_DEPENDENCIES; READINESS_FOR_DETERMINISTIC_EVALUATION","NO"
"CRP-LSRC-0064","CONTENT_RULE","F9","IDENTITY_THEFT_OR_MIXED_FILE","Regulation V — Fair Credit Reporting (12 C.F.R. part 1022)","§ 1022.123 — 12 CFR § 1022.123","US_FEDERAL","COUNTRY_WIDE_SOURCE","","","OWNER_ACCEPTED_LEGAL_AUTHORITY","STATUTE_OR_REGULATION","ESTABLISHED","LEGACY_RULE_PROVISION_AND_CITATION_EXACT","us-federal.regv.1022.123.proof_of_identity_requirements","RULE_FOUND","COUNTRY_WIDE_TO_SELECTED_REGION_RELATION_REQUIRED; REGISTER_DISPOSITION_UNRESOLVED","PRIOR_REVIEW_RECORD_NOT_HELD_IN_THIS_WORKSPACE; FORMAL_EDITION_OR_HISTORICAL_VERSION_NOT_RECORDED","UNRESOLVED","BLOCKED_MISSING_EVIDENCE","a durable per-ID corrected-logic rescreen disposition for CRP-LSRC-0064 - no register section, work-order ledger, catalogue field or SOURCE_CAPTURES evidence package in this workspace records one","ADMINISTRATIVE_RECONCILIATION; REPORT_FORMAT_AND_APPLICATION_DEPENDENCIES; READINESS_FOR_DETERMINISTIC_EVALUATION","NO"
"CRP-LSRC-0065","CONTENT_RULE","F5","DISCLOSURE_OR_FILE_ACCESS","Regulation V — Fair Credit Reporting (12 C.F.R. part 1022)","§ 1022.136 — 12 CFR § 1022.136","US_FEDERAL","COUNTRY_WIDE_SOURCE","","","OWNER_ACCEPTED_LEGAL_AUTHORITY","STATUTE_OR_REGULATION","ESTABLISHED","LEGACY_RULE_PROVISION_AND_CITATION_EXACT","us-federal.regv.1022.136.centralized_source","RULE_FOUND","COUNTRY_WIDE_TO_SELECTED_REGION_RELATION_REQUIRED; REGISTER_DISPOSITION_UNRESOLVED","PRIOR_REVIEW_RECORD_NOT_HELD_IN_THIS_WORKSPACE; FORMAL_EDITION_OR_HISTORICAL_VERSION_NOT_RECORDED","UNRESOLVED","BLOCKED_MISSING_EVIDENCE","a durable per-ID corrected-logic rescreen disposition for CRP-LSRC-0065 - no register section, work-order ledger, catalogue field or SOURCE_CAPTURES evidence package in this workspace records one","ADMINISTRATIVE_RECONCILIATION; REPORT_FORMAT_AND_APPLICATION_DEPENDENCIES; READINESS_FOR_DETERMINISTIC_EVALUATION","NO"
"CRP-LSRC-0066","CONTENT_RULE","F5","DISCLOSURE_OR_FILE_ACCESS","Regulation V — Fair Credit Reporting (12 C.F.R. part 1022)","§ 1022.137 — 12 CFR § 1022.137","US_FEDERAL","COUNTRY_WIDE_SOURCE","","","OWNER_ACCEPTED_LEGAL_AUTHORITY","STATUTE_OR_REGULATION","ESTABLISHED","LEGACY_RULE_PROVISION_AND_CITATION_EXACT","us-federal.regv.1022.137.streamlined_process","RULE_FOUND","COUNTRY_WIDE_TO_SELECTED_REGION_RELATION_REQUIRED; REGISTER_DISPOSITION_UNRESOLVED","PRIOR_REVIEW_RECORD_NOT_HELD_IN_THIS_WORKSPACE; FORMAL_EDITION_OR_HISTORICAL_VERSION_NOT_RECORDED","UNRESOLVED","BLOCKED_MISSING_EVIDENCE","a durable per-ID corrected-logic rescreen disposition for CRP-LSRC-0066 - no register section, work-order ledger, catalogue field or SOURCE_CAPTURES evidence package in this workspace records one","ADMINISTRATIVE_RECONCILIATION; REPORT_FORMAT_AND_APPLICATION_DEPENDENCIES; READINESS_FOR_DETERMINISTIC_EVALUATION","NO"
"CRP-LSRC-0067","CONTENT_RULE","F5","DISCLOSURE_OR_FILE_ACCESS","Regulation V — Fair Credit Reporting (12 C.F.R. part 1022)","§ 1022.138 — 12 CFR § 1022.138","US_FEDERAL","COUNTRY_WIDE_SOURCE","","","OWNER_ACCEPTED_LEGAL_AUTHORITY","STATUTE_OR_REGULATION","ESTABLISHED","LEGACY_RULE_PROVISION_AND_CITATION_EXACT","us-federal.regv.1022.138.deceptive_marketing_of_free_reports","RULE_FOUND","COUNTRY_WIDE_TO_SELECTED_REGION_RELATION_REQUIRED; REGISTER_DISPOSITION_UNRESOLVED","PRIOR_REVIEW_RECORD_NOT_HELD_IN_THIS_WORKSPACE; FORMAL_EDITION_OR_HISTORICAL_VERSION_NOT_RECORDED","UNRESOLVED","BLOCKED_MISSING_EVIDENCE","a durable per-ID corrected-logic rescreen disposition for CRP-LSRC-0067 - no register section, work-order ledger, catalogue field or SOURCE_CAPTURES evidence package in this workspace records one","ADMINISTRATIVE_RECONCILIATION; REPORT_FORMAT_AND_APPLICATION_DEPENDENCIES; READINESS_FOR_DETERMINISTIC_EVALUATION","NO"
"CRP-LSRC-0068","CONTENT_RULE","F10","UNCLASSIFIED_SOURCE_FAMILY","Regulation V — Fair Credit Reporting (12 C.F.R. part 1022)","§ 1022.140 — 12 CFR § 1022.140","US_FEDERAL","COUNTRY_WIDE_SOURCE","","","OWNER_ACCEPTED_LEGAL_AUTHORITY","STATUTE_OR_REGULATION","ESTABLISHED","LEGACY_RULE_PROVISION_AND_CITATION_EXACT","us-federal.regv.1022.140.circumvention_prohibition","RULE_FOUND","COUNTRY_WIDE_TO_SELECTED_REGION_RELATION_REQUIRED; REGISTER_DISPOSITION_UNRESOLVED","PRIOR_REVIEW_RECORD_NOT_HELD_IN_THIS_WORKSPACE; FORMAL_EDITION_OR_HISTORICAL_VERSION_NOT_RECORDED","UNRESOLVED","BLOCKED_MISSING_EVIDENCE","a durable per-ID corrected-logic rescreen disposition for CRP-LSRC-0068 - no register section, work-order ledger, catalogue field or SOURCE_CAPTURES evidence package in this workspace records one","ADMINISTRATIVE_RECONCILIATION; REPORT_FORMAT_AND_APPLICATION_DEPENDENCIES; READINESS_FOR_DETERMINISTIC_EVALUATION","NO"
"CRP-LSRC-0069","CONTENT_RULE","F5","DISCLOSURE_OR_FILE_ACCESS","Regulation V — Fair Credit Reporting (12 C.F.R. part 1022)","§ 1022.141 — 12 CFR § 1022.141","US_FEDERAL","COUNTRY_WIDE_SOURCE","","","OWNER_ACCEPTED_LEGAL_AUTHORITY","STATUTE_OR_REGULATION","ESTABLISHED","LEGACY_RULE_PROVISION_AND_CITATION_EXACT","us-federal.regv.1022.141.reasonable_charges","RULE_FOUND","COUNTRY_WIDE_TO_SELECTED_REGION_RELATION_REQUIRED; REGISTER_DISPOSITION_UNRESOLVED","PRIOR_REVIEW_RECORD_NOT_HELD_IN_THIS_WORKSPACE; FORMAL_EDITION_OR_HISTORICAL_VERSION_NOT_RECORDED","UNRESOLVED","BLOCKED_MISSING_EVIDENCE","a durable per-ID corrected-logic rescreen disposition for CRP-LSRC-0069 - no register section, work-order ledger, catalogue field or SOURCE_CAPTURES evidence package in this workspace records one","ADMINISTRATIVE_RECONCILIATION; REPORT_FORMAT_AND_APPLICATION_DEPENDENCIES; READINESS_FOR_DETERMINISTIC_EVALUATION","NO"
"CRP-LSRC-0070","CONTENT_RULE","F1","LIMITATION_OR_RETENTION","Regulation V — Fair Credit Reporting (12 C.F.R. part 1022)","§ 1022.142 — 12 CFR § 1022.142","US_FEDERAL","COUNTRY_WIDE_SOURCE","","","OWNER_ACCEPTED_LEGAL_AUTHORITY","STATUTE_OR_REGULATION","ESTABLISHED","LEGACY_RULE_PROVISION_AND_CITATION_EXACT","us-federal.regv.1022.142.trafficking_adverse_information","RULE_FOUND","COUNTRY_WIDE_TO_SELECTED_REGION_RELATION_REQUIRED; REGISTER_DISPOSITION_UNRESOLVED","PRIOR_REVIEW_RECORD_NOT_HELD_IN_THIS_WORKSPACE; FORMAL_EDITION_OR_HISTORICAL_VERSION_NOT_RECORDED","UNRESOLVED","BLOCKED_MISSING_EVIDENCE","a durable per-ID corrected-logic rescreen disposition for CRP-LSRC-0070 - no register section, work-order ledger, catalogue field or SOURCE_CAPTURES evidence package in this workspace records one","ADMINISTRATIVE_RECONCILIATION; REPORT_FORMAT_AND_APPLICATION_DEPENDENCIES; READINESS_FOR_DETERMINISTIC_EVALUATION","NO"
"CRP-LSRC-0071","CONTENT_RULE","F10","UNCLASSIFIED_SOURCE_FAMILY","Regulation V — Fair Credit Reporting (12 C.F.R. part 1022)","§ 1022.82 — 12 CFR § 1022.82","US_FEDERAL","COUNTRY_WIDE_SOURCE","","","OWNER_ACCEPTED_LEGAL_AUTHORITY","STATUTE_OR_REGULATION","ESTABLISHED","LEGACY_RULE_PROVISION_AND_CITATION_EXACT","us-federal.regv.1022.82.address_discrepancy_duties","RULE_FOUND","COUNTRY_WIDE_TO_SELECTED_REGION_RELATION_REQUIRED; REGISTER_DISPOSITION_UNRESOLVED","PRIOR_REVIEW_RECORD_NOT_HELD_IN_THIS_WORKSPACE; FORMAL_EDITION_OR_HISTORICAL_VERSION_NOT_RECORDED","UNRESOLVED","BLOCKED_MISSING_EVIDENCE","a durable per-ID corrected-logic rescreen disposition for CRP-LSRC-0071 - no register section, work-order ledger, catalogue field or SOURCE_CAPTURES evidence package in this workspace records one","ADMINISTRATIVE_RECONCILIATION; REPORT_FORMAT_AND_APPLICATION_DEPENDENCIES; READINESS_FOR_DETERMINISTIC_EVALUATION","NO"
"CRP-LSRC-0072","CONTENT_RULE","F3","PRIVACY_OR_DATA_HANDLING","Regulation V — Fair Credit Reporting (12 C.F.R. part 1022)","§ 1022.30 — 12 CFR § 1022.30","US_FEDERAL","COUNTRY_WIDE_SOURCE","","","OWNER_ACCEPTED_LEGAL_AUTHORITY","STATUTE_OR_REGULATION","ESTABLISHED","LEGACY_RULE_PROVISION_AND_CITATION_EXACT","us-federal.regv.1022.30.medical_information_use_by_creditor","RULE_FOUND","COUNTRY_WIDE_TO_SELECTED_REGION_RELATION_REQUIRED; REGISTER_DISPOSITION_UNRESOLVED","PRIOR_REVIEW_RECORD_NOT_HELD_IN_THIS_WORKSPACE; FORMAL_EDITION_OR_HISTORICAL_VERSION_NOT_RECORDED","UNRESOLVED","BLOCKED_MISSING_EVIDENCE","a durable per-ID corrected-logic rescreen disposition for CRP-LSRC-0072 - no register section, work-order ledger, catalogue field or SOURCE_CAPTURES evidence package in this workspace records one","ADMINISTRATIVE_RECONCILIATION; REPORT_FORMAT_AND_APPLICATION_DEPENDENCIES; READINESS_FOR_DETERMINISTIC_EVALUATION","NO"
"CRP-LSRC-0073","CONTENT_RULE","F4","REPORT_ACCURACY_OR_COMPLETENESS","Regulation V — Fair Credit Reporting (12 C.F.R. part 1022)","§ 1022.42 — 12 CFR § 1022.42","US_FEDERAL","COUNTRY_WIDE_SOURCE","","","OWNER_ACCEPTED_LEGAL_AUTHORITY","STATUTE_OR_REGULATION","ESTABLISHED","LEGACY_RULE_PROVISION_AND_CITATION_EXACT","us-federal.regv.1022.42.furnisher_accuracy_policies","RULE_FOUND","COUNTRY_WIDE_TO_SELECTED_REGION_RELATION_REQUIRED; REGISTER_DISPOSITION_UNRESOLVED","PRIOR_REVIEW_RECORD_NOT_HELD_IN_THIS_WORKSPACE; FORMAL_EDITION_OR_HISTORICAL_VERSION_NOT_RECORDED","UNRESOLVED","BLOCKED_MISSING_EVIDENCE","a durable per-ID corrected-logic rescreen disposition for CRP-LSRC-0073 - no register section, work-order ledger, catalogue field or SOURCE_CAPTURES evidence package in this workspace records one","ADMINISTRATIVE_RECONCILIATION; REPORT_FORMAT_AND_APPLICATION_DEPENDENCIES; READINESS_FOR_DETERMINISTIC_EVALUATION","NO"
"CRP-LSRC-0074","CONTENT_RULE","F4","REPORT_ACCURACY_OR_COMPLETENESS","Regulation V — Fair Credit Reporting (12 C.F.R. part 1022)","§ 1022.43 — 12 CFR § 1022.43","US_FEDERAL","COUNTRY_WIDE_SOURCE","","","OWNER_ACCEPTED_LEGAL_AUTHORITY","STATUTE_OR_REGULATION","ESTABLISHED","LEGACY_RULE_PROVISION_AND_CITATION_EXACT","us-federal.regv.1022.43.direct_disputes","RULE_FOUND","COUNTRY_WIDE_TO_SELECTED_REGION_RELATION_REQUIRED; REGISTER_DISPOSITION_UNRESOLVED","PRIOR_REVIEW_RECORD_NOT_HELD_IN_THIS_WORKSPACE; FORMAL_EDITION_OR_HISTORICAL_VERSION_NOT_RECORDED","UNRESOLVED","BLOCKED_MISSING_EVIDENCE","a durable per-ID corrected-logic rescreen disposition for CRP-LSRC-0074 - no register section, work-order ledger, catalogue field or SOURCE_CAPTURES evidence package in this workspace records one","ADMINISTRATIVE_RECONCILIATION; REPORT_FORMAT_AND_APPLICATION_DEPENDENCIES; READINESS_FOR_DETERMINISTIC_EVALUATION","NO"
"CRP-LSRC-0075","GAP","F10","UNCLASSIFIED_SOURCE_FAMILY","(secondary-authority gap declaration, US federal) — No CFPB or FTC interpretive text was read, so no secondary-authority record exists for the federal corpus — PHASE5-001C owner amendment (this gap is closed as a scope decision, not as a statute; see CRP_GAP_REFUSAL_RESOLUTION_REGISTER.md): the scope of this review is strictly limited to primary statutory and regulatory authorities and does not account for non-binding administrative guidance, agency interpretive letters or secondary legal commentary. Non-binding guidance and commentary remain outside this review; no secondary-authority source is admitted and no authority record is created","NOT RECORDED","US_FEDERAL","COUNTRY_WIDE_SOURCE","","","NOT_ACCEPTED_NO_STATUTE_RECORDED","GUIDANCE_OR_POLICY_SUMMARY","NOT_ESTABLISHED","NOT_ESTABLISHED","","","GAP_REMAINS_OPEN; LEGACY_OPERATIONAL_MAPPING_NOT_ESTABLISHED; COUNTRY_WIDE_TO_SELECTED_REGION_RELATION_REQUIRED","LOCATOR_OR_EFFECTIVE_INFORMATION_NOT_RECORDED; NO_LEGAL_INSTRUMENT_RECORDED_FOR_THIS_SCOPE; PRIOR_REVIEW_RECORD_NOT_HELD_IN_THIS_WORKSPACE; FORMAL_EDITION_OR_HISTORICAL_VERSION_NOT_RECORDED","GAP","RECORDED_DURABLE","NONE_RECORDED - the register lists no open item for this ID","ADMINISTRATIVE_RECONCILIATION","NO"
"CRP-LSRC-0076","GAP","F10","UNCLASSIFIED_SOURCE_FAMILY","Fair Credit Reporting Act (FCRA) — Recorded `UNVERIFIED_GAPS` entry: these provisions are read and verified but unreachable from report evidence — recorded gap, no rule — PHASE5-001C owner amendment (disposition recorded; this gap is NOT closed; see CRP_GAP_REFUSAL_RESOLUTION_REGISTER.md): the named provisions remain read-and-verified but unreachable from report evidence, so no rule is entered. The owner document supplies a proposed fallback for a missing original date of first delinquency that rests on Equifax Notice to Furnishers guidance and general regulatory practice. That proposal is recorded as owner-supplied only: it is not a verified official quotation, its source carries no recorded locator or retrieval, it is not an admitted primary or secondary source, and it is not entered as a rule. No state content rule and no universal rule is created","§ 605(c) and § 623(a)(5)(A) (as named in the gap entry)","US_FEDERAL","COUNTRY_WIDE_SOURCE","","","NOT_ACCEPTED_NO_STATUTE_RECORDED","GUIDANCE_OR_POLICY_SUMMARY","ESTABLISHED_MULTIPLE_RECORDED_ROWS","LEGACY_SECTION_TOKEN_NAMED_BY_CATALOGUE_NOTE","us.clock_start.180_days; us.date_of_first_delinquency","","GAP_REMAINS_OPEN; LEGACY_OPERATIONAL_MAPPING_AMBIGUOUS:MULTIPLE_TOKEN_MATCHES; COUNTRY_WIDE_TO_SELECTED_REGION_RELATION_REQUIRED","LOCATOR_OR_EFFECTIVE_INFORMATION_NOT_RECORDED; NO_LEGAL_INSTRUMENT_RECORDED_FOR_THIS_SCOPE; PRIOR_REVIEW_RECORD_NOT_HELD_IN_THIS_WORKSPACE; FORMAL_EDITION_OR_HISTORICAL_VERSION_NOT_RECORDED","GAP","RECORDED_DURABLE","register §5 item 2: the FCRA provisions named in the entry stay unreachable from report evidence; no rule is entered","ADMINISTRATIVE_RECONCILIATION","NO"
"CRP-LSRC-0077","GAP","F10","UNCLASSIFIED_SOURCE_FAMILY","FCRA § 625(b)(1)(E) / state content rules — Recorded `UNVERIFIED_GAPS` entry: US state content rules surviving § 625(b)(1)(E) — only one state entered; the rest is a recorded gap — PHASE5-001C owner amendment (disposition recorded; this gap is NOT closed; see CRP_GAP_REFUSAL_RESOLUTION_REGISTER.md): the owner document supplies a single federal-baseline matrix (the FCRA § 605 recorded periods as owner-supplied figures: bankruptcies under chapter 7 or chapter 11 ten years, chapter 13 seven years, civil suits and judgments seven years, paid tax liens seven years, accounts placed for collection seven years, any other adverse information seven years) proposed to apply across all states under § 625(b)(1)(E). That proposal is recorded as owner-supplied only and is explicitly NOT adopted: no universal or all-states rule is created, and the state-by-state survival list remains incomplete because only one state was entered","§ 625(b)(1)(E) (as named in the gap entry)","US_FEDERAL","COUNTRY_WIDE_SOURCE","","","NOT_ACCEPTED_NO_STATUTE_RECORDED","SCREEN_INCONCLUSIVE","NOT_ESTABLISHED","NOT_ESTABLISHED","","","GAP_REMAINS_OPEN; LEGACY_OPERATIONAL_MAPPING_NOT_ESTABLISHED; INSTRUMENT_CLASS_CONFIRMATION; COUNTRY_WIDE_TO_SELECTED_REGION_RELATION_REQUIRED","LOCATOR_OR_EFFECTIVE_INFORMATION_NOT_RECORDED; SOURCE_DISCOVERY_PROVENANCE_INCOMPLETE; NO_LEGAL_INSTRUMENT_RECORDED_FOR_THIS_SCOPE; PRIOR_REVIEW_RECORD_NOT_HELD_IN_THIS_WORKSPACE; FORMAL_EDITION_OR_HISTORICAL_VERSION_NOT_RECORDED","GAP","RECORDED_DURABLE","register §5 item 3: the all-states FCRA § 625(b)(1)(E) proposal is not adopted and the list of state content rules surviving it stays incomplete","ADMINISTRATIVE_RECONCILIATION","NO"
"CRP-LSRC-0078","GAP","F1","LIMITATION_OR_RETENTION","state/territory limitation statutes (varies by debt type and by state) — Recorded `SOL_GAPS` entry for `US-*` (read per unit; the wildcard token identifies no single unit) — PHASE5-001C owner amendment (wildcard preserved; this gap is NOT closed; see CRP_GAP_REFUSAL_RESOLUTION_REGISTER.md): the owner document supplies an ingestion and session-metadata design that would resolve US-* from the consumer session or account profile, with a fallback to session state where the wildcard persists. That design is recorded as owner-supplied only and is NOT adopted: it depends on off-report session and account-profile data, which is not consumer evidence under CRP-DIRECT-REPORT-CONTENT and must not be used to close a jurisdiction wildcard or to prove a finding. No exact US state or territory was supplied with a limitation period, so US-* remains an unresolved wildcard whose per-unit limitation law still varies by debt type and by state","NOT RECORDED","US-*","GAP","","","NOT_ACCEPTED_NO_STATUTE_RECORDED","STATUTE_OR_REGULATION","NOT_ESTABLISHED","NOT_ESTABLISHED","","","GAP_REMAINS_OPEN; LEGACY_OPERATIONAL_MAPPING_NOT_ESTABLISHED","LOCATOR_OR_EFFECTIVE_INFORMATION_NOT_RECORDED; NO_LEGAL_INSTRUMENT_RECORDED_FOR_THIS_SCOPE; PRIOR_REVIEW_RECORD_NOT_HELD_IN_THIS_WORKSPACE; FORMAL_EDITION_OR_HISTORICAL_VERSION_NOT_RECORDED","GAP","RECORDED_DURABLE","register §5 item 1: the `US-*` wildcard is unresolved; no state or territory mapping was supplied","ADMINISTRATIVE_RECONCILIATION","NO"
"CRP-LSRC-0079","LIMITATION_RECORD","F1","LIMITATION_OR_RETENTION","California Code of Civil Procedure","NOT RECORDED (locator names § 337)","US-CA","EXACT","US","US-CA","OWNER_ACCEPTED_LEGAL_AUTHORITY","SUBORDINATE_CODE_OR_RULE","ESTABLISHED","LEGACY_SECTION_NUMERIC_CORE_WITH_JURISDICTION_AGREEMENT","","","INSTRUMENT_CLASS_CONFIRMATION; REGISTER_DISPOSITION_UNRESOLVED","PRIOR_REVIEW_RECORD_NOT_HELD_IN_THIS_WORKSPACE; FORMAL_EDITION_OR_HISTORICAL_VERSION_NOT_RECORDED","UNRESOLVED","BLOCKED_MISSING_EVIDENCE","a durable per-ID corrected-logic rescreen disposition for CRP-LSRC-0079 - no register section, work-order ledger, catalogue field or SOURCE_CAPTURES evidence package in this workspace records one","ADMINISTRATIVE_RECONCILIATION; REPORT_FORMAT_AND_APPLICATION_DEPENDENCIES; READINESS_FOR_DETERMINISTIC_EVALUATION","NO"
"CRP-LSRC-0080","LIMITATION_RECORD","F1","LIMITATION_OR_RETENTION","California Code of Civil Procedure","NOT RECORDED (recorded note names the § 339(1) branch)","US-CA","EXACT","US","US-CA","OWNER_ACCEPTED_LEGAL_AUTHORITY","SUBORDINATE_CODE_OR_RULE","ESTABLISHED","LEGACY_SECTION_TOKEN_NAMED_BY_CATALOGUE_NOTE","","","INSTRUMENT_CLASS_CONFIRMATION; REGISTER_DISPOSITION_UNRESOLVED","PRIOR_REVIEW_RECORD_NOT_HELD_IN_THIS_WORKSPACE; FORMAL_EDITION_OR_HISTORICAL_VERSION_NOT_RECORDED","UNRESOLVED","BLOCKED_MISSING_EVIDENCE","a durable per-ID corrected-logic rescreen disposition for CRP-LSRC-0080 - no register section, work-order ledger, catalogue field or SOURCE_CAPTURES evidence package in this workspace records one","ADMINISTRATIVE_RECONCILIATION; REPORT_FORMAT_AND_APPLICATION_DEPENDENCIES; READINESS_FOR_DETERMINISTIC_EVALUATION","NO"
"CRP-LSRC-0081","LIMITATION_RECORD","F1","LIMITATION_OR_RETENTION","Massachusetts General Laws","NOT RECORDED (locator names ch. 260, § 2)","US-MA","EXACT","US","US-MA","OWNER_ACCEPTED_LEGAL_AUTHORITY","SCREEN_INCONCLUSIVE","ESTABLISHED","LEGACY_SECTION_NUMERIC_CORE_WITH_JURISDICTION_AGREEMENT","","","INSTRUMENT_CLASS_CONFIRMATION; REGISTER_DISPOSITION_UNRESOLVED","PRIOR_REVIEW_RECORD_NOT_HELD_IN_THIS_WORKSPACE; FORMAL_EDITION_OR_HISTORICAL_VERSION_NOT_RECORDED","UNRESOLVED","BLOCKED_MISSING_EVIDENCE","a durable per-ID corrected-logic rescreen disposition for CRP-LSRC-0081 - no register section, work-order ledger, catalogue field or SOURCE_CAPTURES evidence package in this workspace records one","ADMINISTRATIVE_RECONCILIATION; REPORT_FORMAT_AND_APPLICATION_DEPENDENCIES; READINESS_FOR_DETERMINISTIC_EVALUATION","NO"
"CRP-LSRC-0082","LIMITATION_RECORD","F1","LIMITATION_OR_RETENTION","Florida Statutes","NOT RECORDED (locators name §§ 95.11 and 95.031)","US-FL","EXACT","US","US-FL","OWNER_ACCEPTED_LEGAL_AUTHORITY","STATUTE_OR_REGULATION","ESTABLISHED_MULTIPLE_RECORDED_ROWS","LEGACY_SECTION_NUMERIC_CORE_WITH_JURISDICTION_AGREEMENT","","","LEGACY_OPERATIONAL_MAPPING_AMBIGUOUS:MULTIPLE_LEGACY_ROWS_CARRY_THE_RECORDED_PROVISION; REGISTER_DISPOSITION_UNRESOLVED","PRIOR_REVIEW_RECORD_NOT_HELD_IN_THIS_WORKSPACE; FORMAL_EDITION_OR_HISTORICAL_VERSION_NOT_RECORDED","UNRESOLVED","BLOCKED_MISSING_EVIDENCE","a durable per-ID corrected-logic rescreen disposition for CRP-LSRC-0082 - no register section, work-order ledger, catalogue field or SOURCE_CAPTURES evidence package in this workspace records one","ADMINISTRATIVE_RECONCILIATION; REPORT_FORMAT_AND_APPLICATION_DEPENDENCIES; READINESS_FOR_DETERMINISTIC_EVALUATION","NO"
"CRP-LSRC-0083","LIMITATION_RECORD","F1","LIMITATION_OR_RETENTION","Florida Statutes","NOT RECORDED (recorded note names § 95.11(4))","US-FL","EXACT","US","US-FL","OWNER_ACCEPTED_LEGAL_AUTHORITY","STATUTE_OR_REGULATION","ESTABLISHED","LEGACY_SECTION_TOKEN_NAMED_BY_CATALOGUE_NOTE","","","REGISTER_DISPOSITION_UNRESOLVED","PRIOR_REVIEW_RECORD_NOT_HELD_IN_THIS_WORKSPACE; FORMAL_EDITION_OR_HISTORICAL_VERSION_NOT_RECORDED","UNRESOLVED","BLOCKED_MISSING_EVIDENCE","a durable per-ID corrected-logic rescreen disposition for CRP-LSRC-0083 - no register section, work-order ledger, catalogue field or SOURCE_CAPTURES evidence package in this workspace records one","REPORT_FORMAT_AND_APPLICATION_DEPENDENCIES; READINESS_FOR_DETERMINISTIC_EVALUATION","NO"
"CRP-LSRC-0084","LIMITATION_RECORD","F1","LIMITATION_OR_RETENTION","Revised Code of Washington","NOT RECORDED (locators name RCW 4.16.040 and 4.16.005)","US-WA","EXACT","US","US-WA","OWNER_ACCEPTED_LEGAL_AUTHORITY","SUBORDINATE_CODE_OR_RULE","ESTABLISHED","LEGACY_SECTION_NUMERIC_CORE_WITH_JURISDICTION_AGREEMENT","","","INSTRUMENT_CLASS_CONFIRMATION; REGISTER_DISPOSITION_UNRESOLVED","PRIOR_REVIEW_RECORD_NOT_HELD_IN_THIS_WORKSPACE; FORMAL_EDITION_OR_HISTORICAL_VERSION_NOT_RECORDED","UNRESOLVED","BLOCKED_MISSING_EVIDENCE","a durable per-ID corrected-logic rescreen disposition for CRP-LSRC-0084 - no register section, work-order ledger, catalogue field or SOURCE_CAPTURES evidence package in this workspace records one","ADMINISTRATIVE_RECONCILIATION; REPORT_FORMAT_AND_APPLICATION_DEPENDENCIES; READINESS_FOR_DETERMINISTIC_EVALUATION","NO"
"CRP-LSRC-0085","LIMITATION_RECORD","F1","LIMITATION_OR_RETENTION","Minnesota Statutes","NOT RECORDED (locators name §§ 541.05, 541.01, 541.07)","US-MN","EXACT","US","US-MN","OWNER_ACCEPTED_LEGAL_AUTHORITY","STATUTE_OR_REGULATION","ESTABLISHED","LEGACY_SECTION_TOKEN_NAMED_BY_CATALOGUE_NOTE","","","REGISTER_DISPOSITION_UNRESOLVED","PRIOR_REVIEW_RECORD_NOT_HELD_IN_THIS_WORKSPACE; FORMAL_EDITION_OR_HISTORICAL_VERSION_NOT_RECORDED","UNRESOLVED","BLOCKED_MISSING_EVIDENCE","a durable per-ID corrected-logic rescreen disposition for CRP-LSRC-0085 - no register section, work-order ledger, catalogue field or SOURCE_CAPTURES evidence package in this workspace records one","REPORT_FORMAT_AND_APPLICATION_DEPENDENCIES; READINESS_FOR_DETERMINISTIC_EVALUATION","NO"
"CRP-LSRC-0086","LIMITATION_RECORD","F1","LIMITATION_OR_RETENTION","Oregon Revised Statutes","NOT RECORDED (locator names ORS chapter 12)","US-OR","EXACT","US","US-OR","OWNER_ACCEPTED_LEGAL_AUTHORITY","STATUTE_OR_REGULATION","NOT_ESTABLISHED","NOT_ESTABLISHED","","","LEGACY_OPERATIONAL_MAPPING_NOT_ESTABLISHED; REGISTER_DISPOSITION_UNRESOLVED","PRIOR_REVIEW_RECORD_NOT_HELD_IN_THIS_WORKSPACE; FORMAL_EDITION_OR_HISTORICAL_VERSION_NOT_RECORDED","UNRESOLVED","BLOCKED_MISSING_EVIDENCE","a durable per-ID corrected-logic rescreen disposition for CRP-LSRC-0086 - no register section, work-order ledger, catalogue field or SOURCE_CAPTURES evidence package in this workspace records one","ADMINISTRATIVE_RECONCILIATION; REPORT_FORMAT_AND_APPLICATION_DEPENDENCIES; READINESS_FOR_DETERMINISTIC_EVALUATION","NO"
"CRP-LSRC-0087","LIMITATION_RECORD","F1","LIMITATION_OR_RETENTION","Michigan Compiled Laws","NOT RECORDED (locators name MCL 600.5807, 600.5827, 600.5836)","US-MI","EXACT","US","US-MI","OWNER_ACCEPTED_LEGAL_AUTHORITY","SCREEN_INCONCLUSIVE","ESTABLISHED_MULTIPLE_RECORDED_ROWS","LEGACY_SECTION_NUMERIC_CORE_WITH_JURISDICTION_AGREEMENT","","","LEGACY_OPERATIONAL_MAPPING_AMBIGUOUS:MULTIPLE_LEGACY_ROWS_CARRY_THE_RECORDED_PROVISION; INSTRUMENT_CLASS_CONFIRMATION; REGISTER_DISPOSITION_UNRESOLVED","PRIOR_REVIEW_RECORD_NOT_HELD_IN_THIS_WORKSPACE; FORMAL_EDITION_OR_HISTORICAL_VERSION_NOT_RECORDED","UNRESOLVED","BLOCKED_MISSING_EVIDENCE","a durable per-ID corrected-logic rescreen disposition for CRP-LSRC-0087 - no register section, work-order ledger, catalogue field or SOURCE_CAPTURES evidence package in this workspace records one","ADMINISTRATIVE_RECONCILIATION; REPORT_FORMAT_AND_APPLICATION_DEPENDENCIES; READINESS_FOR_DETERMINISTIC_EVALUATION","NO"
"CRP-LSRC-0088","LIMITATION_RECORD","F1","LIMITATION_OR_RETENTION","Colo. Rev. Stat.","§ 13-80-103.5(1)(a)","US-CO","EXACT","US","US-CO","OWNER_ACCEPTED_LEGAL_AUTHORITY","SCREEN_INCONCLUSIVE","ESTABLISHED","LEGACY_SECTION_TOKEN_NAMED_BY_CATALOGUE_NOTE","","","INSTRUMENT_CLASS_CONFIRMATION; REGISTER_DISPOSITION_UNRESOLVED","PRIOR_REVIEW_RECORD_NOT_HELD_IN_THIS_WORKSPACE; FORMAL_EDITION_OR_HISTORICAL_VERSION_NOT_RECORDED","UNRESOLVED","BLOCKED_MISSING_EVIDENCE","a durable per-ID corrected-logic rescreen disposition for CRP-LSRC-0088 - no register section, work-order ledger, catalogue field or SOURCE_CAPTURES evidence package in this workspace records one","ADMINISTRATIVE_RECONCILIATION; REPORT_FORMAT_AND_APPLICATION_DEPENDENCIES; READINESS_FOR_DETERMINISTIC_EVALUATION","NO"
"CRP-LSRC-0089","LIMITATION_RECORD","F1","LIMITATION_OR_RETENTION","Conn. Gen. Stat.","§ 52-576(a)","US-CT","EXACT","US","US-CT","OWNER_ACCEPTED_LEGAL_AUTHORITY","SCREEN_INCONCLUSIVE","ESTABLISHED","LEGACY_SECTION_TOKEN_NAMED_BY_CATALOGUE_NOTE","","","INSTRUMENT_CLASS_CONFIRMATION; REGISTER_DISPOSITION_UNRESOLVED","PRIOR_REVIEW_RECORD_NOT_HELD_IN_THIS_WORKSPACE; FORMAL_EDITION_OR_HISTORICAL_VERSION_NOT_RECORDED","UNRESOLVED","BLOCKED_MISSING_EVIDENCE","a durable per-ID corrected-logic rescreen disposition for CRP-LSRC-0089 - no register section, work-order ledger, catalogue field or SOURCE_CAPTURES evidence package in this workspace records one","ADMINISTRATIVE_RECONCILIATION; REPORT_FORMAT_AND_APPLICATION_DEPENDENCIES; READINESS_FOR_DETERMINISTIC_EVALUATION","NO"
"CRP-LSRC-0090","LIMITATION_RECORD","F1","LIMITATION_OR_RETENTION","D.C. Code","§ 12-301(7)","US-DC","EXACT","US","US-DC","OWNER_ACCEPTED_LEGAL_AUTHORITY","SUBORDINATE_CODE_OR_RULE","ESTABLISHED","LEGACY_SECTION_TOKEN_NAMED_BY_CATALOGUE_NOTE","","","INSTRUMENT_CLASS_CONFIRMATION; REGISTER_DISPOSITION_UNRESOLVED","PRIOR_REVIEW_RECORD_NOT_HELD_IN_THIS_WORKSPACE; FORMAL_EDITION_OR_HISTORICAL_VERSION_NOT_RECORDED","UNRESOLVED","BLOCKED_MISSING_EVIDENCE","a durable per-ID corrected-logic rescreen disposition for CRP-LSRC-0090 - no register section, work-order ledger, catalogue field or SOURCE_CAPTURES evidence package in this workspace records one","ADMINISTRATIVE_RECONCILIATION; REPORT_FORMAT_AND_APPLICATION_DEPENDENCIES; READINESS_FOR_DETERMINISTIC_EVALUATION","NO"
"CRP-LSRC-0091","LIMITATION_RECORD","F1","LIMITATION_OR_RETENTION","10 Del. C.","§ 8106(a)","US-DE","EXACT","US","US-DE","OWNER_ACCEPTED_LEGAL_AUTHORITY","SCREEN_INCONCLUSIVE","ESTABLISHED","LEGACY_SECTION_TOKEN_NAMED_BY_CATALOGUE_NOTE","","","INSTRUMENT_CLASS_CONFIRMATION; REGISTER_DISPOSITION_UNRESOLVED","PRIOR_REVIEW_RECORD_NOT_HELD_IN_THIS_WORKSPACE; FORMAL_EDITION_OR_HISTORICAL_VERSION_NOT_RECORDED","UNRESOLVED","BLOCKED_MISSING_EVIDENCE","a durable per-ID corrected-logic rescreen disposition for CRP-LSRC-0091 - no register section, work-order ledger, catalogue field or SOURCE_CAPTURES evidence package in this workspace records one","ADMINISTRATIVE_RECONCILIATION; REPORT_FORMAT_AND_APPLICATION_DEPENDENCIES; READINESS_FOR_DETERMINISTIC_EVALUATION","NO"
"CRP-LSRC-0092","LIMITATION_RECORD","F1","LIMITATION_OR_RETENTION","10 Del. C.","§ 8109","US-DE","EXACT","US","US-DE","OWNER_ACCEPTED_LEGAL_AUTHORITY","SCREEN_INCONCLUSIVE","ESTABLISHED","LEGACY_SECTION_TOKEN_NAMED_BY_CATALOGUE_NOTE","","","INSTRUMENT_CLASS_CONFIRMATION; REGISTER_DISPOSITION_UNRESOLVED","PRIOR_REVIEW_RECORD_NOT_HELD_IN_THIS_WORKSPACE; FORMAL_EDITION_OR_HISTORICAL_VERSION_NOT_RECORDED","UNRESOLVED","BLOCKED_MISSING_EVIDENCE","a durable per-ID corrected-logic rescreen disposition for CRP-LSRC-0092 - no register section, work-order ledger, catalogue field or SOURCE_CAPTURES evidence package in this workspace records one","ADMINISTRATIVE_RECONCILIATION; REPORT_FORMAT_AND_APPLICATION_DEPENDENCIES; READINESS_FOR_DETERMINISTIC_EVALUATION","NO"
"CRP-LSRC-0093","LIMITATION_RECORD","F1","LIMITATION_OR_RETENTION","O.C.G.A.","§ 9-3-25","US-GA","EXACT","US","US-GA","OWNER_ACCEPTED_LEGAL_AUTHORITY","STATUTE_OR_REGULATION","ESTABLISHED","LEGACY_SECTION_TOKEN_NAMED_BY_CATALOGUE_NOTE","","","REGISTER_DISPOSITION_UNRESOLVED","PRIOR_REVIEW_RECORD_NOT_HELD_IN_THIS_WORKSPACE; FORMAL_EDITION_OR_HISTORICAL_VERSION_NOT_RECORDED","UNRESOLVED","BLOCKED_MISSING_EVIDENCE","a durable per-ID corrected-logic rescreen disposition for CRP-LSRC-0093 - no register section, work-order ledger, catalogue field or SOURCE_CAPTURES evidence package in this workspace records one","REPORT_FORMAT_AND_APPLICATION_DEPENDENCIES; READINESS_FOR_DETERMINISTIC_EVALUATION","NO"
"CRP-LSRC-0094","LIMITATION_RECORD","F1","LIMITATION_OR_RETENTION","O.C.G.A.","§ 9-3-24","US-GA","EXACT","US","US-GA","OWNER_ACCEPTED_LEGAL_AUTHORITY","STATUTE_OR_REGULATION","ESTABLISHED","LEGACY_SECTION_NUMERIC_CORE_WITH_JURISDICTION_AGREEMENT","","","REGISTER_DISPOSITION_UNRESOLVED","PRIOR_REVIEW_RECORD_NOT_HELD_IN_THIS_WORKSPACE; FORMAL_EDITION_OR_HISTORICAL_VERSION_NOT_RECORDED","UNRESOLVED","BLOCKED_MISSING_EVIDENCE","a durable per-ID corrected-logic rescreen disposition for CRP-LSRC-0094 - no register section, work-order ledger, catalogue field or SOURCE_CAPTURES evidence package in this workspace records one","REPORT_FORMAT_AND_APPLICATION_DEPENDENCIES; READINESS_FOR_DETERMINISTIC_EVALUATION","NO"
"CRP-LSRC-0095","LIMITATION_RECORD","F1","LIMITATION_OR_RETENTION","Haw. Rev. Stat.","§ 657-1(1)","US-HI","EXACT","US","US-HI","OWNER_ACCEPTED_LEGAL_AUTHORITY","SCREEN_INCONCLUSIVE","ESTABLISHED","LEGACY_SECTION_TOKEN_NAMED_BY_CATALOGUE_NOTE","","","INSTRUMENT_CLASS_CONFIRMATION; REGISTER_DISPOSITION_UNRESOLVED","PRIOR_REVIEW_RECORD_NOT_HELD_IN_THIS_WORKSPACE; FORMAL_EDITION_OR_HISTORICAL_VERSION_NOT_RECORDED","UNRESOLVED","BLOCKED_MISSING_EVIDENCE","a durable per-ID corrected-logic rescreen disposition for CRP-LSRC-0095 - no register section, work-order ledger, catalogue field or SOURCE_CAPTURES evidence package in this workspace records one","ADMINISTRATIVE_RECONCILIATION; REPORT_FORMAT_AND_APPLICATION_DEPENDENCIES; READINESS_FOR_DETERMINISTIC_EVALUATION","NO"
"CRP-LSRC-0096","LIMITATION_RECORD","F1","LIMITATION_OR_RETENTION","Iowa Code","§ 614.1(4)","US-IA","EXACT","US","US-IA","OWNER_ACCEPTED_LEGAL_AUTHORITY","SUBORDINATE_CODE_OR_RULE","ESTABLISHED","LEGACY_SECTION_TOKEN_NAMED_BY_CATALOGUE_NOTE","","","INSTRUMENT_CLASS_CONFIRMATION; REGISTER_DISPOSITION_UNRESOLVED","PRIOR_REVIEW_RECORD_NOT_HELD_IN_THIS_WORKSPACE; FORMAL_EDITION_OR_HISTORICAL_VERSION_NOT_RECORDED","UNRESOLVED","BLOCKED_MISSING_EVIDENCE","a durable per-ID corrected-logic rescreen disposition for CRP-LSRC-0096 - no register section, work-order ledger, catalogue field or SOURCE_CAPTURES evidence package in this workspace records one","ADMINISTRATIVE_RECONCILIATION; REPORT_FORMAT_AND_APPLICATION_DEPENDENCIES; READINESS_FOR_DETERMINISTIC_EVALUATION","NO"
"CRP-LSRC-0097","LIMITATION_RECORD","F1","LIMITATION_OR_RETENTION","Iowa Code","§ 614.1(5)(a)","US-IA","EXACT","US","US-IA","OWNER_ACCEPTED_LEGAL_AUTHORITY","SUBORDINATE_CODE_OR_RULE","ESTABLISHED","LEGACY_SECTION_NUMERIC_CORE_WITH_JURISDICTION_AGREEMENT","","","INSTRUMENT_CLASS_CONFIRMATION; REGISTER_DISPOSITION_UNRESOLVED","PRIOR_REVIEW_RECORD_NOT_HELD_IN_THIS_WORKSPACE; FORMAL_EDITION_OR_HISTORICAL_VERSION_NOT_RECORDED","UNRESOLVED","BLOCKED_MISSING_EVIDENCE","a durable per-ID corrected-logic rescreen disposition for CRP-LSRC-0097 - no register section, work-order ledger, catalogue field or SOURCE_CAPTURES evidence package in this workspace records one","ADMINISTRATIVE_RECONCILIATION; REPORT_FORMAT_AND_APPLICATION_DEPENDENCIES; READINESS_FOR_DETERMINISTIC_EVALUATION","NO"
"CRP-LSRC-0098","LIMITATION_RECORD","F1","LIMITATION_OR_RETENTION","Idaho Code","§ 5-217","US-ID","EXACT","US","US-ID","OWNER_ACCEPTED_LEGAL_AUTHORITY","SUBORDINATE_CODE_OR_RULE","ESTABLISHED","LEGACY_SECTION_TOKEN_NAMED_BY_CATALOGUE_NOTE","","","INSTRUMENT_CLASS_CONFIRMATION; REGISTER_DISPOSITION_UNRESOLVED","PRIOR_REVIEW_RECORD_NOT_HELD_IN_THIS_WORKSPACE; FORMAL_EDITION_OR_HISTORICAL_VERSION_NOT_RECORDED","UNRESOLVED","BLOCKED_MISSING_EVIDENCE","a durable per-ID corrected-logic rescreen disposition for CRP-LSRC-0098 - no register section, work-order ledger, catalogue field or SOURCE_CAPTURES evidence package in this workspace records one","ADMINISTRATIVE_RECONCILIATION; REPORT_FORMAT_AND_APPLICATION_DEPENDENCIES; READINESS_FOR_DETERMINISTIC_EVALUATION","NO"
"CRP-LSRC-0099","LIMITATION_RECORD","F1","LIMITATION_OR_RETENTION","Idaho Code","§ 5-216","US-ID","EXACT","US","US-ID","OWNER_ACCEPTED_LEGAL_AUTHORITY","SUBORDINATE_CODE_OR_RULE","ESTABLISHED","LEGACY_SECTION_NUMERIC_CORE_WITH_JURISDICTION_AGREEMENT","","","INSTRUMENT_CLASS_CONFIRMATION; REGISTER_DISPOSITION_UNRESOLVED","PRIOR_REVIEW_RECORD_NOT_HELD_IN_THIS_WORKSPACE; FORMAL_EDITION_OR_HISTORICAL_VERSION_NOT_RECORDED","UNRESOLVED","BLOCKED_MISSING_EVIDENCE","a durable per-ID corrected-logic rescreen disposition for CRP-LSRC-0099 - no register section, work-order ledger, catalogue field or SOURCE_CAPTURES evidence package in this workspace records one","ADMINISTRATIVE_RECONCILIATION; REPORT_FORMAT_AND_APPLICATION_DEPENDENCIES; READINESS_FOR_DETERMINISTIC_EVALUATION","NO"
"CRP-LSRC-0100","LIMITATION_RECORD","F1","LIMITATION_OR_RETENTION","735 ILCS","5/13-205","US-IL","EXACT","US","US-IL","OWNER_ACCEPTED_LEGAL_AUTHORITY","STATUTE_OR_REGULATION","ESTABLISHED","LEGACY_SECTION_NUMERIC_CORE_WITH_JURISDICTION_AGREEMENT","","","REGISTER_DISPOSITION_UNRESOLVED","PRIOR_REVIEW_RECORD_NOT_HELD_IN_THIS_WORKSPACE; FORMAL_EDITION_OR_HISTORICAL_VERSION_NOT_RECORDED","UNRESOLVED","BLOCKED_MISSING_EVIDENCE","a durable per-ID corrected-logic rescreen disposition for CRP-LSRC-0100 - no register section, work-order ledger, catalogue field or SOURCE_CAPTURES evidence package in this workspace records one","REPORT_FORMAT_AND_APPLICATION_DEPENDENCIES; READINESS_FOR_DETERMINISTIC_EVALUATION","NO"
"CRP-LSRC-0101","LIMITATION_RECORD","F1","LIMITATION_OR_RETENTION","735 ILCS","5/13-206","US-IL","EXACT","US","US-IL","OWNER_ACCEPTED_LEGAL_AUTHORITY","STATUTE_OR_REGULATION","ESTABLISHED","LEGACY_SECTION_NUMERIC_CORE_WITH_JURISDICTION_AGREEMENT","","","REGISTER_DISPOSITION_UNRESOLVED","PRIOR_REVIEW_RECORD_NOT_HELD_IN_THIS_WORKSPACE; FORMAL_EDITION_OR_HISTORICAL_VERSION_NOT_RECORDED","UNRESOLVED","BLOCKED_MISSING_EVIDENCE","a durable per-ID corrected-logic rescreen disposition for CRP-LSRC-0101 - no register section, work-order ledger, catalogue field or SOURCE_CAPTURES evidence package in this workspace records one","REPORT_FORMAT_AND_APPLICATION_DEPENDENCIES; READINESS_FOR_DETERMINISTIC_EVALUATION","NO"
"CRP-LSRC-0102","LIMITATION_RECORD","F1","LIMITATION_OR_RETENTION","Ind. Code","§ 34-11-2-9 and § 34-11-2-7","US-IN","EXACT","US","US-IN","OWNER_ACCEPTED_LEGAL_AUTHORITY","SUBORDINATE_CODE_OR_RULE","ESTABLISHED","LEGACY_SECTION_TOKEN_NAMED_BY_CATALOGUE_NOTE","","","INSTRUMENT_CLASS_CONFIRMATION; REGISTER_DISPOSITION_UNRESOLVED","PRIOR_REVIEW_RECORD_NOT_HELD_IN_THIS_WORKSPACE; FORMAL_EDITION_OR_HISTORICAL_VERSION_NOT_RECORDED","UNRESOLVED","BLOCKED_MISSING_EVIDENCE","a durable per-ID corrected-logic rescreen disposition for CRP-LSRC-0102 - no register section, work-order ledger, catalogue field or SOURCE_CAPTURES evidence package in this workspace records one","ADMINISTRATIVE_RECONCILIATION; REPORT_FORMAT_AND_APPLICATION_DEPENDENCIES; READINESS_FOR_DETERMINISTIC_EVALUATION","NO"
"CRP-LSRC-0103","LIMITATION_RECORD","F1","LIMITATION_OR_RETENTION","Ky. Rev. Stat.","§ 413.120(1)","US-KY","EXACT","US","US-KY","OWNER_ACCEPTED_LEGAL_AUTHORITY","SCREEN_INCONCLUSIVE","ESTABLISHED","LEGACY_SECTION_TOKEN_NAMED_BY_CATALOGUE_NOTE","","","INSTRUMENT_CLASS_CONFIRMATION; REGISTER_DISPOSITION_UNRESOLVED","PRIOR_REVIEW_RECORD_NOT_HELD_IN_THIS_WORKSPACE; FORMAL_EDITION_OR_HISTORICAL_VERSION_NOT_RECORDED","UNRESOLVED","BLOCKED_MISSING_EVIDENCE","a durable per-ID corrected-logic rescreen disposition for CRP-LSRC-0103 - no register section, work-order ledger, catalogue field or SOURCE_CAPTURES evidence package in this workspace records one","ADMINISTRATIVE_RECONCILIATION; REPORT_FORMAT_AND_APPLICATION_DEPENDENCIES; READINESS_FOR_DETERMINISTIC_EVALUATION","NO"
"CRP-LSRC-0104","LIMITATION_RECORD","F1","LIMITATION_OR_RETENTION","Ky. Rev. Stat.","§ 413.160","US-KY","EXACT","US","US-KY","OWNER_ACCEPTED_LEGAL_AUTHORITY","SCREEN_INCONCLUSIVE","ESTABLISHED","LEGACY_SECTION_NUMERIC_CORE_WITH_JURISDICTION_AGREEMENT","","","INSTRUMENT_CLASS_CONFIRMATION; REGISTER_DISPOSITION_UNRESOLVED","PRIOR_REVIEW_RECORD_NOT_HELD_IN_THIS_WORKSPACE; FORMAL_EDITION_OR_HISTORICAL_VERSION_NOT_RECORDED","UNRESOLVED","BLOCKED_MISSING_EVIDENCE","a durable per-ID corrected-logic rescreen disposition for CRP-LSRC-0104 - no register section, work-order ledger, catalogue field or SOURCE_CAPTURES evidence package in this workspace records one","ADMINISTRATIVE_RECONCILIATION; REPORT_FORMAT_AND_APPLICATION_DEPENDENCIES; READINESS_FOR_DETERMINISTIC_EVALUATION","NO"
"CRP-LSRC-0105","LIMITATION_RECORD","F1","LIMITATION_OR_RETENTION","Kan. Stat.","§ 60-512(1)","US-KS","EXACT","US","US-KS","OWNER_ACCEPTED_LEGAL_AUTHORITY","SCREEN_INCONCLUSIVE","ESTABLISHED","LEGACY_SECTION_TOKEN_NAMED_BY_CATALOGUE_NOTE","","","INSTRUMENT_CLASS_CONFIRMATION; REGISTER_DISPOSITION_UNRESOLVED","PRIOR_REVIEW_RECORD_NOT_HELD_IN_THIS_WORKSPACE; FORMAL_EDITION_OR_HISTORICAL_VERSION_NOT_RECORDED","UNRESOLVED","BLOCKED_MISSING_EVIDENCE","a durable per-ID corrected-logic rescreen disposition for CRP-LSRC-0105 - no register section, work-order ledger, catalogue field or SOURCE_CAPTURES evidence package in this workspace records one","ADMINISTRATIVE_RECONCILIATION; REPORT_FORMAT_AND_APPLICATION_DEPENDENCIES; READINESS_FOR_DETERMINISTIC_EVALUATION","NO"
"CRP-LSRC-0106","LIMITATION_RECORD","F1","LIMITATION_OR_RETENTION","Kan. Stat.","§ 60-511(1)","US-KS","EXACT","US","US-KS","OWNER_ACCEPTED_LEGAL_AUTHORITY","SCREEN_INCONCLUSIVE","ESTABLISHED","LEGACY_SECTION_NUMERIC_CORE_WITH_JURISDICTION_AGREEMENT","","","INSTRUMENT_CLASS_CONFIRMATION; REGISTER_DISPOSITION_UNRESOLVED","PRIOR_REVIEW_RECORD_NOT_HELD_IN_THIS_WORKSPACE; FORMAL_EDITION_OR_HISTORICAL_VERSION_NOT_RECORDED","UNRESOLVED","BLOCKED_MISSING_EVIDENCE","a durable per-ID corrected-logic rescreen disposition for CRP-LSRC-0106 - no register section, work-order ledger, catalogue field or SOURCE_CAPTURES evidence package in this workspace records one","ADMINISTRATIVE_RECONCILIATION; REPORT_FORMAT_AND_APPLICATION_DEPENDENCIES; READINESS_FOR_DETERMINISTIC_EVALUATION","NO"
"CRP-LSRC-0107","LIMITATION_RECORD","F1","LIMITATION_OR_RETENTION","La. Civ. Code","art. 3494","US-LA","EXACT","US","US-LA","OWNER_ACCEPTED_LEGAL_AUTHORITY","SUBORDINATE_CODE_OR_RULE","ESTABLISHED","LEGACY_SECTION_NUMERIC_CORE_WITH_JURISDICTION_AGREEMENT","","","INSTRUMENT_CLASS_CONFIRMATION; REGISTER_DISPOSITION_UNRESOLVED","PRIOR_REVIEW_RECORD_NOT_HELD_IN_THIS_WORKSPACE; FORMAL_EDITION_OR_HISTORICAL_VERSION_NOT_RECORDED","UNRESOLVED","BLOCKED_MISSING_EVIDENCE","a durable per-ID corrected-logic rescreen disposition for CRP-LSRC-0107 - no register section, work-order ledger, catalogue field or SOURCE_CAPTURES evidence package in this workspace records one","ADMINISTRATIVE_RECONCILIATION; REPORT_FORMAT_AND_APPLICATION_DEPENDENCIES; READINESS_FOR_DETERMINISTIC_EVALUATION","NO"
"CRP-LSRC-0108","LIMITATION_RECORD","F1","LIMITATION_OR_RETENTION","La. Civ. Code","art. 3499","US-LA","EXACT","US","US-LA","OWNER_ACCEPTED_LEGAL_AUTHORITY","SUBORDINATE_CODE_OR_RULE","ESTABLISHED","LEGACY_SECTION_NUMERIC_CORE_WITH_JURISDICTION_AGREEMENT","","","INSTRUMENT_CLASS_CONFIRMATION; REGISTER_DISPOSITION_UNRESOLVED","PRIOR_REVIEW_RECORD_NOT_HELD_IN_THIS_WORKSPACE; FORMAL_EDITION_OR_HISTORICAL_VERSION_NOT_RECORDED","UNRESOLVED","BLOCKED_MISSING_EVIDENCE","a durable per-ID corrected-logic rescreen disposition for CRP-LSRC-0108 - no register section, work-order ledger, catalogue field or SOURCE_CAPTURES evidence package in this workspace records one","ADMINISTRATIVE_RECONCILIATION; REPORT_FORMAT_AND_APPLICATION_DEPENDENCIES; READINESS_FOR_DETERMINISTIC_EVALUATION","NO"
"CRP-LSRC-0109","LIMITATION_RECORD","F1","LIMITATION_OR_RETENTION","La. Civ. Code","art. 3498","US-LA","EXACT","US","US-LA","OWNER_ACCEPTED_LEGAL_AUTHORITY","SUBORDINATE_CODE_OR_RULE","ESTABLISHED","LEGACY_SECTION_NUMERIC_CORE_WITH_JURISDICTION_AGREEMENT","","","INSTRUMENT_CLASS_CONFIRMATION; REGISTER_DISPOSITION_UNRESOLVED","PRIOR_REVIEW_RECORD_NOT_HELD_IN_THIS_WORKSPACE; FORMAL_EDITION_OR_HISTORICAL_VERSION_NOT_RECORDED","UNRESOLVED","BLOCKED_MISSING_EVIDENCE","a durable per-ID corrected-logic rescreen disposition for CRP-LSRC-0109 - no register section, work-order ledger, catalogue field or SOURCE_CAPTURES evidence package in this workspace records one","ADMINISTRATIVE_RECONCILIATION; REPORT_FORMAT_AND_APPLICATION_DEPENDENCIES; READINESS_FOR_DETERMINISTIC_EVALUATION","NO"
"CRP-LSRC-0110","LIMITATION_RECORD","F1","LIMITATION_OR_RETENTION","Md. Cts. & Jud. Proc. Code","§ 5-101","US-MD","EXACT","US","US-MD","OWNER_ACCEPTED_LEGAL_AUTHORITY","SUBORDINATE_CODE_OR_RULE","ESTABLISHED","LEGACY_SECTION_TOKEN_NAMED_BY_CATALOGUE_NOTE","","","INSTRUMENT_CLASS_CONFIRMATION; REGISTER_DISPOSITION_UNRESOLVED","PRIOR_REVIEW_RECORD_NOT_HELD_IN_THIS_WORKSPACE; FORMAL_EDITION_OR_HISTORICAL_VERSION_NOT_RECORDED","UNRESOLVED","BLOCKED_MISSING_EVIDENCE","a durable per-ID corrected-logic rescreen disposition for CRP-LSRC-0110 - no register section, work-order ledger, catalogue field or SOURCE_CAPTURES evidence package in this workspace records one","ADMINISTRATIVE_RECONCILIATION; REPORT_FORMAT_AND_APPLICATION_DEPENDENCIES; READINESS_FOR_DETERMINISTIC_EVALUATION","NO"
"CRP-LSRC-0111","LIMITATION_RECORD","F1","LIMITATION_OR_RETENTION","14 M.R.S.","§ 752","US-ME","EXACT","US","US-ME","OWNER_ACCEPTED_LEGAL_AUTHORITY","STATUTE_OR_REGULATION","ESTABLISHED","LEGACY_SECTION_TOKEN_NAMED_BY_CATALOGUE_NOTE","","","REGISTER_DISPOSITION_UNRESOLVED","PRIOR_REVIEW_RECORD_NOT_HELD_IN_THIS_WORKSPACE; FORMAL_EDITION_OR_HISTORICAL_VERSION_NOT_RECORDED","UNRESOLVED","BLOCKED_MISSING_EVIDENCE","a durable per-ID corrected-logic rescreen disposition for CRP-LSRC-0111 - no register section, work-order ledger, catalogue field or SOURCE_CAPTURES evidence package in this workspace records one","REPORT_FORMAT_AND_APPLICATION_DEPENDENCIES; READINESS_FOR_DETERMINISTIC_EVALUATION","NO"
"CRP-LSRC-0112","LIMITATION_RECORD","F1","LIMITATION_OR_RETENTION","MCL","600.5807(9)","US-MI","EXACT","US","US-MI","OWNER_ACCEPTED_LEGAL_AUTHORITY","STATUTE_OR_REGULATION","ESTABLISHED_MULTIPLE_RECORDED_ROWS","LEGACY_SECTION_NUMERIC_CORE_WITH_JURISDICTION_AGREEMENT","","","LEGACY_OPERATIONAL_MAPPING_AMBIGUOUS:MULTIPLE_LEGACY_ROWS_CARRY_THE_RECORDED_PROVISION; REGISTER_DISPOSITION_UNRESOLVED","PRIOR_REVIEW_RECORD_NOT_HELD_IN_THIS_WORKSPACE; FORMAL_EDITION_OR_HISTORICAL_VERSION_NOT_RECORDED","UNRESOLVED","BLOCKED_MISSING_EVIDENCE","a durable per-ID corrected-logic rescreen disposition for CRP-LSRC-0112 - no register section, work-order ledger, catalogue field or SOURCE_CAPTURES evidence package in this workspace records one","ADMINISTRATIVE_RECONCILIATION; REPORT_FORMAT_AND_APPLICATION_DEPENDENCIES; READINESS_FOR_DETERMINISTIC_EVALUATION","NO"
"CRP-LSRC-0113","LIMITATION_RECORD","F1","LIMITATION_OR_RETENTION","Mo. Rev. Stat.","§ 516.120(1)","US-MO","EXACT","US","US-MO","OWNER_ACCEPTED_LEGAL_AUTHORITY","SCREEN_INCONCLUSIVE","ESTABLISHED","LEGACY_SECTION_TOKEN_NAMED_BY_CATALOGUE_NOTE","","","INSTRUMENT_CLASS_CONFIRMATION; REGISTER_DISPOSITION_UNRESOLVED","PRIOR_REVIEW_RECORD_NOT_HELD_IN_THIS_WORKSPACE; FORMAL_EDITION_OR_HISTORICAL_VERSION_NOT_RECORDED","UNRESOLVED","BLOCKED_MISSING_EVIDENCE","a durable per-ID corrected-logic rescreen disposition for CRP-LSRC-0113 - no register section, work-order ledger, catalogue field or SOURCE_CAPTURES evidence package in this workspace records one","ADMINISTRATIVE_RECONCILIATION; REPORT_FORMAT_AND_APPLICATION_DEPENDENCIES; READINESS_FOR_DETERMINISTIC_EVALUATION","NO"
"CRP-LSRC-0114","LIMITATION_RECORD","F1","LIMITATION_OR_RETENTION","Mo. Rev. Stat.","§ 516.110(1)","US-MO","EXACT","US","US-MO","OWNER_ACCEPTED_LEGAL_AUTHORITY","SCREEN_INCONCLUSIVE","ESTABLISHED","LEGACY_SECTION_NUMERIC_CORE_WITH_JURISDICTION_AGREEMENT","","","INSTRUMENT_CLASS_CONFIRMATION; REGISTER_DISPOSITION_UNRESOLVED","PRIOR_REVIEW_RECORD_NOT_HELD_IN_THIS_WORKSPACE; FORMAL_EDITION_OR_HISTORICAL_VERSION_NOT_RECORDED","UNRESOLVED","BLOCKED_MISSING_EVIDENCE","a durable per-ID corrected-logic rescreen disposition for CRP-LSRC-0114 - no register section, work-order ledger, catalogue field or SOURCE_CAPTURES evidence package in this workspace records one","ADMINISTRATIVE_RECONCILIATION; REPORT_FORMAT_AND_APPLICATION_DEPENDENCIES; READINESS_FOR_DETERMINISTIC_EVALUATION","NO"
"CRP-LSRC-0115","LIMITATION_RECORD","F1","LIMITATION_OR_RETENTION","Miss. Code","§ 15-1-49 and § 15-1-29","US-MS","EXACT","US","US-MS","OWNER_ACCEPTED_LEGAL_AUTHORITY","SUBORDINATE_CODE_OR_RULE","ESTABLISHED","LEGACY_SECTION_TOKEN_NAMED_BY_CATALOGUE_NOTE","","","INSTRUMENT_CLASS_CONFIRMATION; REGISTER_DISPOSITION_UNRESOLVED","PRIOR_REVIEW_RECORD_NOT_HELD_IN_THIS_WORKSPACE; FORMAL_EDITION_OR_HISTORICAL_VERSION_NOT_RECORDED","UNRESOLVED","BLOCKED_MISSING_EVIDENCE","a durable per-ID corrected-logic rescreen disposition for CRP-LSRC-0115 - no register section, work-order ledger, catalogue field or SOURCE_CAPTURES evidence package in this workspace records one","ADMINISTRATIVE_RECONCILIATION; REPORT_FORMAT_AND_APPLICATION_DEPENDENCIES; READINESS_FOR_DETERMINISTIC_EVALUATION","NO"
"CRP-LSRC-0116","LIMITATION_RECORD","F1","LIMITATION_OR_RETENTION","Mont. Code","§ 27-2-202(2)","US-MT","EXACT","US","US-MT","OWNER_ACCEPTED_LEGAL_AUTHORITY","SUBORDINATE_CODE_OR_RULE","ESTABLISHED","LEGACY_SECTION_TOKEN_NAMED_BY_CATALOGUE_NOTE","","","INSTRUMENT_CLASS_CONFIRMATION; REGISTER_DISPOSITION_UNRESOLVED","PRIOR_REVIEW_RECORD_NOT_HELD_IN_THIS_WORKSPACE; FORMAL_EDITION_OR_HISTORICAL_VERSION_NOT_RECORDED","UNRESOLVED","BLOCKED_MISSING_EVIDENCE","a durable per-ID corrected-logic rescreen disposition for CRP-LSRC-0116 - no register section, work-order ledger, catalogue field or SOURCE_CAPTURES evidence package in this workspace records one","ADMINISTRATIVE_RECONCILIATION; REPORT_FORMAT_AND_APPLICATION_DEPENDENCIES; READINESS_FOR_DETERMINISTIC_EVALUATION","NO"
"CRP-LSRC-0117","LIMITATION_RECORD","F1","LIMITATION_OR_RETENTION","Mont. Code","§ 27-2-202(1)","US-MT","EXACT","US","US-MT","OWNER_ACCEPTED_LEGAL_AUTHORITY","SUBORDINATE_CODE_OR_RULE","ESTABLISHED","LEGACY_SECTION_NUMERIC_CORE_WITH_JURISDICTION_AGREEMENT","","","INSTRUMENT_CLASS_CONFIRMATION; REGISTER_DISPOSITION_UNRESOLVED","PRIOR_REVIEW_RECORD_NOT_HELD_IN_THIS_WORKSPACE; FORMAL_EDITION_OR_HISTORICAL_VERSION_NOT_RECORDED","UNRESOLVED","BLOCKED_MISSING_EVIDENCE","a durable per-ID corrected-logic rescreen disposition for CRP-LSRC-0117 - no register section, work-order ledger, catalogue field or SOURCE_CAPTURES evidence package in this workspace records one","ADMINISTRATIVE_RECONCILIATION; REPORT_FORMAT_AND_APPLICATION_DEPENDENCIES; READINESS_FOR_DETERMINISTIC_EVALUATION","NO"
"CRP-LSRC-0118","LIMITATION_RECORD","F1","LIMITATION_OR_RETENTION","N.C. Gen. Stat.","§ 1-52(1)","US-NC","EXACT","US","US-NC","OWNER_ACCEPTED_LEGAL_AUTHORITY","SCREEN_INCONCLUSIVE","ESTABLISHED","LEGACY_SECTION_TOKEN_NAMED_BY_CATALOGUE_NOTE","","","INSTRUMENT_CLASS_CONFIRMATION; REGISTER_DISPOSITION_UNRESOLVED","PRIOR_REVIEW_RECORD_NOT_HELD_IN_THIS_WORKSPACE; FORMAL_EDITION_OR_HISTORICAL_VERSION_NOT_RECORDED","UNRESOLVED","BLOCKED_MISSING_EVIDENCE","a durable per-ID corrected-logic rescreen disposition for CRP-LSRC-0118 - no register section, work-order ledger, catalogue field or SOURCE_CAPTURES evidence package in this workspace records one","ADMINISTRATIVE_RECONCILIATION; REPORT_FORMAT_AND_APPLICATION_DEPENDENCIES; READINESS_FOR_DETERMINISTIC_EVALUATION","NO"
"CRP-LSRC-0119","LIMITATION_RECORD","F1","LIMITATION_OR_RETENTION","N.D. Cent. Code","§ 28-01-16(1)","US-ND","EXACT","US","US-ND","OWNER_ACCEPTED_LEGAL_AUTHORITY","SUBORDINATE_CODE_OR_RULE","ESTABLISHED","LEGACY_SECTION_TOKEN_NAMED_BY_CATALOGUE_NOTE","","","INSTRUMENT_CLASS_CONFIRMATION; REGISTER_DISPOSITION_UNRESOLVED","PRIOR_REVIEW_RECORD_NOT_HELD_IN_THIS_WORKSPACE; FORMAL_EDITION_OR_HISTORICAL_VERSION_NOT_RECORDED","UNRESOLVED","BLOCKED_MISSING_EVIDENCE","a durable per-ID corrected-logic rescreen disposition for CRP-LSRC-0119 - no register section, work-order ledger, catalogue field or SOURCE_CAPTURES evidence package in this workspace records one","ADMINISTRATIVE_RECONCILIATION; REPORT_FORMAT_AND_APPLICATION_DEPENDENCIES; READINESS_FOR_DETERMINISTIC_EVALUATION","NO"
"CRP-LSRC-0120","LIMITATION_RECORD","F1","LIMITATION_OR_RETENTION","Neb. Rev. Stat.","§ 25-206","US-NE","EXACT","US","US-NE","OWNER_ACCEPTED_LEGAL_AUTHORITY","SCREEN_INCONCLUSIVE","ESTABLISHED","LEGACY_SECTION_TOKEN_NAMED_BY_CATALOGUE_NOTE","","","INSTRUMENT_CLASS_CONFIRMATION; REGISTER_DISPOSITION_UNRESOLVED","PRIOR_REVIEW_RECORD_NOT_HELD_IN_THIS_WORKSPACE; FORMAL_EDITION_OR_HISTORICAL_VERSION_NOT_RECORDED","UNRESOLVED","BLOCKED_MISSING_EVIDENCE","a durable per-ID corrected-logic rescreen disposition for CRP-LSRC-0120 - no register section, work-order ledger, catalogue field or SOURCE_CAPTURES evidence package in this workspace records one","ADMINISTRATIVE_RECONCILIATION; REPORT_FORMAT_AND_APPLICATION_DEPENDENCIES; READINESS_FOR_DETERMINISTIC_EVALUATION","NO"
"CRP-LSRC-0121","LIMITATION_RECORD","F1","LIMITATION_OR_RETENTION","Neb. Rev. Stat.","§ 25-205","US-NE","EXACT","US","US-NE","OWNER_ACCEPTED_LEGAL_AUTHORITY","SCREEN_INCONCLUSIVE","ESTABLISHED","LEGACY_SECTION_NUMERIC_CORE_WITH_JURISDICTION_AGREEMENT","","","INSTRUMENT_CLASS_CONFIRMATION; REGISTER_DISPOSITION_UNRESOLVED","PRIOR_REVIEW_RECORD_NOT_HELD_IN_THIS_WORKSPACE; FORMAL_EDITION_OR_HISTORICAL_VERSION_NOT_RECORDED","UNRESOLVED","BLOCKED_MISSING_EVIDENCE","a durable per-ID corrected-logic rescreen disposition for CRP-LSRC-0121 - no register section, work-order ledger, catalogue field or SOURCE_CAPTURES evidence package in this workspace records one","ADMINISTRATIVE_RECONCILIATION; REPORT_FORMAT_AND_APPLICATION_DEPENDENCIES; READINESS_FOR_DETERMINISTIC_EVALUATION","NO"
"CRP-LSRC-0122","LIMITATION_RECORD","F1","LIMITATION_OR_RETENTION","N.H. Rev. Stat.","§ 508:4(I)","US-NH","EXACT","US","US-NH","OWNER_ACCEPTED_LEGAL_AUTHORITY","SCREEN_INCONCLUSIVE","ESTABLISHED","LEGACY_SECTION_TOKEN_NAMED_BY_CATALOGUE_NOTE","","","INSTRUMENT_CLASS_CONFIRMATION; REGISTER_DISPOSITION_UNRESOLVED","PRIOR_REVIEW_RECORD_NOT_HELD_IN_THIS_WORKSPACE; FORMAL_EDITION_OR_HISTORICAL_VERSION_NOT_RECORDED","UNRESOLVED","BLOCKED_MISSING_EVIDENCE","a durable per-ID corrected-logic rescreen disposition for CRP-LSRC-0122 - no register section, work-order ledger, catalogue field or SOURCE_CAPTURES evidence package in this workspace records one","ADMINISTRATIVE_RECONCILIATION; REPORT_FORMAT_AND_APPLICATION_DEPENDENCIES; READINESS_FOR_DETERMINISTIC_EVALUATION","NO"
"CRP-LSRC-0123","LIMITATION_RECORD","F1","LIMITATION_OR_RETENTION","N.J.S.A.","2A:14-1","US-NJ","EXACT","US","US-NJ","OWNER_ACCEPTED_LEGAL_AUTHORITY","SCREEN_INCONCLUSIVE","ESTABLISHED","LEGACY_SECTION_NUMERIC_CORE_WITH_JURISDICTION_AGREEMENT","","","INSTRUMENT_CLASS_CONFIRMATION; REGISTER_DISPOSITION_UNRESOLVED","PRIOR_REVIEW_RECORD_NOT_HELD_IN_THIS_WORKSPACE; FORMAL_EDITION_OR_HISTORICAL_VERSION_NOT_RECORDED","UNRESOLVED","BLOCKED_MISSING_EVIDENCE","a durable per-ID corrected-logic rescreen disposition for CRP-LSRC-0123 - no register section, work-order ledger, catalogue field or SOURCE_CAPTURES evidence package in this workspace records one","ADMINISTRATIVE_RECONCILIATION; REPORT_FORMAT_AND_APPLICATION_DEPENDENCIES; READINESS_FOR_DETERMINISTIC_EVALUATION","NO"
"CRP-LSRC-0124","LIMITATION_RECORD","F1","LIMITATION_OR_RETENTION","N.M.S.A.","§ 37-1-3(A)","US-NM","EXACT","US","US-NM","OWNER_ACCEPTED_LEGAL_AUTHORITY","SCREEN_INCONCLUSIVE","ESTABLISHED_MULTIPLE_RECORDED_ROWS","LEGACY_SECTION_NUMERIC_CORE_WITH_JURISDICTION_AGREEMENT","","","LEGACY_OPERATIONAL_MAPPING_AMBIGUOUS:MULTIPLE_LEGACY_ROWS_CARRY_THE_RECORDED_PROVISION; INSTRUMENT_CLASS_CONFIRMATION; REGISTER_DISPOSITION_UNRESOLVED","PRIOR_REVIEW_RECORD_NOT_HELD_IN_THIS_WORKSPACE; FORMAL_EDITION_OR_HISTORICAL_VERSION_NOT_RECORDED","UNRESOLVED","BLOCKED_MISSING_EVIDENCE","a durable per-ID corrected-logic rescreen disposition for CRP-LSRC-0124 - no register section, work-order ledger, catalogue field or SOURCE_CAPTURES evidence package in this workspace records one","ADMINISTRATIVE_RECONCILIATION; REPORT_FORMAT_AND_APPLICATION_DEPENDENCIES; READINESS_FOR_DETERMINISTIC_EVALUATION","NO"
"CRP-LSRC-0125","LIMITATION_RECORD","F1","LIMITATION_OR_RETENTION","N.M.S.A.","§ 37-1-4","US-NM","EXACT","US","US-NM","OWNER_ACCEPTED_LEGAL_AUTHORITY","SCREEN_INCONCLUSIVE","ESTABLISHED","LEGACY_SECTION_TOKEN_NAMED_BY_CATALOGUE_NOTE","","","INSTRUMENT_CLASS_CONFIRMATION; REGISTER_DISPOSITION_UNRESOLVED","PRIOR_REVIEW_RECORD_NOT_HELD_IN_THIS_WORKSPACE; FORMAL_EDITION_OR_HISTORICAL_VERSION_NOT_RECORDED","UNRESOLVED","BLOCKED_MISSING_EVIDENCE","a durable per-ID corrected-logic rescreen disposition for CRP-LSRC-0125 - no register section, work-order ledger, catalogue field or SOURCE_CAPTURES evidence package in this workspace records one","ADMINISTRATIVE_RECONCILIATION; REPORT_FORMAT_AND_APPLICATION_DEPENDENCIES; READINESS_FOR_DETERMINISTIC_EVALUATION","NO"
"CRP-LSRC-0126","LIMITATION_RECORD","F1","LIMITATION_OR_RETENTION","N.M.S.A.","`§ 37-1-3(A)` (note branch)","US-NM","EXACT","US","US-NM","OWNER_ACCEPTED_LEGAL_AUTHORITY","SCREEN_INCONCLUSIVE","ESTABLISHED_MULTIPLE_RECORDED_ROWS","LEGACY_SECTION_NUMERIC_CORE_WITH_JURISDICTION_AGREEMENT","","","LEGACY_OPERATIONAL_MAPPING_AMBIGUOUS:MULTIPLE_LEGACY_ROWS_CARRY_THE_RECORDED_PROVISION; INSTRUMENT_CLASS_CONFIRMATION; REGISTER_DISPOSITION_UNRESOLVED","PRIOR_REVIEW_RECORD_NOT_HELD_IN_THIS_WORKSPACE; FORMAL_EDITION_OR_HISTORICAL_VERSION_NOT_RECORDED","UNRESOLVED","BLOCKED_MISSING_EVIDENCE","a durable per-ID corrected-logic rescreen disposition for CRP-LSRC-0126 - no register section, work-order ledger, catalogue field or SOURCE_CAPTURES evidence package in this workspace records one","ADMINISTRATIVE_RECONCILIATION; REPORT_FORMAT_AND_APPLICATION_DEPENDENCIES; READINESS_FOR_DETERMINISTIC_EVALUATION","NO"
"CRP-LSRC-0127","LIMITATION_RECORD","F1","LIMITATION_OR_RETENTION","Nev. Rev. Stat.","§ 11.190(2)(c)","US-NV","EXACT","US","US-NV","OWNER_ACCEPTED_LEGAL_AUTHORITY","SCREEN_INCONCLUSIVE","ESTABLISHED","LEGACY_SECTION_TOKEN_NAMED_BY_CATALOGUE_NOTE","","","INSTRUMENT_CLASS_CONFIRMATION; REGISTER_DISPOSITION_UNRESOLVED","PRIOR_REVIEW_RECORD_NOT_HELD_IN_THIS_WORKSPACE; FORMAL_EDITION_OR_HISTORICAL_VERSION_NOT_RECORDED","UNRESOLVED","BLOCKED_MISSING_EVIDENCE","a durable per-ID corrected-logic rescreen disposition for CRP-LSRC-0127 - no register section, work-order ledger, catalogue field or SOURCE_CAPTURES evidence package in this workspace records one","ADMINISTRATIVE_RECONCILIATION; REPORT_FORMAT_AND_APPLICATION_DEPENDENCIES; READINESS_FOR_DETERMINISTIC_EVALUATION","NO"
"CRP-LSRC-0128","LIMITATION_RECORD","F1","LIMITATION_OR_RETENTION","Nev. Rev. Stat.","§ 11.190(1)(b)","US-NV","EXACT","US","US-NV","OWNER_ACCEPTED_LEGAL_AUTHORITY","SCREEN_INCONCLUSIVE","ESTABLISHED","LEGACY_SECTION_NUMERIC_CORE_WITH_JURISDICTION_AGREEMENT","","","INSTRUMENT_CLASS_CONFIRMATION; REGISTER_DISPOSITION_UNRESOLVED","PRIOR_REVIEW_RECORD_NOT_HELD_IN_THIS_WORKSPACE; FORMAL_EDITION_OR_HISTORICAL_VERSION_NOT_RECORDED","UNRESOLVED","BLOCKED_MISSING_EVIDENCE","a durable per-ID corrected-logic rescreen disposition for CRP-LSRC-0128 - no register section, work-order ledger, catalogue field or SOURCE_CAPTURES evidence package in this workspace records one","ADMINISTRATIVE_RECONCILIATION; REPORT_FORMAT_AND_APPLICATION_DEPENDENCIES; READINESS_FOR_DETERMINISTIC_EVALUATION","NO"
"CRP-LSRC-0129","LIMITATION_RECORD","F1","LIMITATION_OR_RETENTION","N.Y. C.P.L.R.","§ 214-i","US-NY","EXACT","US","US-NY","OWNER_ACCEPTED_LEGAL_AUTHORITY","SCREEN_INCONCLUSIVE","ESTABLISHED","LEGACY_SECTION_TOKEN_NAMED_BY_CATALOGUE_NOTE","","","INSTRUMENT_CLASS_CONFIRMATION; REGISTER_DISPOSITION_UNRESOLVED","PRIOR_REVIEW_RECORD_NOT_HELD_IN_THIS_WORKSPACE; FORMAL_EDITION_OR_HISTORICAL_VERSION_NOT_RECORDED","UNRESOLVED","BLOCKED_MISSING_EVIDENCE","a durable per-ID corrected-logic rescreen disposition for CRP-LSRC-0129 - no register section, work-order ledger, catalogue field or SOURCE_CAPTURES evidence package in this workspace records one","ADMINISTRATIVE_RECONCILIATION; REPORT_FORMAT_AND_APPLICATION_DEPENDENCIES; READINESS_FOR_DETERMINISTIC_EVALUATION","NO"
"CRP-LSRC-0130","LIMITATION_RECORD","F1","LIMITATION_OR_RETENTION","N.Y. C.P.L.R.","§ 213-d","US-NY","EXACT","US","US-NY","OWNER_ACCEPTED_LEGAL_AUTHORITY","SCREEN_INCONCLUSIVE","ESTABLISHED","LEGACY_SECTION_TOKEN_NAMED_BY_CATALOGUE_NOTE","","","INSTRUMENT_CLASS_CONFIRMATION; REGISTER_DISPOSITION_UNRESOLVED","PRIOR_REVIEW_RECORD_NOT_HELD_IN_THIS_WORKSPACE; FORMAL_EDITION_OR_HISTORICAL_VERSION_NOT_RECORDED","UNRESOLVED","BLOCKED_MISSING_EVIDENCE","a durable per-ID corrected-logic rescreen disposition for CRP-LSRC-0130 - no register section, work-order ledger, catalogue field or SOURCE_CAPTURES evidence package in this workspace records one","ADMINISTRATIVE_RECONCILIATION; REPORT_FORMAT_AND_APPLICATION_DEPENDENCIES; READINESS_FOR_DETERMINISTIC_EVALUATION","NO"
"CRP-LSRC-0131","LIMITATION_RECORD","F1","LIMITATION_OR_RETENTION","Okla. Stat. tit. 12","§ 95(A)(2)","US-OK","EXACT","US","US-OK","OWNER_ACCEPTED_LEGAL_AUTHORITY","SCREEN_INCONCLUSIVE","NOT_ESTABLISHED","NOT_ESTABLISHED","","","LEGACY_OPERATIONAL_MAPPING_NOT_ESTABLISHED; INSTRUMENT_CLASS_CONFIRMATION; REGISTER_DISPOSITION_UNRESOLVED","PRIOR_REVIEW_RECORD_NOT_HELD_IN_THIS_WORKSPACE; FORMAL_EDITION_OR_HISTORICAL_VERSION_NOT_RECORDED","UNRESOLVED","BLOCKED_MISSING_EVIDENCE","a durable per-ID corrected-logic rescreen disposition for CRP-LSRC-0131 - no register section, work-order ledger, catalogue field or SOURCE_CAPTURES evidence package in this workspace records one","ADMINISTRATIVE_RECONCILIATION; REPORT_FORMAT_AND_APPLICATION_DEPENDENCIES; READINESS_FOR_DETERMINISTIC_EVALUATION","NO"
"CRP-LSRC-0132","LIMITATION_RECORD","F1","LIMITATION_OR_RETENTION","Okla. Stat. tit. 12","§ 95(A)(1)","US-OK","EXACT","US","US-OK","OWNER_ACCEPTED_LEGAL_AUTHORITY","SCREEN_INCONCLUSIVE","NOT_ESTABLISHED","NOT_ESTABLISHED","","","LEGACY_OPERATIONAL_MAPPING_NOT_ESTABLISHED; INSTRUMENT_CLASS_CONFIRMATION; REGISTER_DISPOSITION_UNRESOLVED","PRIOR_REVIEW_RECORD_NOT_HELD_IN_THIS_WORKSPACE; FORMAL_EDITION_OR_HISTORICAL_VERSION_NOT_RECORDED","UNRESOLVED","BLOCKED_MISSING_EVIDENCE","a durable per-ID corrected-logic rescreen disposition for CRP-LSRC-0132 - no register section, work-order ledger, catalogue field or SOURCE_CAPTURES evidence package in this workspace records one","ADMINISTRATIVE_RECONCILIATION; REPORT_FORMAT_AND_APPLICATION_DEPENDENCIES; READINESS_FOR_DETERMINISTIC_EVALUATION","NO"
"CRP-LSRC-0133","LIMITATION_RECORD","F1","LIMITATION_OR_RETENTION","42 Pa.C.S.","§ 5525","US-PA","EXACT","US","US-PA","OWNER_ACCEPTED_LEGAL_AUTHORITY","SCREEN_INCONCLUSIVE","ESTABLISHED","LEGACY_SECTION_TOKEN_NAMED_BY_CATALOGUE_NOTE","","","INSTRUMENT_CLASS_CONFIRMATION; REGISTER_DISPOSITION_UNRESOLVED","PRIOR_REVIEW_RECORD_NOT_HELD_IN_THIS_WORKSPACE; FORMAL_EDITION_OR_HISTORICAL_VERSION_NOT_RECORDED","UNRESOLVED","BLOCKED_MISSING_EVIDENCE","a durable per-ID corrected-logic rescreen disposition for CRP-LSRC-0133 - no register section, work-order ledger, catalogue field or SOURCE_CAPTURES evidence package in this workspace records one","ADMINISTRATIVE_RECONCILIATION; REPORT_FORMAT_AND_APPLICATION_DEPENDENCIES; READINESS_FOR_DETERMINISTIC_EVALUATION","NO"
"CRP-LSRC-0134","LIMITATION_RECORD","F1","LIMITATION_OR_RETENTION","R.I. Gen. Laws","§ 9-1-13(a)","US-RI","EXACT","US","US-RI","OWNER_ACCEPTED_LEGAL_AUTHORITY","SCREEN_INCONCLUSIVE","ESTABLISHED","LEGACY_SECTION_TOKEN_NAMED_BY_CATALOGUE_NOTE","","","INSTRUMENT_CLASS_CONFIRMATION; REGISTER_DISPOSITION_UNRESOLVED","PRIOR_REVIEW_RECORD_NOT_HELD_IN_THIS_WORKSPACE; FORMAL_EDITION_OR_HISTORICAL_VERSION_NOT_RECORDED","UNRESOLVED","BLOCKED_MISSING_EVIDENCE","a durable per-ID corrected-logic rescreen disposition for CRP-LSRC-0134 - no register section, work-order ledger, catalogue field or SOURCE_CAPTURES evidence package in this workspace records one","ADMINISTRATIVE_RECONCILIATION; REPORT_FORMAT_AND_APPLICATION_DEPENDENCIES; READINESS_FOR_DETERMINISTIC_EVALUATION","NO"
"CRP-LSRC-0135","LIMITATION_RECORD","F1","LIMITATION_OR_RETENTION","S.C. Code","§ 15-3-530(1)","US-SC","EXACT","US","US-SC","OWNER_ACCEPTED_LEGAL_AUTHORITY","SUBORDINATE_CODE_OR_RULE","ESTABLISHED","LEGACY_SECTION_TOKEN_NAMED_BY_CATALOGUE_NOTE","","","INSTRUMENT_CLASS_CONFIRMATION; REGISTER_DISPOSITION_UNRESOLVED","PRIOR_REVIEW_RECORD_NOT_HELD_IN_THIS_WORKSPACE; FORMAL_EDITION_OR_HISTORICAL_VERSION_NOT_RECORDED","UNRESOLVED","BLOCKED_MISSING_EVIDENCE","a durable per-ID corrected-logic rescreen disposition for CRP-LSRC-0135 - no register section, work-order ledger, catalogue field or SOURCE_CAPTURES evidence package in this workspace records one","ADMINISTRATIVE_RECONCILIATION; REPORT_FORMAT_AND_APPLICATION_DEPENDENCIES; READINESS_FOR_DETERMINISTIC_EVALUATION","NO"
"CRP-LSRC-0136","LIMITATION_RECORD","F1","LIMITATION_OR_RETENTION","S.D. Codified Laws","§ 15-2-13(1)","US-SD","EXACT","US","US-SD","OWNER_ACCEPTED_LEGAL_AUTHORITY","SCREEN_INCONCLUSIVE","ESTABLISHED","LEGACY_SECTION_TOKEN_NAMED_BY_CATALOGUE_NOTE","","","INSTRUMENT_CLASS_CONFIRMATION; REGISTER_DISPOSITION_UNRESOLVED","PRIOR_REVIEW_RECORD_NOT_HELD_IN_THIS_WORKSPACE; FORMAL_EDITION_OR_HISTORICAL_VERSION_NOT_RECORDED","UNRESOLVED","BLOCKED_MISSING_EVIDENCE","a durable per-ID corrected-logic rescreen disposition for CRP-LSRC-0136 - no register section, work-order ledger, catalogue field or SOURCE_CAPTURES evidence package in this workspace records one","ADMINISTRATIVE_RECONCILIATION; REPORT_FORMAT_AND_APPLICATION_DEPENDENCIES; READINESS_FOR_DETERMINISTIC_EVALUATION","NO"
"CRP-LSRC-0137","LIMITATION_RECORD","F1","LIMITATION_OR_RETENTION","Tenn. Code","§ 28-3-109","US-TN","EXACT","US","US-TN","OWNER_ACCEPTED_LEGAL_AUTHORITY","SUBORDINATE_CODE_OR_RULE","ESTABLISHED","LEGACY_SECTION_TOKEN_NAMED_BY_CATALOGUE_NOTE","","","INSTRUMENT_CLASS_CONFIRMATION; REGISTER_DISPOSITION_UNRESOLVED","PRIOR_REVIEW_RECORD_NOT_HELD_IN_THIS_WORKSPACE; FORMAL_EDITION_OR_HISTORICAL_VERSION_NOT_RECORDED","UNRESOLVED","BLOCKED_MISSING_EVIDENCE","a durable per-ID corrected-logic rescreen disposition for CRP-LSRC-0137 - no register section, work-order ledger, catalogue field or SOURCE_CAPTURES evidence package in this workspace records one","ADMINISTRATIVE_RECONCILIATION; REPORT_FORMAT_AND_APPLICATION_DEPENDENCIES; READINESS_FOR_DETERMINISTIC_EVALUATION","NO"
"CRP-LSRC-0138","LIMITATION_RECORD","F1","LIMITATION_OR_RETENTION","Utah Code","§ 78B-2-307(1)(c)","US-UT","EXACT","US","US-UT","OWNER_ACCEPTED_LEGAL_AUTHORITY","SUBORDINATE_CODE_OR_RULE","ESTABLISHED","LEGACY_SECTION_TOKEN_NAMED_BY_CATALOGUE_NOTE","","","INSTRUMENT_CLASS_CONFIRMATION; REGISTER_DISPOSITION_UNRESOLVED","PRIOR_REVIEW_RECORD_NOT_HELD_IN_THIS_WORKSPACE; FORMAL_EDITION_OR_HISTORICAL_VERSION_NOT_RECORDED","UNRESOLVED","BLOCKED_MISSING_EVIDENCE","a durable per-ID corrected-logic rescreen disposition for CRP-LSRC-0138 - no register section, work-order ledger, catalogue field or SOURCE_CAPTURES evidence package in this workspace records one","ADMINISTRATIVE_RECONCILIATION; REPORT_FORMAT_AND_APPLICATION_DEPENDENCIES; READINESS_FOR_DETERMINISTIC_EVALUATION","NO"
"CRP-LSRC-0139","LIMITATION_RECORD","F1","LIMITATION_OR_RETENTION","Utah Code","§ 78B-2-309","US-UT","EXACT","US","US-UT","OWNER_ACCEPTED_LEGAL_AUTHORITY","SUBORDINATE_CODE_OR_RULE","ESTABLISHED","LEGACY_SECTION_NUMERIC_CORE_WITH_JURISDICTION_AGREEMENT","","","INSTRUMENT_CLASS_CONFIRMATION; REGISTER_DISPOSITION_UNRESOLVED","PRIOR_REVIEW_RECORD_NOT_HELD_IN_THIS_WORKSPACE; FORMAL_EDITION_OR_HISTORICAL_VERSION_NOT_RECORDED","UNRESOLVED","BLOCKED_MISSING_EVIDENCE","a durable per-ID corrected-logic rescreen disposition for CRP-LSRC-0139 - no register section, work-order ledger, catalogue field or SOURCE_CAPTURES evidence package in this workspace records one","ADMINISTRATIVE_RECONCILIATION; REPORT_FORMAT_AND_APPLICATION_DEPENDENCIES; READINESS_FOR_DETERMINISTIC_EVALUATION","NO"
"CRP-LSRC-0140","LIMITATION_RECORD","F1","LIMITATION_OR_RETENTION","12 V.S.A.","§ 511","US-VT","EXACT","US","US-VT","OWNER_ACCEPTED_LEGAL_AUTHORITY","SCREEN_INCONCLUSIVE","ESTABLISHED","LEGACY_SECTION_NUMERIC_CORE_WITH_JURISDICTION_AGREEMENT","","","INSTRUMENT_CLASS_CONFIRMATION; REGISTER_DISPOSITION_UNRESOLVED","PRIOR_REVIEW_RECORD_NOT_HELD_IN_THIS_WORKSPACE; FORMAL_EDITION_OR_HISTORICAL_VERSION_NOT_RECORDED","UNRESOLVED","BLOCKED_MISSING_EVIDENCE","a durable per-ID corrected-logic rescreen disposition for CRP-LSRC-0140 - no register section, work-order ledger, catalogue field or SOURCE_CAPTURES evidence package in this workspace records one","ADMINISTRATIVE_RECONCILIATION; REPORT_FORMAT_AND_APPLICATION_DEPENDENCIES; READINESS_FOR_DETERMINISTIC_EVALUATION","NO"
"CRP-LSRC-0141","LIMITATION_RECORD","F1","LIMITATION_OR_RETENTION","9A V.S.A.","§ 3-118","US-VT","EXACT","US","US-VT","OWNER_ACCEPTED_LEGAL_AUTHORITY","SCREEN_INCONCLUSIVE","ESTABLISHED","LEGACY_SECTION_NUMERIC_CORE_WITH_JURISDICTION_AGREEMENT","","","INSTRUMENT_CLASS_CONFIRMATION; REGISTER_DISPOSITION_UNRESOLVED","PRIOR_REVIEW_RECORD_NOT_HELD_IN_THIS_WORKSPACE; FORMAL_EDITION_OR_HISTORICAL_VERSION_NOT_RECORDED","UNRESOLVED","BLOCKED_MISSING_EVIDENCE","a durable per-ID corrected-logic rescreen disposition for CRP-LSRC-0141 - no register section, work-order ledger, catalogue field or SOURCE_CAPTURES evidence package in this workspace records one","ADMINISTRATIVE_RECONCILIATION; REPORT_FORMAT_AND_APPLICATION_DEPENDENCIES; READINESS_FOR_DETERMINISTIC_EVALUATION","NO"
"CRP-LSRC-0142","LIMITATION_RECORD","F1","LIMITATION_OR_RETENTION","Wis. Stat.","§ 893.43(1)","US-WI","EXACT","US","US-WI","OWNER_ACCEPTED_LEGAL_AUTHORITY","SCREEN_INCONCLUSIVE","ESTABLISHED","LEGACY_SECTION_TOKEN_NAMED_BY_CATALOGUE_NOTE","","","INSTRUMENT_CLASS_CONFIRMATION; REGISTER_DISPOSITION_UNRESOLVED","PRIOR_REVIEW_RECORD_NOT_HELD_IN_THIS_WORKSPACE; FORMAL_EDITION_OR_HISTORICAL_VERSION_NOT_RECORDED","UNRESOLVED","BLOCKED_MISSING_EVIDENCE","a durable per-ID corrected-logic rescreen disposition for CRP-LSRC-0142 - no register section, work-order ledger, catalogue field or SOURCE_CAPTURES evidence package in this workspace records one","ADMINISTRATIVE_RECONCILIATION; REPORT_FORMAT_AND_APPLICATION_DEPENDENCIES; READINESS_FOR_DETERMINISTIC_EVALUATION","NO"
"CRP-LSRC-0143","LIMITATION_RECORD","F1","LIMITATION_OR_RETENTION","Puerto Rico — Civil Code of Puerto Rico (2020)","Art. 1203; 31 L.P.R.A. § 9495","US-PR","EXACT","US","US-PR","OWNER_ACCEPTED_LEGAL_AUTHORITY","SUBORDINATE_CODE_OR_RULE","ESTABLISHED","LEGACY_SECTION_TOKEN_NAMED_BY_CATALOGUE_NOTE","","","INSTRUMENT_CLASS_CONFIRMATION; REGISTER_DISPOSITION_UNRESOLVED","PRIOR_REVIEW_RECORD_NOT_HELD_IN_THIS_WORKSPACE; FORMAL_EDITION_OR_HISTORICAL_VERSION_NOT_RECORDED","UNRESOLVED","BLOCKED_MISSING_EVIDENCE","a durable per-ID corrected-logic rescreen disposition for CRP-LSRC-0143 - no register section, work-order ledger, catalogue field or SOURCE_CAPTURES evidence package in this workspace records one","ADMINISTRATIVE_RECONCILIATION; REPORT_FORMAT_AND_APPLICATION_DEPENDENCIES; READINESS_FOR_DETERMINISTIC_EVALUATION","NO"
"CRP-LSRC-0144","LIMITATION_RECORD","F1","LIMITATION_OR_RETENTION","7 GCA","§ 11303","US-GU","EXACT","US","US-GU","OWNER_ACCEPTED_LEGAL_AUTHORITY","SCREEN_INCONCLUSIVE","ESTABLISHED","LEGACY_SECTION_TOKEN_NAMED_BY_CATALOGUE_NOTE","","","INSTRUMENT_CLASS_CONFIRMATION; REGISTER_DISPOSITION_UNRESOLVED","PRIOR_REVIEW_RECORD_NOT_HELD_IN_THIS_WORKSPACE; FORMAL_EDITION_OR_HISTORICAL_VERSION_NOT_RECORDED","UNRESOLVED","BLOCKED_MISSING_EVIDENCE","a durable per-ID corrected-logic rescreen disposition for CRP-LSRC-0144 - no register section, work-order ledger, catalogue field or SOURCE_CAPTURES evidence package in this workspace records one","ADMINISTRATIVE_RECONCILIATION; REPORT_FORMAT_AND_APPLICATION_DEPENDENCIES; READINESS_FOR_DETERMINISTIC_EVALUATION","NO"
"CRP-LSRC-0145","LIMITATION_RECORD","F1","LIMITATION_OR_RETENTION","5 V.I.C.","§ 31(a)(3)(A)","US-VI","EXACT","US","US-VI","OWNER_ACCEPTED_LEGAL_AUTHORITY","SCREEN_INCONCLUSIVE","ESTABLISHED","LEGACY_SECTION_TOKEN_NAMED_BY_CATALOGUE_NOTE","","","INSTRUMENT_CLASS_CONFIRMATION; REGISTER_DISPOSITION_UNRESOLVED","PRIOR_REVIEW_RECORD_NOT_HELD_IN_THIS_WORKSPACE; FORMAL_EDITION_OR_HISTORICAL_VERSION_NOT_RECORDED","UNRESOLVED","BLOCKED_MISSING_EVIDENCE","a durable per-ID corrected-logic rescreen disposition for CRP-LSRC-0145 - no register section, work-order ledger, catalogue field or SOURCE_CAPTURES evidence package in this workspace records one","ADMINISTRATIVE_RECONCILIATION; REPORT_FORMAT_AND_APPLICATION_DEPENDENCIES; READINESS_FOR_DETERMINISTIC_EVALUATION","NO"
"CRP-LSRC-0146","LIMITATION_RECORD","F1","LIMITATION_OR_RETENTION","7 CMC","§ 2505","US-MP","EXACT","US","US-MP","OWNER_ACCEPTED_LEGAL_AUTHORITY","SCREEN_INCONCLUSIVE","ESTABLISHED","LEGACY_SECTION_TOKEN_NAMED_BY_CATALOGUE_NOTE","","","INSTRUMENT_CLASS_CONFIRMATION; REGISTER_DISPOSITION_UNRESOLVED","PRIOR_REVIEW_RECORD_NOT_HELD_IN_THIS_WORKSPACE; FORMAL_EDITION_OR_HISTORICAL_VERSION_NOT_RECORDED","UNRESOLVED","BLOCKED_MISSING_EVIDENCE","a durable per-ID corrected-logic rescreen disposition for CRP-LSRC-0146 - no register section, work-order ledger, catalogue field or SOURCE_CAPTURES evidence package in this workspace records one","ADMINISTRATIVE_RECONCILIATION; REPORT_FORMAT_AND_APPLICATION_DEPENDENCIES; READINESS_FOR_DETERMINISTIC_EVALUATION","NO"
"CRP-LSRC-0147","LIMITATION_RECORD","F1","LIMITATION_OR_RETENTION","A.S.C.A.","§ 43.0120(3)","US-AS","EXACT","US","US-AS","OWNER_ACCEPTED_LEGAL_AUTHORITY","STATUTE_OR_REGULATION","ESTABLISHED","LEGACY_SECTION_TOKEN_NAMED_BY_CATALOGUE_NOTE","","","REGISTER_DISPOSITION_UNRESOLVED","PRIOR_REVIEW_RECORD_NOT_HELD_IN_THIS_WORKSPACE; FORMAL_EDITION_OR_HISTORICAL_VERSION_NOT_RECORDED","UNRESOLVED","BLOCKED_MISSING_EVIDENCE","a durable per-ID corrected-logic rescreen disposition for CRP-LSRC-0147 - no register section, work-order ledger, catalogue field or SOURCE_CAPTURES evidence package in this workspace records one","REPORT_FORMAT_AND_APPLICATION_DEPENDENCIES; READINESS_FOR_DETERMINISTIC_EVALUATION","NO"
"CRP-LSRC-0148","LIMITATION_RECORD","F1","LIMITATION_OR_RETENTION","A.S.C.A.","§ 43.0120(5)","US-AS","EXACT","US","US-AS","OWNER_ACCEPTED_LEGAL_AUTHORITY","STATUTE_OR_REGULATION","ESTABLISHED","LEGACY_SECTION_NUMERIC_CORE_WITH_JURISDICTION_AGREEMENT","","","REGISTER_DISPOSITION_UNRESOLVED","PRIOR_REVIEW_RECORD_NOT_HELD_IN_THIS_WORKSPACE; FORMAL_EDITION_OR_HISTORICAL_VERSION_NOT_RECORDED","UNRESOLVED","BLOCKED_MISSING_EVIDENCE","a durable per-ID corrected-logic rescreen disposition for CRP-LSRC-0148 - no register section, work-order ledger, catalogue field or SOURCE_CAPTURES evidence package in this workspace records one","REPORT_FORMAT_AND_APPLICATION_DEPENDENCIES; READINESS_FOR_DETERMINISTIC_EVALUATION","NO"
"CRP-LSRC-0149","LIMITATION_RECORD","F1","LIMITATION_OR_RETENTION","W. Va. Code","§ 55-2-6","US-WV","EXACT","US","US-WV","OWNER_ACCEPTED_LEGAL_AUTHORITY","SUBORDINATE_CODE_OR_RULE","ESTABLISHED_MULTIPLE_RECORDED_ROWS","LEGACY_SECTION_NUMERIC_CORE_WITH_JURISDICTION_AGREEMENT","","","LEGACY_OPERATIONAL_MAPPING_AMBIGUOUS:MULTIPLE_LEGACY_ROWS_CARRY_THE_RECORDED_PROVISION; INSTRUMENT_CLASS_CONFIRMATION; REGISTER_DISPOSITION_UNRESOLVED; DUPLICATE_IDENTITY_BOOKKEEPING","PRIOR_REVIEW_RECORD_NOT_HELD_IN_THIS_WORKSPACE; FORMAL_EDITION_OR_HISTORICAL_VERSION_NOT_RECORDED","UNRESOLVED","BLOCKED_MISSING_EVIDENCE","a durable per-ID corrected-logic rescreen disposition for CRP-LSRC-0149 - no register section, work-order ledger, catalogue field or SOURCE_CAPTURES evidence package in this workspace records one","ADMINISTRATIVE_RECONCILIATION; REPORT_FORMAT_AND_APPLICATION_DEPENDENCIES; READINESS_FOR_DETERMINISTIC_EVALUATION","NO"
"CRP-LSRC-0150","LIMITATION_RECORD","F1","LIMITATION_OR_RETENTION","W. Va. Code","§ 55-2-6","US-WV","EXACT","US","US-WV","OWNER_ACCEPTED_LEGAL_AUTHORITY","SUBORDINATE_CODE_OR_RULE","ESTABLISHED_MULTIPLE_RECORDED_ROWS","LEGACY_SECTION_NUMERIC_CORE_WITH_JURISDICTION_AGREEMENT","","","LEGACY_OPERATIONAL_MAPPING_AMBIGUOUS:MULTIPLE_LEGACY_ROWS_CARRY_THE_RECORDED_PROVISION; INSTRUMENT_CLASS_CONFIRMATION; REGISTER_DISPOSITION_UNRESOLVED; DUPLICATE_IDENTITY_BOOKKEEPING","PRIOR_REVIEW_RECORD_NOT_HELD_IN_THIS_WORKSPACE; FORMAL_EDITION_OR_HISTORICAL_VERSION_NOT_RECORDED","UNRESOLVED","BLOCKED_MISSING_EVIDENCE","a durable per-ID corrected-logic rescreen disposition for CRP-LSRC-0150 - no register section, work-order ledger, catalogue field or SOURCE_CAPTURES evidence package in this workspace records one","ADMINISTRATIVE_RECONCILIATION; REPORT_FORMAT_AND_APPLICATION_DEPENDENCIES; READINESS_FOR_DETERMINISTIC_EVALUATION","NO"
"CRP-LSRC-0151","LIMITATION_RECORD","F1","LIMITATION_OR_RETENTION","Wyo. Stat.","§ 1-3-105(a)(ii)(A)","US-WY","EXACT","US","US-WY","OWNER_ACCEPTED_LEGAL_AUTHORITY","SCREEN_INCONCLUSIVE","ESTABLISHED","LEGACY_SECTION_TOKEN_NAMED_BY_CATALOGUE_NOTE","","","INSTRUMENT_CLASS_CONFIRMATION; REGISTER_DISPOSITION_UNRESOLVED","PRIOR_REVIEW_RECORD_NOT_HELD_IN_THIS_WORKSPACE; FORMAL_EDITION_OR_HISTORICAL_VERSION_NOT_RECORDED","UNRESOLVED","BLOCKED_MISSING_EVIDENCE","a durable per-ID corrected-logic rescreen disposition for CRP-LSRC-0151 - no register section, work-order ledger, catalogue field or SOURCE_CAPTURES evidence package in this workspace records one","ADMINISTRATIVE_RECONCILIATION; REPORT_FORMAT_AND_APPLICATION_DEPENDENCIES; READINESS_FOR_DETERMINISTIC_EVALUATION","NO"
"CRP-LSRC-0152","LIMITATION_RECORD","F1","LIMITATION_OR_RETENTION","Wyo. Stat.","§ 1-3-105(a)(i)","US-WY","EXACT","US","US-WY","OWNER_ACCEPTED_LEGAL_AUTHORITY","SCREEN_INCONCLUSIVE","ESTABLISHED","LEGACY_SECTION_NUMERIC_CORE_WITH_JURISDICTION_AGREEMENT","","","INSTRUMENT_CLASS_CONFIRMATION; REGISTER_DISPOSITION_UNRESOLVED","PRIOR_REVIEW_RECORD_NOT_HELD_IN_THIS_WORKSPACE; FORMAL_EDITION_OR_HISTORICAL_VERSION_NOT_RECORDED","UNRESOLVED","BLOCKED_MISSING_EVIDENCE","a durable per-ID corrected-logic rescreen disposition for CRP-LSRC-0152 - no register section, work-order ledger, catalogue field or SOURCE_CAPTURES evidence package in this workspace records one","ADMINISTRATIVE_RECONCILIATION; REPORT_FORMAT_AND_APPLICATION_DEPENDENCIES; READINESS_FOR_DETERMINISTIC_EVALUATION","NO"
"CRP-LSRC-0153","LIMITATION_RECORD","F1","LIMITATION_OR_RETENTION","Va. Code","§ 8.01-246","US-VA","EXACT","US","US-VA","OWNER_ACCEPTED_LEGAL_AUTHORITY","SUBORDINATE_CODE_OR_RULE","ESTABLISHED_MULTIPLE_RECORDED_ROWS","LEGACY_SECTION_NUMERIC_CORE_WITH_JURISDICTION_AGREEMENT","","","LEGACY_OPERATIONAL_MAPPING_AMBIGUOUS:MULTIPLE_LEGACY_ROWS_CARRY_THE_RECORDED_PROVISION; INSTRUMENT_CLASS_CONFIRMATION; REGISTER_DISPOSITION_UNRESOLVED","PRIOR_REVIEW_RECORD_NOT_HELD_IN_THIS_WORKSPACE; FORMAL_EDITION_OR_HISTORICAL_VERSION_NOT_RECORDED","UNRESOLVED","BLOCKED_MISSING_EVIDENCE","a durable per-ID corrected-logic rescreen disposition for CRP-LSRC-0153 - no register section, work-order ledger, catalogue field or SOURCE_CAPTURES evidence package in this workspace records one","ADMINISTRATIVE_RECONCILIATION; REPORT_FORMAT_AND_APPLICATION_DEPENDENCIES; READINESS_FOR_DETERMINISTIC_EVALUATION","NO"
"CRP-LSRC-0154","LIMITATION_RECORD","F1","LIMITATION_OR_RETENTION","Va. Code","§ 8.01-246(B)","US-VA","EXACT","US","US-VA","OWNER_ACCEPTED_LEGAL_AUTHORITY","SUBORDINATE_CODE_OR_RULE","ESTABLISHED_MULTIPLE_RECORDED_ROWS","LEGACY_SECTION_NUMERIC_CORE_WITH_JURISDICTION_AGREEMENT","","","LEGACY_OPERATIONAL_MAPPING_AMBIGUOUS:MULTIPLE_LEGACY_ROWS_CARRY_THE_RECORDED_PROVISION; INSTRUMENT_CLASS_CONFIRMATION; REGISTER_DISPOSITION_UNRESOLVED","PRIOR_REVIEW_RECORD_NOT_HELD_IN_THIS_WORKSPACE; FORMAL_EDITION_OR_HISTORICAL_VERSION_NOT_RECORDED","UNRESOLVED","BLOCKED_MISSING_EVIDENCE","a durable per-ID corrected-logic rescreen disposition for CRP-LSRC-0154 - no register section, work-order ledger, catalogue field or SOURCE_CAPTURES evidence package in this workspace records one","ADMINISTRATIVE_RECONCILIATION; REPORT_FORMAT_AND_APPLICATION_DEPENDENCIES; READINESS_FOR_DETERMINISTIC_EVALUATION","NO"
"CRP-LSRC-0155","LIMITATION_RECORD","F1","LIMITATION_OR_RETENTION","Alaska Stat.","§ 09.10.053","US-AK","EXACT","US","US-AK","OWNER_ACCEPTED_LEGAL_AUTHORITY","SCREEN_INCONCLUSIVE","ESTABLISHED","LEGACY_SECTION_TOKEN_NAMED_BY_CATALOGUE_NOTE","","","INSTRUMENT_CLASS_CONFIRMATION; REGISTER_DISPOSITION_UNRESOLVED","PRIOR_REVIEW_RECORD_NOT_HELD_IN_THIS_WORKSPACE; FORMAL_EDITION_OR_HISTORICAL_VERSION_NOT_RECORDED","UNRESOLVED","BLOCKED_MISSING_EVIDENCE","a durable per-ID corrected-logic rescreen disposition for CRP-LSRC-0155 - no register section, work-order ledger, catalogue field or SOURCE_CAPTURES evidence package in this workspace records one","ADMINISTRATIVE_RECONCILIATION; REPORT_FORMAT_AND_APPLICATION_DEPENDENCIES; READINESS_FOR_DETERMINISTIC_EVALUATION","NO"
"CRP-LSRC-0156","LIMITATION_RECORD","F1","LIMITATION_OR_RETENTION","Ala. Code","§ 6-2-37(1)","US-AL","EXACT","US","US-AL","OWNER_ACCEPTED_LEGAL_AUTHORITY","SUBORDINATE_CODE_OR_RULE","ESTABLISHED","LEGACY_SECTION_TOKEN_NAMED_BY_CATALOGUE_NOTE","","","INSTRUMENT_CLASS_CONFIRMATION; REGISTER_DISPOSITION_UNRESOLVED","PRIOR_REVIEW_RECORD_NOT_HELD_IN_THIS_WORKSPACE; FORMAL_EDITION_OR_HISTORICAL_VERSION_NOT_RECORDED","UNRESOLVED","BLOCKED_MISSING_EVIDENCE","a durable per-ID corrected-logic rescreen disposition for CRP-LSRC-0156 - no register section, work-order ledger, catalogue field or SOURCE_CAPTURES evidence package in this workspace records one","ADMINISTRATIVE_RECONCILIATION; REPORT_FORMAT_AND_APPLICATION_DEPENDENCIES; READINESS_FOR_DETERMINISTIC_EVALUATION","NO"
"CRP-LSRC-0157","LIMITATION_RECORD","F1","LIMITATION_OR_RETENTION","Ala. Code","§ 6-2-34","US-AL","EXACT","US","US-AL","OWNER_ACCEPTED_LEGAL_AUTHORITY","SUBORDINATE_CODE_OR_RULE","ESTABLISHED","LEGACY_SECTION_NUMERIC_CORE_WITH_JURISDICTION_AGREEMENT","","","INSTRUMENT_CLASS_CONFIRMATION; REGISTER_DISPOSITION_UNRESOLVED","PRIOR_REVIEW_RECORD_NOT_HELD_IN_THIS_WORKSPACE; FORMAL_EDITION_OR_HISTORICAL_VERSION_NOT_RECORDED","UNRESOLVED","BLOCKED_MISSING_EVIDENCE","a durable per-ID corrected-logic rescreen disposition for CRP-LSRC-0157 - no register section, work-order ledger, catalogue field or SOURCE_CAPTURES evidence package in this workspace records one","ADMINISTRATIVE_RECONCILIATION; REPORT_FORMAT_AND_APPLICATION_DEPENDENCIES; READINESS_FOR_DETERMINISTIC_EVALUATION","NO"
"CRP-LSRC-0158","LIMITATION_RECORD","F1","LIMITATION_OR_RETENTION","Ala. Code","§ 7-3-118(a)","US-AL","EXACT","US","US-AL","OWNER_ACCEPTED_LEGAL_AUTHORITY","SUBORDINATE_CODE_OR_RULE","ESTABLISHED","LEGACY_SECTION_TOKEN_NAMED_BY_CATALOGUE_NOTE","","","INSTRUMENT_CLASS_CONFIRMATION; REGISTER_DISPOSITION_UNRESOLVED","PRIOR_REVIEW_RECORD_NOT_HELD_IN_THIS_WORKSPACE; FORMAL_EDITION_OR_HISTORICAL_VERSION_NOT_RECORDED","UNRESOLVED","BLOCKED_MISSING_EVIDENCE","a durable per-ID corrected-logic rescreen disposition for CRP-LSRC-0158 - no register section, work-order ledger, catalogue field or SOURCE_CAPTURES evidence package in this workspace records one","ADMINISTRATIVE_RECONCILIATION; REPORT_FORMAT_AND_APPLICATION_DEPENDENCIES; READINESS_FOR_DETERMINISTIC_EVALUATION","NO"
"CRP-LSRC-0159","LIMITATION_RECORD","F1","LIMITATION_OR_RETENTION","Ark. Code","§ 16-56-105","US-AR","EXACT","US","US-AR","OWNER_ACCEPTED_LEGAL_AUTHORITY","SUBORDINATE_CODE_OR_RULE","ESTABLISHED","LEGACY_SECTION_TOKEN_NAMED_BY_CATALOGUE_NOTE","","","INSTRUMENT_CLASS_CONFIRMATION; REGISTER_DISPOSITION_UNRESOLVED","PRIOR_REVIEW_RECORD_NOT_HELD_IN_THIS_WORKSPACE; FORMAL_EDITION_OR_HISTORICAL_VERSION_NOT_RECORDED","UNRESOLVED","BLOCKED_MISSING_EVIDENCE","a durable per-ID corrected-logic rescreen disposition for CRP-LSRC-0159 - no register section, work-order ledger, catalogue field or SOURCE_CAPTURES evidence package in this workspace records one","ADMINISTRATIVE_RECONCILIATION; REPORT_FORMAT_AND_APPLICATION_DEPENDENCIES; READINESS_FOR_DETERMINISTIC_EVALUATION","NO"
"CRP-LSRC-0160","LIMITATION_RECORD","F1","LIMITATION_OR_RETENTION","Ark. Code","§ 16-56-111","US-AR","EXACT","US","US-AR","OWNER_ACCEPTED_LEGAL_AUTHORITY","SUBORDINATE_CODE_OR_RULE","ESTABLISHED","LEGACY_SECTION_TOKEN_NAMED_BY_CATALOGUE_NOTE","","","INSTRUMENT_CLASS_CONFIRMATION; REGISTER_DISPOSITION_UNRESOLVED","PRIOR_REVIEW_RECORD_NOT_HELD_IN_THIS_WORKSPACE; FORMAL_EDITION_OR_HISTORICAL_VERSION_NOT_RECORDED","UNRESOLVED","BLOCKED_MISSING_EVIDENCE","a durable per-ID corrected-logic rescreen disposition for CRP-LSRC-0160 - no register section, work-order ledger, catalogue field or SOURCE_CAPTURES evidence package in this workspace records one","ADMINISTRATIVE_RECONCILIATION; REPORT_FORMAT_AND_APPLICATION_DEPENDENCIES; READINESS_FOR_DETERMINISTIC_EVALUATION","NO"
"CRP-LSRC-0161","LIMITATION_RECORD","F1","LIMITATION_OR_RETENTION","Ark. Code","§ 16-56-106(b)","US-AR","EXACT","US","US-AR","OWNER_ACCEPTED_LEGAL_AUTHORITY","SUBORDINATE_CODE_OR_RULE","ESTABLISHED","LEGACY_SECTION_TOKEN_NAMED_BY_CATALOGUE_NOTE","","","INSTRUMENT_CLASS_CONFIRMATION; REGISTER_DISPOSITION_UNRESOLVED","PRIOR_REVIEW_RECORD_NOT_HELD_IN_THIS_WORKSPACE; FORMAL_EDITION_OR_HISTORICAL_VERSION_NOT_RECORDED","UNRESOLVED","BLOCKED_MISSING_EVIDENCE","a durable per-ID corrected-logic rescreen disposition for CRP-LSRC-0161 - no register section, work-order ledger, catalogue field or SOURCE_CAPTURES evidence package in this workspace records one","ADMINISTRATIVE_RECONCILIATION; REPORT_FORMAT_AND_APPLICATION_DEPENDENCIES; READINESS_FOR_DETERMINISTIC_EVALUATION","NO"
"CRP-LSRC-0162","LIMITATION_RECORD","F1","LIMITATION_OR_RETENTION","Ariz. Rev. Stat.","§ 12-548(A)(1)","US-AZ","EXACT","US","US-AZ","OWNER_ACCEPTED_LEGAL_AUTHORITY","SCREEN_INCONCLUSIVE","ESTABLISHED","LEGACY_SECTION_TOKEN_NAMED_BY_CATALOGUE_NOTE","","","INSTRUMENT_CLASS_CONFIRMATION; REGISTER_DISPOSITION_UNRESOLVED","PRIOR_REVIEW_RECORD_NOT_HELD_IN_THIS_WORKSPACE; FORMAL_EDITION_OR_HISTORICAL_VERSION_NOT_RECORDED","UNRESOLVED","BLOCKED_MISSING_EVIDENCE","a durable per-ID corrected-logic rescreen disposition for CRP-LSRC-0162 - no register section, work-order ledger, catalogue field or SOURCE_CAPTURES evidence package in this workspace records one","ADMINISTRATIVE_RECONCILIATION; REPORT_FORMAT_AND_APPLICATION_DEPENDENCIES; READINESS_FOR_DETERMINISTIC_EVALUATION","NO"
"CRP-LSRC-0163","LIMITATION_RECORD","F1","LIMITATION_OR_RETENTION","Ohio Revised Code","NOT RECORDED (locator names §§ 2305.06 and 2305.07)","US-OH","EXACT","US","US-OH","OWNER_ACCEPTED_LEGAL_AUTHORITY","SUBORDINATE_CODE_OR_RULE","ESTABLISHED","LEGACY_SECTION_TOKEN_NAMED_BY_CATALOGUE_NOTE","","","INSTRUMENT_CLASS_CONFIRMATION; REGISTER_DISPOSITION_UNRESOLVED","PRIOR_REVIEW_RECORD_NOT_HELD_IN_THIS_WORKSPACE; FORMAL_EDITION_OR_HISTORICAL_VERSION_NOT_RECORDED","UNRESOLVED","BLOCKED_MISSING_EVIDENCE","a durable per-ID corrected-logic rescreen disposition for CRP-LSRC-0163 - no register section, work-order ledger, catalogue field or SOURCE_CAPTURES evidence package in this workspace records one","ADMINISTRATIVE_RECONCILIATION; REPORT_FORMAT_AND_APPLICATION_DEPENDENCIES; READINESS_FOR_DETERMINISTIC_EVALUATION","NO"
"CRP-LSRC-0164","LIMITATION_RECORD","F1","LIMITATION_OR_RETENTION","Texas Civil Practice and Remedies Code","NOT RECORDED (owner-supplied file names § 16.004)","US-TX","EXACT","US","US-TX","OWNER_ACCEPTED_LEGAL_AUTHORITY","SUBORDINATE_CODE_OR_RULE","ESTABLISHED","LEGACY_SECTION_TOKEN_NAMED_BY_CATALOGUE_NOTE","","","INSTRUMENT_CLASS_CONFIRMATION; REGISTER_DISPOSITION_UNRESOLVED","PRIOR_REVIEW_RECORD_NOT_HELD_IN_THIS_WORKSPACE; FORMAL_EDITION_OR_HISTORICAL_VERSION_NOT_RECORDED","UNRESOLVED","BLOCKED_MISSING_EVIDENCE","a durable per-ID corrected-logic rescreen disposition for CRP-LSRC-0164 - no register section, work-order ledger, catalogue field or SOURCE_CAPTURES evidence package in this workspace records one","ADMINISTRATIVE_RECONCILIATION; REPORT_FORMAT_AND_APPLICATION_DEPENDENCIES; READINESS_FOR_DETERMINISTIC_EVALUATION","NO"
"CRP-LSRC-0165","CONTENT_RULE","F1","LIMITATION_OR_RETENTION","Fair Credit Reporting Act (New York), Gen. Bus. Law art. 25","§ 380-j(f)(1)(ii)","`US-NY` (bare `NY` law const `NY_GBL`)","EXACT","US","US-NY","OWNER_ACCEPTED_LEGAL_AUTHORITY","STATUTE_OR_REGULATION","ESTABLISHED_MULTIPLE_RECORDED_ROWS","LEGACY_SECTION_NUMERIC_CORE_WITH_JURISDICTION_AGREEMENT","us.ny.judgment.satisfied.5y; us.ny.judgment.7y","","LEGACY_OPERATIONAL_MAPPING_AMBIGUOUS:MULTIPLE_LEGACY_ROWS_CARRY_THE_RECORDED_PROVISION; REGISTER_DISPOSITION_UNRESOLVED; DUPLICATE_IDENTITY_BOOKKEEPING","PRIOR_REVIEW_RECORD_NOT_HELD_IN_THIS_WORKSPACE; FORMAL_EDITION_OR_HISTORICAL_VERSION_NOT_RECORDED","UNRESOLVED","BLOCKED_MISSING_EVIDENCE","a durable per-ID corrected-logic rescreen disposition for CRP-LSRC-0165 - no register section, work-order ledger, catalogue field or SOURCE_CAPTURES evidence package in this workspace records one","ADMINISTRATIVE_RECONCILIATION; REPORT_FORMAT_AND_APPLICATION_DEPENDENCIES; READINESS_FOR_DETERMINISTIC_EVALUATION","NO"
"CRP-LSRC-0166","CONTENT_RULE","F1","LIMITATION_OR_RETENTION","Fair Credit Reporting Act (New York), Gen. Bus. Law art. 25","§ 380-j(f)(1)(ii)","US-NY","EXACT","US","US-NY","OWNER_ACCEPTED_LEGAL_AUTHORITY","STATUTE_OR_REGULATION","ESTABLISHED_MULTIPLE_RECORDED_ROWS","LEGACY_SECTION_NUMERIC_CORE_WITH_JURISDICTION_AGREEMENT","us.ny.judgment.satisfied.5y; us.ny.judgment.7y","","LEGACY_OPERATIONAL_MAPPING_AMBIGUOUS:MULTIPLE_LEGACY_ROWS_CARRY_THE_RECORDED_PROVISION; REGISTER_DISPOSITION_UNRESOLVED; DUPLICATE_IDENTITY_BOOKKEEPING","PRIOR_REVIEW_RECORD_NOT_HELD_IN_THIS_WORKSPACE; FORMAL_EDITION_OR_HISTORICAL_VERSION_NOT_RECORDED","UNRESOLVED","BLOCKED_MISSING_EVIDENCE","a durable per-ID corrected-logic rescreen disposition for CRP-LSRC-0166 - no register section, work-order ledger, catalogue field or SOURCE_CAPTURES evidence package in this workspace records one","ADMINISTRATIVE_RECONCILIATION; REPORT_FORMAT_AND_APPLICATION_DEPENDENCIES; READINESS_FOR_DETERMINISTIC_EVALUATION","NO"
"CRP-LSRC-0167","CONTENT_RULE","F1","LIMITATION_OR_RETENTION","Fair Credit Reporting Act (New York), Gen. Bus. Law art. 25","§ 380-j(f)(1)(iii)","US-NY","EXACT","US","US-NY","OWNER_ACCEPTED_LEGAL_AUTHORITY","STATUTE_OR_REGULATION","ESTABLISHED","LEGACY_SECTION_TOKEN_NAMED_BY_CATALOGUE_NOTE","us.ny.tax_lien.paid.7y","","REGISTER_DISPOSITION_UNRESOLVED","PRIOR_REVIEW_RECORD_NOT_HELD_IN_THIS_WORKSPACE; FORMAL_EDITION_OR_HISTORICAL_VERSION_NOT_RECORDED","UNRESOLVED","BLOCKED_MISSING_EVIDENCE","a durable per-ID corrected-logic rescreen disposition for CRP-LSRC-0167 - no register section, work-order ledger, catalogue field or SOURCE_CAPTURES evidence package in this workspace records one","REPORT_FORMAT_AND_APPLICATION_DEPENDENCIES; READINESS_FOR_DETERMINISTIC_EVALUATION","NO"
"CRP-LSRC-0168","CONTENT_RULE","F1","LIMITATION_OR_RETENTION","Fair Credit Reporting Act (New York), Gen. Bus. Law art. 25","§ 380-j(f)(1)(i)","US-NY","EXACT","US","US-NY","OWNER_ACCEPTED_LEGAL_AUTHORITY","STATUTE_OR_REGULATION","ESTABLISHED","LEGACY_SECTION_TOKEN_NAMED_BY_CATALOGUE_NOTE","us.ny.bankruptcy.14y","","REGISTER_DISPOSITION_UNRESOLVED","PRIOR_REVIEW_RECORD_NOT_HELD_IN_THIS_WORKSPACE; FORMAL_EDITION_OR_HISTORICAL_VERSION_NOT_RECORDED","UNRESOLVED","BLOCKED_MISSING_EVIDENCE","a durable per-ID corrected-logic rescreen disposition for CRP-LSRC-0168 - no register section, work-order ledger, catalogue field or SOURCE_CAPTURES evidence package in this workspace records one","REPORT_FORMAT_AND_APPLICATION_DEPENDENCIES; READINESS_FOR_DETERMINISTIC_EVALUATION","NO"
"CRP-LSRC-0169","CONTENT_RULE","F3","PRIVACY_OR_DATA_HANDLING","Fair Credit Reporting Act (New York), Gen. Bus. Law art. 25","§ 380-j(a)(3)","US-NY","EXACT","US","US-NY","OWNER_ACCEPTED_LEGAL_AUTHORITY","STATUTE_OR_REGULATION","ESTABLISHED","LEGACY_SECTION_TOKEN_NAMED_BY_CATALOGUE_NOTE","us.ny.medical_debt.prohibited","","REGISTER_DISPOSITION_UNRESOLVED","LOCATOR_OR_EFFECTIVE_INFORMATION_NOT_RECORDED; PRIOR_REVIEW_RECORD_NOT_HELD_IN_THIS_WORKSPACE; FORMAL_EDITION_OR_HISTORICAL_VERSION_NOT_RECORDED","UNRESOLVED","BLOCKED_MISSING_EVIDENCE","a durable per-ID corrected-logic rescreen disposition for CRP-LSRC-0169 - no register section, work-order ledger, catalogue field or SOURCE_CAPTURES evidence package in this workspace records one","REPORT_FORMAT_AND_APPLICATION_DEPENDENCIES; READINESS_FOR_DETERMINISTIC_EVALUATION","NO"
"CRP-LSRC-0170","CONTENT_RULE","F7","PUBLIC_RECORD_OR_JUDGMENT","Fair Credit Reporting Act (New York), Gen. Bus. Law art. 25","§ 380-j(a)(1)","US-NY","EXACT","US","US-NY","OWNER_ACCEPTED_LEGAL_AUTHORITY","STATUTE_OR_REGULATION","ESTABLISHED","LEGACY_SECTION_TOKEN_NAMED_BY_CATALOGUE_NOTE","us.ny.arrest.prohibited","","REGISTER_DISPOSITION_UNRESOLVED","LOCATOR_OR_EFFECTIVE_INFORMATION_NOT_RECORDED; PRIOR_REVIEW_RECORD_NOT_HELD_IN_THIS_WORKSPACE; FORMAL_EDITION_OR_HISTORICAL_VERSION_NOT_RECORDED","UNRESOLVED","BLOCKED_MISSING_EVIDENCE","a durable per-ID corrected-logic rescreen disposition for CRP-LSRC-0170 - no register section, work-order ledger, catalogue field or SOURCE_CAPTURES evidence package in this workspace records one","REPORT_FORMAT_AND_APPLICATION_DEPENDENCIES; READINESS_FOR_DETERMINISTIC_EVALUATION","NO"
"CRP-LSRC-0171","CONTENT_RULE","F1","LIMITATION_OR_RETENTION","Consumer Credit Reporting Agencies Act (California), Civ. Code § 1785 et seq.","§ 1785.13(a)(1)","US-CA","EXACT","US","US-CA","OWNER_ACCEPTED_LEGAL_AUTHORITY","SUBORDINATE_CODE_OR_RULE","ESTABLISHED","LEGACY_SECTION_TOKEN_NAMED_BY_CATALOGUE_NOTE","us.ca.bankruptcy.10y","","INSTRUMENT_CLASS_CONFIRMATION; REGISTER_DISPOSITION_UNRESOLVED","PRIOR_REVIEW_RECORD_NOT_HELD_IN_THIS_WORKSPACE; FORMAL_EDITION_OR_HISTORICAL_VERSION_NOT_RECORDED","UNRESOLVED","BLOCKED_MISSING_EVIDENCE","a durable per-ID corrected-logic rescreen disposition for CRP-LSRC-0171 - no register section, work-order ledger, catalogue field or SOURCE_CAPTURES evidence package in this workspace records one","ADMINISTRATIVE_RECONCILIATION; REPORT_FORMAT_AND_APPLICATION_DEPENDENCIES; READINESS_FOR_DETERMINISTIC_EVALUATION","NO"
"CRP-LSRC-0172","CONTENT_RULE","F8","PERMISSIBLE_PURPOSE_OR_CONSENT","Fair Credit Reporting Act (New York), Gen. Bus. Law art. 25, §§ 380–380-v","§ 380-b(a) — N.Y. Gen. Bus. Law § 380-b","US_NEW_YORK","EXACT","US","US-NY","OWNER_ACCEPTED_LEGAL_AUTHORITY","STATUTE_OR_REGULATION","ESTABLISHED","LEGACY_RULE_PROVISION_AND_CITATION_EXACT","us-ny.gbl.380b.a.permissible_dissemination","RULE_FOUND","REGISTER_DISPOSITION_UNRESOLVED","PRIOR_REVIEW_RECORD_NOT_HELD_IN_THIS_WORKSPACE; FORMAL_EDITION_OR_HISTORICAL_VERSION_NOT_RECORDED","UNRESOLVED","BLOCKED_MISSING_EVIDENCE","a durable per-ID corrected-logic rescreen disposition for CRP-LSRC-0172 - no register section, work-order ledger, catalogue field or SOURCE_CAPTURES evidence package in this workspace records one","REPORT_FORMAT_AND_APPLICATION_DEPENDENCIES; READINESS_FOR_DETERMINISTIC_EVALUATION","NO"
"CRP-LSRC-0173","CONTENT_RULE","F8","PERMISSIBLE_PURPOSE_OR_CONSENT","Fair Credit Reporting Act (New York), Gen. Bus. Law art. 25, §§ 380–380-v","§ 380-b(a)(3)(ii) — N.Y. Gen. Bus. Law § 380-b","US_NEW_YORK","EXACT","US","US-NY","OWNER_ACCEPTED_LEGAL_AUTHORITY","STATUTE_OR_REGULATION","ESTABLISHED","LEGACY_RULE_PROVISION_AND_CITATION_EXACT","us-ny.gbl.380b.a.3.ii.employment_report_must_exclude_credit_history","RULE_FOUND","REGISTER_DISPOSITION_UNRESOLVED","PRIOR_REVIEW_RECORD_NOT_HELD_IN_THIS_WORKSPACE; FORMAL_EDITION_OR_HISTORICAL_VERSION_NOT_RECORDED","UNRESOLVED","BLOCKED_MISSING_EVIDENCE","a durable per-ID corrected-logic rescreen disposition for CRP-LSRC-0173 - no register section, work-order ledger, catalogue field or SOURCE_CAPTURES evidence package in this workspace records one","REPORT_FORMAT_AND_APPLICATION_DEPENDENCIES; READINESS_FOR_DETERMINISTIC_EVALUATION","NO"
"CRP-LSRC-0174","CONTENT_RULE","F8","PERMISSIBLE_PURPOSE_OR_CONSENT","Fair Credit Reporting Act (New York), Gen. Bus. Law art. 25, §§ 380–380-v","§ 380-b(b)–(c) — N.Y. Gen. Bus. Law § 380-b","US_NEW_YORK","EXACT","US","US-NY","OWNER_ACCEPTED_LEGAL_AUTHORITY","STATUTE_OR_REGULATION","ESTABLISHED","LEGACY_RULE_PROVISION_AND_CITATION_EXACT","us-ny.gbl.380b.b.applicant_notice_before_report_request","RULE_FOUND","REGISTER_DISPOSITION_UNRESOLVED","PRIOR_REVIEW_RECORD_NOT_HELD_IN_THIS_WORKSPACE; FORMAL_EDITION_OR_HISTORICAL_VERSION_NOT_RECORDED","UNRESOLVED","BLOCKED_MISSING_EVIDENCE","a durable per-ID corrected-logic rescreen disposition for CRP-LSRC-0174 - no register section, work-order ledger, catalogue field or SOURCE_CAPTURES evidence package in this workspace records one","REPORT_FORMAT_AND_APPLICATION_DEPENDENCIES; READINESS_FOR_DETERMINISTIC_EVALUATION","NO"
"CRP-LSRC-0175","CONTENT_RULE","F8","PERMISSIBLE_PURPOSE_OR_CONSENT","Fair Credit Reporting Act (New York), Gen. Bus. Law art. 25, §§ 380–380-v","§ 380-b(d)–(e) — N.Y. Gen. Bus. Law § 380-b","US_NEW_YORK","EXACT","US","US-NY","OWNER_ACCEPTED_LEGAL_AUTHORITY","STATUTE_OR_REGULATION","ESTABLISHED","LEGACY_RULE_PROVISION_AND_CITATION_EXACT","us-ny.gbl.380b.d_e.employment_and_licensing_credit_history_limits","RULE_FOUND","REGISTER_DISPOSITION_UNRESOLVED","PRIOR_REVIEW_RECORD_NOT_HELD_IN_THIS_WORKSPACE; FORMAL_EDITION_OR_HISTORICAL_VERSION_NOT_RECORDED","UNRESOLVED","BLOCKED_MISSING_EVIDENCE","a durable per-ID corrected-logic rescreen disposition for CRP-LSRC-0175 - no register section, work-order ledger, catalogue field or SOURCE_CAPTURES evidence package in this workspace records one","REPORT_FORMAT_AND_APPLICATION_DEPENDENCIES; READINESS_FOR_DETERMINISTIC_EVALUATION","NO"
"CRP-LSRC-0176","CONTENT_RULE","F5","DISCLOSURE_OR_FILE_ACCESS","Fair Credit Reporting Act (New York), Gen. Bus. Law art. 25, §§ 380–380-v","§ 380-d(a)(1)–(2) — N.Y. Gen. Bus. Law § 380-d","US_NEW_YORK","EXACT","US","US-NY","OWNER_ACCEPTED_LEGAL_AUTHORITY","STATUTE_OR_REGULATION","ESTABLISHED","LEGACY_RULE_PROVISION_AND_CITATION_EXACT","us-ny.gbl.380d.a.file_disclosure_contents_and_sources","RULE_FOUND","REGISTER_DISPOSITION_UNRESOLVED","PRIOR_REVIEW_RECORD_NOT_HELD_IN_THIS_WORKSPACE; FORMAL_EDITION_OR_HISTORICAL_VERSION_NOT_RECORDED","UNRESOLVED","BLOCKED_MISSING_EVIDENCE","a durable per-ID corrected-logic rescreen disposition for CRP-LSRC-0176 - no register section, work-order ledger, catalogue field or SOURCE_CAPTURES evidence package in this workspace records one","REPORT_FORMAT_AND_APPLICATION_DEPENDENCIES; READINESS_FOR_DETERMINISTIC_EVALUATION","NO"
"CRP-LSRC-0177","CONTENT_RULE","F5","DISCLOSURE_OR_FILE_ACCESS","Fair Credit Reporting Act (New York), Gen. Bus. Law art. 25, §§ 380–380-v","§ 380-d(a)(3) — N.Y. Gen. Bus. Law § 380-d","US_NEW_YORK","EXACT","US","US-NY","OWNER_ACCEPTED_LEGAL_AUTHORITY","STATUTE_OR_REGULATION","ESTABLISHED","LEGACY_RULE_PROVISION_AND_CITATION_EXACT","us-ny.gbl.380d.a.3.recipient_disclosure_windows","RULE_FOUND","REGISTER_DISPOSITION_UNRESOLVED","PRIOR_REVIEW_RECORD_NOT_HELD_IN_THIS_WORKSPACE; FORMAL_EDITION_OR_HISTORICAL_VERSION_NOT_RECORDED","UNRESOLVED","BLOCKED_MISSING_EVIDENCE","a durable per-ID corrected-logic rescreen disposition for CRP-LSRC-0177 - no register section, work-order ledger, catalogue field or SOURCE_CAPTURES evidence package in this workspace records one","REPORT_FORMAT_AND_APPLICATION_DEPENDENCIES; READINESS_FOR_DETERMINISTIC_EVALUATION","NO"
"CRP-LSRC-0178","CONTENT_RULE","F5","DISCLOSURE_OR_FILE_ACCESS","Fair Credit Reporting Act (New York), Gen. Bus. Law art. 25, §§ 380–380-v","§ 380-d(c) — N.Y. Gen. Bus. Law § 380-d","US_NEW_YORK","EXACT","US","US-NY","OWNER_ACCEPTED_LEGAL_AUTHORITY","STATUTE_OR_REGULATION","ESTABLISHED","LEGACY_RULE_PROVISION_AND_CITATION_EXACT","us-ny.gbl.380d.c.telephone_contact_advice_and_free_denial_copy","RULE_FOUND","REGISTER_DISPOSITION_UNRESOLVED","PRIOR_REVIEW_RECORD_NOT_HELD_IN_THIS_WORKSPACE; FORMAL_EDITION_OR_HISTORICAL_VERSION_NOT_RECORDED","UNRESOLVED","BLOCKED_MISSING_EVIDENCE","a durable per-ID corrected-logic rescreen disposition for CRP-LSRC-0178 - no register section, work-order ledger, catalogue field or SOURCE_CAPTURES evidence package in this workspace records one","REPORT_FORMAT_AND_APPLICATION_DEPENDENCIES; READINESS_FOR_DETERMINISTIC_EVALUATION","NO"
"CRP-LSRC-0179","CONTENT_RULE","F5","DISCLOSURE_OR_FILE_ACCESS","Fair Credit Reporting Act (New York), Gen. Bus. Law art. 25, §§ 380–380-v","§ 380-e(a)–(d), (f) — N.Y. Gen. Bus. Law § 380-e","US_NEW_YORK","EXACT","US","US-NY","OWNER_ACCEPTED_LEGAL_AUTHORITY","STATUTE_OR_REGULATION","ESTABLISHED","LEGACY_RULE_PROVISION_AND_CITATION_EXACT","us-ny.gbl.380e.b.methods_and_manner_of_disclosure","RULE_FOUND","REGISTER_DISPOSITION_UNRESOLVED","PRIOR_REVIEW_RECORD_NOT_HELD_IN_THIS_WORKSPACE; FORMAL_EDITION_OR_HISTORICAL_VERSION_NOT_RECORDED","UNRESOLVED","BLOCKED_MISSING_EVIDENCE","a durable per-ID corrected-logic rescreen disposition for CRP-LSRC-0179 - no register section, work-order ledger, catalogue field or SOURCE_CAPTURES evidence package in this workspace records one","REPORT_FORMAT_AND_APPLICATION_DEPENDENCIES; READINESS_FOR_DETERMINISTIC_EVALUATION","NO"
"CRP-LSRC-0180","CONTENT_RULE","F5","DISCLOSURE_OR_FILE_ACCESS","Fair Credit Reporting Act (New York), Gen. Bus. Law art. 25, §§ 380–380-v","§ 380-e(e)(1)–(4) — N.Y. Gen. Bus. Law § 380-e","US_NEW_YORK","EXACT","US","US-NY","OWNER_ACCEPTED_LEGAL_AUTHORITY","STATUTE_OR_REGULATION","ESTABLISHED","LEGACY_RULE_PROVISION_AND_CITATION_EXACT","us-ny.gbl.380e.e.disclosure_charges_and_free_denial_copy","RULE_FOUND","REGISTER_DISPOSITION_UNRESOLVED","PRIOR_REVIEW_RECORD_NOT_HELD_IN_THIS_WORKSPACE; FORMAL_EDITION_OR_HISTORICAL_VERSION_NOT_RECORDED","UNRESOLVED","BLOCKED_MISSING_EVIDENCE","a durable per-ID corrected-logic rescreen disposition for CRP-LSRC-0180 - no register section, work-order ledger, catalogue field or SOURCE_CAPTURES evidence package in this workspace records one","REPORT_FORMAT_AND_APPLICATION_DEPENDENCIES; READINESS_FOR_DETERMINISTIC_EVALUATION","NO"
"CRP-LSRC-0181","CONTENT_RULE","F6","DISPUTE_OR_CORRECTION","Fair Credit Reporting Act (New York), Gen. Bus. Law art. 25, §§ 380–380-v","§ 380-f(a) — N.Y. Gen. Bus. Law § 380-f","US_NEW_YORK","EXACT","US","US-NY","OWNER_ACCEPTED_LEGAL_AUTHORITY","STATUTE_OR_REGULATION","ESTABLISHED","LEGACY_RULE_PROVISION_AND_CITATION_EXACT","us-ny.gbl.380f.a.reinvestigation_and_result_notice","RULE_FOUND","REGISTER_DISPOSITION_UNRESOLVED","PRIOR_REVIEW_RECORD_NOT_HELD_IN_THIS_WORKSPACE; FORMAL_EDITION_OR_HISTORICAL_VERSION_NOT_RECORDED","UNRESOLVED","BLOCKED_MISSING_EVIDENCE","a durable per-ID corrected-logic rescreen disposition for CRP-LSRC-0181 - no register section, work-order ledger, catalogue field or SOURCE_CAPTURES evidence package in this workspace records one","REPORT_FORMAT_AND_APPLICATION_DEPENDENCIES; READINESS_FOR_DETERMINISTIC_EVALUATION","NO"
"CRP-LSRC-0182","CONTENT_RULE","F6","DISPUTE_OR_CORRECTION","Fair Credit Reporting Act (New York), Gen. Bus. Law art. 25, §§ 380–380-v","§ 380-f(b) — N.Y. Gen. Bus. Law § 380-f","US_NEW_YORK","EXACT","US","US-NY","OWNER_ACCEPTED_LEGAL_AUTHORITY","STATUTE_OR_REGULATION","ESTABLISHED","LEGACY_RULE_PROVISION_AND_CITATION_EXACT","us-ny.gbl.380f.b.deletion_correction_and_designee_notice","RULE_FOUND","REGISTER_DISPOSITION_UNRESOLVED","PRIOR_REVIEW_RECORD_NOT_HELD_IN_THIS_WORKSPACE; FORMAL_EDITION_OR_HISTORICAL_VERSION_NOT_RECORDED","UNRESOLVED","BLOCKED_MISSING_EVIDENCE","a durable per-ID corrected-logic rescreen disposition for CRP-LSRC-0182 - no register section, work-order ledger, catalogue field or SOURCE_CAPTURES evidence package in this workspace records one","REPORT_FORMAT_AND_APPLICATION_DEPENDENCIES; READINESS_FOR_DETERMINISTIC_EVALUATION","NO"
"CRP-LSRC-0183","CONTENT_RULE","F6","DISPUTE_OR_CORRECTION","Fair Credit Reporting Act (New York), Gen. Bus. Law art. 25, §§ 380–380-v","§ 380-f(c)–(d) — N.Y. Gen. Bus. Law § 380-f","US_NEW_YORK","EXACT","US","US-NY","OWNER_ACCEPTED_LEGAL_AUTHORITY","STATUTE_OR_REGULATION","ESTABLISHED","LEGACY_RULE_PROVISION_AND_CITATION_EXACT","us-ny.gbl.380f.c_d.dispute_notation_statement_and_corrected_copy","RULE_FOUND","REGISTER_DISPOSITION_UNRESOLVED","PRIOR_REVIEW_RECORD_NOT_HELD_IN_THIS_WORKSPACE; FORMAL_EDITION_OR_HISTORICAL_VERSION_NOT_RECORDED","UNRESOLVED","BLOCKED_MISSING_EVIDENCE","a durable per-ID corrected-logic rescreen disposition for CRP-LSRC-0183 - no register section, work-order ledger, catalogue field or SOURCE_CAPTURES evidence package in this workspace records one","REPORT_FORMAT_AND_APPLICATION_DEPENDENCIES; READINESS_FOR_DETERMINISTIC_EVALUATION","NO"
"CRP-LSRC-0184","CONTENT_RULE","F7","PUBLIC_RECORD_OR_JUDGMENT","Fair Credit Reporting Act (New York), Gen. Bus. Law art. 25, §§ 380–380-v","§ 380-g(a)–(b) — N.Y. Gen. Bus. Law § 380-g","US_NEW_YORK","EXACT","US","US-NY","OWNER_ACCEPTED_LEGAL_AUTHORITY","STATUTE_OR_REGULATION","ESTABLISHED","LEGACY_RULE_PROVISION_AND_CITATION_EXACT","us-ny.gbl.380g.a_b.public_record_notice_or_completeness_procedures","RULE_FOUND","REGISTER_DISPOSITION_UNRESOLVED","PRIOR_REVIEW_RECORD_NOT_HELD_IN_THIS_WORKSPACE; FORMAL_EDITION_OR_HISTORICAL_VERSION_NOT_RECORDED","UNRESOLVED","BLOCKED_MISSING_EVIDENCE","a durable per-ID corrected-logic rescreen disposition for CRP-LSRC-0184 - no register section, work-order ledger, catalogue field or SOURCE_CAPTURES evidence package in this workspace records one","REPORT_FORMAT_AND_APPLICATION_DEPENDENCIES; READINESS_FOR_DETERMINISTIC_EVALUATION","NO"
"CRP-LSRC-0185","CONTENT_RULE","F7","PUBLIC_RECORD_OR_JUDGMENT","Fair Credit Reporting Act (New York), Gen. Bus. Law art. 25, §§ 380–380-v","§ 380-g(c) — N.Y. Gen. Bus. Law § 380-g","US_NEW_YORK","EXACT","US","US-NY","OWNER_ACCEPTED_LEGAL_AUTHORITY","STATUTE_OR_REGULATION","ESTABLISHED","LEGACY_RULE_PROVISION_AND_CITATION_EXACT","us-ny.gbl.380g.c.public_record_current_status_on_reinvestigation","RULE_FOUND","REGISTER_DISPOSITION_UNRESOLVED","PRIOR_REVIEW_RECORD_NOT_HELD_IN_THIS_WORKSPACE; FORMAL_EDITION_OR_HISTORICAL_VERSION_NOT_RECORDED","UNRESOLVED","BLOCKED_MISSING_EVIDENCE","a durable per-ID corrected-logic rescreen disposition for CRP-LSRC-0185 - no register section, work-order ledger, catalogue field or SOURCE_CAPTURES evidence package in this workspace records one","REPORT_FORMAT_AND_APPLICATION_DEPENDENCIES; READINESS_FOR_DETERMINISTIC_EVALUATION","NO"
"CRP-LSRC-0186","CONTENT_RULE","F7","PUBLIC_RECORD_OR_JUDGMENT","Fair Credit Reporting Act (New York), Gen. Bus. Law art. 25, §§ 380–380-v","§ 380-g(d) — N.Y. Gen. Bus. Law § 380-g","US_NEW_YORK","EXACT","US","US-NY","OWNER_ACCEPTED_LEGAL_AUTHORITY","STATUTE_OR_REGULATION","ESTABLISHED","LEGACY_RULE_PROVISION_AND_CITATION_EXACT","us-ny.gbl.380g.d.correction_law_article_copy_to_consumer","RULE_FOUND","REGISTER_DISPOSITION_UNRESOLVED","PRIOR_REVIEW_RECORD_NOT_HELD_IN_THIS_WORKSPACE; FORMAL_EDITION_OR_HISTORICAL_VERSION_NOT_RECORDED","UNRESOLVED","BLOCKED_MISSING_EVIDENCE","a durable per-ID corrected-logic rescreen disposition for CRP-LSRC-0186 - no register section, work-order ledger, catalogue field or SOURCE_CAPTURES evidence package in this workspace records one","REPORT_FORMAT_AND_APPLICATION_DEPENDENCIES; READINESS_FOR_DETERMINISTIC_EVALUATION","NO"
"CRP-LSRC-0187","CONTENT_RULE","F1","LIMITATION_OR_RETENTION","Fair Credit Reporting Act (New York), Gen. Bus. Law art. 25, §§ 380–380-v","§ 380-h(a) — N.Y. Gen. Bus. Law § 380-h","US_NEW_YORK","EXACT","US","US-NY","OWNER_ACCEPTED_LEGAL_AUTHORITY","STATUTE_OR_REGULATION","ESTABLISHED","LEGACY_RULE_PROVISION_AND_CITATION_EXACT","us-ny.gbl.380h.a.adverse_information_from_investigative_report","RULE_FOUND","REGISTER_DISPOSITION_UNRESOLVED","PRIOR_REVIEW_RECORD_NOT_HELD_IN_THIS_WORKSPACE; FORMAL_EDITION_OR_HISTORICAL_VERSION_NOT_RECORDED","UNRESOLVED","BLOCKED_MISSING_EVIDENCE","a durable per-ID corrected-logic rescreen disposition for CRP-LSRC-0187 - no register section, work-order ledger, catalogue field or SOURCE_CAPTURES evidence package in this workspace records one","REPORT_FORMAT_AND_APPLICATION_DEPENDENCIES; READINESS_FOR_DETERMINISTIC_EVALUATION","NO"
"CRP-LSRC-0188","CONTENT_RULE","F1","LIMITATION_OR_RETENTION","Fair Credit Reporting Act (New York), Gen. Bus. Law art. 25, §§ 380–380-v","§ 380-i(a)–(b) — N.Y. Gen. Bus. Law § 380-i","US_NEW_YORK","EXACT","US","US-NY","OWNER_ACCEPTED_LEGAL_AUTHORITY","STATUTE_OR_REGULATION","ESTABLISHED","LEGACY_RULE_PROVISION_AND_CITATION_EXACT","us-ny.gbl.380i.a_b.adverse_action_notice_duties","RULE_FOUND","REGISTER_DISPOSITION_UNRESOLVED","PRIOR_REVIEW_RECORD_NOT_HELD_IN_THIS_WORKSPACE; FORMAL_EDITION_OR_HISTORICAL_VERSION_NOT_RECORDED","UNRESOLVED","BLOCKED_MISSING_EVIDENCE","a durable per-ID corrected-logic rescreen disposition for CRP-LSRC-0188 - no register section, work-order ledger, catalogue field or SOURCE_CAPTURES evidence package in this workspace records one","REPORT_FORMAT_AND_APPLICATION_DEPENDENCIES; READINESS_FOR_DETERMINISTIC_EVALUATION","NO"
"CRP-LSRC-0189","CONTENT_RULE","F8","PERMISSIBLE_PURPOSE_OR_CONSENT","Fair Credit Reporting Act (New York), Gen. Bus. Law art. 25, §§ 380–380-v","§ 380-i(c) — N.Y. Gen. Bus. Law § 380-i","US_NEW_YORK","EXACT","US","US-NY","OWNER_ACCEPTED_LEGAL_AUTHORITY","STATUTE_OR_REGULATION","ESTABLISHED","LEGACY_RULE_PROVISION_AND_CITATION_EXACT","us-ny.gbl.380i.c.no_redissemination_without_business_need","RULE_FOUND","REGISTER_DISPOSITION_UNRESOLVED","PRIOR_REVIEW_RECORD_NOT_HELD_IN_THIS_WORKSPACE; FORMAL_EDITION_OR_HISTORICAL_VERSION_NOT_RECORDED","UNRESOLVED","BLOCKED_MISSING_EVIDENCE","a durable per-ID corrected-logic rescreen disposition for CRP-LSRC-0189 - no register section, work-order ledger, catalogue field or SOURCE_CAPTURES evidence package in this workspace records one","REPORT_FORMAT_AND_APPLICATION_DEPENDENCIES; READINESS_FOR_DETERMINISTIC_EVALUATION","NO"
"CRP-LSRC-0190","CONTENT_RULE","F10","UNCLASSIFIED_SOURCE_FAMILY","Fair Credit Reporting Act (New York), Gen. Bus. Law art. 25, §§ 380–380-v","§ 380-k — N.Y. Gen. Bus. Law § 380-k","US_NEW_YORK","EXACT","US","US-NY","OWNER_ACCEPTED_LEGAL_AUTHORITY","STATUTE_OR_REGULATION","ESTABLISHED","LEGACY_RULE_PROVISION_AND_CITATION_EXACT","us-ny.gbl.380k.compliance_procedures_and_user_certification","RULE_FOUND","REGISTER_DISPOSITION_UNRESOLVED","PRIOR_REVIEW_RECORD_NOT_HELD_IN_THIS_WORKSPACE; FORMAL_EDITION_OR_HISTORICAL_VERSION_NOT_RECORDED","UNRESOLVED","BLOCKED_MISSING_EVIDENCE","a durable per-ID corrected-logic rescreen disposition for CRP-LSRC-0190 - no register section, work-order ledger, catalogue field or SOURCE_CAPTURES evidence package in this workspace records one","REPORT_FORMAT_AND_APPLICATION_DEPENDENCIES; READINESS_FOR_DETERMINISTIC_EVALUATION","NO"
"CRP-LSRC-0191","CONTENT_RULE","F3","PRIVACY_OR_DATA_HANDLING","Fair Credit Reporting Act (New York), Gen. Bus. Law art. 25, §§ 380–380-v","§ 380-q — N.Y. Gen. Bus. Law § 380-q","US_NEW_YORK","EXACT","US","US-NY","OWNER_ACCEPTED_LEGAL_AUTHORITY","STATUTE_OR_REGULATION","ESTABLISHED","LEGACY_RULE_PROVISION_AND_CITATION_EXACT","us-ny.gbl.380q.medical_information_disclosure_to_designated_physician","RULE_FOUND","REGISTER_DISPOSITION_UNRESOLVED","PRIOR_REVIEW_RECORD_NOT_HELD_IN_THIS_WORKSPACE; FORMAL_EDITION_OR_HISTORICAL_VERSION_NOT_RECORDED","UNRESOLVED","BLOCKED_MISSING_EVIDENCE","a durable per-ID corrected-logic rescreen disposition for CRP-LSRC-0191 - no register section, work-order ledger, catalogue field or SOURCE_CAPTURES evidence package in this workspace records one","REPORT_FORMAT_AND_APPLICATION_DEPENDENCIES; READINESS_FOR_DETERMINISTIC_EVALUATION","NO"
"CRP-LSRC-0192","CONTENT_RULE","F1","LIMITATION_OR_RETENTION","Fair Credit Reporting Act (New York), Gen. Bus. Law art. 25, §§ 380–380-v","§ 380-j(a)(1) — N.Y. Gen. Bus. Law § 380-j","US_NEW_YORK","EXACT","US","US-NY","OWNER_ACCEPTED_LEGAL_AUTHORITY","STATUTE_OR_REGULATION","ESTABLISHED","LEGACY_RULE_PROVISION_AND_CITATION_EXACT","us-ny.gbl.380j.a.1.arrest_or_charge_without_conviction_prohibited","RULE_FOUND","REGISTER_DISPOSITION_UNRESOLVED","PRIOR_REVIEW_RECORD_NOT_HELD_IN_THIS_WORKSPACE; FORMAL_EDITION_OR_HISTORICAL_VERSION_NOT_RECORDED","UNRESOLVED","BLOCKED_MISSING_EVIDENCE","a durable per-ID corrected-logic rescreen disposition for CRP-LSRC-0192 - no register section, work-order ledger, catalogue field or SOURCE_CAPTURES evidence package in this workspace records one","REPORT_FORMAT_AND_APPLICATION_DEPENDENCIES; READINESS_FOR_DETERMINISTIC_EVALUATION","NO"
"CRP-LSRC-0193","CONTENT_RULE","F1","LIMITATION_OR_RETENTION","Fair Credit Reporting Act (New York), Gen. Bus. Law art. 25, §§ 380–380-v","§ 380-j(a)(2) — N.Y. Gen. Bus. Law § 380-j","US_NEW_YORK","EXACT","US","US-NY","OWNER_ACCEPTED_LEGAL_AUTHORITY","STATUTE_OR_REGULATION","ESTABLISHED","LEGACY_RULE_PROVISION_AND_CITATION_EXACT","us-ny.gbl.380j.a.2.race_religion_ancestry_ethnic_origin_prohibited","RULE_FOUND","REGISTER_DISPOSITION_UNRESOLVED","PRIOR_REVIEW_RECORD_NOT_HELD_IN_THIS_WORKSPACE; FORMAL_EDITION_OR_HISTORICAL_VERSION_NOT_RECORDED","UNRESOLVED","BLOCKED_MISSING_EVIDENCE","a durable per-ID corrected-logic rescreen disposition for CRP-LSRC-0193 - no register section, work-order ledger, catalogue field or SOURCE_CAPTURES evidence package in this workspace records one","REPORT_FORMAT_AND_APPLICATION_DEPENDENCIES; READINESS_FOR_DETERMINISTIC_EVALUATION","NO"
"CRP-LSRC-0194","CONTENT_RULE","F3","PRIVACY_OR_DATA_HANDLING","Fair Credit Reporting Act (New York), Gen. Bus. Law art. 25, §§ 380–380-v","§ 380-j(a)(3) — N.Y. Gen. Bus. Law § 380-j","US_NEW_YORK","EXACT","US","US-NY","OWNER_ACCEPTED_LEGAL_AUTHORITY","STATUTE_OR_REGULATION","ESTABLISHED","LEGACY_RULE_PROVISION_AND_CITATION_EXACT","us-ny.gbl.380j.a.3.medical_debt_prohibited","RULE_FOUND","REGISTER_DISPOSITION_UNRESOLVED","PRIOR_REVIEW_RECORD_NOT_HELD_IN_THIS_WORKSPACE; FORMAL_EDITION_OR_HISTORICAL_VERSION_NOT_RECORDED","UNRESOLVED","BLOCKED_MISSING_EVIDENCE","a byte-pinned US consumer disclosure, or an official product-specific consumer field/value reference, showing the account-level medical-debt representation for N.Y. Gen. Bus. Law § 380-j(a)(3); consumer equivalent recorded UNRESOLVED","REPORT_FORMAT_AND_APPLICATION_DEPENDENCIES; READINESS_FOR_DETERMINISTIC_EVALUATION","NO"
"CRP-LSRC-0195","CONTENT_RULE","F4","REPORT_ACCURACY_OR_COMPLETENESS","Fair Credit Reporting Act (New York), Gen. Bus. Law art. 25, §§ 380–380-v","§ 380-j(a)(4) (self-contradiction limb) — N.Y. Gen. Bus. Law § 380-j","US_NEW_YORK","EXACT","US","US-NY","OWNER_ACCEPTED_LEGAL_AUTHORITY","STATUTE_OR_REGULATION","ESTABLISHED","LEGACY_RULE_PROVISION_AND_CITATION_EXACT","us-ny.gbl.380j.a.4.reason_to_know_inaccurate_self_contradiction","RULE_FOUND","REGISTER_DISPOSITION_UNRESOLVED","PRIOR_REVIEW_RECORD_NOT_HELD_IN_THIS_WORKSPACE; FORMAL_EDITION_OR_HISTORICAL_VERSION_NOT_RECORDED","UNRESOLVED","BLOCKED_MISSING_EVIDENCE","a durable per-ID corrected-logic rescreen disposition for CRP-LSRC-0195 - no register section, work-order ledger, catalogue field or SOURCE_CAPTURES evidence package in this workspace records one","REPORT_FORMAT_AND_APPLICATION_DEPENDENCIES; READINESS_FOR_DETERMINISTIC_EVALUATION","NO"
"CRP-LSRC-0196","CONTENT_RULE","F4","REPORT_ACCURACY_OR_COMPLETENESS","Fair Credit Reporting Act (New York), Gen. Bus. Law art. 25, §§ 380–380-v","§ 380-j(a)(4) (external-truth limb) — N.Y. Gen. Bus. Law § 380-j","US_NEW_YORK","EXACT","US","US-NY","OWNER_ACCEPTED_LEGAL_AUTHORITY","STATUTE_OR_REGULATION","ESTABLISHED","LEGACY_RULE_PROVISION_AND_CITATION_EXACT","us-ny.gbl.380j.a.4.reason_to_know_inaccurate_external_truth","RULE_FOUND","REGISTER_DISPOSITION_UNRESOLVED","PRIOR_REVIEW_RECORD_NOT_HELD_IN_THIS_WORKSPACE; FORMAL_EDITION_OR_HISTORICAL_VERSION_NOT_RECORDED","UNRESOLVED","BLOCKED_MISSING_EVIDENCE","a durable per-ID corrected-logic rescreen disposition for CRP-LSRC-0196 - no register section, work-order ledger, catalogue field or SOURCE_CAPTURES evidence package in this workspace records one","REPORT_FORMAT_AND_APPLICATION_DEPENDENCIES; READINESS_FOR_DETERMINISTIC_EVALUATION","NO"
"CRP-LSRC-0197","CONTENT_RULE","F1","LIMITATION_OR_RETENTION","Fair Credit Reporting Act (New York), Gen. Bus. Law art. 25, §§ 380–380-v","§ 380-j(b) — N.Y. Gen. Bus. Law § 380-j","US_NEW_YORK","EXACT","US","US-NY","OWNER_ACCEPTED_LEGAL_AUTHORITY","STATUTE_OR_REGULATION","ESTABLISHED","LEGACY_RULE_PROVISION_AND_CITATION_EXACT","us-ny.gbl.380j.b.retail_mercantile_detention_information","RULE_FOUND","REGISTER_DISPOSITION_UNRESOLVED","PRIOR_REVIEW_RECORD_NOT_HELD_IN_THIS_WORKSPACE; FORMAL_EDITION_OR_HISTORICAL_VERSION_NOT_RECORDED","UNRESOLVED","BLOCKED_MISSING_EVIDENCE","a durable per-ID corrected-logic rescreen disposition for CRP-LSRC-0197 - no register section, work-order ledger, catalogue field or SOURCE_CAPTURES evidence package in this workspace records one","REPORT_FORMAT_AND_APPLICATION_DEPENDENCIES; READINESS_FOR_DETERMINISTIC_EVALUATION","NO"
"CRP-LSRC-0198","CONTENT_RULE","F7","PUBLIC_RECORD_OR_JUDGMENT","Fair Credit Reporting Act (New York), Gen. Bus. Law art. 25, §§ 380–380-v","§ 380-j(c) — N.Y. Gen. Bus. Law § 380-j","US_NEW_YORK","EXACT","US","US-NY","OWNER_ACCEPTED_LEGAL_AUTHORITY","STATUTE_OR_REGULATION","ESTABLISHED","LEGACY_RULE_PROVISION_AND_CITATION_EXACT","us-ny.gbl.380j.c.detention_charge_disposition_on_request","RULE_FOUND","REGISTER_DISPOSITION_UNRESOLVED","PRIOR_REVIEW_RECORD_NOT_HELD_IN_THIS_WORKSPACE; FORMAL_EDITION_OR_HISTORICAL_VERSION_NOT_RECORDED","UNRESOLVED","BLOCKED_MISSING_EVIDENCE","a durable per-ID corrected-logic rescreen disposition for CRP-LSRC-0198 - no register section, work-order ledger, catalogue field or SOURCE_CAPTURES evidence package in this workspace records one","REPORT_FORMAT_AND_APPLICATION_DEPENDENCIES; READINESS_FOR_DETERMINISTIC_EVALUATION","NO"
"CRP-LSRC-0199","CONTENT_RULE","F1","LIMITATION_OR_RETENTION","Fair Credit Reporting Act (New York), Gen. Bus. Law art. 25, §§ 380–380-v","§ 380-j(d) — N.Y. Gen. Bus. Law § 380-j","US_NEW_YORK","EXACT","US","US-NY","OWNER_ACCEPTED_LEGAL_AUTHORITY","STATUTE_OR_REGULATION","ESTABLISHED","LEGACY_RULE_PROVISION_AND_CITATION_EXACT","us-ny.gbl.380j.d.denial_listing_requires_stated_reason","RULE_FOUND","REGISTER_DISPOSITION_UNRESOLVED","PRIOR_REVIEW_RECORD_NOT_HELD_IN_THIS_WORKSPACE; FORMAL_EDITION_OR_HISTORICAL_VERSION_NOT_RECORDED","UNRESOLVED","BLOCKED_MISSING_EVIDENCE","a durable per-ID corrected-logic rescreen disposition for CRP-LSRC-0199 - no register section, work-order ledger, catalogue field or SOURCE_CAPTURES evidence package in this workspace records one","REPORT_FORMAT_AND_APPLICATION_DEPENDENCIES; READINESS_FOR_DETERMINISTIC_EVALUATION","NO"
"CRP-LSRC-0200","CONTENT_RULE","F4","REPORT_ACCURACY_OR_COMPLETENESS","Fair Credit Reporting Act (New York), Gen. Bus. Law art. 25, §§ 380–380-v","§ 380-j(e) — N.Y. Gen. Bus. Law § 380-j","US_NEW_YORK","EXACT","US","US-NY","OWNER_ACCEPTED_LEGAL_AUTHORITY","STATUTE_OR_REGULATION","ESTABLISHED","LEGACY_RULE_PROVISION_AND_CITATION_EXACT","us-ny.gbl.380j.e.reasonable_procedures_maximum_possible_accuracy","RULE_FOUND","REGISTER_DISPOSITION_UNRESOLVED","PRIOR_REVIEW_RECORD_NOT_HELD_IN_THIS_WORKSPACE; FORMAL_EDITION_OR_HISTORICAL_VERSION_NOT_RECORDED","UNRESOLVED","BLOCKED_MISSING_EVIDENCE","a durable per-ID corrected-logic rescreen disposition for CRP-LSRC-0200 - no register section, work-order ledger, catalogue field or SOURCE_CAPTURES evidence package in this workspace records one","REPORT_FORMAT_AND_APPLICATION_DEPENDENCIES; READINESS_FOR_DETERMINISTIC_EVALUATION","NO"
"CRP-LSRC-0201","CONTENT_RULE","F1","LIMITATION_OR_RETENTION","Fair Credit Reporting Act (New York), Gen. Bus. Law art. 25, §§ 380–380-v","§ 380-j(f)(1)(i) — N.Y. Gen. Bus. Law § 380-j","US_NEW_YORK","EXACT","US","US-NY","OWNER_ACCEPTED_LEGAL_AUTHORITY","STATUTE_OR_REGULATION","ESTABLISHED","LEGACY_RULE_PROVISION_AND_CITATION_EXACT","us-ny.gbl.380j.f.1.i.bankruptcy_14_years","RULE_FOUND","REGISTER_DISPOSITION_UNRESOLVED","PRIOR_REVIEW_RECORD_NOT_HELD_IN_THIS_WORKSPACE; FORMAL_EDITION_OR_HISTORICAL_VERSION_NOT_RECORDED","UNRESOLVED","BLOCKED_MISSING_EVIDENCE","a durable per-ID corrected-logic rescreen disposition for CRP-LSRC-0201 - no register section, work-order ledger, catalogue field or SOURCE_CAPTURES evidence package in this workspace records one","REPORT_FORMAT_AND_APPLICATION_DEPENDENCIES; READINESS_FOR_DETERMINISTIC_EVALUATION","NO"
"CRP-LSRC-0202","CONTENT_RULE","F1","LIMITATION_OR_RETENTION","Fair Credit Reporting Act (New York), Gen. Bus. Law art. 25, §§ 380–380-v","§ 380-j(f)(1)(ii) (first limb) — N.Y. Gen. Bus. Law § 380-j","US_NEW_YORK","EXACT","US","US-NY","OWNER_ACCEPTED_LEGAL_AUTHORITY","STATUTE_OR_REGULATION","ESTABLISHED","LEGACY_RULE_PROVISION_AND_CITATION_EXACT","us-ny.gbl.380j.f.1.ii.judgments_7_years_or_governing_limitations","RULE_FOUND","REGISTER_DISPOSITION_UNRESOLVED","PRIOR_REVIEW_RECORD_NOT_HELD_IN_THIS_WORKSPACE; FORMAL_EDITION_OR_HISTORICAL_VERSION_NOT_RECORDED","UNRESOLVED","BLOCKED_MISSING_EVIDENCE","a durable per-ID corrected-logic rescreen disposition for CRP-LSRC-0202 - no register section, work-order ledger, catalogue field or SOURCE_CAPTURES evidence package in this workspace records one","REPORT_FORMAT_AND_APPLICATION_DEPENDENCIES; READINESS_FOR_DETERMINISTIC_EVALUATION","NO"
"CRP-LSRC-0203","CONTENT_RULE","F1","LIMITATION_OR_RETENTION","Fair Credit Reporting Act (New York), Gen. Bus. Law art. 25, §§ 380–380-v","§ 380-j(f)(1)(ii) (second limb) — N.Y. Gen. Bus. Law § 380-j","US_NEW_YORK","EXACT","US","US-NY","OWNER_ACCEPTED_LEGAL_AUTHORITY","STATUTE_OR_REGULATION","ESTABLISHED","LEGACY_RULE_PROVISION_AND_CITATION_EXACT","us-ny.gbl.380j.f.1.ii.judgment_satisfied_removed_5_years","RULE_FOUND","REGISTER_DISPOSITION_UNRESOLVED","PRIOR_REVIEW_RECORD_NOT_HELD_IN_THIS_WORKSPACE; FORMAL_EDITION_OR_HISTORICAL_VERSION_NOT_RECORDED","UNRESOLVED","BLOCKED_MISSING_EVIDENCE","a durable per-ID corrected-logic rescreen disposition for CRP-LSRC-0203 - no register section, work-order ledger, catalogue field or SOURCE_CAPTURES evidence package in this workspace records one","REPORT_FORMAT_AND_APPLICATION_DEPENDENCIES; READINESS_FOR_DETERMINISTIC_EVALUATION","NO"
"CRP-LSRC-0204","CONTENT_RULE","F1","LIMITATION_OR_RETENTION","Fair Credit Reporting Act (New York), Gen. Bus. Law art. 25, §§ 380–380-v","§ 380-j(f)(1)(iii) — N.Y. Gen. Bus. Law § 380-j","US_NEW_YORK","EXACT","US","US-NY","OWNER_ACCEPTED_LEGAL_AUTHORITY","STATUTE_OR_REGULATION","ESTABLISHED","LEGACY_RULE_PROVISION_AND_CITATION_EXACT","us-ny.gbl.380j.f.1.iii.paid_tax_liens_7_years_and_bulk_sale_30_days","RULE_FOUND","REGISTER_DISPOSITION_UNRESOLVED","PRIOR_REVIEW_RECORD_NOT_HELD_IN_THIS_WORKSPACE; FORMAL_EDITION_OR_HISTORICAL_VERSION_NOT_RECORDED","UNRESOLVED","BLOCKED_MISSING_EVIDENCE","a durable per-ID corrected-logic rescreen disposition for CRP-LSRC-0204 - no register section, work-order ledger, catalogue field or SOURCE_CAPTURES evidence package in this workspace records one","REPORT_FORMAT_AND_APPLICATION_DEPENDENCIES; READINESS_FOR_DETERMINISTIC_EVALUATION","NO"
"CRP-LSRC-0205","CONTENT_RULE","F1","LIMITATION_OR_RETENTION","Fair Credit Reporting Act (New York), Gen. Bus. Law art. 25, §§ 380–380-v","§ 380-j(f)(1)(iv) — N.Y. Gen. Bus. Law § 380-j","US_NEW_YORK","EXACT","US","US-NY","OWNER_ACCEPTED_LEGAL_AUTHORITY","STATUTE_OR_REGULATION","ESTABLISHED","LEGACY_RULE_PROVISION_AND_CITATION_EXACT","us-ny.gbl.380j.f.1.iv.collections_and_chargeoffs_7_years_paid_5_years","RULE_FOUND","REGISTER_DISPOSITION_UNRESOLVED","PRIOR_REVIEW_RECORD_NOT_HELD_IN_THIS_WORKSPACE; FORMAL_EDITION_OR_HISTORICAL_VERSION_NOT_RECORDED","UNRESOLVED","BLOCKED_MISSING_EVIDENCE","a durable per-ID corrected-logic rescreen disposition for CRP-LSRC-0205 - no register section, work-order ledger, catalogue field or SOURCE_CAPTURES evidence package in this workspace records one","REPORT_FORMAT_AND_APPLICATION_DEPENDENCIES; READINESS_FOR_DETERMINISTIC_EVALUATION","NO"
"CRP-LSRC-0206","CONTENT_RULE","F1","LIMITATION_OR_RETENTION","Fair Credit Reporting Act (New York), Gen. Bus. Law art. 25, §§ 380–380-v","§ 380-j(f)(1)(v) — N.Y. Gen. Bus. Law § 380-j","US_NEW_YORK","EXACT","US","US-NY","OWNER_ACCEPTED_LEGAL_AUTHORITY","STATUTE_OR_REGULATION","ESTABLISHED","LEGACY_RULE_PROVISION_AND_CITATION_EXACT","us-ny.gbl.380j.f.1.v.conviction_records_7_years","RULE_FOUND","REGISTER_DISPOSITION_UNRESOLVED","PRIOR_REVIEW_RECORD_NOT_HELD_IN_THIS_WORKSPACE; FORMAL_EDITION_OR_HISTORICAL_VERSION_NOT_RECORDED","UNRESOLVED","BLOCKED_MISSING_EVIDENCE","a durable per-ID corrected-logic rescreen disposition for CRP-LSRC-0206 - no register section, work-order ledger, catalogue field or SOURCE_CAPTURES evidence package in this workspace records one","REPORT_FORMAT_AND_APPLICATION_DEPENDENCIES; READINESS_FOR_DETERMINISTIC_EVALUATION","NO"
"CRP-LSRC-0207","CONTENT_RULE","F1","LIMITATION_OR_RETENTION","Fair Credit Reporting Act (New York), Gen. Bus. Law art. 25, §§ 380–380-v","§ 380-j(f)(1)(vi) — N.Y. Gen. Bus. Law § 380-j","US_NEW_YORK","EXACT","US","US-NY","OWNER_ACCEPTED_LEGAL_AUTHORITY","STATUTE_OR_REGULATION","ESTABLISHED","LEGACY_RULE_PROVISION_AND_CITATION_EXACT","us-ny.gbl.380j.f.1.vi.drug_or_alcohol_addiction_7_years","RULE_FOUND","REGISTER_DISPOSITION_UNRESOLVED","PRIOR_REVIEW_RECORD_NOT_HELD_IN_THIS_WORKSPACE; FORMAL_EDITION_OR_HISTORICAL_VERSION_NOT_RECORDED","UNRESOLVED","BLOCKED_MISSING_EVIDENCE","a durable per-ID corrected-logic rescreen disposition for CRP-LSRC-0207 - no register section, work-order ledger, catalogue field or SOURCE_CAPTURES evidence package in this workspace records one","REPORT_FORMAT_AND_APPLICATION_DEPENDENCIES; READINESS_FOR_DETERMINISTIC_EVALUATION","NO"
"CRP-LSRC-0208","CONTENT_RULE","F1","LIMITATION_OR_RETENTION","Fair Credit Reporting Act (New York), Gen. Bus. Law art. 25, §§ 380–380-v","§ 380-j(f)(1)(vii) — N.Y. Gen. Bus. Law § 380-j","US_NEW_YORK","EXACT","US","US-NY","OWNER_ACCEPTED_LEGAL_AUTHORITY","STATUTE_OR_REGULATION","ESTABLISHED","LEGACY_RULE_PROVISION_AND_CITATION_EXACT","us-ny.gbl.380j.f.1.vii.mental_institution_confinement_7_years","RULE_FOUND","REGISTER_DISPOSITION_UNRESOLVED","PRIOR_REVIEW_RECORD_NOT_HELD_IN_THIS_WORKSPACE; FORMAL_EDITION_OR_HISTORICAL_VERSION_NOT_RECORDED","UNRESOLVED","BLOCKED_MISSING_EVIDENCE","a durable per-ID corrected-logic rescreen disposition for CRP-LSRC-0208 - no register section, work-order ledger, catalogue field or SOURCE_CAPTURES evidence package in this workspace records one","REPORT_FORMAT_AND_APPLICATION_DEPENDENCIES; READINESS_FOR_DETERMINISTIC_EVALUATION","NO"
"CRP-LSRC-0209","CONTENT_RULE","F3","PRIVACY_OR_DATA_HANDLING","Fair Credit Reporting Act (New York), Gen. Bus. Law art. 25, §§ 380–380-v","§ 380-j(f)(1)(viii) — N.Y. Gen. Bus. Law § 380-j","US_NEW_YORK","EXACT","US","US-NY","OWNER_ACCEPTED_LEGAL_AUTHORITY","STATUTE_OR_REGULATION","ESTABLISHED","LEGACY_RULE_PROVISION_AND_CITATION_EXACT","us-ny.gbl.380j.f.1.viii.medical_debt_prohibited","RULE_FOUND","REGISTER_DISPOSITION_UNRESOLVED","PRIOR_REVIEW_RECORD_NOT_HELD_IN_THIS_WORKSPACE; FORMAL_EDITION_OR_HISTORICAL_VERSION_NOT_RECORDED","UNRESOLVED","BLOCKED_MISSING_EVIDENCE","a durable per-ID corrected-logic rescreen disposition for CRP-LSRC-0209 - no register section, work-order ledger, catalogue field or SOURCE_CAPTURES evidence package in this workspace records one","REPORT_FORMAT_AND_APPLICATION_DEPENDENCIES; READINESS_FOR_DETERMINISTIC_EVALUATION","NO"
"CRP-LSRC-0210","CONTENT_RULE","F1","LIMITATION_OR_RETENTION","Fair Credit Reporting Act (New York), Gen. Bus. Law art. 25, §§ 380–380-v","§ 380-j(f)(1)(ix)-series limb (*provision token truncated in extraction; recorded as the ninth limb of § 380-j(f)(1)*) — N.Y. Gen. Bus. Law § 380-j","US_NEW_YORK","EXACT","US","US-NY","OWNER_ACCEPTED_LEGAL_AUTHORITY","STATUTE_OR_REGULATION","ESTABLISHED","LEGACY_AUTHORITY_SOURCE_URL_EXACT","us-ny:statute:gbl-art-25","","REGISTER_DISPOSITION_UNRESOLVED","PRIOR_REVIEW_RECORD_NOT_HELD_IN_THIS_WORKSPACE; FORMAL_EDITION_OR_HISTORICAL_VERSION_NOT_RECORDED","UNRESOLVED","BLOCKED_MISSING_EVIDENCE","a durable per-ID corrected-logic rescreen disposition for CRP-LSRC-0210 - no register section, work-order ledger, catalogue field or SOURCE_CAPTURES evidence package in this workspace records one","REPORT_FORMAT_AND_APPLICATION_DEPENDENCIES; READINESS_FOR_DETERMINISTIC_EVALUATION","NO"
"CRP-LSRC-0211","CONTENT_RULE","F1","LIMITATION_OR_RETENTION","Fair Credit Reporting Act (New York), Gen. Bus. Law art. 25, §§ 380–380-v","§ 380-j(f)(1) *(limb recorded with an effective window)* — N.Y. Gen. Bus. Law § 380-j","US_NEW_YORK","EXACT","US","US-NY","OWNER_ACCEPTED_LEGAL_AUTHORITY","STATUTE_OR_REGULATION","ESTABLISHED","LEGACY_AUTHORITY_SOURCE_URL_EXACT","us-ny:statute:gbl-art-25","","REGISTER_DISPOSITION_UNRESOLVED","PRIOR_REVIEW_RECORD_NOT_HELD_IN_THIS_WORKSPACE; FORMAL_EDITION_OR_HISTORICAL_VERSION_NOT_RECORDED","UNRESOLVED","BLOCKED_MISSING_EVIDENCE","a durable per-ID corrected-logic rescreen disposition for CRP-LSRC-0211 - no register section, work-order ledger, catalogue field or SOURCE_CAPTURES evidence package in this workspace records one","REPORT_FORMAT_AND_APPLICATION_DEPENDENCIES; READINESS_FOR_DETERMINISTIC_EVALUATION","NO"
"CRP-LSRC-0212","CONTENT_RULE","F1","LIMITATION_OR_RETENTION","Fair Credit Reporting Act (New York), Gen. Bus. Law art. 25, §§ 380–380-v","§ 380-j(f)(2) — N.Y. Gen. Bus. Law § 380-j","US_NEW_YORK","EXACT","US","US-NY","OWNER_ACCEPTED_LEGAL_AUTHORITY","STATUTE_OR_REGULATION","ESTABLISHED","LEGACY_RULE_PROVISION_AND_CITATION_EXACT","us-ny.gbl.380j.f.2.exempted_transactions","RULE_FOUND","REGISTER_DISPOSITION_UNRESOLVED","PRIOR_REVIEW_RECORD_NOT_HELD_IN_THIS_WORKSPACE; FORMAL_EDITION_OR_HISTORICAL_VERSION_NOT_RECORDED","UNRESOLVED","BLOCKED_MISSING_EVIDENCE","a durable per-ID corrected-logic rescreen disposition for CRP-LSRC-0212 - no register section, work-order ledger, catalogue field or SOURCE_CAPTURES evidence package in this workspace records one","REPORT_FORMAT_AND_APPLICATION_DEPENDENCIES; READINESS_FOR_DETERMINISTIC_EVALUATION","NO"
"CRP-LSRC-0213","CONTENT_RULE","F1","LIMITATION_OR_RETENTION","Fair Credit Reporting Act (New York), Gen. Bus. Law art. 25, §§ 380–380-v","§ 380-j(g) — N.Y. Gen. Bus. Law § 380-j","US_NEW_YORK","EXACT","US","US-NY","OWNER_ACCEPTED_LEGAL_AUTHORITY","STATUTE_OR_REGULATION","ESTABLISHED","LEGACY_RULE_PROVISION_AND_CITATION_EXACT","us-ny.gbl.380j.g.polygraph_and_deception_test_information_prohibited","RULE_FOUND","REGISTER_DISPOSITION_UNRESOLVED","PRIOR_REVIEW_RECORD_NOT_HELD_IN_THIS_WORKSPACE; FORMAL_EDITION_OR_HISTORICAL_VERSION_NOT_RECORDED","UNRESOLVED","BLOCKED_MISSING_EVIDENCE","a durable per-ID corrected-logic rescreen disposition for CRP-LSRC-0213 - no register section, work-order ledger, catalogue field or SOURCE_CAPTURES evidence package in this workspace records one","REPORT_FORMAT_AND_APPLICATION_DEPENDENCIES; READINESS_FOR_DETERMINISTIC_EVALUATION","NO"
"CRP-LSRC-0214","CONTENT_RULE","F1","LIMITATION_OR_RETENTION","Fair Credit Reporting Act (New York), Gen. Bus. Law art. 25, §§ 380–380-v","§ 380-j(h) — N.Y. Gen. Bus. Law § 380-j","US_NEW_YORK","EXACT","US","US-NY","OWNER_ACCEPTED_LEGAL_AUTHORITY","STATUTE_OR_REGULATION","ESTABLISHED","LEGACY_RULE_PROVISION_AND_CITATION_EXACT","us-ny.gbl.380j.h.social_network_group_scores_prohibited","RULE_FOUND","REGISTER_DISPOSITION_UNRESOLVED","PRIOR_REVIEW_RECORD_NOT_HELD_IN_THIS_WORKSPACE; FORMAL_EDITION_OR_HISTORICAL_VERSION_NOT_RECORDED","UNRESOLVED","BLOCKED_MISSING_EVIDENCE","a durable per-ID corrected-logic rescreen disposition for CRP-LSRC-0214 - no register section, work-order ledger, catalogue field or SOURCE_CAPTURES evidence package in this workspace records one","REPORT_FORMAT_AND_APPLICATION_DEPENDENCIES; READINESS_FOR_DETERMINISTIC_EVALUATION","NO"
"CRP-LSRC-0215","CONTENT_RULE","F9","IDENTITY_THEFT_OR_MIXED_FILE","Fair Credit Reporting Act (New York), Gen. Bus. Law art. 25, §§ 380–380-v","§ 380-t(a)–(b) — N.Y. Gen. Bus. Law § 380-t","US_NEW_YORK","EXACT","US","US-NY","OWNER_ACCEPTED_LEGAL_AUTHORITY","STATUTE_OR_REGULATION","ESTABLISHED","LEGACY_RULE_PROVISION_AND_CITATION_EXACT","us-ny.gbl.380t.b.freeze_placement_timing","RULE_FOUND","REGISTER_DISPOSITION_UNRESOLVED","PRIOR_REVIEW_RECORD_NOT_HELD_IN_THIS_WORKSPACE; FORMAL_EDITION_OR_HISTORICAL_VERSION_NOT_RECORDED","UNRESOLVED","BLOCKED_MISSING_EVIDENCE","a durable per-ID corrected-logic rescreen disposition for CRP-LSRC-0215 - no register section, work-order ledger, catalogue field or SOURCE_CAPTURES evidence package in this workspace records one","REPORT_FORMAT_AND_APPLICATION_DEPENDENCIES; READINESS_FOR_DETERMINISTIC_EVALUATION","NO"
"CRP-LSRC-0216","CONTENT_RULE","F9","IDENTITY_THEFT_OR_MIXED_FILE","Fair Credit Reporting Act (New York), Gen. Bus. Law art. 25, §§ 380–380-v","§ 380-t(c), (j), (l) — N.Y. Gen. Bus. Law § 380-t","US_NEW_YORK","EXACT","US","US-NY","OWNER_ACCEPTED_LEGAL_AUTHORITY","STATUTE_OR_REGULATION","ESTABLISHED","LEGACY_RULE_PROVISION_AND_CITATION_EXACT","us-ny.gbl.380t.c.confirmation_and_pin","RULE_FOUND","REGISTER_DISPOSITION_UNRESOLVED","PRIOR_REVIEW_RECORD_NOT_HELD_IN_THIS_WORKSPACE; FORMAL_EDITION_OR_HISTORICAL_VERSION_NOT_RECORDED","UNRESOLVED","BLOCKED_MISSING_EVIDENCE","a durable per-ID corrected-logic rescreen disposition for CRP-LSRC-0216 - no register section, work-order ledger, catalogue field or SOURCE_CAPTURES evidence package in this workspace records one","REPORT_FORMAT_AND_APPLICATION_DEPENDENCIES; READINESS_FOR_DETERMINISTIC_EVALUATION","NO"
"CRP-LSRC-0217","CONTENT_RULE","F9","IDENTITY_THEFT_OR_MIXED_FILE","Fair Credit Reporting Act (New York), Gen. Bus. Law art. 25, §§ 380–380-v","§ 380-t(d)–(i), (k), (m), (p) — N.Y. Gen. Bus. Law § 380-t","US_NEW_YORK","EXACT","US","US-NY","OWNER_ACCEPTED_LEGAL_AUTHORITY","STATUTE_OR_REGULATION","ESTABLISHED","LEGACY_RULE_PROVISION_AND_CITATION_EXACT","us-ny.gbl.380t.d_l.temporary_lift_removal_and_grounds","RULE_FOUND","REGISTER_DISPOSITION_UNRESOLVED","PRIOR_REVIEW_RECORD_NOT_HELD_IN_THIS_WORKSPACE; FORMAL_EDITION_OR_HISTORICAL_VERSION_NOT_RECORDED","UNRESOLVED","BLOCKED_MISSING_EVIDENCE","a durable per-ID corrected-logic rescreen disposition for CRP-LSRC-0217 - no register section, work-order ledger, catalogue field or SOURCE_CAPTURES evidence package in this workspace records one","REPORT_FORMAT_AND_APPLICATION_DEPENDENCIES; READINESS_FOR_DETERMINISTIC_EVALUATION","NO"
"CRP-LSRC-0218","CONTENT_RULE","F9","IDENTITY_THEFT_OR_MIXED_FILE","Fair Credit Reporting Act (New York), Gen. Bus. Law art. 25, §§ 380–380-v","§ 380-t(n) — N.Y. Gen. Bus. Law § 380-t","US_NEW_YORK","EXACT","US","US-NY","OWNER_ACCEPTED_LEGAL_AUTHORITY","STATUTE_OR_REGULATION","ESTABLISHED","LEGACY_RULE_PROVISION_AND_CITATION_EXACT","us-ny.gbl.380t.n.no_fees_for_freeze_services","RULE_FOUND","REGISTER_DISPOSITION_UNRESOLVED","PRIOR_REVIEW_RECORD_NOT_HELD_IN_THIS_WORKSPACE; FORMAL_EDITION_OR_HISTORICAL_VERSION_NOT_RECORDED","UNRESOLVED","BLOCKED_MISSING_EVIDENCE","a durable per-ID corrected-logic rescreen disposition for CRP-LSRC-0218 - no register section, work-order ledger, catalogue field or SOURCE_CAPTURES evidence package in this workspace records one","REPORT_FORMAT_AND_APPLICATION_DEPENDENCIES; READINESS_FOR_DETERMINISTIC_EVALUATION","NO"
"CRP-LSRC-0219","CONTENT_RULE","F9","IDENTITY_THEFT_OR_MIXED_FILE","Fair Credit Reporting Act (New York), Gen. Bus. Law art. 25, §§ 380–380-v","§ 380-t(n)(3)(i)–(ii) — N.Y. Gen. Bus. Law § 380-t","US_NEW_YORK","EXACT","US","US-NY","OWNER_ACCEPTED_LEGAL_AUTHORITY","STATUTE_OR_REGULATION","ESTABLISHED","LEGACY_RULE_PROVISION_AND_CITATION_EXACT","us-ny.gbl.380t.n.3.breach_identity_theft_prevention_services","RULE_FOUND","REGISTER_DISPOSITION_UNRESOLVED","PRIOR_REVIEW_RECORD_NOT_HELD_IN_THIS_WORKSPACE; FORMAL_EDITION_OR_HISTORICAL_VERSION_NOT_RECORDED","UNRESOLVED","BLOCKED_MISSING_EVIDENCE","a durable per-ID corrected-logic rescreen disposition for CRP-LSRC-0219 - no register section, work-order ledger, catalogue field or SOURCE_CAPTURES evidence package in this workspace records one","REPORT_FORMAT_AND_APPLICATION_DEPENDENCIES; READINESS_FOR_DETERMINISTIC_EVALUATION","NO"
"CRP-LSRC-0220","CONTENT_RULE","F9","IDENTITY_THEFT_OR_MIXED_FILE","Fair Credit Reporting Act (New York), Gen. Bus. Law art. 25, §§ 380–380-v","§ 380-t(o) — N.Y. Gen. Bus. Law § 380-t","US_NEW_YORK","EXACT","US","US-NY","OWNER_ACCEPTED_LEGAL_AUTHORITY","STATUTE_OR_REGULATION","ESTABLISHED","LEGACY_RULE_PROVISION_AND_CITATION_EXACT","us-ny.gbl.380t.o.official_information_change_confirmation_while_frozen","RULE_FOUND","REGISTER_DISPOSITION_UNRESOLVED","PRIOR_REVIEW_RECORD_NOT_HELD_IN_THIS_WORKSPACE; FORMAL_EDITION_OR_HISTORICAL_VERSION_NOT_RECORDED","UNRESOLVED","BLOCKED_MISSING_EVIDENCE","a durable per-ID corrected-logic rescreen disposition for CRP-LSRC-0220 - no register section, work-order ledger, catalogue field or SOURCE_CAPTURES evidence package in this workspace records one","REPORT_FORMAT_AND_APPLICATION_DEPENDENCIES; READINESS_FOR_DETERMINISTIC_EVALUATION","NO"
"CRP-LSRC-0221","CONTENT_RULE","F9","IDENTITY_THEFT_OR_MIXED_FILE","Fair Credit Reporting Act (New York), Gen. Bus. Law art. 25, §§ 380–380-v","§ 380-t(q) — N.Y. Gen. Bus. Law § 380-t","US_NEW_YORK","EXACT","US","US-NY","OWNER_ACCEPTED_LEGAL_AUTHORITY","STATUTE_OR_REGULATION","ESTABLISHED","LEGACY_RULE_PROVISION_AND_CITATION_EXACT","us-ny.gbl.380t.q.1.security_freeze_notice_with_summary_of_rights","RULE_FOUND","REGISTER_DISPOSITION_UNRESOLVED","PRIOR_REVIEW_RECORD_NOT_HELD_IN_THIS_WORKSPACE; FORMAL_EDITION_OR_HISTORICAL_VERSION_NOT_RECORDED","UNRESOLVED","BLOCKED_MISSING_EVIDENCE","a durable per-ID corrected-logic rescreen disposition for CRP-LSRC-0221 - no register section, work-order ledger, catalogue field or SOURCE_CAPTURES evidence package in this workspace records one","REPORT_FORMAT_AND_APPLICATION_DEPENDENCIES; READINESS_FOR_DETERMINISTIC_EVALUATION","NO"
"CRP-LSRC-0222","CONTENT_RULE","F9","IDENTITY_THEFT_OR_MIXED_FILE","Fair Credit Reporting Act (New York), Gen. Bus. Law art. 25, §§ 380–380-v","§ 380-t(r) — N.Y. Gen. Bus. Law § 380-t","US_NEW_YORK","EXACT","US","US-NY","OWNER_ACCEPTED_LEGAL_AUTHORITY","STATUTE_OR_REGULATION","ESTABLISHED","LEGACY_RULE_PROVISION_AND_CITATION_EXACT","us-ny.gbl.380t.r.erroneous_release_notification","RULE_FOUND","REGISTER_DISPOSITION_UNRESOLVED","PRIOR_REVIEW_RECORD_NOT_HELD_IN_THIS_WORKSPACE; FORMAL_EDITION_OR_HISTORICAL_VERSION_NOT_RECORDED","UNRESOLVED","BLOCKED_MISSING_EVIDENCE","a durable per-ID corrected-logic rescreen disposition for CRP-LSRC-0222 - no register section, work-order ledger, catalogue field or SOURCE_CAPTURES evidence package in this workspace records one","REPORT_FORMAT_AND_APPLICATION_DEPENDENCIES; READINESS_FOR_DETERMINISTIC_EVALUATION","NO"
"CRP-LSRC-0223","CONTENT_RULE","F9","IDENTITY_THEFT_OR_MIXED_FILE","Fair Credit Reporting Act (New York), Gen. Bus. Law art. 25, §§ 380–380-v","§ 380-u(a)–(g), (i)–(j) — N.Y. Gen. Bus. Law § 380-u","US_NEW_YORK","EXACT","US","US-NY","OWNER_ACCEPTED_LEGAL_AUTHORITY","STATUTE_OR_REGULATION","ESTABLISHED","LEGACY_RULE_PROVISION_AND_CITATION_EXACT","us-ny.gbl.380u.a_g.protected_consumer_freeze_placement_and_removal","RULE_FOUND","REGISTER_DISPOSITION_UNRESOLVED","PRIOR_REVIEW_RECORD_NOT_HELD_IN_THIS_WORKSPACE; FORMAL_EDITION_OR_HISTORICAL_VERSION_NOT_RECORDED","UNRESOLVED","BLOCKED_MISSING_EVIDENCE","a durable per-ID corrected-logic rescreen disposition for CRP-LSRC-0223 - no register section, work-order ledger, catalogue field or SOURCE_CAPTURES evidence package in this workspace records one","REPORT_FORMAT_AND_APPLICATION_DEPENDENCIES; READINESS_FOR_DETERMINISTIC_EVALUATION","NO"
"CRP-LSRC-0224","CONTENT_RULE","F9","IDENTITY_THEFT_OR_MIXED_FILE","Fair Credit Reporting Act (New York), Gen. Bus. Law art. 25, §§ 380–380-v","§ 380-u(h) — N.Y. Gen. Bus. Law § 380-u","US_NEW_YORK","EXACT","US","US-NY","OWNER_ACCEPTED_LEGAL_AUTHORITY","STATUTE_OR_REGULATION","ESTABLISHED","LEGACY_RULE_PROVISION_AND_CITATION_EXACT","us-ny.gbl.380u.h.protected_consumer_freeze_fee_cap","RULE_FOUND","REGISTER_DISPOSITION_UNRESOLVED","PRIOR_REVIEW_RECORD_NOT_HELD_IN_THIS_WORKSPACE; FORMAL_EDITION_OR_HISTORICAL_VERSION_NOT_RECORDED","UNRESOLVED","BLOCKED_MISSING_EVIDENCE","a durable per-ID corrected-logic rescreen disposition for CRP-LSRC-0224 - no register section, work-order ledger, catalogue field or SOURCE_CAPTURES evidence package in this workspace records one","REPORT_FORMAT_AND_APPLICATION_DEPENDENCIES; READINESS_FOR_DETERMINISTIC_EVALUATION","NO"
"CRP-LSRC-0225","CONTENT_RULE","F10","UNCLASSIFIED_SOURCE_FAMILY","Fair Credit Reporting Act (New York), Gen. Bus. Law art. 25, §§ 380–380-v","§ 380-j (preemption interaction for the whole overlay) — N.Y. Gen. Bus. Law § 380-j","US_NEW_YORK","EXACT","US","US-NY","OWNER_ACCEPTED_LEGAL_AUTHORITY","STATUTE_OR_REGULATION","ESTABLISHED","LEGACY_RULE_PROVISION_AND_CITATION_EXACT","us-ny.gbl.art25.preemption_interaction","RULE_FOUND","REGISTER_DISPOSITION_UNRESOLVED","PRIOR_REVIEW_RECORD_NOT_HELD_IN_THIS_WORKSPACE; FORMAL_EDITION_OR_HISTORICAL_VERSION_NOT_RECORDED","UNRESOLVED","BLOCKED_MISSING_EVIDENCE","a durable per-ID corrected-logic rescreen disposition for CRP-LSRC-0225 - no register section, work-order ledger, catalogue field or SOURCE_CAPTURES evidence package in this workspace records one","REPORT_FORMAT_AND_APPLICATION_DEPENDENCIES; READINESS_FOR_DETERMINISTIC_EVALUATION","NO"
"CRP-LSRC-0226","CONTENT_RULE","F8","PERMISSIBLE_PURPOSE_OR_CONSENT","Fair Credit Reporting Act, chapter 19.182 RCW","RCW 19.182.030 — RCW 19.182.030","US_WASHINGTON","EXACT","US","US-WA","OWNER_ACCEPTED_LEGAL_AUTHORITY","STATUTE_OR_REGULATION","ESTABLISHED","LEGACY_RULE_PROVISION_AND_CITATION_EXACT","us-wa.rcw19_182.030.prescreening_and_direct_solicitation_exclusion","RULE_FOUND","REGISTER_DISPOSITION_UNRESOLVED","PRIOR_REVIEW_RECORD_NOT_HELD_IN_THIS_WORKSPACE; FORMAL_EDITION_OR_HISTORICAL_VERSION_NOT_RECORDED","UNRESOLVED","BLOCKED_MISSING_EVIDENCE","a durable per-ID corrected-logic rescreen disposition for CRP-LSRC-0226 - no register section, work-order ledger, catalogue field or SOURCE_CAPTURES evidence package in this workspace records one","REPORT_FORMAT_AND_APPLICATION_DEPENDENCIES; READINESS_FOR_DETERMINISTIC_EVALUATION","NO"
"CRP-LSRC-0227","CONTENT_RULE","F1","LIMITATION_OR_RETENTION","Fair Credit Reporting Act, chapter 19.182 RCW","RCW 19.182.040(1)(a) — RCW 19.182.040","US_WASHINGTON","EXACT","US","US-WA","OWNER_ACCEPTED_LEGAL_AUTHORITY","STATUTE_OR_REGULATION","ESTABLISHED","LEGACY_RULE_PROVISION_AND_CITATION_EXACT","us-wa.rcw19_182.040.1.a.bankruptcy_10_years","RULE_FOUND","REGISTER_DISPOSITION_UNRESOLVED","PRIOR_REVIEW_RECORD_NOT_HELD_IN_THIS_WORKSPACE; FORMAL_EDITION_OR_HISTORICAL_VERSION_NOT_RECORDED","UNRESOLVED","BLOCKED_MISSING_EVIDENCE","a durable per-ID corrected-logic rescreen disposition for CRP-LSRC-0227 - no register section, work-order ledger, catalogue field or SOURCE_CAPTURES evidence package in this workspace records one","REPORT_FORMAT_AND_APPLICATION_DEPENDENCIES; READINESS_FOR_DETERMINISTIC_EVALUATION","NO"
"CRP-LSRC-0228","CONTENT_RULE","F1","LIMITATION_OR_RETENTION","Fair Credit Reporting Act, chapter 19.182 RCW","RCW 19.182.040(1)(b) — RCW 19.182.040","US_WASHINGTON","EXACT","US","US-WA","OWNER_ACCEPTED_LEGAL_AUTHORITY","STATUTE_OR_REGULATION","ESTABLISHED","LEGACY_RULE_PROVISION_AND_CITATION_EXACT","us-wa.rcw19_182.040.1.b.judgments_7_years_or_limitations","RULE_FOUND","REGISTER_DISPOSITION_UNRESOLVED","PRIOR_REVIEW_RECORD_NOT_HELD_IN_THIS_WORKSPACE; FORMAL_EDITION_OR_HISTORICAL_VERSION_NOT_RECORDED","UNRESOLVED","BLOCKED_MISSING_EVIDENCE","a durable per-ID corrected-logic rescreen disposition for CRP-LSRC-0228 - no register section, work-order ledger, catalogue field or SOURCE_CAPTURES evidence package in this workspace records one","REPORT_FORMAT_AND_APPLICATION_DEPENDENCIES; READINESS_FOR_DETERMINISTIC_EVALUATION","NO"
"CRP-LSRC-0229","CONTENT_RULE","F1","LIMITATION_OR_RETENTION","Fair Credit Reporting Act, chapter 19.182 RCW","RCW 19.182.040(1)(c) — RCW 19.182.040","US_WASHINGTON","EXACT","US","US-WA","OWNER_ACCEPTED_LEGAL_AUTHORITY","STATUTE_OR_REGULATION","ESTABLISHED","LEGACY_RULE_PROVISION_AND_CITATION_EXACT","us-wa.rcw19_182.040.1.c.paid_tax_liens_7_years","RULE_FOUND","REGISTER_DISPOSITION_UNRESOLVED","PRIOR_REVIEW_RECORD_NOT_HELD_IN_THIS_WORKSPACE; FORMAL_EDITION_OR_HISTORICAL_VERSION_NOT_RECORDED","UNRESOLVED","BLOCKED_MISSING_EVIDENCE","a durable per-ID corrected-logic rescreen disposition for CRP-LSRC-0229 - no register section, work-order ledger, catalogue field or SOURCE_CAPTURES evidence package in this workspace records one","REPORT_FORMAT_AND_APPLICATION_DEPENDENCIES; READINESS_FOR_DETERMINISTIC_EVALUATION","NO"
"CRP-LSRC-0230","CONTENT_RULE","F1","LIMITATION_OR_RETENTION","Fair Credit Reporting Act, chapter 19.182 RCW","RCW 19.182.040(1)(d) — RCW 19.182.040","US_WASHINGTON","EXACT","US","US-WA","OWNER_ACCEPTED_LEGAL_AUTHORITY","STATUTE_OR_REGULATION","ESTABLISHED","LEGACY_RULE_PROVISION_AND_CITATION_EXACT","us-wa.rcw19_182.040.1.d.collections_and_chargeoffs_7_years","RULE_FOUND","REGISTER_DISPOSITION_UNRESOLVED","PRIOR_REVIEW_RECORD_NOT_HELD_IN_THIS_WORKSPACE; FORMAL_EDITION_OR_HISTORICAL_VERSION_NOT_RECORDED","UNRESOLVED","BLOCKED_MISSING_EVIDENCE","a durable per-ID corrected-logic rescreen disposition for CRP-LSRC-0230 - no register section, work-order ledger, catalogue field or SOURCE_CAPTURES evidence package in this workspace records one","REPORT_FORMAT_AND_APPLICATION_DEPENDENCIES; READINESS_FOR_DETERMINISTIC_EVALUATION","NO"
"CRP-LSRC-0231","CONTENT_RULE","F1","LIMITATION_OR_RETENTION","Fair Credit Reporting Act, chapter 19.182 RCW","RCW 19.182.040(1)(e) — RCW 19.182.040","US_WASHINGTON","EXACT","US","US-WA","OWNER_ACCEPTED_LEGAL_AUTHORITY","STATUTE_OR_REGULATION","ESTABLISHED","LEGACY_RULE_PROVISION_AND_CITATION_EXACT","us-wa.rcw19_182.040.1.e.arrest_indictment_conviction_7_years","RULE_FOUND","REGISTER_DISPOSITION_UNRESOLVED","PRIOR_REVIEW_RECORD_NOT_HELD_IN_THIS_WORKSPACE; FORMAL_EDITION_OR_HISTORICAL_VERSION_NOT_RECORDED","UNRESOLVED","BLOCKED_MISSING_EVIDENCE","a durable per-ID corrected-logic rescreen disposition for CRP-LSRC-0231 - no register section, work-order ledger, catalogue field or SOURCE_CAPTURES evidence package in this workspace records one","REPORT_FORMAT_AND_APPLICATION_DEPENDENCIES; READINESS_FOR_DETERMINISTIC_EVALUATION","NO"
"CRP-LSRC-0232","CONTENT_RULE","F1","LIMITATION_OR_RETENTION","Fair Credit Reporting Act, chapter 19.182 RCW","RCW 19.182.040(1)(f) — RCW 19.182.040","US_WASHINGTON","EXACT","US","US-WA","OWNER_ACCEPTED_LEGAL_AUTHORITY","STATUTE_OR_REGULATION","ESTABLISHED","LEGACY_RULE_PROVISION_AND_CITATION_EXACT","us-wa.rcw19_182.040.1.f.juvenile_records_at_21","RULE_FOUND","REGISTER_DISPOSITION_UNRESOLVED","PRIOR_REVIEW_RECORD_NOT_HELD_IN_THIS_WORKSPACE; FORMAL_EDITION_OR_HISTORICAL_VERSION_NOT_RECORDED","UNRESOLVED","BLOCKED_MISSING_EVIDENCE","a durable per-ID corrected-logic rescreen disposition for CRP-LSRC-0232 - no register section, work-order ledger, catalogue field or SOURCE_CAPTURES evidence package in this workspace records one","REPORT_FORMAT_AND_APPLICATION_DEPENDENCIES; READINESS_FOR_DETERMINISTIC_EVALUATION","NO"
"CRP-LSRC-0233","CONTENT_RULE","F3","PRIVACY_OR_DATA_HANDLING","Fair Credit Reporting Act, chapter 19.182 RCW","RCW 19.182.040(1)(g) — RCW 19.182.040","US_WASHINGTON","EXACT","US","US-WA","OWNER_ACCEPTED_LEGAL_AUTHORITY","STATUTE_OR_REGULATION","ESTABLISHED","LEGACY_RULE_PROVISION_AND_CITATION_EXACT","us-wa.rcw19_182.040.1.g.medical_debt_prohibited","RULE_FOUND","REGISTER_DISPOSITION_UNRESOLVED","PRIOR_REVIEW_RECORD_NOT_HELD_IN_THIS_WORKSPACE; FORMAL_EDITION_OR_HISTORICAL_VERSION_NOT_RECORDED","UNRESOLVED","BLOCKED_MISSING_EVIDENCE","a durable per-ID corrected-logic rescreen disposition for CRP-LSRC-0233 - no register section, work-order ledger, catalogue field or SOURCE_CAPTURES evidence package in this workspace records one","REPORT_FORMAT_AND_APPLICATION_DEPENDENCIES; READINESS_FOR_DETERMINISTIC_EVALUATION","NO"
"CRP-LSRC-0234","CONTENT_RULE","F1","LIMITATION_OR_RETENTION","Fair Credit Reporting Act, chapter 19.182 RCW","RCW 19.182.040(1)(h) — RCW 19.182.040","US_WASHINGTON","EXACT","US","US-WA","OWNER_ACCEPTED_LEGAL_AUTHORITY","STATUTE_OR_REGULATION","ESTABLISHED","LEGACY_RULE_PROVISION_AND_CITATION_EXACT","us-wa.rcw19_182.040.1.h.other_adverse_information_7_years","RULE_FOUND","REGISTER_DISPOSITION_UNRESOLVED","PRIOR_REVIEW_RECORD_NOT_HELD_IN_THIS_WORKSPACE; FORMAL_EDITION_OR_HISTORICAL_VERSION_NOT_RECORDED","UNRESOLVED","BLOCKED_MISSING_EVIDENCE","a durable per-ID corrected-logic rescreen disposition for CRP-LSRC-0234 - no register section, work-order ledger, catalogue field or SOURCE_CAPTURES evidence package in this workspace records one","REPORT_FORMAT_AND_APPLICATION_DEPENDENCIES; READINESS_FOR_DETERMINISTIC_EVALUATION","NO"
"CRP-LSRC-0235","CONTENT_RULE","F8","PERMISSIBLE_PURPOSE_OR_CONSENT","Fair Credit Reporting Act, chapter 19.182 RCW","RCW 19.182.040(2) — RCW 19.182.040","US_WASHINGTON","EXACT","US","US-WA","OWNER_ACCEPTED_LEGAL_AUTHORITY","STATUTE_OR_REGULATION","ESTABLISHED","LEGACY_RULE_PROVISION_AND_CITATION_EXACT","us-wa.rcw19_182.040.2.exceptions_for_credit_life_insurance_employment","RULE_FOUND","REGISTER_DISPOSITION_UNRESOLVED","PRIOR_REVIEW_RECORD_NOT_HELD_IN_THIS_WORKSPACE; FORMAL_EDITION_OR_HISTORICAL_VERSION_NOT_RECORDED","UNRESOLVED","BLOCKED_MISSING_EVIDENCE","a durable per-ID corrected-logic rescreen disposition for CRP-LSRC-0235 - no register section, work-order ledger, catalogue field or SOURCE_CAPTURES evidence package in this workspace records one","REPORT_FORMAT_AND_APPLICATION_DEPENDENCIES; READINESS_FOR_DETERMINISTIC_EVALUATION","NO"
"CRP-LSRC-0236","CONTENT_RULE","F6","DISPUTE_OR_CORRECTION","Fair Credit Reporting Act, chapter 19.182 RCW","RCW 19.182.090(1) — RCW 19.182.090","US_WASHINGTON","EXACT","US","US-WA","OWNER_ACCEPTED_LEGAL_AUTHORITY","STATUTE_OR_REGULATION","ESTABLISHED","LEGACY_RULE_PROVISION_AND_CITATION_EXACT","us-wa.rcw19_182.090.1.reinvestigation_30_business_days","RULE_FOUND","REGISTER_DISPOSITION_UNRESOLVED","PRIOR_REVIEW_RECORD_NOT_HELD_IN_THIS_WORKSPACE; FORMAL_EDITION_OR_HISTORICAL_VERSION_NOT_RECORDED","UNRESOLVED","BLOCKED_MISSING_EVIDENCE","a durable per-ID corrected-logic rescreen disposition for CRP-LSRC-0236 - no register section, work-order ledger, catalogue field or SOURCE_CAPTURES evidence package in this workspace records one","REPORT_FORMAT_AND_APPLICATION_DEPENDENCIES; READINESS_FOR_DETERMINISTIC_EVALUATION","NO"
"CRP-LSRC-0237","CONTENT_RULE","F6","DISPUTE_OR_CORRECTION","Fair Credit Reporting Act, chapter 19.182 RCW","RCW 19.182.090(2) — RCW 19.182.090","US_WASHINGTON","EXACT","US","US-WA","OWNER_ACCEPTED_LEGAL_AUTHORITY","STATUTE_OR_REGULATION","ESTABLISHED","LEGACY_RULE_PROVISION_AND_CITATION_EXACT","us-wa.rcw19_182.090.2.furnisher_notice_5_business_days","RULE_FOUND","REGISTER_DISPOSITION_UNRESOLVED","PRIOR_REVIEW_RECORD_NOT_HELD_IN_THIS_WORKSPACE; FORMAL_EDITION_OR_HISTORICAL_VERSION_NOT_RECORDED","UNRESOLVED","BLOCKED_MISSING_EVIDENCE","a durable per-ID corrected-logic rescreen disposition for CRP-LSRC-0237 - no register section, work-order ledger, catalogue field or SOURCE_CAPTURES evidence package in this workspace records one","REPORT_FORMAT_AND_APPLICATION_DEPENDENCIES; READINESS_FOR_DETERMINISTIC_EVALUATION","NO"
"CRP-LSRC-0238","CONTENT_RULE","F6","DISPUTE_OR_CORRECTION","Fair Credit Reporting Act, chapter 19.182 RCW","RCW 19.182.090(3)(b) — RCW 19.182.090","US_WASHINGTON","EXACT","US","US-WA","OWNER_ACCEPTED_LEGAL_AUTHORITY","STATUTE_OR_REGULATION","ESTABLISHED","LEGACY_RULE_PROVISION_AND_CITATION_EXACT","us-wa.rcw19_182.090.3.b.frivolous_notice_5_business_days","RULE_FOUND","REGISTER_DISPOSITION_UNRESOLVED","PRIOR_REVIEW_RECORD_NOT_HELD_IN_THIS_WORKSPACE; FORMAL_EDITION_OR_HISTORICAL_VERSION_NOT_RECORDED","UNRESOLVED","BLOCKED_MISSING_EVIDENCE","a durable per-ID corrected-logic rescreen disposition for CRP-LSRC-0238 - no register section, work-order ledger, catalogue field or SOURCE_CAPTURES evidence package in this workspace records one","REPORT_FORMAT_AND_APPLICATION_DEPENDENCIES; READINESS_FOR_DETERMINISTIC_EVALUATION","NO"
"CRP-LSRC-0239","CONTENT_RULE","F6","DISPUTE_OR_CORRECTION","Fair Credit Reporting Act, chapter 19.182 RCW","RCW 19.182.090(5)(b)(ii) — RCW 19.182.090","US_WASHINGTON","EXACT","US","US-WA","OWNER_ACCEPTED_LEGAL_AUTHORITY","STATUTE_OR_REGULATION","ESTABLISHED","LEGACY_RULE_PROVISION_AND_CITATION_EXACT","us-wa.rcw19_182.090.5.b.ii.reinsertion_notice_30_business_days","RULE_FOUND","REGISTER_DISPOSITION_UNRESOLVED","PRIOR_REVIEW_RECORD_NOT_HELD_IN_THIS_WORKSPACE; FORMAL_EDITION_OR_HISTORICAL_VERSION_NOT_RECORDED","UNRESOLVED","BLOCKED_MISSING_EVIDENCE","a durable per-ID corrected-logic rescreen disposition for CRP-LSRC-0239 - no register section, work-order ledger, catalogue field or SOURCE_CAPTURES evidence package in this workspace records one","REPORT_FORMAT_AND_APPLICATION_DEPENDENCIES; READINESS_FOR_DETERMINISTIC_EVALUATION","NO"
"CRP-LSRC-0240","CONTENT_RULE","F9","IDENTITY_THEFT_OR_MIXED_FILE","Fair Credit Reporting Act, chapter 19.182 RCW","RCW 19.182.160(1) — RCW 19.182.160","US_WASHINGTON","EXACT","US","US-WA","OWNER_ACCEPTED_LEGAL_AUTHORITY","STATUTE_OR_REGULATION","ESTABLISHED","LEGACY_RULE_PROVISION_AND_CITATION_EXACT","us-wa.rcw19_182.160.1.identity_theft_block_30_days","RULE_FOUND","REGISTER_DISPOSITION_UNRESOLVED","PRIOR_REVIEW_RECORD_NOT_HELD_IN_THIS_WORKSPACE; FORMAL_EDITION_OR_HISTORICAL_VERSION_NOT_RECORDED","UNRESOLVED","BLOCKED_MISSING_EVIDENCE","a durable per-ID corrected-logic rescreen disposition for CRP-LSRC-0240 - no register section, work-order ledger, catalogue field or SOURCE_CAPTURES evidence package in this workspace records one","REPORT_FORMAT_AND_APPLICATION_DEPENDENCIES; READINESS_FOR_DETERMINISTIC_EVALUATION","NO"
"CRP-LSRC-0241","CONTENT_RULE","F9","IDENTITY_THEFT_OR_MIXED_FILE","Fair Credit Reporting Act, chapter 19.182 RCW","RCW 19.182.170(3) — RCW 19.182.170","US_WASHINGTON","EXACT","US","US-WA","OWNER_ACCEPTED_LEGAL_AUTHORITY","STATUTE_OR_REGULATION","ESTABLISHED","LEGACY_RULE_PROVISION_AND_CITATION_EXACT","us-wa.rcw19_182.170.3.freeze_placement_5_business_days","RULE_FOUND","REGISTER_DISPOSITION_UNRESOLVED","PRIOR_REVIEW_RECORD_NOT_HELD_IN_THIS_WORKSPACE; FORMAL_EDITION_OR_HISTORICAL_VERSION_NOT_RECORDED","UNRESOLVED","BLOCKED_MISSING_EVIDENCE","a durable per-ID corrected-logic rescreen disposition for CRP-LSRC-0241 - no register section, work-order ledger, catalogue field or SOURCE_CAPTURES evidence package in this workspace records one","REPORT_FORMAT_AND_APPLICATION_DEPENDENCIES; READINESS_FOR_DETERMINISTIC_EVALUATION","NO"
"CRP-LSRC-0242","CONTENT_RULE","F9","IDENTITY_THEFT_OR_MIXED_FILE","Fair Credit Reporting Act, chapter 19.182 RCW","RCW 19.182.170(4) — RCW 19.182.170","US_WASHINGTON","EXACT","US","US-WA","OWNER_ACCEPTED_LEGAL_AUTHORITY","STATUTE_OR_REGULATION","ESTABLISHED","LEGACY_RULE_PROVISION_AND_CITATION_EXACT","us-wa.rcw19_182.170.4.freeze_confirmation_10_business_days","RULE_FOUND","REGISTER_DISPOSITION_UNRESOLVED","PRIOR_REVIEW_RECORD_NOT_HELD_IN_THIS_WORKSPACE; FORMAL_EDITION_OR_HISTORICAL_VERSION_NOT_RECORDED","UNRESOLVED","BLOCKED_MISSING_EVIDENCE","a durable per-ID corrected-logic rescreen disposition for CRP-LSRC-0242 - no register section, work-order ledger, catalogue field or SOURCE_CAPTURES evidence package in this workspace records one","REPORT_FORMAT_AND_APPLICATION_DEPENDENCIES; READINESS_FOR_DETERMINISTIC_EVALUATION","NO"
"CRP-LSRC-0243","CONTENT_RULE","F9","IDENTITY_THEFT_OR_MIXED_FILE","Fair Credit Reporting Act, chapter 19.182 RCW","RCW 19.182.170(6) — RCW 19.182.170","US_WASHINGTON","EXACT","US","US-WA","OWNER_ACCEPTED_LEGAL_AUTHORITY","STATUTE_OR_REGULATION","ESTABLISHED","LEGACY_RULE_PROVISION_AND_CITATION_EXACT","us-wa.rcw19_182.170.6.temporary_lift_3_business_days_or_15_minutes","RULE_FOUND","REGISTER_DISPOSITION_UNRESOLVED","PRIOR_REVIEW_RECORD_NOT_HELD_IN_THIS_WORKSPACE; FORMAL_EDITION_OR_HISTORICAL_VERSION_NOT_RECORDED","UNRESOLVED","BLOCKED_MISSING_EVIDENCE","a durable per-ID corrected-logic rescreen disposition for CRP-LSRC-0243 - no register section, work-order ledger, catalogue field or SOURCE_CAPTURES evidence package in this workspace records one","REPORT_FORMAT_AND_APPLICATION_DEPENDENCIES; READINESS_FOR_DETERMINISTIC_EVALUATION","NO"
"CRP-LSRC-0244","CONTENT_RULE","F9","IDENTITY_THEFT_OR_MIXED_FILE","Fair Credit Reporting Act, chapter 19.182 RCW","RCW 19.182.180 — RCW 19.182.180","US_WASHINGTON","EXACT","US","US-WA","OWNER_ACCEPTED_LEGAL_AUTHORITY","STATUTE_OR_REGULATION","ESTABLISHED","LEGACY_RULE_PROVISION_AND_CITATION_EXACT","us-wa.rcw19_182.180.freeze_change_written_confirmation_30_days","RULE_FOUND","REGISTER_DISPOSITION_UNRESOLVED","PRIOR_REVIEW_RECORD_NOT_HELD_IN_THIS_WORKSPACE; FORMAL_EDITION_OR_HISTORICAL_VERSION_NOT_RECORDED","UNRESOLVED","BLOCKED_MISSING_EVIDENCE","a durable per-ID corrected-logic rescreen disposition for CRP-LSRC-0244 - no register section, work-order ledger, catalogue field or SOURCE_CAPTURES evidence package in this workspace records one","REPORT_FORMAT_AND_APPLICATION_DEPENDENCIES; READINESS_FOR_DETERMINISTIC_EVALUATION","NO"
"CRP-LSRC-0245","CONTENT_RULE","F9","IDENTITY_THEFT_OR_MIXED_FILE","Fair Credit Reporting Act, chapter 19.182 RCW","RCW 19.182.230(3) — RCW 19.182.230","US_WASHINGTON","EXACT","US","US-WA","OWNER_ACCEPTED_LEGAL_AUTHORITY","STATUTE_OR_REGULATION","ESTABLISHED","LEGACY_RULE_PROVISION_AND_CITATION_EXACT","us-wa.rcw19_182.230.3.protected_consumer_freeze_30_days","RULE_FOUND","REGISTER_DISPOSITION_UNRESOLVED","PRIOR_REVIEW_RECORD_NOT_HELD_IN_THIS_WORKSPACE; FORMAL_EDITION_OR_HISTORICAL_VERSION_NOT_RECORDED","UNRESOLVED","BLOCKED_MISSING_EVIDENCE","a durable per-ID corrected-logic rescreen disposition for CRP-LSRC-0245 - no register section, work-order ledger, catalogue field or SOURCE_CAPTURES evidence package in this workspace records one","REPORT_FORMAT_AND_APPLICATION_DEPENDENCIES; READINESS_FOR_DETERMINISTIC_EVALUATION","NO"
"CRP-LSRC-0246","CONTENT_RULE","F4","REPORT_ACCURACY_OR_COMPLETENESS","Fair Credit Reporting Act, chapter 19.182 RCW","RCW 19.182.060(2) — RCW 19.182.060","US_WASHINGTON","EXACT","US","US-WA","OWNER_ACCEPTED_LEGAL_AUTHORITY","STATUTE_OR_REGULATION","ESTABLISHED","LEGACY_RULE_PROVISION_AND_CITATION_EXACT","us-wa.rcw19_182.060.2.maximum_possible_accuracy","RULE_FOUND","REGISTER_DISPOSITION_UNRESOLVED","PRIOR_REVIEW_RECORD_NOT_HELD_IN_THIS_WORKSPACE; FORMAL_EDITION_OR_HISTORICAL_VERSION_NOT_RECORDED","UNRESOLVED","BLOCKED_MISSING_EVIDENCE","a durable per-ID corrected-logic rescreen disposition for CRP-LSRC-0246 - no register section, work-order ledger, catalogue field or SOURCE_CAPTURES evidence package in this workspace records one","REPORT_FORMAT_AND_APPLICATION_DEPENDENCIES; READINESS_FOR_DETERMINISTIC_EVALUATION","NO"
"CRP-LSRC-0247","CONTENT_RULE","F10","UNCLASSIFIED_SOURCE_FAMILY","Fair Credit Reporting Act, chapter 19.182 RCW","RCW 19.182.110 — RCW 19.182.110","US_WASHINGTON","EXACT","US","US-WA","OWNER_ACCEPTED_LEGAL_AUTHORITY","STATUTE_OR_REGULATION","ESTABLISHED","LEGACY_RULE_PROVISION_AND_CITATION_EXACT","us-wa.rcw19_182.110.adverse_action_notice","RULE_FOUND","REGISTER_DISPOSITION_UNRESOLVED","PRIOR_REVIEW_RECORD_NOT_HELD_IN_THIS_WORKSPACE; FORMAL_EDITION_OR_HISTORICAL_VERSION_NOT_RECORDED","UNRESOLVED","BLOCKED_MISSING_EVIDENCE","a durable per-ID corrected-logic rescreen disposition for CRP-LSRC-0247 - no register section, work-order ledger, catalogue field or SOURCE_CAPTURES evidence package in this workspace records one","REPORT_FORMAT_AND_APPLICATION_DEPENDENCIES; READINESS_FOR_DETERMINISTIC_EVALUATION","NO"
"CRP-LSRC-0248","CONTENT_RULE","F10","UNCLASSIFIED_SOURCE_FAMILY","Fair Credit Reporting Act, chapter 19.182 RCW","Chapter 19.182 RCW (preemption interaction for the whole overlay) — RCW 19.182.902","US_WASHINGTON","EXACT","US","US-WA","OWNER_ACCEPTED_LEGAL_AUTHORITY","STATUTE_OR_REGULATION","ESTABLISHED","LEGACY_RULE_PROVISION_AND_CITATION_EXACT","us-wa.rcw19_182.overlay.preemption_interaction","PROCEDURAL_ONLY","REGISTER_DISPOSITION_UNRESOLVED","PRIOR_REVIEW_RECORD_NOT_HELD_IN_THIS_WORKSPACE; FORMAL_EDITION_OR_HISTORICAL_VERSION_NOT_RECORDED","UNRESOLVED","BLOCKED_MISSING_EVIDENCE","a durable per-ID corrected-logic rescreen disposition for CRP-LSRC-0248 - no register section, work-order ledger, catalogue field or SOURCE_CAPTURES evidence package in this workspace records one","REPORT_FORMAT_AND_APPLICATION_DEPENDENCIES; READINESS_FOR_DETERMINISTIC_EVALUATION","NO"
"CRP-LSRC-0249","CONTENT_RULE","F5","DISCLOSURE_OR_FILE_ACCESS","Consumer Credit Reporting Agencies Act (California), Civ. Code tit. 1.6, §§ 1785.1–1785.36","§ 1785.10(a)–(c) — Cal. Civ. Code § 1785.10","US_CALIFORNIA","EXACT","US","US-CA","OWNER_ACCEPTED_LEGAL_AUTHORITY","SUBORDINATE_CODE_OR_RULE","ESTABLISHED","LEGACY_RULE_PROVISION_AND_CITATION_EXACT","us-ca.civ.1785.10.a.file_inspection_and_contents","RULE_FOUND","INSTRUMENT_CLASS_CONFIRMATION; REGISTER_DISPOSITION_UNRESOLVED","PRIOR_REVIEW_RECORD_NOT_HELD_IN_THIS_WORKSPACE; FORMAL_EDITION_OR_HISTORICAL_VERSION_NOT_RECORDED","UNRESOLVED","BLOCKED_MISSING_EVIDENCE","a durable per-ID corrected-logic rescreen disposition for CRP-LSRC-0249 - no register section, work-order ledger, catalogue field or SOURCE_CAPTURES evidence package in this workspace records one","ADMINISTRATIVE_RECONCILIATION; REPORT_FORMAT_AND_APPLICATION_DEPENDENCIES; READINESS_FOR_DETERMINISTIC_EVALUATION","NO"
"CRP-LSRC-0250","CONTENT_RULE","F5","DISCLOSURE_OR_FILE_ACCESS","Consumer Credit Reporting Agencies Act (California), Civ. Code tit. 1.6, §§ 1785.1–1785.36","§ 1785.10(d)–(e) — Cal. Civ. Code § 1785.10","US_CALIFORNIA","EXACT","US","US-CA","OWNER_ACCEPTED_LEGAL_AUTHORITY","SUBORDINATE_CODE_OR_RULE","ESTABLISHED","LEGACY_RULE_PROVISION_AND_CITATION_EXACT","us-ca.civ.1785.10.d.recipient_and_inquiry_disclosure","RULE_FOUND","INSTRUMENT_CLASS_CONFIRMATION; REGISTER_DISPOSITION_UNRESOLVED","PRIOR_REVIEW_RECORD_NOT_HELD_IN_THIS_WORKSPACE; FORMAL_EDITION_OR_HISTORICAL_VERSION_NOT_RECORDED","UNRESOLVED","BLOCKED_MISSING_EVIDENCE","a durable per-ID corrected-logic rescreen disposition for CRP-LSRC-0250 - no register section, work-order ledger, catalogue field or SOURCE_CAPTURES evidence package in this workspace records one","ADMINISTRATIVE_RECONCILIATION; REPORT_FORMAT_AND_APPLICATION_DEPENDENCIES; READINESS_FOR_DETERMINISTIC_EVALUATION","NO"
"CRP-LSRC-0251","CONTENT_RULE","F5","DISCLOSURE_OR_FILE_ACCESS","Consumer Credit Reporting Agencies Act (California), Civ. Code tit. 1.6, §§ 1785.1–1785.36","§ 1785.10.1(a) — Cal. Civ. Code § 1785.10.1","US_CALIFORNIA","EXACT","US","US-CA","OWNER_ACCEPTED_LEGAL_AUTHORITY","SUBORDINATE_CODE_OR_RULE","ESTABLISHED","LEGACY_RULE_PROVISION_AND_CITATION_EXACT","us-ca.civ.1785.10.1.no_prohibition_on_user_sharing_report","RULE_FOUND","INSTRUMENT_CLASS_CONFIRMATION; REGISTER_DISPOSITION_UNRESOLVED","PRIOR_REVIEW_RECORD_NOT_HELD_IN_THIS_WORKSPACE; FORMAL_EDITION_OR_HISTORICAL_VERSION_NOT_RECORDED","UNRESOLVED","BLOCKED_MISSING_EVIDENCE","a durable per-ID corrected-logic rescreen disposition for CRP-LSRC-0251 - no register section, work-order ledger, catalogue field or SOURCE_CAPTURES evidence package in this workspace records one","ADMINISTRATIVE_RECONCILIATION; REPORT_FORMAT_AND_APPLICATION_DEPENDENCIES; READINESS_FOR_DETERMINISTIC_EVALUATION","NO"
"CRP-LSRC-0252","CONTENT_RULE","F8","PERMISSIBLE_PURPOSE_OR_CONSENT","Consumer Credit Reporting Agencies Act (California), Civ. Code tit. 1.6, §§ 1785.1–1785.36","§ 1785.11(a) — Cal. Civ. Code § 1785.11","US_CALIFORNIA","EXACT","US","US-CA","OWNER_ACCEPTED_LEGAL_AUTHORITY","SUBORDINATE_CODE_OR_RULE","ESTABLISHED","LEGACY_RULE_PROVISION_AND_CITATION_EXACT","us-ca.civ.1785.11.a.permissible_purposes","RULE_FOUND","INSTRUMENT_CLASS_CONFIRMATION; REGISTER_DISPOSITION_UNRESOLVED","PRIOR_REVIEW_RECORD_NOT_HELD_IN_THIS_WORKSPACE; FORMAL_EDITION_OR_HISTORICAL_VERSION_NOT_RECORDED","UNRESOLVED","BLOCKED_MISSING_EVIDENCE","a durable per-ID corrected-logic rescreen disposition for CRP-LSRC-0252 - no register section, work-order ledger, catalogue field or SOURCE_CAPTURES evidence package in this workspace records one","ADMINISTRATIVE_RECONCILIATION; REPORT_FORMAT_AND_APPLICATION_DEPENDENCIES; READINESS_FOR_DETERMINISTIC_EVALUATION","NO"
"CRP-LSRC-0253","CONTENT_RULE","F8","PERMISSIBLE_PURPOSE_OR_CONSENT","Consumer Credit Reporting Agencies Act (California), Civ. Code tit. 1.6, §§ 1785.1–1785.36","§ 1785.11(b), (d)–(f) — Cal. Civ. Code § 1785.11","US_CALIFORNIA","EXACT","US","US-CA","OWNER_ACCEPTED_LEGAL_AUTHORITY","SUBORDINATE_CODE_OR_RULE","ESTABLISHED","LEGACY_RULE_PROVISION_AND_CITATION_EXACT","us-ca.civ.1785.11.b.prescreen_authorization_or_firm_offer","RULE_FOUND","INSTRUMENT_CLASS_CONFIRMATION; REGISTER_DISPOSITION_UNRESOLVED","PRIOR_REVIEW_RECORD_NOT_HELD_IN_THIS_WORKSPACE; FORMAL_EDITION_OR_HISTORICAL_VERSION_NOT_RECORDED","UNRESOLVED","BLOCKED_MISSING_EVIDENCE","a durable per-ID corrected-logic rescreen disposition for CRP-LSRC-0253 - no register section, work-order ledger, catalogue field or SOURCE_CAPTURES evidence package in this workspace records one","ADMINISTRATIVE_RECONCILIATION; REPORT_FORMAT_AND_APPLICATION_DEPENDENCIES; READINESS_FOR_DETERMINISTIC_EVALUATION","NO"
"CRP-LSRC-0254","CONTENT_RULE","F10","UNCLASSIFIED_SOURCE_FAMILY","Consumer Credit Reporting Agencies Act (California), Civ. Code tit. 1.6, §§ 1785.1–1785.36","§ 1785.11(c) — Cal. Civ. Code § 1785.11","US_CALIFORNIA","EXACT","US","US-CA","OWNER_ACCEPTED_LEGAL_AUTHORITY","SUBORDINATE_CODE_OR_RULE","ESTABLISHED","LEGACY_RULE_PROVISION_AND_CITATION_EXACT","us-ca.civ.1785.11.c.no_inquiry_records_for_noninitiated_transactions","RULE_FOUND","INSTRUMENT_CLASS_CONFIRMATION; REGISTER_DISPOSITION_UNRESOLVED","PRIOR_REVIEW_RECORD_NOT_HELD_IN_THIS_WORKSPACE; FORMAL_EDITION_OR_HISTORICAL_VERSION_NOT_RECORDED","UNRESOLVED","BLOCKED_MISSING_EVIDENCE","a durable per-ID corrected-logic rescreen disposition for CRP-LSRC-0254 - no register section, work-order ledger, catalogue field or SOURCE_CAPTURES evidence package in this workspace records one","ADMINISTRATIVE_RECONCILIATION; REPORT_FORMAT_AND_APPLICATION_DEPENDENCIES; READINESS_FOR_DETERMINISTIC_EVALUATION","NO"
"CRP-LSRC-0255","CONTENT_RULE","F9","IDENTITY_THEFT_OR_MIXED_FILE","Consumer Credit Reporting Agencies Act (California), Civ. Code tit. 1.6, §§ 1785.1–1785.36","§ 1785.11.1(a)–(f), (j) — Cal. Civ. Code § 1785.11.1","US_CALIFORNIA","EXACT","US","US-CA","OWNER_ACCEPTED_LEGAL_AUTHORITY","SUBORDINATE_CODE_OR_RULE","ESTABLISHED","LEGACY_RULE_PROVISION_AND_CITATION_EXACT","us-ca.civ.1785.11.1.security_alert_duties","RULE_FOUND","INSTRUMENT_CLASS_CONFIRMATION; REGISTER_DISPOSITION_UNRESOLVED","PRIOR_REVIEW_RECORD_NOT_HELD_IN_THIS_WORKSPACE; FORMAL_EDITION_OR_HISTORICAL_VERSION_NOT_RECORDED","UNRESOLVED","BLOCKED_MISSING_EVIDENCE","a durable per-ID corrected-logic rescreen disposition for CRP-LSRC-0255 - no register section, work-order ledger, catalogue field or SOURCE_CAPTURES evidence package in this workspace records one","ADMINISTRATIVE_RECONCILIATION; REPORT_FORMAT_AND_APPLICATION_DEPENDENCIES; READINESS_FOR_DETERMINISTIC_EVALUATION","NO"
"CRP-LSRC-0256","CONTENT_RULE","F9","IDENTITY_THEFT_OR_MIXED_FILE","Consumer Credit Reporting Agencies Act (California), Civ. Code tit. 1.6, §§ 1785.1–1785.36","§ 1785.11.2(a)–(l) — Cal. Civ. Code § 1785.11.2","US_CALIFORNIA","EXACT","US","US-CA","OWNER_ACCEPTED_LEGAL_AUTHORITY","SUBORDINATE_CODE_OR_RULE","ESTABLISHED","LEGACY_RULE_PROVISION_AND_CITATION_EXACT","us-ca.civ.1785.11.2.freeze_placement_removal_and_confirmation","RULE_FOUND","INSTRUMENT_CLASS_CONFIRMATION; REGISTER_DISPOSITION_UNRESOLVED","PRIOR_REVIEW_RECORD_NOT_HELD_IN_THIS_WORKSPACE; FORMAL_EDITION_OR_HISTORICAL_VERSION_NOT_RECORDED","UNRESOLVED","BLOCKED_MISSING_EVIDENCE","a durable per-ID corrected-logic rescreen disposition for CRP-LSRC-0256 - no register section, work-order ledger, catalogue field or SOURCE_CAPTURES evidence package in this workspace records one","ADMINISTRATIVE_RECONCILIATION; REPORT_FORMAT_AND_APPLICATION_DEPENDENCIES; READINESS_FOR_DETERMINISTIC_EVALUATION","NO"
"CRP-LSRC-0257","CONTENT_RULE","F9","IDENTITY_THEFT_OR_MIXED_FILE","Consumer Credit Reporting Agencies Act (California), Civ. Code tit. 1.6, §§ 1785.1–1785.36","§ 1785.11.2(m) — Cal. Civ. Code § 1785.11.2","US_CALIFORNIA","EXACT","US","US-CA","OWNER_ACCEPTED_LEGAL_AUTHORITY","SUBORDINATE_CODE_OR_RULE","ESTABLISHED","LEGACY_RULE_PROVISION_AND_CITATION_EXACT","us-ca.civ.1785.11.2.freeze_fee_limits","RULE_FOUND","INSTRUMENT_CLASS_CONFIRMATION; REGISTER_DISPOSITION_UNRESOLVED","PRIOR_REVIEW_RECORD_NOT_HELD_IN_THIS_WORKSPACE; FORMAL_EDITION_OR_HISTORICAL_VERSION_NOT_RECORDED","UNRESOLVED","BLOCKED_MISSING_EVIDENCE","a durable per-ID corrected-logic rescreen disposition for CRP-LSRC-0257 - no register section, work-order ledger, catalogue field or SOURCE_CAPTURES evidence package in this workspace records one","ADMINISTRATIVE_RECONCILIATION; REPORT_FORMAT_AND_APPLICATION_DEPENDENCIES; READINESS_FOR_DETERMINISTIC_EVALUATION","NO"
"CRP-LSRC-0258","CONTENT_RULE","F9","IDENTITY_THEFT_OR_MIXED_FILE","Consumer Credit Reporting Agencies Act (California), Civ. Code tit. 1.6, §§ 1785.1–1785.36","§ 1785.11.3(a)–(b) — Cal. Civ. Code § 1785.11.3","US_CALIFORNIA","EXACT","US","US-CA","OWNER_ACCEPTED_LEGAL_AUTHORITY","SUBORDINATE_CODE_OR_RULE","ESTABLISHED","LEGACY_RULE_PROVISION_AND_CITATION_EXACT","us-ca.civ.1785.11.3.change_confirmation_and_alert_expiry_report","RULE_FOUND","INSTRUMENT_CLASS_CONFIRMATION; REGISTER_DISPOSITION_UNRESOLVED","PRIOR_REVIEW_RECORD_NOT_HELD_IN_THIS_WORKSPACE; FORMAL_EDITION_OR_HISTORICAL_VERSION_NOT_RECORDED","UNRESOLVED","BLOCKED_MISSING_EVIDENCE","a durable per-ID corrected-logic rescreen disposition for CRP-LSRC-0258 - no register section, work-order ledger, catalogue field or SOURCE_CAPTURES evidence package in this workspace records one","ADMINISTRATIVE_RECONCILIATION; REPORT_FORMAT_AND_APPLICATION_DEPENDENCIES; READINESS_FOR_DETERMINISTIC_EVALUATION","NO"
"CRP-LSRC-0259","CONTENT_RULE","F9","IDENTITY_THEFT_OR_MIXED_FILE","Consumer Credit Reporting Agencies Act (California), Civ. Code tit. 1.6, §§ 1785.1–1785.36","§ 1785.11.11(a)–(d), (g)–(i) — Cal. Civ. Code § 1785.11.11","US_CALIFORNIA","EXACT","US","US-CA","OWNER_ACCEPTED_LEGAL_AUTHORITY","SUBORDINATE_CODE_OR_RULE","ESTABLISHED","LEGACY_RULE_PROVISION_AND_CITATION_EXACT","us-ca.civ.1785.11.11.protected_consumer_freeze","RULE_FOUND","INSTRUMENT_CLASS_CONFIRMATION; REGISTER_DISPOSITION_UNRESOLVED","PRIOR_REVIEW_RECORD_NOT_HELD_IN_THIS_WORKSPACE; FORMAL_EDITION_OR_HISTORICAL_VERSION_NOT_RECORDED","UNRESOLVED","BLOCKED_MISSING_EVIDENCE","a durable per-ID corrected-logic rescreen disposition for CRP-LSRC-0259 - no register section, work-order ledger, catalogue field or SOURCE_CAPTURES evidence package in this workspace records one","ADMINISTRATIVE_RECONCILIATION; REPORT_FORMAT_AND_APPLICATION_DEPENDENCIES; READINESS_FOR_DETERMINISTIC_EVALUATION","NO"
"CRP-LSRC-0260","CONTENT_RULE","F9","IDENTITY_THEFT_OR_MIXED_FILE","Consumer Credit Reporting Agencies Act (California), Civ. Code tit. 1.6, §§ 1785.1–1785.36","§ 1785.12(b) — Cal. Civ. Code § 1785.12","US_CALIFORNIA","EXACT","US","US-CA","OWNER_ACCEPTED_LEGAL_AUTHORITY","SUBORDINATE_CODE_OR_RULE","ESTABLISHED","LEGACY_RULE_PROVISION_AND_CITATION_EXACT","us-ca.civ.1785.12.b.foster_care_protected_consumer_block","RULE_FOUND","INSTRUMENT_CLASS_CONFIRMATION; REGISTER_DISPOSITION_UNRESOLVED","PRIOR_REVIEW_RECORD_NOT_HELD_IN_THIS_WORKSPACE; FORMAL_EDITION_OR_HISTORICAL_VERSION_NOT_RECORDED","UNRESOLVED","BLOCKED_MISSING_EVIDENCE","a durable per-ID corrected-logic rescreen disposition for CRP-LSRC-0260 - no register section, work-order ledger, catalogue field or SOURCE_CAPTURES evidence package in this workspace records one","ADMINISTRATIVE_RECONCILIATION; REPORT_FORMAT_AND_APPLICATION_DEPENDENCIES; READINESS_FOR_DETERMINISTIC_EVALUATION","NO"
"CRP-LSRC-0261","CONTENT_RULE","F1","LIMITATION_OR_RETENTION","Consumer Credit Reporting Agencies Act (California), Civ. Code tit. 1.6, §§ 1785.1–1785.36","§ 1785.13(a)(1) — Cal. Civ. Code § 1785.13","US_CALIFORNIA","EXACT","US","US-CA","OWNER_ACCEPTED_LEGAL_AUTHORITY","SUBORDINATE_CODE_OR_RULE","ESTABLISHED","LEGACY_RULE_PROVISION_AND_CITATION_EXACT","us-ca.civ.1785.13.a.1.title_11_case_10_years","RULE_FOUND","INSTRUMENT_CLASS_CONFIRMATION; REGISTER_DISPOSITION_UNRESOLVED","PRIOR_REVIEW_RECORD_NOT_HELD_IN_THIS_WORKSPACE; FORMAL_EDITION_OR_HISTORICAL_VERSION_NOT_RECORDED","UNRESOLVED","BLOCKED_MISSING_EVIDENCE","a durable per-ID corrected-logic rescreen disposition for CRP-LSRC-0261 - no register section, work-order ledger, catalogue field or SOURCE_CAPTURES evidence package in this workspace records one","ADMINISTRATIVE_RECONCILIATION; REPORT_FORMAT_AND_APPLICATION_DEPENDENCIES; READINESS_FOR_DETERMINISTIC_EVALUATION","NO"
"CRP-LSRC-0262","CONTENT_RULE","F1","LIMITATION_OR_RETENTION","Consumer Credit Reporting Agencies Act (California), Civ. Code tit. 1.6, §§ 1785.1–1785.36","§ 1785.13(a)(2) — Cal. Civ. Code § 1785.13","US_CALIFORNIA","EXACT","US","US-CA","OWNER_ACCEPTED_LEGAL_AUTHORITY","SUBORDINATE_CODE_OR_RULE","ESTABLISHED","LEGACY_RULE_PROVISION_AND_CITATION_EXACT","us-ca.civ.1785.13.a.2.suits_and_judgments_7_years_or_limitations","RULE_FOUND","INSTRUMENT_CLASS_CONFIRMATION; REGISTER_DISPOSITION_UNRESOLVED","PRIOR_REVIEW_RECORD_NOT_HELD_IN_THIS_WORKSPACE; FORMAL_EDITION_OR_HISTORICAL_VERSION_NOT_RECORDED","UNRESOLVED","BLOCKED_MISSING_EVIDENCE","a durable per-ID corrected-logic rescreen disposition for CRP-LSRC-0262 - no register section, work-order ledger, catalogue field or SOURCE_CAPTURES evidence package in this workspace records one","ADMINISTRATIVE_RECONCILIATION; REPORT_FORMAT_AND_APPLICATION_DEPENDENCIES; READINESS_FOR_DETERMINISTIC_EVALUATION","NO"
"CRP-LSRC-0263","CONTENT_RULE","F1","LIMITATION_OR_RETENTION","Consumer Credit Reporting Agencies Act (California), Civ. Code tit. 1.6, §§ 1785.1–1785.36","§ 1785.13(a)(3) — Cal. Civ. Code § 1785.13","US_CALIFORNIA","EXACT","US","US-CA","OWNER_ACCEPTED_LEGAL_AUTHORITY","SUBORDINATE_CODE_OR_RULE","ESTABLISHED","LEGACY_RULE_PROVISION_AND_CITATION_EXACT","us-ca.civ.1785.13.a.3.unlawful_detainer_prevailing_party","RULE_FOUND","INSTRUMENT_CLASS_CONFIRMATION; REGISTER_DISPOSITION_UNRESOLVED","PRIOR_REVIEW_RECORD_NOT_HELD_IN_THIS_WORKSPACE; FORMAL_EDITION_OR_HISTORICAL_VERSION_NOT_RECORDED","UNRESOLVED","BLOCKED_MISSING_EVIDENCE","a durable per-ID corrected-logic rescreen disposition for CRP-LSRC-0263 - no register section, work-order ledger, catalogue field or SOURCE_CAPTURES evidence package in this workspace records one","ADMINISTRATIVE_RECONCILIATION; REPORT_FORMAT_AND_APPLICATION_DEPENDENCIES; READINESS_FOR_DETERMINISTIC_EVALUATION","NO"
"CRP-LSRC-0264","CONTENT_RULE","F1","LIMITATION_OR_RETENTION","Consumer Credit Reporting Agencies Act (California), Civ. Code tit. 1.6, §§ 1785.1–1785.36","§ 1785.13(a)(4) — Cal. Civ. Code § 1785.13","US_CALIFORNIA","EXACT","US","US-CA","OWNER_ACCEPTED_LEGAL_AUTHORITY","SUBORDINATE_CODE_OR_RULE","ESTABLISHED","LEGACY_RULE_PROVISION_AND_CITATION_EXACT","us-ca.civ.1785.13.a.4.paid_tax_liens_7_years","RULE_FOUND","INSTRUMENT_CLASS_CONFIRMATION; REGISTER_DISPOSITION_UNRESOLVED","PRIOR_REVIEW_RECORD_NOT_HELD_IN_THIS_WORKSPACE; FORMAL_EDITION_OR_HISTORICAL_VERSION_NOT_RECORDED","UNRESOLVED","BLOCKED_MISSING_EVIDENCE","a durable per-ID corrected-logic rescreen disposition for CRP-LSRC-0264 - no register section, work-order ledger, catalogue field or SOURCE_CAPTURES evidence package in this workspace records one","ADMINISTRATIVE_RECONCILIATION; REPORT_FORMAT_AND_APPLICATION_DEPENDENCIES; READINESS_FOR_DETERMINISTIC_EVALUATION","NO"
"CRP-LSRC-0265","CONTENT_RULE","F1","LIMITATION_OR_RETENTION","Consumer Credit Reporting Agencies Act (California), Civ. Code tit. 1.6, §§ 1785.1–1785.36","§ 1785.13(a)(5) — Cal. Civ. Code § 1785.13","US_CALIFORNIA","EXACT","US","US-CA","OWNER_ACCEPTED_LEGAL_AUTHORITY","SUBORDINATE_CODE_OR_RULE","ESTABLISHED","LEGACY_RULE_PROVISION_AND_CITATION_EXACT","us-ca.civ.1785.13.a.5.collections_and_chargeoffs_7_years","RULE_FOUND","INSTRUMENT_CLASS_CONFIRMATION; REGISTER_DISPOSITION_UNRESOLVED","PRIOR_REVIEW_RECORD_NOT_HELD_IN_THIS_WORKSPACE; FORMAL_EDITION_OR_HISTORICAL_VERSION_NOT_RECORDED","UNRESOLVED","BLOCKED_MISSING_EVIDENCE","a durable per-ID corrected-logic rescreen disposition for CRP-LSRC-0265 - no register section, work-order ledger, catalogue field or SOURCE_CAPTURES evidence package in this workspace records one","ADMINISTRATIVE_RECONCILIATION; REPORT_FORMAT_AND_APPLICATION_DEPENDENCIES; READINESS_FOR_DETERMINISTIC_EVALUATION","NO"
"CRP-LSRC-0266","CONTENT_RULE","F1","LIMITATION_OR_RETENTION","Consumer Credit Reporting Agencies Act (California), Civ. Code tit. 1.6, §§ 1785.1–1785.36","§ 1785.13(a)(6) — Cal. Civ. Code § 1785.13","US_CALIFORNIA","EXACT","US","US-CA","OWNER_ACCEPTED_LEGAL_AUTHORITY","SUBORDINATE_CODE_OR_RULE","ESTABLISHED","LEGACY_RULE_PROVISION_AND_CITATION_EXACT","us-ca.civ.1785.13.a.6.arrest_indictment_conviction_7_years","RULE_FOUND","INSTRUMENT_CLASS_CONFIRMATION; REGISTER_DISPOSITION_UNRESOLVED","PRIOR_REVIEW_RECORD_NOT_HELD_IN_THIS_WORKSPACE; FORMAL_EDITION_OR_HISTORICAL_VERSION_NOT_RECORDED","UNRESOLVED","BLOCKED_MISSING_EVIDENCE","a durable per-ID corrected-logic rescreen disposition for CRP-LSRC-0266 - no register section, work-order ledger, catalogue field or SOURCE_CAPTURES evidence package in this workspace records one","ADMINISTRATIVE_RECONCILIATION; REPORT_FORMAT_AND_APPLICATION_DEPENDENCIES; READINESS_FOR_DETERMINISTIC_EVALUATION","NO"
"CRP-LSRC-0267","CONTENT_RULE","F3","PRIVACY_OR_DATA_HANDLING","Consumer Credit Reporting Agencies Act (California), Civ. Code tit. 1.6, §§ 1785.1–1785.36","§ 1785.13(a)(7) — Cal. Civ. Code § 1785.13","US_CALIFORNIA","EXACT","US","US-CA","OWNER_ACCEPTED_LEGAL_AUTHORITY","SUBORDINATE_CODE_OR_RULE","ESTABLISHED","LEGACY_RULE_PROVISION_AND_CITATION_EXACT","us-ca.civ.1785.13.a.7.medical_debt_prohibited","RULE_FOUND","INSTRUMENT_CLASS_CONFIRMATION; REGISTER_DISPOSITION_UNRESOLVED","PRIOR_REVIEW_RECORD_NOT_HELD_IN_THIS_WORKSPACE; FORMAL_EDITION_OR_HISTORICAL_VERSION_NOT_RECORDED","UNRESOLVED","BLOCKED_MISSING_EVIDENCE","a durable per-ID corrected-logic rescreen disposition for CRP-LSRC-0267 - no register section, work-order ledger, catalogue field or SOURCE_CAPTURES evidence package in this workspace records one","ADMINISTRATIVE_RECONCILIATION; REPORT_FORMAT_AND_APPLICATION_DEPENDENCIES; READINESS_FOR_DETERMINISTIC_EVALUATION","NO"
"CRP-LSRC-0268","CONTENT_RULE","F1","LIMITATION_OR_RETENTION","Consumer Credit Reporting Agencies Act (California), Civ. Code tit. 1.6, §§ 1785.1–1785.36","§ 1785.13(a)(8) — Cal. Civ. Code § 1785.13","US_CALIFORNIA","EXACT","US","US-CA","OWNER_ACCEPTED_LEGAL_AUTHORITY","SUBORDINATE_CODE_OR_RULE","ESTABLISHED","LEGACY_RULE_PROVISION_AND_CITATION_EXACT","us-ca.civ.1785.13.a.8.other_adverse_information_7_years","RULE_FOUND","INSTRUMENT_CLASS_CONFIRMATION; REGISTER_DISPOSITION_UNRESOLVED","PRIOR_REVIEW_RECORD_NOT_HELD_IN_THIS_WORKSPACE; FORMAL_EDITION_OR_HISTORICAL_VERSION_NOT_RECORDED","UNRESOLVED","BLOCKED_MISSING_EVIDENCE","a durable per-ID corrected-logic rescreen disposition for CRP-LSRC-0268 - no register section, work-order ledger, catalogue field or SOURCE_CAPTURES evidence package in this workspace records one","ADMINISTRATIVE_RECONCILIATION; REPORT_FORMAT_AND_APPLICATION_DEPENDENCIES; READINESS_FOR_DETERMINISTIC_EVALUATION","NO"
"CRP-LSRC-0269","CONTENT_RULE","F1","LIMITATION_OR_RETENTION","Consumer Credit Reporting Agencies Act (California), Civ. Code tit. 1.6, §§ 1785.1–1785.36","§ 1785.13(b) — Cal. Civ. Code § 1785.13","US_CALIFORNIA","EXACT","US","US-CA","OWNER_ACCEPTED_LEGAL_AUTHORITY","SUBORDINATE_CODE_OR_RULE","ESTABLISHED","LEGACY_RULE_PROVISION_AND_CITATION_EXACT","us-ca.civ.1785.13.b.180_day_commencement_and_concurrency","RULE_FOUND","INSTRUMENT_CLASS_CONFIRMATION; REGISTER_DISPOSITION_UNRESOLVED","PRIOR_REVIEW_RECORD_NOT_HELD_IN_THIS_WORKSPACE; FORMAL_EDITION_OR_HISTORICAL_VERSION_NOT_RECORDED","UNRESOLVED","BLOCKED_MISSING_EVIDENCE","a durable per-ID corrected-logic rescreen disposition for CRP-LSRC-0269 - no register section, work-order ledger, catalogue field or SOURCE_CAPTURES evidence package in this workspace records one","ADMINISTRATIVE_RECONCILIATION; REPORT_FORMAT_AND_APPLICATION_DEPENDENCIES; READINESS_FOR_DETERMINISTIC_EVALUATION","NO"
"CRP-LSRC-0270","CONTENT_RULE","F7","PUBLIC_RECORD_OR_JUDGMENT","Consumer Credit Reporting Agencies Act (California), Civ. Code tit. 1.6, §§ 1785.1–1785.36","§ 1785.13(c) — Cal. Civ. Code § 1785.13","US_CALIFORNIA","EXACT","US","US-CA","OWNER_ACCEPTED_LEGAL_AUTHORITY","SUBORDINATE_CODE_OR_RULE","ESTABLISHED","LEGACY_RULE_PROVISION_AND_CITATION_EXACT","us-ca.civ.1785.13.c.title_11_chapter_identification","RULE_FOUND","INSTRUMENT_CLASS_CONFIRMATION; REGISTER_DISPOSITION_UNRESOLVED","PRIOR_REVIEW_RECORD_NOT_HELD_IN_THIS_WORKSPACE; FORMAL_EDITION_OR_HISTORICAL_VERSION_NOT_RECORDED","UNRESOLVED","BLOCKED_MISSING_EVIDENCE","a durable per-ID corrected-logic rescreen disposition for CRP-LSRC-0270 - no register section, work-order ledger, catalogue field or SOURCE_CAPTURES evidence package in this workspace records one","ADMINISTRATIVE_RECONCILIATION; REPORT_FORMAT_AND_APPLICATION_DEPENDENCIES; READINESS_FOR_DETERMINISTIC_EVALUATION","NO"
"CRP-LSRC-0271","CONTENT_RULE","F1","LIMITATION_OR_RETENTION","Consumer Credit Reporting Agencies Act (California), Civ. Code tit. 1.6, §§ 1785.1–1785.36","§ 1785.13(d) — Cal. Civ. Code § 1785.13","US_CALIFORNIA","EXACT","US","US-CA","OWNER_ACCEPTED_LEGAL_AUTHORITY","SUBORDINATE_CODE_OR_RULE","ESTABLISHED","LEGACY_RULE_PROVISION_AND_CITATION_EXACT","us-ca.civ.1785.13.d.adverse_information_10_year_outer_limit","RULE_FOUND","INSTRUMENT_CLASS_CONFIRMATION; REGISTER_DISPOSITION_UNRESOLVED","PRIOR_REVIEW_RECORD_NOT_HELD_IN_THIS_WORKSPACE; FORMAL_EDITION_OR_HISTORICAL_VERSION_NOT_RECORDED","UNRESOLVED","BLOCKED_MISSING_EVIDENCE","a durable per-ID corrected-logic rescreen disposition for CRP-LSRC-0271 - no register section, work-order ledger, catalogue field or SOURCE_CAPTURES evidence package in this workspace records one","ADMINISTRATIVE_RECONCILIATION; REPORT_FORMAT_AND_APPLICATION_DEPENDENCIES; READINESS_FOR_DETERMINISTIC_EVALUATION","NO"
"CRP-LSRC-0272","CONTENT_RULE","F4","REPORT_ACCURACY_OR_COMPLETENESS","Consumer Credit Reporting Agencies Act (California), Civ. Code tit. 1.6, §§ 1785.1–1785.36","§ 1785.13(e) — Cal. Civ. Code § 1785.13","US_CALIFORNIA","EXACT","US","US-CA","OWNER_ACCEPTED_LEGAL_AUTHORITY","SUBORDINATE_CODE_OR_RULE","ESTABLISHED","LEGACY_RULE_PROVISION_AND_CITATION_EXACT","us-ca.civ.1785.13.e.closed_account_indication","RULE_FOUND","INSTRUMENT_CLASS_CONFIRMATION; REGISTER_DISPOSITION_UNRESOLVED","PRIOR_REVIEW_RECORD_NOT_HELD_IN_THIS_WORKSPACE; FORMAL_EDITION_OR_HISTORICAL_VERSION_NOT_RECORDED","UNRESOLVED","BLOCKED_MISSING_EVIDENCE","a durable per-ID corrected-logic rescreen disposition for CRP-LSRC-0272 - no register section, work-order ledger, catalogue field or SOURCE_CAPTURES evidence package in this workspace records one","ADMINISTRATIVE_RECONCILIATION; REPORT_FORMAT_AND_APPLICATION_DEPENDENCIES; READINESS_FOR_DETERMINISTIC_EVALUATION","NO"
"CRP-LSRC-0273","CONTENT_RULE","F3","PRIVACY_OR_DATA_HANDLING","Consumer Credit Reporting Agencies Act (California), Civ. Code tit. 1.6, §§ 1785.1–1785.36","§ 1785.13(f) — Cal. Civ. Code § 1785.13","US_CALIFORNIA","EXACT","US","US-CA","OWNER_ACCEPTED_LEGAL_AUTHORITY","SUBORDINATE_CODE_OR_RULE","ESTABLISHED","LEGACY_RULE_PROVISION_AND_CITATION_EXACT","us-ca.civ.1785.13.f.medical_information_without_consent","RULE_FOUND","INSTRUMENT_CLASS_CONFIRMATION; REGISTER_DISPOSITION_UNRESOLVED","PRIOR_REVIEW_RECORD_NOT_HELD_IN_THIS_WORKSPACE; FORMAL_EDITION_OR_HISTORICAL_VERSION_NOT_RECORDED","UNRESOLVED","BLOCKED_MISSING_EVIDENCE","a durable per-ID corrected-logic rescreen disposition for CRP-LSRC-0273 - no register section, work-order ledger, catalogue field or SOURCE_CAPTURES evidence package in this workspace records one","ADMINISTRATIVE_RECONCILIATION; REPORT_FORMAT_AND_APPLICATION_DEPENDENCIES; READINESS_FOR_DETERMINISTIC_EVALUATION","NO"
"CRP-LSRC-0274","CONTENT_RULE","F4","REPORT_ACCURACY_OR_COMPLETENESS","Consumer Credit Reporting Agencies Act (California), Civ. Code tit. 1.6, §§ 1785.1–1785.36","§ 1785.13(g) — Cal. Civ. Code § 1785.13","US_CALIFORNIA","EXACT","US","US-CA","OWNER_ACCEPTED_LEGAL_AUTHORITY","SUBORDINATE_CODE_OR_RULE","ESTABLISHED","LEGACY_RULE_PROVISION_AND_CITATION_EXACT","us-ca.civ.1785.13.g.support_obligations_included","RULE_FOUND","INSTRUMENT_CLASS_CONFIRMATION; REGISTER_DISPOSITION_UNRESOLVED","PRIOR_REVIEW_RECORD_NOT_HELD_IN_THIS_WORKSPACE; FORMAL_EDITION_OR_HISTORICAL_VERSION_NOT_RECORDED","UNRESOLVED","BLOCKED_MISSING_EVIDENCE","a durable per-ID corrected-logic rescreen disposition for CRP-LSRC-0274 - no register section, work-order ledger, catalogue field or SOURCE_CAPTURES evidence package in this workspace records one","ADMINISTRATIVE_RECONCILIATION; REPORT_FORMAT_AND_APPLICATION_DEPENDENCIES; READINESS_FOR_DETERMINISTIC_EVALUATION","NO"
"CRP-LSRC-0275","CONTENT_RULE","F8","PERMISSIBLE_PURPOSE_OR_CONSENT","Consumer Credit Reporting Agencies Act (California), Civ. Code tit. 1.6, §§ 1785.1–1785.36","§ 1785.14(a) — Cal. Civ. Code § 1785.14","US_CALIFORNIA","EXACT","US","US-CA","OWNER_ACCEPTED_LEGAL_AUTHORITY","SUBORDINATE_CODE_OR_RULE","ESTABLISHED","LEGACY_RULE_PROVISION_AND_CITATION_EXACT","us-ca.civ.1785.14.a.reasonable_procedures_and_user_verification","RULE_FOUND","INSTRUMENT_CLASS_CONFIRMATION; REGISTER_DISPOSITION_UNRESOLVED","PRIOR_REVIEW_RECORD_NOT_HELD_IN_THIS_WORKSPACE; FORMAL_EDITION_OR_HISTORICAL_VERSION_NOT_RECORDED","UNRESOLVED","BLOCKED_MISSING_EVIDENCE","a durable per-ID corrected-logic rescreen disposition for CRP-LSRC-0275 - no register section, work-order ledger, catalogue field or SOURCE_CAPTURES evidence package in this workspace records one","ADMINISTRATIVE_RECONCILIATION; REPORT_FORMAT_AND_APPLICATION_DEPENDENCIES; READINESS_FOR_DETERMINISTIC_EVALUATION","NO"
"CRP-LSRC-0276","CONTENT_RULE","F4","REPORT_ACCURACY_OR_COMPLETENESS","Consumer Credit Reporting Agencies Act (California), Civ. Code tit. 1.6, §§ 1785.1–1785.36","§ 1785.14(b) (self-contradiction limb) — Cal. Civ. Code § 1785.14","US_CALIFORNIA","EXACT","US","US-CA","OWNER_ACCEPTED_LEGAL_AUTHORITY","SUBORDINATE_CODE_OR_RULE","ESTABLISHED","LEGACY_RULE_PROVISION_AND_CITATION_EXACT","us-ca.civ.1785.14.b.accuracy_self_contradiction","RULE_FOUND","INSTRUMENT_CLASS_CONFIRMATION; REGISTER_DISPOSITION_UNRESOLVED","PRIOR_REVIEW_RECORD_NOT_HELD_IN_THIS_WORKSPACE; FORMAL_EDITION_OR_HISTORICAL_VERSION_NOT_RECORDED","UNRESOLVED","BLOCKED_MISSING_EVIDENCE","a durable per-ID corrected-logic rescreen disposition for CRP-LSRC-0276 - no register section, work-order ledger, catalogue field or SOURCE_CAPTURES evidence package in this workspace records one","ADMINISTRATIVE_RECONCILIATION; REPORT_FORMAT_AND_APPLICATION_DEPENDENCIES; READINESS_FOR_DETERMINISTIC_EVALUATION","NO"
"CRP-LSRC-0277","CONTENT_RULE","F4","REPORT_ACCURACY_OR_COMPLETENESS","Consumer Credit Reporting Agencies Act (California), Civ. Code tit. 1.6, §§ 1785.1–1785.36","§ 1785.14(b) (external-truth limb) — Cal. Civ. Code § 1785.14","US_CALIFORNIA","EXACT","US","US-CA","OWNER_ACCEPTED_LEGAL_AUTHORITY","SUBORDINATE_CODE_OR_RULE","ESTABLISHED","LEGACY_RULE_PROVISION_AND_CITATION_EXACT","us-ca.civ.1785.14.b.accuracy_external_truth","RULE_FOUND","INSTRUMENT_CLASS_CONFIRMATION; REGISTER_DISPOSITION_UNRESOLVED","PRIOR_REVIEW_RECORD_NOT_HELD_IN_THIS_WORKSPACE; FORMAL_EDITION_OR_HISTORICAL_VERSION_NOT_RECORDED","UNRESOLVED","BLOCKED_MISSING_EVIDENCE","a durable per-ID corrected-logic rescreen disposition for CRP-LSRC-0277 - no register section, work-order ledger, catalogue field or SOURCE_CAPTURES evidence package in this workspace records one","ADMINISTRATIVE_RECONCILIATION; REPORT_FORMAT_AND_APPLICATION_DEPENDENCIES; READINESS_FOR_DETERMINISTIC_EVALUATION","NO"
"CRP-LSRC-0278","CONTENT_RULE","F10","UNCLASSIFIED_SOURCE_FAMILY","Consumer Credit Reporting Agencies Act (California), Civ. Code tit. 1.6, §§ 1785.1–1785.36","§ 1785.14(d) — Cal. Civ. Code § 1785.14","US_CALIFORNIA","EXACT","US","US-CA","OWNER_ACCEPTED_LEGAL_AUTHORITY","SUBORDINATE_CODE_OR_RULE","ESTABLISHED","LEGACY_RULE_PROVISION_AND_CITATION_EXACT","us-ca.civ.1785.14.d.notice_to_furnishers_and_users","RULE_FOUND","INSTRUMENT_CLASS_CONFIRMATION; REGISTER_DISPOSITION_UNRESOLVED","PRIOR_REVIEW_RECORD_NOT_HELD_IN_THIS_WORKSPACE; FORMAL_EDITION_OR_HISTORICAL_VERSION_NOT_RECORDED","UNRESOLVED","BLOCKED_MISSING_EVIDENCE","a durable per-ID corrected-logic rescreen disposition for CRP-LSRC-0278 - no register section, work-order ledger, catalogue field or SOURCE_CAPTURES evidence package in this workspace records one","ADMINISTRATIVE_RECONCILIATION; REPORT_FORMAT_AND_APPLICATION_DEPENDENCIES; READINESS_FOR_DETERMINISTIC_EVALUATION","NO"
"CRP-LSRC-0279","CONTENT_RULE","F5","DISCLOSURE_OR_FILE_ACCESS","Consumer Credit Reporting Agencies Act (California), Civ. Code tit. 1.6, §§ 1785.1–1785.36","§ 1785.15(a)–(b) — Cal. Civ. Code § 1785.15","US_CALIFORNIA","EXACT","US","US-CA","OWNER_ACCEPTED_LEGAL_AUTHORITY","SUBORDINATE_CODE_OR_RULE","ESTABLISHED","LEGACY_RULE_PROVISION_AND_CITATION_EXACT","us-ca.civ.1785.15.a.file_disclosure_contents_and_recipients","RULE_FOUND","INSTRUMENT_CLASS_CONFIRMATION; REGISTER_DISPOSITION_UNRESOLVED","PRIOR_REVIEW_RECORD_NOT_HELD_IN_THIS_WORKSPACE; FORMAL_EDITION_OR_HISTORICAL_VERSION_NOT_RECORDED","UNRESOLVED","BLOCKED_MISSING_EVIDENCE","a durable per-ID corrected-logic rescreen disposition for CRP-LSRC-0279 - no register section, work-order ledger, catalogue field or SOURCE_CAPTURES evidence package in this workspace records one","ADMINISTRATIVE_RECONCILIATION; REPORT_FORMAT_AND_APPLICATION_DEPENDENCIES; READINESS_FOR_DETERMINISTIC_EVALUATION","NO"
"CRP-LSRC-0280","CONTENT_RULE","F5","DISCLOSURE_OR_FILE_ACCESS","Consumer Credit Reporting Agencies Act (California), Civ. Code tit. 1.6, §§ 1785.1–1785.36","§ 1785.15.1(a) — Cal. Civ. Code § 1785.15.1","US_CALIFORNIA","EXACT","US","US-CA","OWNER_ACCEPTED_LEGAL_AUTHORITY","SUBORDINATE_CODE_OR_RULE","ESTABLISHED","LEGACY_RULE_PROVISION_AND_CITATION_EXACT","us-ca.civ.1785.15.1.a.credit_score_disclosure","RULE_FOUND","INSTRUMENT_CLASS_CONFIRMATION; REGISTER_DISPOSITION_UNRESOLVED","PRIOR_REVIEW_RECORD_NOT_HELD_IN_THIS_WORKSPACE; FORMAL_EDITION_OR_HISTORICAL_VERSION_NOT_RECORDED","UNRESOLVED","BLOCKED_MISSING_EVIDENCE","a durable per-ID corrected-logic rescreen disposition for CRP-LSRC-0280 - no register section, work-order ledger, catalogue field or SOURCE_CAPTURES evidence package in this workspace records one","ADMINISTRATIVE_RECONCILIATION; REPORT_FORMAT_AND_APPLICATION_DEPENDENCIES; READINESS_FOR_DETERMINISTIC_EVALUATION","NO"
"CRP-LSRC-0281","CONTENT_RULE","F5","DISCLOSURE_OR_FILE_ACCESS","Consumer Credit Reporting Agencies Act (California), Civ. Code tit. 1.6, §§ 1785.1–1785.36","§ 1785.15.2 — Cal. Civ. Code § 1785.15.2","US_CALIFORNIA","EXACT","US","US-CA","OWNER_ACCEPTED_LEGAL_AUTHORITY","SUBORDINATE_CODE_OR_RULE","ESTABLISHED","LEGACY_RULE_PROVISION_AND_CITATION_EXACT","us-ca.civ.1785.15.2.credit_score_model_and_reasonable_fee","RULE_FOUND","INSTRUMENT_CLASS_CONFIRMATION; REGISTER_DISPOSITION_UNRESOLVED","PRIOR_REVIEW_RECORD_NOT_HELD_IN_THIS_WORKSPACE; FORMAL_EDITION_OR_HISTORICAL_VERSION_NOT_RECORDED","UNRESOLVED","BLOCKED_MISSING_EVIDENCE","a durable per-ID corrected-logic rescreen disposition for CRP-LSRC-0281 - no register section, work-order ledger, catalogue field or SOURCE_CAPTURES evidence package in this workspace records one","ADMINISTRATIVE_RECONCILIATION; REPORT_FORMAT_AND_APPLICATION_DEPENDENCIES; READINESS_FOR_DETERMINISTIC_EVALUATION","NO"
"CRP-LSRC-0282","CONTENT_RULE","F9","IDENTITY_THEFT_OR_MIXED_FILE","Consumer Credit Reporting Agencies Act (California), Civ. Code tit. 1.6, §§ 1785.1–1785.36","§ 1785.15.3(a)–(b) — Cal. Civ. Code § 1785.15.3","US_CALIFORNIA","EXACT","US","US-CA","OWNER_ACCEPTED_LEGAL_AUTHORITY","SUBORDINATE_CODE_OR_RULE","ESTABLISHED","LEGACY_RULE_PROVISION_AND_CITATION_EXACT","us-ca.civ.1785.15.3.id_theft_rights_and_free_reports","RULE_FOUND","INSTRUMENT_CLASS_CONFIRMATION; REGISTER_DISPOSITION_UNRESOLVED","PRIOR_REVIEW_RECORD_NOT_HELD_IN_THIS_WORKSPACE; FORMAL_EDITION_OR_HISTORICAL_VERSION_NOT_RECORDED","UNRESOLVED","BLOCKED_MISSING_EVIDENCE","a durable per-ID corrected-logic rescreen disposition for CRP-LSRC-0282 - no register section, work-order ledger, catalogue field or SOURCE_CAPTURES evidence package in this workspace records one","ADMINISTRATIVE_RECONCILIATION; REPORT_FORMAT_AND_APPLICATION_DEPENDENCIES; READINESS_FOR_DETERMINISTIC_EVALUATION","NO"
"CRP-LSRC-0283","CONTENT_RULE","F6","DISPUTE_OR_CORRECTION","Consumer Credit Reporting Agencies Act (California), Civ. Code tit. 1.6, §§ 1785.1–1785.36","§ 1785.16(a) — Cal. Civ. Code § 1785.16","US_CALIFORNIA","EXACT","US","US-CA","OWNER_ACCEPTED_LEGAL_AUTHORITY","SUBORDINATE_CODE_OR_RULE","ESTABLISHED","LEGACY_RULE_PROVISION_AND_CITATION_EXACT","us-ca.civ.1785.16.a.reinvestigation_30_business_days","RULE_FOUND","INSTRUMENT_CLASS_CONFIRMATION; REGISTER_DISPOSITION_UNRESOLVED","PRIOR_REVIEW_RECORD_NOT_HELD_IN_THIS_WORKSPACE; FORMAL_EDITION_OR_HISTORICAL_VERSION_NOT_RECORDED","UNRESOLVED","BLOCKED_MISSING_EVIDENCE","a durable per-ID corrected-logic rescreen disposition for CRP-LSRC-0283 - no register section, work-order ledger, catalogue field or SOURCE_CAPTURES evidence package in this workspace records one","ADMINISTRATIVE_RECONCILIATION; REPORT_FORMAT_AND_APPLICATION_DEPENDENCIES; READINESS_FOR_DETERMINISTIC_EVALUATION","NO"
"CRP-LSRC-0284","CONTENT_RULE","F6","DISPUTE_OR_CORRECTION","Consumer Credit Reporting Agencies Act (California), Civ. Code tit. 1.6, §§ 1785.1–1785.36","§ 1785.16(b) — Cal. Civ. Code § 1785.16","US_CALIFORNIA","EXACT","US","US-CA","OWNER_ACCEPTED_LEGAL_AUTHORITY","SUBORDINATE_CODE_OR_RULE","ESTABLISHED","LEGACY_RULE_PROVISION_AND_CITATION_EXACT","us-ca.civ.1785.16.b.delete_or_correct_inaccurate_or_unverifiable","RULE_FOUND","INSTRUMENT_CLASS_CONFIRMATION; REGISTER_DISPOSITION_UNRESOLVED","PRIOR_REVIEW_RECORD_NOT_HELD_IN_THIS_WORKSPACE; FORMAL_EDITION_OR_HISTORICAL_VERSION_NOT_RECORDED","UNRESOLVED","BLOCKED_MISSING_EVIDENCE","a durable per-ID corrected-logic rescreen disposition for CRP-LSRC-0284 - no register section, work-order ledger, catalogue field or SOURCE_CAPTURES evidence package in this workspace records one","ADMINISTRATIVE_RECONCILIATION; REPORT_FORMAT_AND_APPLICATION_DEPENDENCIES; READINESS_FOR_DETERMINISTIC_EVALUATION","NO"
"CRP-LSRC-0285","CONTENT_RULE","F6","DISPUTE_OR_CORRECTION","Consumer Credit Reporting Agencies Act (California), Civ. Code tit. 1.6, §§ 1785.1–1785.36","§ 1785.16(f)–(g) — Cal. Civ. Code § 1785.16","US_CALIFORNIA","EXACT","US","US-CA","OWNER_ACCEPTED_LEGAL_AUTHORITY","SUBORDINATE_CODE_OR_RULE","ESTABLISHED","LEGACY_RULE_PROVISION_AND_CITATION_EXACT","us-ca.civ.1785.16.g.dispute_notation_in_subsequent_reports","RULE_FOUND","INSTRUMENT_CLASS_CONFIRMATION; REGISTER_DISPOSITION_UNRESOLVED","PRIOR_REVIEW_RECORD_NOT_HELD_IN_THIS_WORKSPACE; FORMAL_EDITION_OR_HISTORICAL_VERSION_NOT_RECORDED","UNRESOLVED","BLOCKED_MISSING_EVIDENCE","a durable per-ID corrected-logic rescreen disposition for CRP-LSRC-0285 - no register section, work-order ledger, catalogue field or SOURCE_CAPTURES evidence package in this workspace records one","ADMINISTRATIVE_RECONCILIATION; REPORT_FORMAT_AND_APPLICATION_DEPENDENCIES; READINESS_FOR_DETERMINISTIC_EVALUATION","NO"
"CRP-LSRC-0286","CONTENT_RULE","F9","IDENTITY_THEFT_OR_MIXED_FILE","Consumer Credit Reporting Agencies Act (California), Civ. Code tit. 1.6, §§ 1785.1–1785.36","§ 1785.16(k)–(l) — Cal. Civ. Code § 1785.16","US_CALIFORNIA","EXACT","US","US-CA","OWNER_ACCEPTED_LEGAL_AUTHORITY","SUBORDINATE_CODE_OR_RULE","ESTABLISHED","LEGACY_RULE_PROVISION_AND_CITATION_EXACT","us-ca.civ.1785.16.k.identity_theft_block_permanent","RULE_FOUND","INSTRUMENT_CLASS_CONFIRMATION; REGISTER_DISPOSITION_UNRESOLVED","PRIOR_REVIEW_RECORD_NOT_HELD_IN_THIS_WORKSPACE; FORMAL_EDITION_OR_HISTORICAL_VERSION_NOT_RECORDED","UNRESOLVED","BLOCKED_MISSING_EVIDENCE","a durable per-ID corrected-logic rescreen disposition for CRP-LSRC-0286 - no register section, work-order ledger, catalogue field or SOURCE_CAPTURES evidence package in this workspace records one","ADMINISTRATIVE_RECONCILIATION; REPORT_FORMAT_AND_APPLICATION_DEPENDENCIES; READINESS_FOR_DETERMINISTIC_EVALUATION","NO"
"CRP-LSRC-0287","CONTENT_RULE","F10","UNCLASSIFIED_SOURCE_FAMILY","Consumer Credit Reporting Agencies Act (California), Civ. Code tit. 1.6, §§ 1785.1–1785.36","§ 1785.16.1 — Cal. Civ. Code § 1785.16.1","US_CALIFORNIA","EXACT","US","US-CA","OWNER_ACCEPTED_LEGAL_AUTHORITY","SUBORDINATE_CODE_OR_RULE","ESTABLISHED","LEGACY_RULE_PROVISION_AND_CITATION_EXACT","us-ca.civ.1785.16.1.delete_identity_theft_inquiries","RULE_FOUND","INSTRUMENT_CLASS_CONFIRMATION; REGISTER_DISPOSITION_UNRESOLVED","PRIOR_REVIEW_RECORD_NOT_HELD_IN_THIS_WORKSPACE; FORMAL_EDITION_OR_HISTORICAL_VERSION_NOT_RECORDED","UNRESOLVED","BLOCKED_MISSING_EVIDENCE","a durable per-ID corrected-logic rescreen disposition for CRP-LSRC-0287 - no register section, work-order ledger, catalogue field or SOURCE_CAPTURES evidence package in this workspace records one","ADMINISTRATIVE_RECONCILIATION; REPORT_FORMAT_AND_APPLICATION_DEPENDENCIES; READINESS_FOR_DETERMINISTIC_EVALUATION","NO"
"CRP-LSRC-0288","CONTENT_RULE","F7","PUBLIC_RECORD_OR_JUDGMENT","Consumer Credit Reporting Agencies Act (California), Civ. Code tit. 1.6, §§ 1785.1–1785.36","§ 1785.18(a) — Cal. Civ. Code § 1785.18","US_CALIFORNIA","EXACT","US","US-CA","OWNER_ACCEPTED_LEGAL_AUTHORITY","SUBORDINATE_CODE_OR_RULE","ESTABLISHED","LEGACY_RULE_PROVISION_AND_CITATION_EXACT","us-ca.civ.1785.18.a.public_record_source_and_date","RULE_FOUND","INSTRUMENT_CLASS_CONFIRMATION; REGISTER_DISPOSITION_UNRESOLVED","PRIOR_REVIEW_RECORD_NOT_HELD_IN_THIS_WORKSPACE; FORMAL_EDITION_OR_HISTORICAL_VERSION_NOT_RECORDED","UNRESOLVED","BLOCKED_MISSING_EVIDENCE","a durable per-ID corrected-logic rescreen disposition for CRP-LSRC-0288 - no register section, work-order ledger, catalogue field or SOURCE_CAPTURES evidence package in this workspace records one","ADMINISTRATIVE_RECONCILIATION; REPORT_FORMAT_AND_APPLICATION_DEPENDENCIES; READINESS_FOR_DETERMINISTIC_EVALUATION","NO"
"CRP-LSRC-0289","CONTENT_RULE","F8","PERMISSIBLE_PURPOSE_OR_CONSENT","Consumer Credit Reporting Agencies Act (California), Civ. Code tit. 1.6, §§ 1785.1–1785.36","§ 1785.19.5 — Cal. Civ. Code § 1785.19.5","US_CALIFORNIA","EXACT","US","US-CA","OWNER_ACCEPTED_LEGAL_AUTHORITY","SUBORDINATE_CODE_OR_RULE","ESTABLISHED","LEGACY_RULE_PROVISION_AND_CITATION_EXACT","us-ca.civ.1785.19.5.marketing_use_prevention_procedures","RULE_FOUND","INSTRUMENT_CLASS_CONFIRMATION; REGISTER_DISPOSITION_UNRESOLVED","PRIOR_REVIEW_RECORD_NOT_HELD_IN_THIS_WORKSPACE; FORMAL_EDITION_OR_HISTORICAL_VERSION_NOT_RECORDED","UNRESOLVED","BLOCKED_MISSING_EVIDENCE","a durable per-ID corrected-logic rescreen disposition for CRP-LSRC-0289 - no register section, work-order ledger, catalogue field or SOURCE_CAPTURES evidence package in this workspace records one","ADMINISTRATIVE_RECONCILIATION; REPORT_FORMAT_AND_APPLICATION_DEPENDENCIES; READINESS_FOR_DETERMINISTIC_EVALUATION","NO"
"CRP-LSRC-0290","CONTENT_RULE","F4","REPORT_ACCURACY_OR_COMPLETENESS","Consumer Credit Reporting Agencies Act (California), Civ. Code tit. 1.6, §§ 1785.1–1785.36","§ 1785.25(a) — Cal. Civ. Code § 1785.25","US_CALIFORNIA","EXACT","US","US-CA","OWNER_ACCEPTED_LEGAL_AUTHORITY","SUBORDINATE_CODE_OR_RULE","ESTABLISHED","LEGACY_RULE_PROVISION_AND_CITATION_EXACT","us-ca.civ.1785.25.a.knowledge_based_furnishing_accuracy","RULE_FOUND","INSTRUMENT_CLASS_CONFIRMATION; REGISTER_DISPOSITION_UNRESOLVED","PRIOR_REVIEW_RECORD_NOT_HELD_IN_THIS_WORKSPACE; FORMAL_EDITION_OR_HISTORICAL_VERSION_NOT_RECORDED","UNRESOLVED","BLOCKED_MISSING_EVIDENCE","a durable per-ID corrected-logic rescreen disposition for CRP-LSRC-0290 - no register section, work-order ledger, catalogue field or SOURCE_CAPTURES evidence package in this workspace records one","ADMINISTRATIVE_RECONCILIATION; REPORT_FORMAT_AND_APPLICATION_DEPENDENCIES; READINESS_FOR_DETERMINISTIC_EVALUATION","NO"
"CRP-LSRC-0291","CONTENT_RULE","F4","REPORT_ACCURACY_OR_COMPLETENESS","Consumer Credit Reporting Agencies Act (California), Civ. Code tit. 1.6, §§ 1785.1–1785.36","§ 1785.25(b) — Cal. Civ. Code § 1785.25","US_CALIFORNIA","EXACT","US","US-CA","OWNER_ACCEPTED_LEGAL_AUTHORITY","SUBORDINATE_CODE_OR_RULE","ESTABLISHED","LEGACY_RULE_PROVISION_AND_CITATION_EXACT","us-ca.civ.1785.25.b.correction_notice_to_agency","RULE_FOUND","INSTRUMENT_CLASS_CONFIRMATION; REGISTER_DISPOSITION_UNRESOLVED","PRIOR_REVIEW_RECORD_NOT_HELD_IN_THIS_WORKSPACE; FORMAL_EDITION_OR_HISTORICAL_VERSION_NOT_RECORDED","UNRESOLVED","BLOCKED_MISSING_EVIDENCE","a durable per-ID corrected-logic rescreen disposition for CRP-LSRC-0291 - no register section, work-order ledger, catalogue field or SOURCE_CAPTURES evidence package in this workspace records one","ADMINISTRATIVE_RECONCILIATION; REPORT_FORMAT_AND_APPLICATION_DEPENDENCIES; READINESS_FOR_DETERMINISTIC_EVALUATION","NO"
"CRP-LSRC-0292","CONTENT_RULE","F4","REPORT_ACCURACY_OR_COMPLETENESS","Consumer Credit Reporting Agencies Act (California), Civ. Code tit. 1.6, §§ 1785.1–1785.36","§ 1785.25(c) — Cal. Civ. Code § 1785.25","US_CALIFORNIA","EXACT","US","US-CA","OWNER_ACCEPTED_LEGAL_AUTHORITY","SUBORDINATE_CODE_OR_RULE","ESTABLISHED","LEGACY_RULE_PROVISION_AND_CITATION_EXACT","us-ca.civ.1785.25.c.dispute_notice_while_furnishing","RULE_FOUND","INSTRUMENT_CLASS_CONFIRMATION; REGISTER_DISPOSITION_UNRESOLVED","PRIOR_REVIEW_RECORD_NOT_HELD_IN_THIS_WORKSPACE; FORMAL_EDITION_OR_HISTORICAL_VERSION_NOT_RECORDED","UNRESOLVED","BLOCKED_MISSING_EVIDENCE","a durable per-ID corrected-logic rescreen disposition for CRP-LSRC-0292 - no register section, work-order ledger, catalogue field or SOURCE_CAPTURES evidence package in this workspace records one","ADMINISTRATIVE_RECONCILIATION; REPORT_FORMAT_AND_APPLICATION_DEPENDENCIES; READINESS_FOR_DETERMINISTIC_EVALUATION","NO"
"CRP-LSRC-0293","CONTENT_RULE","F4","REPORT_ACCURACY_OR_COMPLETENESS","Consumer Credit Reporting Agencies Act (California), Civ. Code tit. 1.6, §§ 1785.1–1785.36","§ 1785.25(d) — Cal. Civ. Code § 1785.25","US_CALIFORNIA","EXACT","US","US-CA","OWNER_ACCEPTED_LEGAL_AUTHORITY","SUBORDINATE_CODE_OR_RULE","ESTABLISHED","LEGACY_RULE_PROVISION_AND_CITATION_EXACT","us-ca.civ.1785.25.d.account_closure_notice","RULE_FOUND","INSTRUMENT_CLASS_CONFIRMATION; REGISTER_DISPOSITION_UNRESOLVED","PRIOR_REVIEW_RECORD_NOT_HELD_IN_THIS_WORKSPACE; FORMAL_EDITION_OR_HISTORICAL_VERSION_NOT_RECORDED","UNRESOLVED","BLOCKED_MISSING_EVIDENCE","a durable per-ID corrected-logic rescreen disposition for CRP-LSRC-0293 - no register section, work-order ledger, catalogue field or SOURCE_CAPTURES evidence package in this workspace records one","ADMINISTRATIVE_RECONCILIATION; REPORT_FORMAT_AND_APPLICATION_DEPENDENCIES; READINESS_FOR_DETERMINISTIC_EVALUATION","NO"
"CRP-LSRC-0294","CONTENT_RULE","F1","LIMITATION_OR_RETENTION","Consumer Credit Reporting Agencies Act (California), Civ. Code tit. 1.6, §§ 1785.1–1785.36","§ 1785.25(e) — Cal. Civ. Code § 1785.25","US_CALIFORNIA","EXACT","US","US-CA","OWNER_ACCEPTED_LEGAL_AUTHORITY","SUBORDINATE_CODE_OR_RULE","ESTABLISHED","LEGACY_RULE_PROVISION_AND_CITATION_EXACT","us-ca.civ.1785.25.e.delinquency_commencement_date","RULE_FOUND","INSTRUMENT_CLASS_CONFIRMATION; REGISTER_DISPOSITION_UNRESOLVED","PRIOR_REVIEW_RECORD_NOT_HELD_IN_THIS_WORKSPACE; FORMAL_EDITION_OR_HISTORICAL_VERSION_NOT_RECORDED","UNRESOLVED","BLOCKED_MISSING_EVIDENCE","a durable per-ID corrected-logic rescreen disposition for CRP-LSRC-0294 - no register section, work-order ledger, catalogue field or SOURCE_CAPTURES evidence package in this workspace records one","ADMINISTRATIVE_RECONCILIATION; REPORT_FORMAT_AND_APPLICATION_DEPENDENCIES; READINESS_FOR_DETERMINISTIC_EVALUATION","NO"
"CRP-LSRC-0295","CONTENT_RULE","F4","REPORT_ACCURACY_OR_COMPLETENESS","Consumer Credit Reporting Agencies Act (California), Civ. Code tit. 1.6, §§ 1785.1–1785.36","§ 1785.25(f) — Cal. Civ. Code § 1785.25","US_CALIFORNIA","EXACT","US","US-CA","OWNER_ACCEPTED_LEGAL_AUTHORITY","SUBORDINATE_CODE_OR_RULE","ESTABLISHED","LEGACY_RULE_PROVISION_AND_CITATION_EXACT","us-ca.civ.1785.25.f.furnisher_dispute_investigation","RULE_FOUND","INSTRUMENT_CLASS_CONFIRMATION; REGISTER_DISPOSITION_UNRESOLVED","PRIOR_REVIEW_RECORD_NOT_HELD_IN_THIS_WORKSPACE; FORMAL_EDITION_OR_HISTORICAL_VERSION_NOT_RECORDED","UNRESOLVED","BLOCKED_MISSING_EVIDENCE","a durable per-ID corrected-logic rescreen disposition for CRP-LSRC-0295 - no register section, work-order ledger, catalogue field or SOURCE_CAPTURES evidence package in this workspace records one","ADMINISTRATIVE_RECONCILIATION; REPORT_FORMAT_AND_APPLICATION_DEPENDENCIES; READINESS_FOR_DETERMINISTIC_EVALUATION","NO"
"CRP-LSRC-0296","CONTENT_RULE","F4","REPORT_ACCURACY_OR_COMPLETENESS","Consumer Credit Reporting Agencies Act (California), Civ. Code tit. 1.6, §§ 1785.1–1785.36","§ 1785.26(b)–(c) — Cal. Civ. Code § 1785.26","US_CALIFORNIA","EXACT","US","US-CA","OWNER_ACCEPTED_LEGAL_AUTHORITY","SUBORDINATE_CODE_OR_RULE","ESTABLISHED","LEGACY_RULE_PROVISION_AND_CITATION_EXACT","us-ca.civ.1785.26.a.notice_before_negative_information","RULE_FOUND","INSTRUMENT_CLASS_CONFIRMATION; REGISTER_DISPOSITION_UNRESOLVED","PRIOR_REVIEW_RECORD_NOT_HELD_IN_THIS_WORKSPACE; FORMAL_EDITION_OR_HISTORICAL_VERSION_NOT_RECORDED","UNRESOLVED","BLOCKED_MISSING_EVIDENCE","a durable per-ID corrected-logic rescreen disposition for CRP-LSRC-0296 - no register section, work-order ledger, catalogue field or SOURCE_CAPTURES evidence package in this workspace records one","ADMINISTRATIVE_RECONCILIATION; REPORT_FORMAT_AND_APPLICATION_DEPENDENCIES; READINESS_FOR_DETERMINISTIC_EVALUATION","NO"
"CRP-LSRC-0297","CONTENT_RULE","F3","PRIVACY_OR_DATA_HANDLING","Consumer Credit Reporting Agencies Act (California), Civ. Code tit. 1.6, §§ 1785.1–1785.36","§ 1785.27(a), (c)–(d) — Cal. Civ. Code § 1785.27","US_CALIFORNIA","EXACT","US","US-CA","OWNER_ACCEPTED_LEGAL_AUTHORITY","SUBORDINATE_CODE_OR_RULE","ESTABLISHED","LEGACY_RULE_PROVISION_AND_CITATION_EXACT","us-ca.civ.1785.27.a.medical_debt_furnishing_prohibited","RULE_FOUND","INSTRUMENT_CLASS_CONFIRMATION; REGISTER_DISPOSITION_UNRESOLVED","PRIOR_REVIEW_RECORD_NOT_HELD_IN_THIS_WORKSPACE; FORMAL_EDITION_OR_HISTORICAL_VERSION_NOT_RECORDED","UNRESOLVED","BLOCKED_MISSING_EVIDENCE","a durable per-ID corrected-logic rescreen disposition for CRP-LSRC-0297 - no register section, work-order ledger, catalogue field or SOURCE_CAPTURES evidence package in this workspace records one","ADMINISTRATIVE_RECONCILIATION; REPORT_FORMAT_AND_APPLICATION_DEPENDENCIES; READINESS_FOR_DETERMINISTIC_EVALUATION","NO"
"CRP-LSRC-0298","CONTENT_RULE","F10","UNCLASSIFIED_SOURCE_FAMILY","Consumer Credit Reporting Agencies Act (California), Civ. Code tit. 1.6, §§ 1785.1–1785.36","§ 1785.13 (preemption interaction for the whole overlay) — Cal. Civ. Code § 1785.13","US_CALIFORNIA","EXACT","US","US-CA","OWNER_ACCEPTED_LEGAL_AUTHORITY","SUBORDINATE_CODE_OR_RULE","ESTABLISHED","LEGACY_RULE_PROVISION_AND_CITATION_EXACT","us-ca.civ.1785.et_seq.preemption_interaction","RULE_FOUND","INSTRUMENT_CLASS_CONFIRMATION; REGISTER_DISPOSITION_UNRESOLVED","PRIOR_REVIEW_RECORD_NOT_HELD_IN_THIS_WORKSPACE; FORMAL_EDITION_OR_HISTORICAL_VERSION_NOT_RECORDED","UNRESOLVED","BLOCKED_MISSING_EVIDENCE","a durable per-ID corrected-logic rescreen disposition for CRP-LSRC-0298 - no register section, work-order ledger, catalogue field or SOURCE_CAPTURES evidence package in this workspace records one","ADMINISTRATIVE_RECONCILIATION; REPORT_FORMAT_AND_APPLICATION_DEPENDENCIES; READINESS_FOR_DETERMINISTIC_EVALUATION","NO"
"CRP-LSRC-0299","CONTENT_RULE","F6","DISPUTE_OR_CORRECTION","Consumer Credit Reporting Agencies Act (California), Civ. Code tit. 1.6, §§ 1785.1–1785.36","§ 1785.30 — Cal. Civ. Code § 1785.30","US_CALIFORNIA","EXACT","US","US-CA","OWNER_ACCEPTED_LEGAL_AUTHORITY","SUBORDINATE_CODE_OR_RULE","ESTABLISHED","LEGACY_RULE_PROVISION_AND_CITATION_EXACT","us-ca.civ.1785.30.consumer_demand_notation_and_deletion","RULE_FOUND","INSTRUMENT_CLASS_CONFIRMATION; REGISTER_DISPOSITION_UNRESOLVED","PRIOR_REVIEW_RECORD_NOT_HELD_IN_THIS_WORKSPACE; FORMAL_EDITION_OR_HISTORICAL_VERSION_NOT_RECORDED","UNRESOLVED","BLOCKED_MISSING_EVIDENCE","a durable per-ID corrected-logic rescreen disposition for CRP-LSRC-0299 - no register section, work-order ledger, catalogue field or SOURCE_CAPTURES evidence package in this workspace records one","ADMINISTRATIVE_RECONCILIATION; REPORT_FORMAT_AND_APPLICATION_DEPENDENCIES; READINESS_FOR_DETERMINISTIC_EVALUATION","NO"
"CRP-LSRC-0300","AUTHORITY_RECORD","F2","CONSUMER_CREDIT_REGISTRY","Consumer Credit Reporting Agencies Act (California), Civ. Code tit. 1.6, §§ 1785.1–1785.36","NOT RECORDED","US_CALIFORNIA","EXACT","US","US-CA","OWNER_ACCEPTED_LEGAL_AUTHORITY","SUBORDINATE_CODE_OR_RULE","ESTABLISHED_MULTIPLE_RECORDED_ROWS","LEGACY_AUTHORITY_SOURCE_URL_EXACT","us-ca:statute:civ-ccraa; us-ca:statute:civ-icraa; us-ca:statute:civ-rosenthal","","LEGACY_OPERATIONAL_MAPPING_AMBIGUOUS:MULTIPLE_RECORDED_MATCHES; INSTRUMENT_CLASS_CONFIRMATION; REGISTER_DISPOSITION_UNRESOLVED","LOCATOR_OR_EFFECTIVE_INFORMATION_NOT_RECORDED; PRIOR_REVIEW_RECORD_NOT_HELD_IN_THIS_WORKSPACE; FORMAL_EDITION_OR_HISTORICAL_VERSION_NOT_RECORDED","UNRESOLVED","BLOCKED_MISSING_EVIDENCE","a durable per-ID corrected-logic rescreen disposition for CRP-LSRC-0300 - no register section, work-order ledger, catalogue field or SOURCE_CAPTURES evidence package in this workspace records one","ADMINISTRATIVE_RECONCILIATION; REPORT_FORMAT_AND_APPLICATION_DEPENDENCIES; READINESS_FOR_DETERMINISTIC_EVALUATION","NO"
"CRP-LSRC-0301","AUTHORITY_RECORD","F2","CONSUMER_CREDIT_REGISTRY","Investigative Consumer Reporting Agencies Act (California), Civ. Code tit. 1.6A, §§ 1786–1786.60","NOT RECORDED","US_CALIFORNIA","EXACT","US","US-CA","OWNER_ACCEPTED_LEGAL_AUTHORITY","SUBORDINATE_CODE_OR_RULE","ESTABLISHED_MULTIPLE_RECORDED_ROWS","LEGACY_AUTHORITY_SOURCE_URL_EXACT","us-ca:statute:civ-ccraa; us-ca:statute:civ-icraa; us-ca:statute:civ-rosenthal","","LEGACY_OPERATIONAL_MAPPING_AMBIGUOUS:MULTIPLE_RECORDED_MATCHES; INSTRUMENT_CLASS_CONFIRMATION; REGISTER_DISPOSITION_UNRESOLVED","LOCATOR_OR_EFFECTIVE_INFORMATION_NOT_RECORDED; PRIOR_REVIEW_RECORD_NOT_HELD_IN_THIS_WORKSPACE; FORMAL_EDITION_OR_HISTORICAL_VERSION_NOT_RECORDED","UNRESOLVED","BLOCKED_MISSING_EVIDENCE","a durable per-ID corrected-logic rescreen disposition for CRP-LSRC-0301 - no register section, work-order ledger, catalogue field or SOURCE_CAPTURES evidence package in this workspace records one","ADMINISTRATIVE_RECONCILIATION; REPORT_FORMAT_AND_APPLICATION_DEPENDENCIES; READINESS_FOR_DETERMINISTIC_EVALUATION","NO"
"CRP-LSRC-0302","AUTHORITY_RECORD","F10","UNCLASSIFIED_SOURCE_FAMILY","Rosenthal Fair Debt Collection Practices Act (California), Civ. Code § 1788 et seq.","NOT RECORDED","US_CALIFORNIA","EXACT","US","US-CA","OWNER_ACCEPTED_LEGAL_AUTHORITY","SUBORDINATE_CODE_OR_RULE","ESTABLISHED_MULTIPLE_RECORDED_ROWS","LEGACY_AUTHORITY_SOURCE_URL_EXACT","us-ca:statute:civ-ccraa; us-ca:statute:civ-icraa; us-ca:statute:civ-rosenthal","","LEGACY_OPERATIONAL_MAPPING_AMBIGUOUS:MULTIPLE_RECORDED_MATCHES; INSTRUMENT_CLASS_CONFIRMATION; REGISTER_DISPOSITION_UNRESOLVED","LOCATOR_OR_EFFECTIVE_INFORMATION_NOT_RECORDED; PRIOR_REVIEW_RECORD_NOT_HELD_IN_THIS_WORKSPACE; FORMAL_EDITION_OR_HISTORICAL_VERSION_NOT_RECORDED","UNRESOLVED","BLOCKED_MISSING_EVIDENCE","a durable per-ID corrected-logic rescreen disposition for CRP-LSRC-0302 - no register section, work-order ledger, catalogue field or SOURCE_CAPTURES evidence package in this workspace records one","ADMINISTRATIVE_RECONCILIATION; REPORT_FORMAT_AND_APPLICATION_DEPENDENCIES; READINESS_FOR_DETERMINISTIC_EVALUATION","NO"
"CRP-LSRC-0303","AUTHORITY_RECORD","F1","LIMITATION_OR_RETENTION","Code of Civil Procedure (California)","NOT RECORDED","US_CALIFORNIA","EXACT","US","US-CA","OWNER_ACCEPTED_LEGAL_AUTHORITY","SUBORDINATE_CODE_OR_RULE","ESTABLISHED_MULTIPLE_RECORDED_ROWS","LEGACY_AUTHORITY_SOURCE_URL_EXACT","us-ca:statute:civ-ccraa; us-ca:statute:civ-icraa; us-ca:statute:civ-rosenthal","","LEGACY_OPERATIONAL_MAPPING_AMBIGUOUS:MULTIPLE_RECORDED_MATCHES; INSTRUMENT_CLASS_CONFIRMATION; REGISTER_DISPOSITION_UNRESOLVED","LOCATOR_OR_EFFECTIVE_INFORMATION_NOT_RECORDED; PRIOR_REVIEW_RECORD_NOT_HELD_IN_THIS_WORKSPACE; FORMAL_EDITION_OR_HISTORICAL_VERSION_NOT_RECORDED","UNRESOLVED","BLOCKED_MISSING_EVIDENCE","a durable per-ID corrected-logic rescreen disposition for CRP-LSRC-0303 - no register section, work-order ledger, catalogue field or SOURCE_CAPTURES evidence package in this workspace records one","ADMINISTRATIVE_RECONCILIATION; REPORT_FORMAT_AND_APPLICATION_DEPENDENCIES; READINESS_FOR_DETERMINISTIC_EVALUATION","NO"
"CRP-LSRC-0304","AUTHORITY_RECORD","F2","CONSUMER_CREDIT_REGISTRY","Fair Credit Reporting Act (New York), Gen. Bus. Law art. 25, §§ 380–380-v","NOT RECORDED","US_NEW_YORK","EXACT","US","US-NY","OWNER_ACCEPTED_LEGAL_AUTHORITY","STATUTE_OR_REGULATION","ESTABLISHED","LEGACY_AUTHORITY_SOURCE_URL_EXACT","us-ny:statute:gbl-art-25","","REGISTER_DISPOSITION_UNRESOLVED","LOCATOR_OR_EFFECTIVE_INFORMATION_NOT_RECORDED; PRIOR_REVIEW_RECORD_NOT_HELD_IN_THIS_WORKSPACE; FORMAL_EDITION_OR_HISTORICAL_VERSION_NOT_RECORDED","UNRESOLVED","BLOCKED_MISSING_EVIDENCE","a durable per-ID corrected-logic rescreen disposition for CRP-LSRC-0304 - no register section, work-order ledger, catalogue field or SOURCE_CAPTURES evidence package in this workspace records one","REPORT_FORMAT_AND_APPLICATION_DEPENDENCIES; READINESS_FOR_DETERMINISTIC_EVALUATION","NO"
"CRP-LSRC-0305","AUTHORITY_RECORD","F1","LIMITATION_OR_RETENTION","Civil Practice Law and Rules (New York), §§ 211 and 213","NOT RECORDED","US_NEW_YORK","EXACT","US","US-NY","OWNER_ACCEPTED_LEGAL_AUTHORITY","STATUTE_OR_REGULATION","ESTABLISHED","LEGACY_AUTHORITY_SOURCE_URL_EXACT","us-ny:statute:gbl-art-25","","REGISTER_DISPOSITION_UNRESOLVED","LOCATOR_OR_EFFECTIVE_INFORMATION_NOT_RECORDED; PRIOR_REVIEW_RECORD_NOT_HELD_IN_THIS_WORKSPACE; FORMAL_EDITION_OR_HISTORICAL_VERSION_NOT_RECORDED","UNRESOLVED","BLOCKED_MISSING_EVIDENCE","a durable per-ID corrected-logic rescreen disposition for CRP-LSRC-0305 - no register section, work-order ledger, catalogue field or SOURCE_CAPTURES evidence package in this workspace records one","REPORT_FORMAT_AND_APPLICATION_DEPENDENCIES; READINESS_FOR_DETERMINISTIC_EVALUATION","NO"
"CRP-LSRC-0306","AUTHORITY_RECORD","F10","UNCLASSIFIED_SOURCE_FAMILY","Tax Law (New York) § 1141","NOT RECORDED","US_NEW_YORK","EXACT","US","US-NY","OWNER_ACCEPTED_LEGAL_AUTHORITY","STATUTE_OR_REGULATION","ESTABLISHED","LEGACY_AUTHORITY_SOURCE_URL_EXACT","us-ny:statute:gbl-art-25","","REGISTER_DISPOSITION_UNRESOLVED","LOCATOR_OR_EFFECTIVE_INFORMATION_NOT_RECORDED; PRIOR_REVIEW_RECORD_NOT_HELD_IN_THIS_WORKSPACE; FORMAL_EDITION_OR_HISTORICAL_VERSION_NOT_RECORDED","UNRESOLVED","BLOCKED_MISSING_EVIDENCE","a durable per-ID corrected-logic rescreen disposition for CRP-LSRC-0306 - no register section, work-order ledger, catalogue field or SOURCE_CAPTURES evidence package in this workspace records one","REPORT_FORMAT_AND_APPLICATION_DEPENDENCIES; READINESS_FOR_DETERMINISTIC_EVALUATION","NO"
"CRP-LSRC-0307","AUTHORITY_RECORD","F3","PRIVACY_OR_DATA_HANDLING","Public Health Law (New York) §§ 2807-k, 2826 (medical-debt provisions only)","NOT RECORDED","US_NEW_YORK","EXACT","US","US-NY","OWNER_ACCEPTED_LEGAL_AUTHORITY","STATUTE_OR_REGULATION","ESTABLISHED","LEGACY_AUTHORITY_SOURCE_URL_EXACT","us-ny:statute:gbl-art-25","","REGISTER_DISPOSITION_UNRESOLVED","LOCATOR_OR_EFFECTIVE_INFORMATION_NOT_RECORDED; PRIOR_REVIEW_RECORD_NOT_HELD_IN_THIS_WORKSPACE; FORMAL_EDITION_OR_HISTORICAL_VERSION_NOT_RECORDED","UNRESOLVED","BLOCKED_MISSING_EVIDENCE","a durable per-ID corrected-logic rescreen disposition for CRP-LSRC-0307 - no register section, work-order ledger, catalogue field or SOURCE_CAPTURES evidence package in this workspace records one","REPORT_FORMAT_AND_APPLICATION_DEPENDENCIES; READINESS_FOR_DETERMINISTIC_EVALUATION","NO"
"CRP-LSRC-0308","AUTHORITY_RECORD","F2","CONSUMER_CREDIT_REGISTRY","Fair Credit Reporting Act, chapter 19.182 RCW (Consumer reports — Washington's own credit-reporting chapter)","NOT RECORDED","US_WASHINGTON","EXACT","US","US-WA","OWNER_ACCEPTED_LEGAL_AUTHORITY","STATUTE_OR_REGULATION","ESTABLISHED","LEGACY_AUTHORITY_SOURCE_URL_EXACT","us-wa:statute:rcw-19-182","","REGISTER_DISPOSITION_UNRESOLVED","LOCATOR_OR_EFFECTIVE_INFORMATION_NOT_RECORDED; PRIOR_REVIEW_RECORD_NOT_HELD_IN_THIS_WORKSPACE; FORMAL_EDITION_OR_HISTORICAL_VERSION_NOT_RECORDED","UNRESOLVED","BLOCKED_MISSING_EVIDENCE","a durable per-ID corrected-logic rescreen disposition for CRP-LSRC-0308 - no register section, work-order ledger, catalogue field or SOURCE_CAPTURES evidence package in this workspace records one","REPORT_FORMAT_AND_APPLICATION_DEPENDENCIES; READINESS_FOR_DETERMINISTIC_EVALUATION","NO"
"CRP-LSRC-0309","LIMITATION_RECORD","F1","LIMITATION_OR_RETENTION","California Code of Civil Procedure (California)","Cal. Civ. Proc. Code § 683.020","CA","EXACT","US","US-CA","OWNER_ACCEPTED_LEGAL_AUTHORITY","SUBORDINATE_CODE_OR_RULE","NOT_ESTABLISHED","NOT_ESTABLISHED","","","LEGACY_OPERATIONAL_MAPPING_NOT_ESTABLISHED; INSTRUMENT_CLASS_CONFIRMATION; REGISTER_DISPOSITION_UNRESOLVED","PRIOR_REVIEW_RECORD_NOT_HELD_IN_THIS_WORKSPACE; FORMAL_EDITION_OR_HISTORICAL_VERSION_NOT_RECORDED","UNRESOLVED","BLOCKED_MISSING_EVIDENCE","a durable per-ID corrected-logic rescreen disposition for CRP-LSRC-0309 - no register section, work-order ledger, catalogue field or SOURCE_CAPTURES evidence package in this workspace records one","ADMINISTRATIVE_RECONCILIATION; REPORT_FORMAT_AND_APPLICATION_DEPENDENCIES; READINESS_FOR_DETERMINISTIC_EVALUATION","NO"
"CRP-LSRC-0310","GAP","F10","UNCLASSIFIED_SOURCE_FAMILY","(California secondary-authority gap declaration) — no California secondary authority was read — PHASE5-001C owner amendment (closure is a scope decision only; no secondary source is retrieved; see CRP_GAP_REFUSAL_RESOLUTION_REGISTER.md): the owner document records a cross-reference statement that California primary statutory language (California Civil Code) was cross-referenced with California Department of Financial Protection and Innovation (DFPI) administrative guidance and Witkin California Law treatises. The statement is recorded as owner-authorised. No locator or retrieval is recorded for the named guidance or treatises, so they are not admitted as retrieved sources and no authority record is created","NOT RECORDED","US_CALIFORNIA","EXACT","US","US-CA","NOT_ACCEPTED_NO_STATUTE_RECORDED","GUIDANCE_OR_POLICY_SUMMARY","ESTABLISHED_MULTIPLE_RECORDED_ROWS","LEGACY_AUTHORITY_SOURCE_URL_EXACT","us-ca:statute:civ-ccraa; us-ca:statute:civ-icraa; us-ca:statute:civ-rosenthal","","GAP_REMAINS_OPEN; LEGACY_OPERATIONAL_MAPPING_AMBIGUOUS:MULTIPLE_RECORDED_MATCHES","LOCATOR_OR_EFFECTIVE_INFORMATION_NOT_RECORDED; NO_LEGAL_INSTRUMENT_RECORDED_FOR_THIS_SCOPE; PRIOR_REVIEW_RECORD_NOT_HELD_IN_THIS_WORKSPACE; FORMAL_EDITION_OR_HISTORICAL_VERSION_NOT_RECORDED","GAP","RECORDED_DURABLE","NONE_RECORDED - the register lists no open item for this ID","ADMINISTRATIVE_RECONCILIATION","NO"
"CRP-LSRC-0311","GAP","F10","UNCLASSIFIED_SOURCE_FAMILY","(New York secondary-authority gap declaration) — no New York secondary authority was read — PHASE5-001C owner amendment (closure is a scope decision only; no secondary source is retrieved; see CRP_GAP_REFUSAL_RESOLUTION_REGISTER.md): the owner document records a cross-reference statement that New York primary statutory language (New York CPLR and the Fair Consumer Debt Reporting Act) was cross-referenced with New York Department of Financial Services (NYDFS) industry guidance and McKinney's Practice Commentaries. The statement is recorded as owner-authorised, and the named State Act is recorded as owner-supplied naming only. No locator or retrieval is recorded for the named guidance or commentaries, so they are not admitted as retrieved sources and no authority record is created","NOT RECORDED","US_NEW_YORK","EXACT","US","US-NY","NOT_ACCEPTED_NO_STATUTE_RECORDED","GUIDANCE_OR_POLICY_SUMMARY","ESTABLISHED","LEGACY_AUTHORITY_SOURCE_URL_EXACT","us-ny:statute:gbl-art-25","","GAP_REMAINS_OPEN","LOCATOR_OR_EFFECTIVE_INFORMATION_NOT_RECORDED; NO_LEGAL_INSTRUMENT_RECORDED_FOR_THIS_SCOPE; PRIOR_REVIEW_RECORD_NOT_HELD_IN_THIS_WORKSPACE; FORMAL_EDITION_OR_HISTORICAL_VERSION_NOT_RECORDED","GAP","RECORDED_DURABLE","NONE_RECORDED - the register lists no open item for this ID","","NO"
"CRP-LSRC-0312","GAP","F10","UNCLASSIFIED_SOURCE_FAMILY","(Washington secondary-authority gap declaration) — no Washington agency interpretation, attorney-general opinion or regulatory guidance was read — PHASE5-001C owner amendment (closure is a scope decision only; no secondary source is retrieved; see CRP_GAP_REFUSAL_RESOLUTION_REGISTER.md): the owner document records a cross-reference statement that Washington primary statutory parameters (the Washington Collection Agency Act and the Fair Credit Reporting Act) were cross-referenced with Washington State Attorney General's Office formal opinions and Department of Financial Institutions compliance manuals, and additionally states that logic rules actively enforce Washington's total medical debt reporting prohibition and mandated multi-point billing disclosures. Both statements are recorded as owner-authorised assertions. No locator or retrieval is recorded for the named opinions or manuals, and no runtime behaviour is confirmed by this work order; the Washington medical-debt reporting rule is not restated, extended or generalised here","NOT RECORDED","US_WASHINGTON","EXACT","US","US-WA","NOT_ACCEPTED_NO_STATUTE_RECORDED","GUIDANCE_OR_POLICY_SUMMARY","ESTABLISHED","LEGACY_AUTHORITY_SOURCE_URL_EXACT","us-wa:statute:rcw-19-182","","GAP_REMAINS_OPEN","LOCATOR_OR_EFFECTIVE_INFORMATION_NOT_RECORDED; NO_LEGAL_INSTRUMENT_RECORDED_FOR_THIS_SCOPE; PRIOR_REVIEW_RECORD_NOT_HELD_IN_THIS_WORKSPACE; FORMAL_EDITION_OR_HISTORICAL_VERSION_NOT_RECORDED","GAP","RECORDED_DURABLE","NONE_RECORDED - the register lists no open item for this ID","","NO"
"CRP-LSRC-0313","CITATION_RECORD","F3","PRIVACY_OR_DATA_HANDLING","PIPEDA","S.C. 2000, c. 5, Sch. 1, cl. 4.6","FEDERAL","COUNTRY_WIDE_SOURCE","","","OWNER_ACCEPTED_LEGAL_AUTHORITY","SCREEN_INCONCLUSIVE","ESTABLISHED_MULTIPLE_RECORDED_ROWS","LEGACY_CITATION_REGISTRY_CITATION_EXACT","CA-ACC-001; CA-ACC-001; CA-ACC-001; CA-ACC-001; CA-ACC-002; CA-ACC-002; CA-ACC-002; CA-ACC-002; CA-ACC-003; CA-ACC-003; CA-ACC-003; CA-ACC-003; CA-ACC-004; CA-ACC-004; CA-ACC-004; CA-ACC-004; CA-ACC-005; CA-ACC-005; CA-ACC-005; CA-ACC-005; CA-ACC-006; CA-ACC-006; CA-ACC-006; CA-ACC-006; CA-CHR-001; CA-CHR-001; CA-CHR-001; CA-CHR-001; CA-CHR-002; CA-CHR-002; CA-CHR-002; CA-CHR-002; CA-CHR-003; CA-CHR-003; CA-CHR-003; CA-CHR-003; CA-COMP-001; CA-COMP-001; CA-COMP-001; CA-COMP-001; CA-COMP-002; CA-COMP-002; CA-COMP-002; CA-COMP-002; CA-COMP-003; CA-COMP-003; CA-COMP-003; CA-COMP-003; CA-COMP-004; CA-COMP-004; CA-COMP-004; CA-COMP-004; CA-COMP-005; CA-COMP-005; CA-COMP-005; CA-COMP-005; CA-COMP-006; CA-COMP-006; CA-COMP-006; CA-COMP-006; CA-COMP-007; CA-COMP-007; CA-COMP-007; CA-COMP-007; CA-COMP-008; CA-COMP-008; CA-COMP-008; CA-COMP-008; CA-COMP-009; CA-COMP-009; CA-COMP-009; CA-COMP-009; CA-DUP-001; CA-DUP-001; CA-DUP-001; CA-DUP-001; CA-DUP-002; CA-DUP-002; CA-DUP-002; CA-DUP-002; CA-DUP-003; CA-DUP-003; CA-DUP-003; CA-DUP-003; CA-JUR-001; CA-JUR-001; CA-JUR-001; CA-JUR-001; CA-LIM-000; CA-LIM-003; CA-LIM-003; CA-LIM-003; CA-LIM-003; CA-SEQ-001; CA-SEQ-001; CA-SEQ-001; CA-SEQ-001; CA-SEQ-002; CA-SEQ-002; CA-SEQ-002; CA-SEQ-002; CA-SEQ-003; CA-SEQ-003; CA-SEQ-003; CA-SEQ-003; CA-SEQ-004; CA-SEQ-004; CA-SEQ-004; CA-SEQ-004; CA-STAT-001; CA-STAT-001; CA-STAT-001; CA-STAT-001; CA-STAT-002; CA-STAT-002; CA-STAT-002; CA-STAT-002; CA-UTIL-001; CA-UTIL-001; CA-UTIL-001; CA-UTIL-001","","INSTRUMENT_CLASS_CONFIRMATION; COUNTRY_WIDE_TO_SELECTED_REGION_RELATION_REQUIRED; REGISTER_DISPOSITION_UNRESOLVED","LOCATOR_OR_EFFECTIVE_INFORMATION_NOT_RECORDED; PRIOR_REVIEW_RECORD_NOT_HELD_IN_THIS_WORKSPACE; FORMAL_EDITION_OR_HISTORICAL_VERSION_NOT_RECORDED","UNRESOLVED","BLOCKED_MISSING_EVIDENCE","a durable per-ID corrected-logic rescreen disposition for CRP-LSRC-0313 - no register section, work-order ledger, catalogue field or SOURCE_CAPTURES evidence package in this workspace records one","ADMINISTRATIVE_RECONCILIATION; REPORT_FORMAT_AND_APPLICATION_DEPENDENCIES; READINESS_FOR_DETERMINISTIC_EVALUATION","NO"
"CRP-LSRC-0314","CONTENT_RULE","F1","LIMITATION_OR_RETENTION","PIPEDA","NOT RECORDED (`section: null`)","FEDERAL","COUNTRY_WIDE_SOURCE","","","OWNER_ACCEPTED_LEGAL_AUTHORITY","SCREEN_INCONCLUSIVE","ESTABLISHED_MULTIPLE_RECORDED_ROWS","LEGACY_RULE_TABLE_SECTION_CONTAINS_RECORDED_PROVISION","ca.late_payment.6y; ca.credit_enquiry.3y; ca.bankruptcy.6y; ca.consumer_proposal.3y; ca.debt_management_plan.2y; ca.judgment.6y; uk.search.12m","","LEGACY_OPERATIONAL_MAPPING_AMBIGUOUS:MULTIPLE_RECORDED_MATCHES; INSTRUMENT_CLASS_CONFIRMATION; COUNTRY_WIDE_TO_SELECTED_REGION_RELATION_REQUIRED; REGISTER_DISPOSITION_UNRESOLVED","PRIOR_REVIEW_RECORD_NOT_HELD_IN_THIS_WORKSPACE; FORMAL_EDITION_OR_HISTORICAL_VERSION_NOT_RECORDED","UNRESOLVED","BLOCKED_MISSING_EVIDENCE","a durable per-ID corrected-logic rescreen disposition for CRP-LSRC-0314 - no register section, work-order ledger, catalogue field or SOURCE_CAPTURES evidence package in this workspace records one","ADMINISTRATIVE_RECONCILIATION; REPORT_FORMAT_AND_APPLICATION_DEPENDENCIES; READINESS_FOR_DETERMINISTIC_EVALUATION","NO"
"CRP-LSRC-0315","CONTENT_RULE","F1","LIMITATION_OR_RETENTION","PIPEDA","NOT RECORDED","FEDERAL","COUNTRY_WIDE_SOURCE","","","OWNER_ACCEPTED_LEGAL_AUTHORITY","SCREEN_INCONCLUSIVE","NOT_ESTABLISHED","NOT_ESTABLISHED","","","LEGACY_OPERATIONAL_MAPPING_NOT_ESTABLISHED; INSTRUMENT_CLASS_CONFIRMATION; COUNTRY_WIDE_TO_SELECTED_REGION_RELATION_REQUIRED; REGISTER_DISPOSITION_UNRESOLVED; DUPLICATE_IDENTITY_BOOKKEEPING","PRIOR_REVIEW_RECORD_NOT_HELD_IN_THIS_WORKSPACE; FORMAL_EDITION_OR_HISTORICAL_VERSION_NOT_RECORDED","UNRESOLVED","BLOCKED_MISSING_EVIDENCE","a durable per-ID corrected-logic rescreen disposition for CRP-LSRC-0315 - no register section, work-order ledger, catalogue field or SOURCE_CAPTURES evidence package in this workspace records one","ADMINISTRATIVE_RECONCILIATION; REPORT_FORMAT_AND_APPLICATION_DEPENDENCIES; READINESS_FOR_DETERMINISTIC_EVALUATION","NO"
"CRP-LSRC-0316","CONTENT_RULE","F1","LIMITATION_OR_RETENTION","PIPEDA","NOT RECORDED","FEDERAL","COUNTRY_WIDE_SOURCE","","","OWNER_ACCEPTED_LEGAL_AUTHORITY","SCREEN_INCONCLUSIVE","NOT_ESTABLISHED","NOT_ESTABLISHED","","","LEGACY_OPERATIONAL_MAPPING_NOT_ESTABLISHED; INSTRUMENT_CLASS_CONFIRMATION; COUNTRY_WIDE_TO_SELECTED_REGION_RELATION_REQUIRED; REGISTER_DISPOSITION_UNRESOLVED; DUPLICATE_IDENTITY_BOOKKEEPING","PRIOR_REVIEW_RECORD_NOT_HELD_IN_THIS_WORKSPACE; FORMAL_EDITION_OR_HISTORICAL_VERSION_NOT_RECORDED","UNRESOLVED","BLOCKED_MISSING_EVIDENCE","a durable per-ID corrected-logic rescreen disposition for CRP-LSRC-0316 - no register section, work-order ledger, catalogue field or SOURCE_CAPTURES evidence package in this workspace records one","ADMINISTRATIVE_RECONCILIATION; REPORT_FORMAT_AND_APPLICATION_DEPENDENCIES; READINESS_FOR_DETERMINISTIC_EVALUATION","NO"
"CRP-LSRC-0317","CONTENT_RULE","F1","LIMITATION_OR_RETENTION","PIPEDA","NOT RECORDED","FEDERAL","COUNTRY_WIDE_SOURCE","","","OWNER_ACCEPTED_LEGAL_AUTHORITY","SCREEN_INCONCLUSIVE","NOT_ESTABLISHED","NOT_ESTABLISHED","","","LEGACY_OPERATIONAL_MAPPING_NOT_ESTABLISHED; INSTRUMENT_CLASS_CONFIRMATION; COUNTRY_WIDE_TO_SELECTED_REGION_RELATION_REQUIRED; REGISTER_DISPOSITION_UNRESOLVED; DUPLICATE_IDENTITY_BOOKKEEPING","PRIOR_REVIEW_RECORD_NOT_HELD_IN_THIS_WORKSPACE; FORMAL_EDITION_OR_HISTORICAL_VERSION_NOT_RECORDED","UNRESOLVED","BLOCKED_MISSING_EVIDENCE","a durable per-ID corrected-logic rescreen disposition for CRP-LSRC-0317 - no register section, work-order ledger, catalogue field or SOURCE_CAPTURES evidence package in this workspace records one","ADMINISTRATIVE_RECONCILIATION; REPORT_FORMAT_AND_APPLICATION_DEPENDENCIES; READINESS_FOR_DETERMINISTIC_EVALUATION","NO"
"CRP-LSRC-0318","CONTENT_RULE","F1","LIMITATION_OR_RETENTION","PIPEDA","NOT RECORDED","FEDERAL","COUNTRY_WIDE_SOURCE","","","OWNER_ACCEPTED_LEGAL_AUTHORITY","SCREEN_INCONCLUSIVE","NOT_ESTABLISHED","NOT_ESTABLISHED","","","LEGACY_OPERATIONAL_MAPPING_NOT_ESTABLISHED; INSTRUMENT_CLASS_CONFIRMATION; COUNTRY_WIDE_TO_SELECTED_REGION_RELATION_REQUIRED; REGISTER_DISPOSITION_UNRESOLVED; DUPLICATE_IDENTITY_BOOKKEEPING","PRIOR_REVIEW_RECORD_NOT_HELD_IN_THIS_WORKSPACE; FORMAL_EDITION_OR_HISTORICAL_VERSION_NOT_RECORDED","UNRESOLVED","BLOCKED_MISSING_EVIDENCE","a durable per-ID corrected-logic rescreen disposition for CRP-LSRC-0318 - no register section, work-order ledger, catalogue field or SOURCE_CAPTURES evidence package in this workspace records one","ADMINISTRATIVE_RECONCILIATION; REPORT_FORMAT_AND_APPLICATION_DEPENDENCIES; READINESS_FOR_DETERMINISTIC_EVALUATION","NO"
"CRP-LSRC-0319","CONTENT_RULE","F4","REPORT_ACCURACY_OR_COMPLETENESS","PIPEDA","Schedule 1, clause 4.6 (Accuracy) and clause 4.9 (Individual access)","FEDERAL","COUNTRY_WIDE_SOURCE","","","OWNER_ACCEPTED_LEGAL_AUTHORITY","SCREEN_INCONCLUSIVE","ESTABLISHED","LEGACY_RULE_TABLE_SECTION_CONTAINS_RECORDED_PROVISION","ca.accuracy_duty.pipeda","","INSTRUMENT_CLASS_CONFIRMATION; COUNTRY_WIDE_TO_SELECTED_REGION_RELATION_REQUIRED; REGISTER_DISPOSITION_UNRESOLVED","LOCATOR_OR_EFFECTIVE_INFORMATION_NOT_RECORDED; PRIOR_REVIEW_RECORD_NOT_HELD_IN_THIS_WORKSPACE; FORMAL_EDITION_OR_HISTORICAL_VERSION_NOT_RECORDED","UNRESOLVED","BLOCKED_MISSING_EVIDENCE","a durable per-ID corrected-logic rescreen disposition for CRP-LSRC-0319 - no register section, work-order ledger, catalogue field or SOURCE_CAPTURES evidence package in this workspace records one","ADMINISTRATIVE_RECONCILIATION; REPORT_FORMAT_AND_APPLICATION_DEPENDENCIES; READINESS_FOR_DETERMINISTIC_EVALUATION","NO"
"CRP-LSRC-0320","CONTENT_RULE","F1","LIMITATION_OR_RETENTION","PIPEDA","NOT RECORDED","FEDERAL","COUNTRY_WIDE_SOURCE","","","OWNER_ACCEPTED_LEGAL_AUTHORITY","SCREEN_INCONCLUSIVE","NOT_ESTABLISHED","NOT_ESTABLISHED","","","LEGACY_OPERATIONAL_MAPPING_NOT_ESTABLISHED; INSTRUMENT_CLASS_CONFIRMATION; COUNTRY_WIDE_TO_SELECTED_REGION_RELATION_REQUIRED; REGISTER_DISPOSITION_UNRESOLVED; DUPLICATE_IDENTITY_BOOKKEEPING","PRIOR_REVIEW_RECORD_NOT_HELD_IN_THIS_WORKSPACE; FORMAL_EDITION_OR_HISTORICAL_VERSION_NOT_RECORDED","UNRESOLVED","BLOCKED_MISSING_EVIDENCE","a durable per-ID corrected-logic rescreen disposition for CRP-LSRC-0320 - no register section, work-order ledger, catalogue field or SOURCE_CAPTURES evidence package in this workspace records one","ADMINISTRATIVE_RECONCILIATION; REPORT_FORMAT_AND_APPLICATION_DEPENDENCIES; READINESS_FOR_DETERMINISTIC_EVALUATION","NO"
"CRP-LSRC-0321","GAP","F10","UNCLASSIFIED_SOURCE_FAMILY","`provincial and territorial Acts` (per the entry's own naming) — Every province and territory is in the table with an instrument; the recorded gap concerns how those instruments relate to the federal baseline — PHASE5-001C owner amendment (relationship recorded; cross-layer conflict remains open; see CRP_GAP_REFUSAL_RESOLUTION_REGISTER.md): the owner document records the federal baseline as PIPEDA for privacy with Bank Act and FCAC guidelines for banking, and records that every province and territory already has an instrument in the table. Owner-supplied relationship statements: (i) for a federal bank the federal baseline takes priority while provincial data-accuracy and privacy laws are still respected absent direct conflict; (ii) for a provincial lender or collector the provincial instrument governs operational timelines such as credit aging and collections; (iii) for a conflict in timelines the owner document proposes applying the shortest, most consumer-friendly window. Statement (iii) is recorded as a proposal only and is NOT adopted: this amendment applies no shortest-period and no global override rule, so cross-layer conflict resolution remains unresolved. Provincial examples named by the owner document are Ontario (Consumer Reporting Act, R.S.O. 1990) and Quebec (Civil Code of Québec / Consumer Protection Act), together with British Columbia and Alberta in the same supplied matrix. Province-specific rules are preserved as supplied and no merged, superseding or overridden rule is created","NOT RECORDED","Canada — country scope","GAP","","","NOT_ACCEPTED_NO_STATUTE_RECORDED","GUIDANCE_OR_POLICY_SUMMARY","NOT_ESTABLISHED","NOT_ESTABLISHED","","","GAP_REMAINS_OPEN; LEGACY_OPERATIONAL_MAPPING_NOT_ESTABLISHED","LOCATOR_OR_EFFECTIVE_INFORMATION_NOT_RECORDED; NO_LEGAL_INSTRUMENT_RECORDED_FOR_THIS_SCOPE; PRIOR_REVIEW_RECORD_NOT_HELD_IN_THIS_WORKSPACE; FORMAL_EDITION_OR_HISTORICAL_VERSION_NOT_RECORDED","GAP","RECORDED_DURABLE","register §5 item 4: the cross-layer conflict limb stays open; no override rule is entered","ADMINISTRATIVE_RECONCILIATION","NO"
"CRP-LSRC-0322","GAP","F10","UNCLASSIFIED_SOURCE_FAMILY","`FCAC` published bureau practice — The recorded FCAC periods are the bureaus' published practice; no statutory basis is cited for each period — PHASE5-001C owner amendment (statutory-basis identifications supplied for the named provinces; retrieval still owed; see CRP_GAP_REFUSAL_RESOLUTION_REGISTER.md): the owner document supplies the following owner-supplied statutory bases for the recorded bureau reporting periods, each given as bankruptcy-first years / collections-and-judgments years: Ontario 7/6 (Consumer Reporting Act, R.S.O. 1990, c. C.33, s. 9(3)); Quebec 6/6 (Civil Code of Québec, CQLR c CCQ-1991, art. 30); British Columbia 6/6 (Business Practices and Consumer Protection Act, S.B.C. 2004, c. 2, s. 109); Alberta 6/6 (Consumer Protection Act, R.S.A. 2000, c. C-26.3 with the Consumer Reporting Regulation, s. 16); Manitoba 6/6 (Personal Investigations Act, C.C.S.M. c. P34, s. 9(3)); Saskatchewan 6/6 (The Credit Reporting Act, S.S. 2004, c. C-43.2, s. 18); Nova Scotia 6/6 (Consumer Reporting Act, R.S.N.S. 1989, c. 89, s. 11(3)); New Brunswick 7/6 (Consumer Reporting Act, S.N.B. 2014, c. 31, s. 13); Prince Edward Island 7/6 (Consumer Reporting Act, R.S.P.E.I. 1988, c. C-18, s. 10); Newfoundland and Labrador 7/6 (Consumer Reporting Act, R.S.N.L. 1990, c. C-32, s. 11); Yukon, Northwest Territories and Nunavut 6/6 respectively under the Consumers Protection Act or Consumer Protection Act, with no precise provision supplied. None of these provisions was retrieved in this work order, so no period is admitted as a verified statutory basis and no rule is entered. Provenance limitation: the owner document cites the Prince Edward Island Consumer Reporting Act as c. C-18 in this row and as c. C-20 in the CRP-LSRC-0323 row","NOT RECORDED","Canada — country scope","GAP","","","NOT_ACCEPTED_NO_STATUTE_RECORDED","SUBORDINATE_CODE_OR_RULE","NOT_ESTABLISHED","NOT_ESTABLISHED","","","GAP_REMAINS_OPEN; LEGACY_OPERATIONAL_MAPPING_NOT_ESTABLISHED; INSTRUMENT_CLASS_CONFIRMATION","LOCATOR_OR_EFFECTIVE_INFORMATION_NOT_RECORDED; NO_LEGAL_INSTRUMENT_RECORDED_FOR_THIS_SCOPE; PRIOR_REVIEW_RECORD_NOT_HELD_IN_THIS_WORKSPACE; FORMAL_EDITION_OR_HISTORICAL_VERSION_NOT_RECORDED","GAP","RECORDED_DURABLE","register §5 item 5: every supplied statutory basis is unretrieved, including the Prince Edward Island chapter-number inconsistency","ADMINISTRATIVE_RECONCILIATION","NO"
"CRP-LSRC-0323","GAP","F10","UNCLASSIFIED_SOURCE_FAMILY","the four provincial consumer-reporting regimes (named by the entry) — Those regimes are read in their own words and deliberately not entered; the entry records the blocking reason — PHASE5-001C owner amendment (exclusion provisions recorded; the deliberate non-entry is retained; see CRP_GAP_REFUSAL_RESOLUTION_REGISTER.md): the owner document supplies the provisions for the four regimes read and deliberately not entered — Ontario (Consumer Reporting Act, R.S.O. 1990, c. C.33, s. 2(2) and s. 2(3): carve-outs where the Act does not apply, including professional investigations and specialised financial data transfers); Nova Scotia (Consumer Reporting Act, R.S.N.S. 1989, c. 89, s. 2: scope limited to consumer reports compiled for profit or commercial dissemination); New Brunswick (Consumer Reporting Act, S.N.B. 2014, c. 31, s. 2: limits on what constitutes an active consumer reporting file); Prince Edward Island (Consumer Reporting Act, R.S.P.E.I. 1988, c. C-20, s. 2: jurisdictional parameters and exemptions for commercial credit lines or cross-border file processing). The deliberate non-entry of these regimes is retained and is now grounded as an owner-supplied scope decision; the provisions were not retrieved in this work order, so no rule is entered and no exclusion is applied by this amendment. Provenance limitation: the Prince Edward Island chapter number is given as c. C-20 here and as c. C-18 in the CRP-LSRC-0322 row","NOT RECORDED","Canada — country scope","GAP","","","NOT_ACCEPTED_NO_STATUTE_RECORDED","STATUTE_OR_REGULATION","NOT_ESTABLISHED","NOT_ESTABLISHED","","","GAP_REMAINS_OPEN; LEGACY_OPERATIONAL_MAPPING_NOT_ESTABLISHED","LOCATOR_OR_EFFECTIVE_INFORMATION_NOT_RECORDED; SOURCE_DISCOVERY_PROVENANCE_INCOMPLETE; NO_LEGAL_INSTRUMENT_RECORDED_FOR_THIS_SCOPE; PRIOR_REVIEW_RECORD_NOT_HELD_IN_THIS_WORKSPACE; FORMAL_EDITION_OR_HISTORICAL_VERSION_NOT_RECORDED","GAP","RECORDED_DURABLE","register §5 item 7: the deliberate non-entry of the named provincial provisions is retained; they are unretrieved","ADMINISTRATIVE_RECONCILIATION","NO"
"CRP-LSRC-0324","GAP","F10","UNCLASSIFIED_SOURCE_FAMILY","(bureau-side duties; named by the entry) — Bureau-side duties read and deliberately not entered; the decision is recorded as made — PHASE5-001C owner amendment (bureau-side duties recorded; scoping retained and out of scope for report-only findings; see CRP_GAP_REFUSAL_RESOLUTION_REGISTER.md): the owner document supplies the bureau-side statutory frameworks that were read and deliberately not entered. Canada: Ontario Consumer Reporting Act, R.S.O. 1990, c. C.33, s. 8 (duty to maintain accurate files) and s. 13 (30-day dispute investigation framework); Civil Code of Québec, CQLR c CCQ-1991, art. 35 to 40 (reputation and privacy protections) with the Act respecting the protection of personal information in the private sector; British Columbia Business Practices and Consumer Protection Act, S.B.C. 2004, c. 2, Part 6, s. 107 to 112 (consumer reporting agency responsibilities and mandatory file corrections). United Kingdom: UK Data Protection Act 2018 and UK GDPR Article 5(1)(d) (accuracy principle); Consumer Credit Act 1974, s. 157 to 159 (disclosure of file contents and the correction and notice framework). The recorded reason for omission is that this node enforces data-furnisher obligations only. Bureau-side duties and bureau conduct cannot be established from report content, so they remain out of scope for report-only findings and are not entered as rules","NOT RECORDED","Canada / United Kingdom — dual country scope","GAP","","","NOT_ACCEPTED_NO_STATUTE_RECORDED","GUIDANCE_OR_POLICY_SUMMARY","NOT_ESTABLISHED","NOT_ESTABLISHED","","","GAP_REMAINS_OPEN; LEGACY_OPERATIONAL_MAPPING_NOT_ESTABLISHED","LOCATOR_OR_EFFECTIVE_INFORMATION_NOT_RECORDED; SOURCE_DISCOVERY_PROVENANCE_INCOMPLETE; NO_LEGAL_INSTRUMENT_RECORDED_FOR_THIS_SCOPE; PRIOR_REVIEW_RECORD_NOT_HELD_IN_THIS_WORKSPACE; FORMAL_EDITION_OR_HISTORICAL_VERSION_NOT_RECORDED","GAP","RECORDED_DURABLE","register §5 item 7: the deliberate non-entry of the named bureau-side provisions is retained; they are unretrieved","ADMINISTRATIVE_RECONCILIATION","NO"
"CRP-LSRC-0325","GAP","F1","LIMITATION_OR_RETENTION","provincial Limitation Acts; Quebec: Civil Code of Québec — Recorded `SOL_GAPS` entry for `CA-*` (provincial/territorial; the wildcard token identifies no single unit) — PHASE5-001C owner amendment (wildcard preserved; this gap is NOT closed; the supplied mapping is held separately in the register; see CRP_GAP_REFUSAL_RESOLUTION_REGISTER.md): the owner document supplies the following exact-jurisdiction limitation mapping, recorded separately from this unresolved wildcard — Ontario 2 years (Limitations Act, 2002, S.O. 2002, c. 24, Sched. B, s. 4); British Columbia 2 years (Limitation Act, S.B.C. 2012, c. 13, s. 6); Alberta 2 years (Limitations Act, R.S.A. 2000, c. L-12, s. 3(1)(a)); Quebec 3 years (Civil Code of Québec, CQLR c CCQ-1991, art. 2925); Nova Scotia 3 years (Limitation of Actions Act, S.N.S. 2014, c. 35, s. 8); New Brunswick 3 years (Limitation of Actions Act, S.N.B. 2009, c. L-8.5, s. 5(1)). The mapping is recorded as owner-supplied, is not retrieved in this work order, is not applied by this amendment, and covers only six of the thirteen provincial and territorial units, so CA-* remains an unresolved wildcard that identifies no single unit. The owner document also proposes resolving the wildcard from the locked session province or the account profile; that off-report route is NOT adopted","NOT RECORDED","CA-*","GAP","","","NOT_ACCEPTED_NO_STATUTE_RECORDED","SUBORDINATE_CODE_OR_RULE","NOT_ESTABLISHED","NOT_ESTABLISHED","","","GAP_REMAINS_OPEN; LEGACY_OPERATIONAL_MAPPING_NOT_ESTABLISHED; INSTRUMENT_CLASS_CONFIRMATION","LOCATOR_OR_EFFECTIVE_INFORMATION_NOT_RECORDED; SOURCE_DISCOVERY_PROVENANCE_INCOMPLETE; NO_LEGAL_INSTRUMENT_RECORDED_FOR_THIS_SCOPE; PRIOR_REVIEW_RECORD_NOT_HELD_IN_THIS_WORKSPACE; FORMAL_EDITION_OR_HISTORICAL_VERSION_NOT_RECORDED","GAP","RECORDED_DURABLE","register §5 item 6: the `CA-*` mapping covers only six of thirteen provincial and territorial units","ADMINISTRATIVE_RECONCILIATION","NO"
"CRP-LSRC-0326","LIMITATION_RECORD","F1","LIMITATION_OR_RETENTION","Canada — Alberta, Limitations Act, R.S.A. 2000, c. L-12","NOT RECORDED","CA-AB","EXACT","CA","CA-AB","OWNER_ACCEPTED_LEGAL_AUTHORITY","STATUTE_OR_REGULATION","NOT_ESTABLISHED","NOT_ESTABLISHED","","","LEGACY_OPERATIONAL_MAPPING_NOT_ESTABLISHED; REGISTER_DISPOSITION_UNRESOLVED","LOCATOR_OR_EFFECTIVE_INFORMATION_NOT_RECORDED; PRIOR_REVIEW_RECORD_NOT_HELD_IN_THIS_WORKSPACE; FORMAL_EDITION_OR_HISTORICAL_VERSION_NOT_RECORDED","UNRESOLVED","BLOCKED_MISSING_EVIDENCE","a durable per-ID corrected-logic rescreen disposition for CRP-LSRC-0326 - no register section, work-order ledger, catalogue field or SOURCE_CAPTURES evidence package in this workspace records one","ADMINISTRATIVE_RECONCILIATION; REPORT_FORMAT_AND_APPLICATION_DEPENDENCIES; READINESS_FOR_DETERMINISTIC_EVALUATION","NO"
"CRP-LSRC-0327","LIMITATION_RECORD","F1","LIMITATION_OR_RETENTION","Canada — Manitoba, The Limitations Act, S.M. 2021, c. 44 (C.C.S.M. c. L150)","NOT RECORDED","CA-MB","EXACT","CA","CA-MB","OWNER_ACCEPTED_LEGAL_AUTHORITY","STATUTE_OR_REGULATION","NOT_ESTABLISHED","NOT_ESTABLISHED","","","LEGACY_OPERATIONAL_MAPPING_NOT_ESTABLISHED; REGISTER_DISPOSITION_UNRESOLVED","LOCATOR_OR_EFFECTIVE_INFORMATION_NOT_RECORDED; PRIOR_REVIEW_RECORD_NOT_HELD_IN_THIS_WORKSPACE; FORMAL_EDITION_OR_HISTORICAL_VERSION_NOT_RECORDED","UNRESOLVED","BLOCKED_MISSING_EVIDENCE","a durable per-ID corrected-logic rescreen disposition for CRP-LSRC-0327 - no register section, work-order ledger, catalogue field or SOURCE_CAPTURES evidence package in this workspace records one","ADMINISTRATIVE_RECONCILIATION; REPORT_FORMAT_AND_APPLICATION_DEPENDENCIES; READINESS_FOR_DETERMINISTIC_EVALUATION","NO"
"CRP-LSRC-0328","LIMITATION_RECORD","F1","LIMITATION_OR_RETENTION","Canada — Prince Edward Island, Statute of Limitations, R.S.P.E.I. 1988, c. S-7","NOT RECORDED","CA-PE","EXACT","CA","CA-PE","OWNER_ACCEPTED_LEGAL_AUTHORITY","STATUTE_OR_REGULATION","NOT_ESTABLISHED","NOT_ESTABLISHED","","","LEGACY_OPERATIONAL_MAPPING_NOT_ESTABLISHED; REGISTER_DISPOSITION_UNRESOLVED","LOCATOR_OR_EFFECTIVE_INFORMATION_NOT_RECORDED; PRIOR_REVIEW_RECORD_NOT_HELD_IN_THIS_WORKSPACE; FORMAL_EDITION_OR_HISTORICAL_VERSION_NOT_RECORDED","UNRESOLVED","BLOCKED_MISSING_EVIDENCE","a durable per-ID corrected-logic rescreen disposition for CRP-LSRC-0328 - no register section, work-order ledger, catalogue field or SOURCE_CAPTURES evidence package in this workspace records one","ADMINISTRATIVE_RECONCILIATION; REPORT_FORMAT_AND_APPLICATION_DEPENDENCIES; READINESS_FOR_DETERMINISTIC_EVALUATION","NO"
"CRP-LSRC-0329","LIMITATION_RECORD","F1","LIMITATION_OR_RETENTION","Canada — British Columbia, Limitation Act, S.B.C. 2012, c. 13","NOT RECORDED","CA-BC","EXACT","CA","CA-BC","OWNER_ACCEPTED_LEGAL_AUTHORITY","STATUTE_OR_REGULATION","NOT_ESTABLISHED","NOT_ESTABLISHED","","","LEGACY_OPERATIONAL_MAPPING_NOT_ESTABLISHED; REGISTER_DISPOSITION_UNRESOLVED","LOCATOR_OR_EFFECTIVE_INFORMATION_NOT_RECORDED; PRIOR_REVIEW_RECORD_NOT_HELD_IN_THIS_WORKSPACE; FORMAL_EDITION_OR_HISTORICAL_VERSION_NOT_RECORDED","UNRESOLVED","BLOCKED_MISSING_EVIDENCE","a durable per-ID corrected-logic rescreen disposition for CRP-LSRC-0329 - no register section, work-order ledger, catalogue field or SOURCE_CAPTURES evidence package in this workspace records one","ADMINISTRATIVE_RECONCILIATION; REPORT_FORMAT_AND_APPLICATION_DEPENDENCIES; READINESS_FOR_DETERMINISTIC_EVALUATION","NO"
"CRP-LSRC-0330","LIMITATION_RECORD","F1","LIMITATION_OR_RETENTION","Canada — New Brunswick, Limitation of Actions Act, S.N.B. 2009, c. L-8.5","NOT RECORDED","CA-NB","EXACT","CA","CA-NB","OWNER_ACCEPTED_LEGAL_AUTHORITY","STATUTE_OR_REGULATION","NOT_ESTABLISHED","NOT_ESTABLISHED","","","LEGACY_OPERATIONAL_MAPPING_NOT_ESTABLISHED; REGISTER_DISPOSITION_UNRESOLVED","LOCATOR_OR_EFFECTIVE_INFORMATION_NOT_RECORDED; PRIOR_REVIEW_RECORD_NOT_HELD_IN_THIS_WORKSPACE; FORMAL_EDITION_OR_HISTORICAL_VERSION_NOT_RECORDED","UNRESOLVED","BLOCKED_MISSING_EVIDENCE","a durable per-ID corrected-logic rescreen disposition for CRP-LSRC-0330 - no register section, work-order ledger, catalogue field or SOURCE_CAPTURES evidence package in this workspace records one","ADMINISTRATIVE_RECONCILIATION; REPORT_FORMAT_AND_APPLICATION_DEPENDENCIES; READINESS_FOR_DETERMINISTIC_EVALUATION","NO"
"CRP-LSRC-0331","LIMITATION_RECORD","F1","LIMITATION_OR_RETENTION","Canada — Saskatchewan, The Limitations Act, S.S. 2004, c. L-16.1","NOT RECORDED","CA-SK","EXACT","CA","CA-SK","OWNER_ACCEPTED_LEGAL_AUTHORITY","STATUTE_OR_REGULATION","NOT_ESTABLISHED","NOT_ESTABLISHED","","","LEGACY_OPERATIONAL_MAPPING_NOT_ESTABLISHED; REGISTER_DISPOSITION_UNRESOLVED","LOCATOR_OR_EFFECTIVE_INFORMATION_NOT_RECORDED; PRIOR_REVIEW_RECORD_NOT_HELD_IN_THIS_WORKSPACE; FORMAL_EDITION_OR_HISTORICAL_VERSION_NOT_RECORDED","UNRESOLVED","BLOCKED_MISSING_EVIDENCE","a durable per-ID corrected-logic rescreen disposition for CRP-LSRC-0331 - no register section, work-order ledger, catalogue field or SOURCE_CAPTURES evidence package in this workspace records one","ADMINISTRATIVE_RECONCILIATION; REPORT_FORMAT_AND_APPLICATION_DEPENDENCIES; READINESS_FOR_DETERMINISTIC_EVALUATION","NO"
"CRP-LSRC-0332","LIMITATION_RECORD","F1","LIMITATION_OR_RETENTION","Limitations Act, S.N.L. 1995, c. L-16.1","NOT RECORDED","CA-NL","EXACT","CA","CA-NL","OWNER_ACCEPTED_LEGAL_AUTHORITY","STATUTE_OR_REGULATION","NOT_ESTABLISHED","NOT_ESTABLISHED","","","LEGACY_OPERATIONAL_MAPPING_NOT_ESTABLISHED; REGISTER_DISPOSITION_UNRESOLVED","LOCATOR_OR_EFFECTIVE_INFORMATION_NOT_RECORDED; PRIOR_REVIEW_RECORD_NOT_HELD_IN_THIS_WORKSPACE; FORMAL_EDITION_OR_HISTORICAL_VERSION_NOT_RECORDED","UNRESOLVED","BLOCKED_MISSING_EVIDENCE","a durable per-ID corrected-logic rescreen disposition for CRP-LSRC-0332 - no register section, work-order ledger, catalogue field or SOURCE_CAPTURES evidence package in this workspace records one","ADMINISTRATIVE_RECONCILIATION; REPORT_FORMAT_AND_APPLICATION_DEPENDENCIES; READINESS_FOR_DETERMINISTIC_EVALUATION","NO"
"CRP-LSRC-0333","LIMITATION_RECORD","F1","LIMITATION_OR_RETENTION","Limitation of Actions Act, R.S.N.W.T. 1988, c. L-8","NOT RECORDED","CA-NT","EXACT","CA","CA-NT","OWNER_ACCEPTED_LEGAL_AUTHORITY","STATUTE_OR_REGULATION","NOT_ESTABLISHED","NOT_ESTABLISHED","","","LEGACY_OPERATIONAL_MAPPING_NOT_ESTABLISHED; REGISTER_DISPOSITION_UNRESOLVED","LOCATOR_OR_EFFECTIVE_INFORMATION_NOT_RECORDED; PRIOR_REVIEW_RECORD_NOT_HELD_IN_THIS_WORKSPACE; FORMAL_EDITION_OR_HISTORICAL_VERSION_NOT_RECORDED","UNRESOLVED","BLOCKED_MISSING_EVIDENCE","a durable per-ID corrected-logic rescreen disposition for CRP-LSRC-0333 - no register section, work-order ledger, catalogue field or SOURCE_CAPTURES evidence package in this workspace records one","ADMINISTRATIVE_RECONCILIATION; REPORT_FORMAT_AND_APPLICATION_DEPENDENCIES; READINESS_FOR_DETERMINISTIC_EVALUATION","NO"
"CRP-LSRC-0334","LIMITATION_RECORD","F1","LIMITATION_OR_RETENTION","Limitation of Actions Act, C.S.Nu., c. L-110","NOT RECORDED","CA-NU","EXACT","CA","CA-NU","OWNER_ACCEPTED_LEGAL_AUTHORITY","STATUTE_OR_REGULATION","NOT_ESTABLISHED","NOT_ESTABLISHED","","","LEGACY_OPERATIONAL_MAPPING_NOT_ESTABLISHED; REGISTER_DISPOSITION_UNRESOLVED","LOCATOR_OR_EFFECTIVE_INFORMATION_NOT_RECORDED; PRIOR_REVIEW_RECORD_NOT_HELD_IN_THIS_WORKSPACE; FORMAL_EDITION_OR_HISTORICAL_VERSION_NOT_RECORDED","UNRESOLVED","BLOCKED_MISSING_EVIDENCE","a durable per-ID corrected-logic rescreen disposition for CRP-LSRC-0334 - no register section, work-order ledger, catalogue field or SOURCE_CAPTURES evidence package in this workspace records one","ADMINISTRATIVE_RECONCILIATION; REPORT_FORMAT_AND_APPLICATION_DEPENDENCIES; READINESS_FOR_DETERMINISTIC_EVALUATION","NO"
"CRP-LSRC-0335","LIMITATION_RECORD","F1","LIMITATION_OR_RETENTION","Limitation of Actions Act, R.S.Y. 2002, c. 139","NOT RECORDED","CA-YT","EXACT","CA","CA-YT","OWNER_ACCEPTED_LEGAL_AUTHORITY","STATUTE_OR_REGULATION","NOT_ESTABLISHED","NOT_ESTABLISHED","","","LEGACY_OPERATIONAL_MAPPING_NOT_ESTABLISHED; REGISTER_DISPOSITION_UNRESOLVED","LOCATOR_OR_EFFECTIVE_INFORMATION_NOT_RECORDED; PRIOR_REVIEW_RECORD_NOT_HELD_IN_THIS_WORKSPACE; FORMAL_EDITION_OR_HISTORICAL_VERSION_NOT_RECORDED","UNRESOLVED","BLOCKED_MISSING_EVIDENCE","a durable per-ID corrected-logic rescreen disposition for CRP-LSRC-0335 - no register section, work-order ledger, catalogue field or SOURCE_CAPTURES evidence package in this workspace records one","ADMINISTRATIVE_RECONCILIATION; REPORT_FORMAT_AND_APPLICATION_DEPENDENCIES; READINESS_FOR_DETERMINISTIC_EVALUATION","NO"
"CRP-LSRC-0336","AUTHORITY_RECORD","F2","CONSUMER_CREDIT_REGISTRY","Consumer Reporting Act (Nova Scotia), R.S.N.S. 1989, c. 93","NOT RECORDED","NS","EXACT","CA","CA-NS","OWNER_ACCEPTED_LEGAL_AUTHORITY","STATUTE_OR_REGULATION","NOT_ESTABLISHED","NOT_ESTABLISHED","","","LEGACY_OPERATIONAL_MAPPING_NOT_ESTABLISHED; REGISTER_DISPOSITION_UNRESOLVED; DUPLICATE_IDENTITY_BOOKKEEPING","LOCATOR_OR_EFFECTIVE_INFORMATION_NOT_RECORDED; PRIOR_REVIEW_RECORD_NOT_HELD_IN_THIS_WORKSPACE; FORMAL_EDITION_OR_HISTORICAL_VERSION_NOT_RECORDED","UNRESOLVED","BLOCKED_MISSING_EVIDENCE","a durable per-ID corrected-logic rescreen disposition for CRP-LSRC-0336 - no register section, work-order ledger, catalogue field or SOURCE_CAPTURES evidence package in this workspace records one","ADMINISTRATIVE_RECONCILIATION; REPORT_FORMAT_AND_APPLICATION_DEPENDENCIES; READINESS_FOR_DETERMINISTIC_EVALUATION","NO"
"CRP-LSRC-0337","AUTHORITY_RECORD","F2","CONSUMER_CREDIT_REGISTRY","Consumer Reporting Act (Ontario), R.S.O. 1990, c. C.33","NOT RECORDED","ON","EXACT","CA","CA-ON","OWNER_ACCEPTED_LEGAL_AUTHORITY","STATUTE_OR_REGULATION","NOT_ESTABLISHED","NOT_ESTABLISHED","","","LEGACY_OPERATIONAL_MAPPING_NOT_ESTABLISHED; REGISTER_DISPOSITION_UNRESOLVED; DUPLICATE_IDENTITY_BOOKKEEPING","LOCATOR_OR_EFFECTIVE_INFORMATION_NOT_RECORDED; PRIOR_REVIEW_RECORD_NOT_HELD_IN_THIS_WORKSPACE; FORMAL_EDITION_OR_HISTORICAL_VERSION_NOT_RECORDED","UNRESOLVED","BLOCKED_MISSING_EVIDENCE","a durable per-ID corrected-logic rescreen disposition for CRP-LSRC-0337 - no register section, work-order ledger, catalogue field or SOURCE_CAPTURES evidence package in this workspace records one","ADMINISTRATIVE_RECONCILIATION; REPORT_FORMAT_AND_APPLICATION_DEPENDENCIES; READINESS_FOR_DETERMINISTIC_EVALUATION","NO"
"CRP-LSRC-0338","AUTHORITY_RECORD","F2","CONSUMER_CREDIT_REGISTRY","Business Practices and Consumer Protection Act (British Columbia), S.B.C. 2004, c. 2 — Part 6, Credit Reporting (the Credit Reporting Act, R.S.B.C. 1996, c. 81, was repealed 4 July 2004 and is kept here as the record)","NOT RECORDED","BC","EXACT","CA","CA-BC","OWNER_ACCEPTED_LEGAL_AUTHORITY","STATUTE_OR_REGULATION","NOT_ESTABLISHED","NOT_ESTABLISHED","","","LEGACY_OPERATIONAL_MAPPING_NOT_ESTABLISHED; REGISTER_DISPOSITION_UNRESOLVED","LOCATOR_OR_EFFECTIVE_INFORMATION_NOT_RECORDED; PRIOR_REVIEW_RECORD_NOT_HELD_IN_THIS_WORKSPACE; FORMAL_EDITION_OR_HISTORICAL_VERSION_NOT_RECORDED","UNRESOLVED","BLOCKED_MISSING_EVIDENCE","a durable per-ID corrected-logic rescreen disposition for CRP-LSRC-0338 - no register section, work-order ledger, catalogue field or SOURCE_CAPTURES evidence package in this workspace records one","ADMINISTRATIVE_RECONCILIATION; REPORT_FORMAT_AND_APPLICATION_DEPENDENCIES; READINESS_FOR_DETERMINISTIC_EVALUATION","NO"
"CRP-LSRC-0339","AUTHORITY_RECORD","F2","CONSUMER_CREDIT_REGISTRY","Consumer Protection Act (Alberta), R.S.A. 2000, c. C-26.3","NOT RECORDED","AB","EXACT","CA","CA-AB","OWNER_ACCEPTED_LEGAL_AUTHORITY","STATUTE_OR_REGULATION","NOT_ESTABLISHED","NOT_ESTABLISHED","","","LEGACY_OPERATIONAL_MAPPING_NOT_ESTABLISHED; REGISTER_DISPOSITION_UNRESOLVED","LOCATOR_OR_EFFECTIVE_INFORMATION_NOT_RECORDED; PRIOR_REVIEW_RECORD_NOT_HELD_IN_THIS_WORKSPACE; FORMAL_EDITION_OR_HISTORICAL_VERSION_NOT_RECORDED","UNRESOLVED","BLOCKED_MISSING_EVIDENCE","a durable per-ID corrected-logic rescreen disposition for CRP-LSRC-0339 - no register section, work-order ledger, catalogue field or SOURCE_CAPTURES evidence package in this workspace records one","ADMINISTRATIVE_RECONCILIATION; REPORT_FORMAT_AND_APPLICATION_DEPENDENCIES; READINESS_FOR_DETERMINISTIC_EVALUATION","NO"
"CRP-LSRC-0340","AUTHORITY_RECORD","F2","CONSUMER_CREDIT_REGISTRY","Credit Reporting Act (Saskatchewan), S.S. 2004, c. C-43.2","NOT RECORDED","SK","EXACT","CA","CA-SK","OWNER_ACCEPTED_LEGAL_AUTHORITY","STATUTE_OR_REGULATION","NOT_ESTABLISHED","NOT_ESTABLISHED","","","LEGACY_OPERATIONAL_MAPPING_NOT_ESTABLISHED; REGISTER_DISPOSITION_UNRESOLVED","LOCATOR_OR_EFFECTIVE_INFORMATION_NOT_RECORDED; PRIOR_REVIEW_RECORD_NOT_HELD_IN_THIS_WORKSPACE; FORMAL_EDITION_OR_HISTORICAL_VERSION_NOT_RECORDED","UNRESOLVED","BLOCKED_MISSING_EVIDENCE","a durable per-ID corrected-logic rescreen disposition for CRP-LSRC-0340 - no register section, work-order ledger, catalogue field or SOURCE_CAPTURES evidence package in this workspace records one","ADMINISTRATIVE_RECONCILIATION; REPORT_FORMAT_AND_APPLICATION_DEPENDENCIES; READINESS_FOR_DETERMINISTIC_EVALUATION","NO"
"CRP-LSRC-0341","AUTHORITY_RECORD","F10","UNCLASSIFIED_SOURCE_FAMILY","Consumer Protection Act (Manitoba), C.C.S.M. c. C200 (no consumer-reporting provisions)","NOT RECORDED","MB","EXACT","CA","CA-MB","OWNER_ACCEPTED_LEGAL_AUTHORITY","STATUTE_OR_REGULATION","NOT_ESTABLISHED","NOT_ESTABLISHED","","","LEGACY_OPERATIONAL_MAPPING_NOT_ESTABLISHED; REGISTER_DISPOSITION_UNRESOLVED","LOCATOR_OR_EFFECTIVE_INFORMATION_NOT_RECORDED; PRIOR_REVIEW_RECORD_NOT_HELD_IN_THIS_WORKSPACE; FORMAL_EDITION_OR_HISTORICAL_VERSION_NOT_RECORDED","UNRESOLVED","BLOCKED_MISSING_EVIDENCE","a durable per-ID corrected-logic rescreen disposition for CRP-LSRC-0341 - no register section, work-order ledger, catalogue field or SOURCE_CAPTURES evidence package in this workspace records one","ADMINISTRATIVE_RECONCILIATION; REPORT_FORMAT_AND_APPLICATION_DEPENDENCIES; READINESS_FOR_DETERMINISTIC_EVALUATION","NO"
"CRP-LSRC-0342","AUTHORITY_RECORD","F2","CONSUMER_CREDIT_REGISTRY","Consumer Protection Act (Quebec), CQLR c. P-40.1","NOT RECORDED","QC","EXACT","CA","CA-QC","OWNER_ACCEPTED_LEGAL_AUTHORITY","STATUTE_OR_REGULATION","NOT_ESTABLISHED","NOT_ESTABLISHED","","","LEGACY_OPERATIONAL_MAPPING_NOT_ESTABLISHED; REGISTER_DISPOSITION_UNRESOLVED","LOCATOR_OR_EFFECTIVE_INFORMATION_NOT_RECORDED; PRIOR_REVIEW_RECORD_NOT_HELD_IN_THIS_WORKSPACE; FORMAL_EDITION_OR_HISTORICAL_VERSION_NOT_RECORDED","UNRESOLVED","BLOCKED_MISSING_EVIDENCE","a durable per-ID corrected-logic rescreen disposition for CRP-LSRC-0342 - no register section, work-order ledger, catalogue field or SOURCE_CAPTURES evidence package in this workspace records one","ADMINISTRATIVE_RECONCILIATION; REPORT_FORMAT_AND_APPLICATION_DEPENDENCIES; READINESS_FOR_DETERMINISTIC_EVALUATION","NO"
"CRP-LSRC-0343","AUTHORITY_RECORD","F2","CONSUMER_CREDIT_REGISTRY","Credit Reporting Services Act (New Brunswick), S.N.B. 2017, c. 27","NOT RECORDED","NB","EXACT","CA","CA-NB","OWNER_ACCEPTED_LEGAL_AUTHORITY","STATUTE_OR_REGULATION","NOT_ESTABLISHED","NOT_ESTABLISHED","","","LEGACY_OPERATIONAL_MAPPING_NOT_ESTABLISHED; REGISTER_DISPOSITION_UNRESOLVED","LOCATOR_OR_EFFECTIVE_INFORMATION_NOT_RECORDED; PRIOR_REVIEW_RECORD_NOT_HELD_IN_THIS_WORKSPACE; FORMAL_EDITION_OR_HISTORICAL_VERSION_NOT_RECORDED","UNRESOLVED","BLOCKED_MISSING_EVIDENCE","a durable per-ID corrected-logic rescreen disposition for CRP-LSRC-0343 - no register section, work-order ledger, catalogue field or SOURCE_CAPTURES evidence package in this workspace records one","ADMINISTRATIVE_RECONCILIATION; REPORT_FORMAT_AND_APPLICATION_DEPENDENCIES; READINESS_FOR_DETERMINISTIC_EVALUATION","NO"
"CRP-LSRC-0344","AUTHORITY_RECORD","F2","CONSUMER_CREDIT_REGISTRY","Consumer Protection and Business Practices Act (Newfoundland and Labrador), S.N.L. 2009, c. C-31.1 — Part VI, Credit Reports (the Consumer Reporting Agencies Act, R.S.N.L. 1990, c. C-32, was repealed by 2009, c. C-31.1, s. 112)","NOT RECORDED","NL","EXACT","CA","CA-NL","OWNER_ACCEPTED_LEGAL_AUTHORITY","STATUTE_OR_REGULATION","NOT_ESTABLISHED","NOT_ESTABLISHED","","","LEGACY_OPERATIONAL_MAPPING_NOT_ESTABLISHED; REGISTER_DISPOSITION_UNRESOLVED","LOCATOR_OR_EFFECTIVE_INFORMATION_NOT_RECORDED; PRIOR_REVIEW_RECORD_NOT_HELD_IN_THIS_WORKSPACE; FORMAL_EDITION_OR_HISTORICAL_VERSION_NOT_RECORDED","UNRESOLVED","BLOCKED_MISSING_EVIDENCE","a durable per-ID corrected-logic rescreen disposition for CRP-LSRC-0344 - no register section, work-order ledger, catalogue field or SOURCE_CAPTURES evidence package in this workspace records one","ADMINISTRATIVE_RECONCILIATION; REPORT_FORMAT_AND_APPLICATION_DEPENDENCIES; READINESS_FOR_DETERMINISTIC_EVALUATION","NO"
"CRP-LSRC-0345","AUTHORITY_RECORD","F2","CONSUMER_CREDIT_REGISTRY","Consumer Reporting Act (Prince Edward Island), R.S.P.E.I. 1988, c. C-20","NOT RECORDED","PE","EXACT","CA","CA-PE","OWNER_ACCEPTED_LEGAL_AUTHORITY","STATUTE_OR_REGULATION","NOT_ESTABLISHED","NOT_ESTABLISHED","","","LEGACY_OPERATIONAL_MAPPING_NOT_ESTABLISHED; REGISTER_DISPOSITION_UNRESOLVED","LOCATOR_OR_EFFECTIVE_INFORMATION_NOT_RECORDED; PRIOR_REVIEW_RECORD_NOT_HELD_IN_THIS_WORKSPACE; FORMAL_EDITION_OR_HISTORICAL_VERSION_NOT_RECORDED","UNRESOLVED","BLOCKED_MISSING_EVIDENCE","a durable per-ID corrected-logic rescreen disposition for CRP-LSRC-0345 - no register section, work-order ledger, catalogue field or SOURCE_CAPTURES evidence package in this workspace records one","ADMINISTRATIVE_RECONCILIATION; REPORT_FORMAT_AND_APPLICATION_DEPENDENCIES; READINESS_FOR_DETERMINISTIC_EVALUATION","NO"
"CRP-LSRC-0346","AUTHORITY_RECORD","F2","CONSUMER_CREDIT_REGISTRY","Consumer Reporting Act (Yukon), R.S.Y. 2002, c. 41 (unevidenced)","NOT RECORDED","YT","EXACT","CA","CA-YT","OWNER_ACCEPTED_LEGAL_AUTHORITY","STATUTE_OR_REGULATION","NOT_ESTABLISHED","NOT_ESTABLISHED","","","LEGACY_OPERATIONAL_MAPPING_NOT_ESTABLISHED; REGISTER_DISPOSITION_UNRESOLVED","LOCATOR_OR_EFFECTIVE_INFORMATION_NOT_RECORDED; PRIOR_REVIEW_RECORD_NOT_HELD_IN_THIS_WORKSPACE; FORMAL_EDITION_OR_HISTORICAL_VERSION_NOT_RECORDED","UNRESOLVED","BLOCKED_MISSING_EVIDENCE","a durable per-ID corrected-logic rescreen disposition for CRP-LSRC-0346 - no register section, work-order ledger, catalogue field or SOURCE_CAPTURES evidence package in this workspace records one","ADMINISTRATIVE_RECONCILIATION; REPORT_FORMAT_AND_APPLICATION_DEPENDENCIES; READINESS_FOR_DETERMINISTIC_EVALUATION","NO"
"CRP-LSRC-0347","AUTHORITY_RECORD","F2","CONSUMER_CREDIT_REGISTRY","Consumer Reporting Act (Northwest Territories), R.S.N.W.T. 1988, c. C-18 (unevidenced)","NOT RECORDED","NT","EXACT","CA","CA-NT","OWNER_ACCEPTED_LEGAL_AUTHORITY","STATUTE_OR_REGULATION","NOT_ESTABLISHED","NOT_ESTABLISHED","","","LEGACY_OPERATIONAL_MAPPING_NOT_ESTABLISHED; REGISTER_DISPOSITION_UNRESOLVED","LOCATOR_OR_EFFECTIVE_INFORMATION_NOT_RECORDED; PRIOR_REVIEW_RECORD_NOT_HELD_IN_THIS_WORKSPACE; FORMAL_EDITION_OR_HISTORICAL_VERSION_NOT_RECORDED","UNRESOLVED","BLOCKED_MISSING_EVIDENCE","a durable per-ID corrected-logic rescreen disposition for CRP-LSRC-0347 - no register section, work-order ledger, catalogue field or SOURCE_CAPTURES evidence package in this workspace records one","ADMINISTRATIVE_RECONCILIATION; REPORT_FORMAT_AND_APPLICATION_DEPENDENCIES; READINESS_FOR_DETERMINISTIC_EVALUATION","NO"
"CRP-LSRC-0348","AUTHORITY_RECORD","F2","CONSUMER_CREDIT_REGISTRY","Consumer Reporting Act (Nunavut), R.S.N.W.T. (Nu) 1988, c. C-18 (unevidenced)","NOT RECORDED","NU","EXACT","CA","CA-NU","OWNER_ACCEPTED_LEGAL_AUTHORITY","STATUTE_OR_REGULATION","NOT_ESTABLISHED","NOT_ESTABLISHED","","","LEGACY_OPERATIONAL_MAPPING_NOT_ESTABLISHED; REGISTER_DISPOSITION_UNRESOLVED","LOCATOR_OR_EFFECTIVE_INFORMATION_NOT_RECORDED; PRIOR_REVIEW_RECORD_NOT_HELD_IN_THIS_WORKSPACE; FORMAL_EDITION_OR_HISTORICAL_VERSION_NOT_RECORDED","UNRESOLVED","BLOCKED_MISSING_EVIDENCE","a durable per-ID corrected-logic rescreen disposition for CRP-LSRC-0348 - no register section, work-order ledger, catalogue field or SOURCE_CAPTURES evidence package in this workspace records one","ADMINISTRATIVE_RECONCILIATION; REPORT_FORMAT_AND_APPLICATION_DEPENDENCIES; READINESS_FOR_DETERMINISTIC_EVALUATION","NO"
"CRP-LSRC-0349","AUTHORITY_RECORD","F2","CONSUMER_CREDIT_REGISTRY","Consumer Reporting Act (Nova Scotia), R.S.N.S. 1989, c. 93","NOT RECORDED","`CANADA_NOVA_SCOTIA` (`CA-NS`)","EXACT","CA","CA-NS","OWNER_ACCEPTED_LEGAL_AUTHORITY","STATUTE_OR_REGULATION","ESTABLISHED","LEGACY_AUTHORITY_SOURCE_URL_EXACT","ca-ns.cra","","REGISTER_DISPOSITION_UNRESOLVED; DUPLICATE_IDENTITY_BOOKKEEPING","LOCATOR_OR_EFFECTIVE_INFORMATION_NOT_RECORDED; PRIOR_REVIEW_RECORD_NOT_HELD_IN_THIS_WORKSPACE; FORMAL_EDITION_OR_HISTORICAL_VERSION_NOT_RECORDED","UNRESOLVED","BLOCKED_MISSING_EVIDENCE","a durable per-ID corrected-logic rescreen disposition for CRP-LSRC-0349 - no register section, work-order ledger, catalogue field or SOURCE_CAPTURES evidence package in this workspace records one","REPORT_FORMAT_AND_APPLICATION_DEPENDENCIES; READINESS_FOR_DETERMINISTIC_EVALUATION","NO"
"CRP-LSRC-0350","AUTHORITY_RECORD","F1","LIMITATION_OR_RETENTION","Limitation of Actions Act (Nova Scotia), S.N.S. 2014, c. 35","NOT RECORDED","`CANADA_NOVA_SCOTIA` (`CA-NS`)","EXACT","CA","CA-NS","OWNER_ACCEPTED_LEGAL_AUTHORITY","STATUTE_OR_REGULATION","ESTABLISHED","LEGACY_AUTHORITY_SOURCE_URL_EXACT","ca-ns.cra","","REGISTER_DISPOSITION_UNRESOLVED","LOCATOR_OR_EFFECTIVE_INFORMATION_NOT_RECORDED; PRIOR_REVIEW_RECORD_NOT_HELD_IN_THIS_WORKSPACE; FORMAL_EDITION_OR_HISTORICAL_VERSION_NOT_RECORDED","UNRESOLVED","BLOCKED_MISSING_EVIDENCE","a durable per-ID corrected-logic rescreen disposition for CRP-LSRC-0350 - no register section, work-order ledger, catalogue field or SOURCE_CAPTURES evidence package in this workspace records one","REPORT_FORMAT_AND_APPLICATION_DEPENDENCIES; READINESS_FOR_DETERMINISTIC_EVALUATION","NO"
"CRP-LSRC-0351","AUTHORITY_RECORD","F2","CONSUMER_CREDIT_REGISTRY","Consumer Reporting Act (Ontario), R.S.O. 1990, c. C.33","NOT RECORDED","`CANADA_ONTARIO` (`CA-ON`)","EXACT","CA","CA-ON","OWNER_ACCEPTED_LEGAL_AUTHORITY","STATUTE_OR_REGULATION","ESTABLISHED","LEGACY_AUTHORITY_SOURCE_URL_EXACT","ca-ns.cra","","REGISTER_DISPOSITION_UNRESOLVED; DUPLICATE_IDENTITY_BOOKKEEPING","LOCATOR_OR_EFFECTIVE_INFORMATION_NOT_RECORDED; PRIOR_REVIEW_RECORD_NOT_HELD_IN_THIS_WORKSPACE; FORMAL_EDITION_OR_HISTORICAL_VERSION_NOT_RECORDED","UNRESOLVED","BLOCKED_MISSING_EVIDENCE","a durable per-ID corrected-logic rescreen disposition for CRP-LSRC-0351 - no register section, work-order ledger, catalogue field or SOURCE_CAPTURES evidence package in this workspace records one","REPORT_FORMAT_AND_APPLICATION_DEPENDENCIES; READINESS_FOR_DETERMINISTIC_EVALUATION","NO"
"CRP-LSRC-0352","CONTENT_RULE","F1","LIMITATION_OR_RETENTION","Consumer Reporting Act (Nova Scotia), R.S.N.S. 1989, c. 93","`s. 10(3)(c) — a consumer reporting agency shall not include in a consumer report 'information …'` (recorded provision label; quoted wording withheld)","NS","EXACT","CA","CA-NS","OWNER_ACCEPTED_LEGAL_AUTHORITY","STATUTE_OR_REGULATION","ESTABLISHED","LEGACY_SECTION_NUMERIC_CORE_WITH_JURISDICTION_AGREEMENT","ns.adverse_info.6y","","REGISTER_DISPOSITION_UNRESOLVED","PRIOR_REVIEW_RECORD_NOT_HELD_IN_THIS_WORKSPACE; FORMAL_EDITION_OR_HISTORICAL_VERSION_NOT_RECORDED","UNRESOLVED","BLOCKED_MISSING_EVIDENCE","a durable per-ID corrected-logic rescreen disposition for CRP-LSRC-0352 - no register section, work-order ledger, catalogue field or SOURCE_CAPTURES evidence package in this workspace records one","REPORT_FORMAT_AND_APPLICATION_DEPENDENCIES; READINESS_FOR_DETERMINISTIC_EVALUATION","NO"
"CRP-LSRC-0353","CONTENT_RULE","F1","LIMITATION_OR_RETENTION","Consumer Reporting Act (Nova Scotia), R.S.N.S. 1989, c. 93","`s. 10(e) — no consumer report may include 'information as to the bankruptcy of a consumer afte…'` (recorded provision label; quoted wording withheld)","NS","EXACT","CA","CA-NS","OWNER_ACCEPTED_LEGAL_AUTHORITY","STATUTE_OR_REGULATION","ESTABLISHED","LEGACY_SECTION_TOKEN_NAMED_BY_CATALOGUE_NOTE","ns.bankruptcy.6y","","REGISTER_DISPOSITION_UNRESOLVED","LOCATOR_OR_EFFECTIVE_INFORMATION_NOT_RECORDED; PRIOR_REVIEW_RECORD_NOT_HELD_IN_THIS_WORKSPACE; FORMAL_EDITION_OR_HISTORICAL_VERSION_NOT_RECORDED","UNRESOLVED","BLOCKED_MISSING_EVIDENCE","a durable per-ID corrected-logic rescreen disposition for CRP-LSRC-0353 - no register section, work-order ledger, catalogue field or SOURCE_CAPTURES evidence package in this workspace records one","REPORT_FORMAT_AND_APPLICATION_DEPENDENCIES; READINESS_FOR_DETERMINISTIC_EVALUATION","NO"
"CRP-LSRC-0354","CONTENT_RULE","F1","LIMITATION_OR_RETENTION","Consumer Reporting Act (Nova Scotia), R.S.N.S. 1989, c. 93 (`ca-ns.cra`)","s. 10(3)(c)","CA-NS","EXACT","CA","CA-NS","OWNER_ACCEPTED_LEGAL_AUTHORITY","STATUTE_OR_REGULATION","ESTABLISHED","LEGACY_RULE_PROVISION_EXACT","ca-ns.cra.s10_3_c.debt_retention_6y","","REGISTER_DISPOSITION_UNRESOLVED","LOCATOR_OR_EFFECTIVE_INFORMATION_NOT_RECORDED; PRIOR_REVIEW_RECORD_NOT_HELD_IN_THIS_WORKSPACE; FORMAL_EDITION_OR_HISTORICAL_VERSION_NOT_RECORDED","UNRESOLVED","BLOCKED_MISSING_EVIDENCE","exact report representation and field mapping for Nova Scotia Credit Reporting Act s 10(3)(c) - the exact presentation mapping to the last-payment event, preserving the last-payment-date and no-payment/default-date alternatives","REPORT_FORMAT_AND_APPLICATION_DEPENDENCIES; READINESS_FOR_DETERMINISTIC_EVALUATION","NO"
"CRP-LSRC-0355","CONTENT_RULE","F7","PUBLIC_RECORD_OR_JUDGMENT","same","s. 10(3)(ca)","CA-NS","EXACT","CA","CA-NS","OWNER_ACCEPTED_LEGAL_AUTHORITY","SCREEN_INCONCLUSIVE","ESTABLISHED","LEGACY_RULE_PROVISION_EXACT","ca-ns.cra.s10_3_ca.judgment_retention_6y","","INSTRUMENT_CLASS_CONFIRMATION; REGISTER_DISPOSITION_UNRESOLVED","LOCATOR_OR_EFFECTIVE_INFORMATION_NOT_RECORDED; PRIOR_REVIEW_RECORD_NOT_HELD_IN_THIS_WORKSPACE; FORMAL_EDITION_OR_HISTORICAL_VERSION_NOT_RECORDED","UNRESOLVED","BLOCKED_MISSING_EVIDENCE","a durable per-ID corrected-logic rescreen disposition for CRP-LSRC-0355 - no register section, work-order ledger, catalogue field or SOURCE_CAPTURES evidence package in this workspace records one","ADMINISTRATIVE_RECONCILIATION; REPORT_FORMAT_AND_APPLICATION_DEPENDENCIES; READINESS_FOR_DETERMINISTIC_EVALUATION","NO"
"CRP-LSRC-0356","CONTENT_RULE","F7","PUBLIC_RECORD_OR_JUDGMENT","same","s. 10(3)(da)","CA-NS","EXACT","CA","CA-NS","OWNER_ACCEPTED_LEGAL_AUTHORITY","SCREEN_INCONCLUSIVE","ESTABLISHED","LEGACY_RULE_PROVISION_EXACT","ca-ns.cra.s10_3_da.court_proceedings_6y_12m","","INSTRUMENT_CLASS_CONFIRMATION; REGISTER_DISPOSITION_UNRESOLVED","LOCATOR_OR_EFFECTIVE_INFORMATION_NOT_RECORDED; PRIOR_REVIEW_RECORD_NOT_HELD_IN_THIS_WORKSPACE; FORMAL_EDITION_OR_HISTORICAL_VERSION_NOT_RECORDED","UNRESOLVED","BLOCKED_MISSING_EVIDENCE","a durable per-ID corrected-logic rescreen disposition for CRP-LSRC-0356 - no register section, work-order ledger, catalogue field or SOURCE_CAPTURES evidence package in this workspace records one","ADMINISTRATIVE_RECONCILIATION; REPORT_FORMAT_AND_APPLICATION_DEPENDENCIES; READINESS_FOR_DETERMINISTIC_EVALUATION","NO"
"CRP-LSRC-0357","CONTENT_RULE","F1","LIMITATION_OR_RETENTION","same","s. 10(3)(e)","CA-NS","EXACT","CA","CA-NS","OWNER_ACCEPTED_LEGAL_AUTHORITY","SCREEN_INCONCLUSIVE","ESTABLISHED","LEGACY_RULE_PROVISION_EXACT","ca-ns.cra.s10_3_e.bankruptcy_retention_6y","","INSTRUMENT_CLASS_CONFIRMATION; REGISTER_DISPOSITION_UNRESOLVED","LOCATOR_OR_EFFECTIVE_INFORMATION_NOT_RECORDED; PRIOR_REVIEW_RECORD_NOT_HELD_IN_THIS_WORKSPACE; FORMAL_EDITION_OR_HISTORICAL_VERSION_NOT_RECORDED","UNRESOLVED","BLOCKED_MISSING_EVIDENCE","a durable per-ID corrected-logic rescreen disposition for CRP-LSRC-0357 - no register section, work-order ledger, catalogue field or SOURCE_CAPTURES evidence package in this workspace records one","ADMINISTRATIVE_RECONCILIATION; REPORT_FORMAT_AND_APPLICATION_DEPENDENCIES; READINESS_FOR_DETERMINISTIC_EVALUATION","NO"
"CRP-LSRC-0358","CONTENT_RULE","F7","PUBLIC_RECORD_OR_JUDGMENT","same","s. 10(3)(f)","CA-NS","EXACT","CA","CA-NS","OWNER_ACCEPTED_LEGAL_AUTHORITY","SCREEN_INCONCLUSIVE","ESTABLISHED","LEGACY_RULE_PROVISION_EXACT","ca-ns.cra.s10_3_f.dismissed_charges","","INSTRUMENT_CLASS_CONFIRMATION; REGISTER_DISPOSITION_UNRESOLVED","LOCATOR_OR_EFFECTIVE_INFORMATION_NOT_RECORDED; PRIOR_REVIEW_RECORD_NOT_HELD_IN_THIS_WORKSPACE; FORMAL_EDITION_OR_HISTORICAL_VERSION_NOT_RECORDED","UNRESOLVED","BLOCKED_MISSING_EVIDENCE","a durable per-ID corrected-logic rescreen disposition for CRP-LSRC-0358 - no register section, work-order ledger, catalogue field or SOURCE_CAPTURES evidence package in this workspace records one","ADMINISTRATIVE_RECONCILIATION; REPORT_FORMAT_AND_APPLICATION_DEPENDENCIES; READINESS_FOR_DETERMINISTIC_EVALUATION","NO"
"CRP-LSRC-0359","CONTENT_RULE","F7","PUBLIC_RECORD_OR_JUDGMENT","same","s. 10(3)(g)","CA-NS","EXACT","CA","CA-NS","OWNER_ACCEPTED_LEGAL_AUTHORITY","SCREEN_INCONCLUSIVE","ESTABLISHED","LEGACY_RULE_PROVISION_EXACT","ca-ns.cra.s10_3_g.convictions_7y","","INSTRUMENT_CLASS_CONFIRMATION; REGISTER_DISPOSITION_UNRESOLVED","LOCATOR_OR_EFFECTIVE_INFORMATION_NOT_RECORDED; PRIOR_REVIEW_RECORD_NOT_HELD_IN_THIS_WORKSPACE; FORMAL_EDITION_OR_HISTORICAL_VERSION_NOT_RECORDED","UNRESOLVED","BLOCKED_MISSING_EVIDENCE","a durable per-ID corrected-logic rescreen disposition for CRP-LSRC-0359 - no register section, work-order ledger, catalogue field or SOURCE_CAPTURES evidence package in this workspace records one","ADMINISTRATIVE_RECONCILIATION; REPORT_FORMAT_AND_APPLICATION_DEPENDENCIES; READINESS_FOR_DETERMINISTIC_EVALUATION","NO"
"CRP-LSRC-0360","CONTENT_RULE","F1","LIMITATION_OR_RETENTION","same","s. 10(3)(ha)","CA-NS","EXACT","CA","CA-NS","OWNER_ACCEPTED_LEGAL_AUTHORITY","SCREEN_INCONCLUSIVE","ESTABLISHED","LEGACY_RULE_PROVISION_EXACT","ca-ns.cra.s10_3_ha.adverse_info_6y","","INSTRUMENT_CLASS_CONFIRMATION; REGISTER_DISPOSITION_UNRESOLVED","LOCATOR_OR_EFFECTIVE_INFORMATION_NOT_RECORDED; PRIOR_REVIEW_RECORD_NOT_HELD_IN_THIS_WORKSPACE; FORMAL_EDITION_OR_HISTORICAL_VERSION_NOT_RECORDED","UNRESOLVED","BLOCKED_MISSING_EVIDENCE","a durable per-ID corrected-logic rescreen disposition for CRP-LSRC-0360 - no register section, work-order ledger, catalogue field or SOURCE_CAPTURES evidence package in this workspace records one","ADMINISTRATIVE_RECONCILIATION; REPORT_FORMAT_AND_APPLICATION_DEPENDENCIES; READINESS_FOR_DETERMINISTIC_EVALUATION","NO"
"CRP-LSRC-0361","CONTENT_RULE","F1","LIMITATION_OR_RETENTION","Limitation of Actions Act (Nova Scotia), S.N.S. 2014, c. 35 (`ca-ns.laa`)","s. 8(1)","CA-NS","EXACT","CA","CA-NS","OWNER_ACCEPTED_LEGAL_AUTHORITY","STATUTE_OR_REGULATION","ESTABLISHED","LEGACY_RULE_PROVISION_EXACT","ca-ns.laa.s8_1.claim_earlier_of_2y_discovery_15y_act","","REGISTER_DISPOSITION_UNRESOLVED","LOCATOR_OR_EFFECTIVE_INFORMATION_NOT_RECORDED; PRIOR_REVIEW_RECORD_NOT_HELD_IN_THIS_WORKSPACE; FORMAL_EDITION_OR_HISTORICAL_VERSION_NOT_RECORDED","UNRESOLVED","BLOCKED_MISSING_EVIDENCE","a durable per-ID corrected-logic rescreen disposition for CRP-LSRC-0361 - no register section, work-order ledger, catalogue field or SOURCE_CAPTURES evidence package in this workspace records one","REPORT_FORMAT_AND_APPLICATION_DEPENDENCIES; READINESS_FOR_DETERMINISTIC_EVALUATION","NO"
"CRP-LSRC-0362","CONTENT_RULE","F4","REPORT_ACCURACY_OR_COMPLETENESS","Consumer Reporting Act (Ontario), R.S.O. 1990, c. C.33 (`ca-on.cra`)","s. 9(3)(a)","CA-ON","EXACT","CA","CA-ON","OWNER_ACCEPTED_LEGAL_AUTHORITY","STATUTE_OR_REGULATION","ESTABLISHED","LEGACY_RULE_PROVISION_EXACT","ca-on.cra.s9_3_a.best_evidence_basis","","REGISTER_DISPOSITION_UNRESOLVED","LOCATOR_OR_EFFECTIVE_INFORMATION_NOT_RECORDED; PRIOR_REVIEW_RECORD_NOT_HELD_IN_THIS_WORKSPACE; FORMAL_EDITION_OR_HISTORICAL_VERSION_NOT_RECORDED","UNRESOLVED","BLOCKED_MISSING_EVIDENCE","a durable per-ID corrected-logic rescreen disposition for CRP-LSRC-0362 - no register section, work-order ledger, catalogue field or SOURCE_CAPTURES evidence package in this workspace records one","REPORT_FORMAT_AND_APPLICATION_DEPENDENCIES; READINESS_FOR_DETERMINISTIC_EVALUATION","NO"
"CRP-LSRC-0363","CONTENT_RULE","F4","REPORT_ACCURACY_OR_COMPLETENESS","same","s. 9(3)(b)","CA-ON","EXACT","CA","CA-ON","OWNER_ACCEPTED_LEGAL_AUTHORITY","SCREEN_INCONCLUSIVE","ESTABLISHED","LEGACY_RULE_PROVISION_EXACT","ca-on.cra.s9_3_b.corroboration_duty","","INSTRUMENT_CLASS_CONFIRMATION; REGISTER_DISPOSITION_UNRESOLVED","LOCATOR_OR_EFFECTIVE_INFORMATION_NOT_RECORDED; PRIOR_REVIEW_RECORD_NOT_HELD_IN_THIS_WORKSPACE; FORMAL_EDITION_OR_HISTORICAL_VERSION_NOT_RECORDED","UNRESOLVED","BLOCKED_MISSING_EVIDENCE","a durable per-ID corrected-logic rescreen disposition for CRP-LSRC-0363 - no register section, work-order ledger, catalogue field or SOURCE_CAPTURES evidence package in this workspace records one","ADMINISTRATIVE_RECONCILIATION; REPORT_FORMAT_AND_APPLICATION_DEPENDENCIES; READINESS_FOR_DETERMINISTIC_EVALUATION","NO"
"CRP-LSRC-0364","CONTENT_RULE","F7","PUBLIC_RECORD_OR_JUDGMENT","same","s. 9(3)(c)","CA-ON","EXACT","CA","CA-ON","OWNER_ACCEPTED_LEGAL_AUTHORITY","SCREEN_INCONCLUSIVE","ESTABLISHED","LEGACY_RULE_PROVISION_EXACT","ca-on.cra.s9_3_c.judgment_retention_7y","","INSTRUMENT_CLASS_CONFIRMATION; REGISTER_DISPOSITION_UNRESOLVED","LOCATOR_OR_EFFECTIVE_INFORMATION_NOT_RECORDED; PRIOR_REVIEW_RECORD_NOT_HELD_IN_THIS_WORKSPACE; FORMAL_EDITION_OR_HISTORICAL_VERSION_NOT_RECORDED","UNRESOLVED","BLOCKED_MISSING_EVIDENCE","a durable per-ID corrected-logic rescreen disposition for CRP-LSRC-0364 - no register section, work-order ledger, catalogue field or SOURCE_CAPTURES evidence package in this workspace records one","ADMINISTRATIVE_RECONCILIATION; REPORT_FORMAT_AND_APPLICATION_DEPENDENCIES; READINESS_FOR_DETERMINISTIC_EVALUATION","NO"
"CRP-LSRC-0365","CONTENT_RULE","F7","PUBLIC_RECORD_OR_JUDGMENT","same","s. 9(3)(d)","CA-ON","EXACT","CA","CA-ON","OWNER_ACCEPTED_LEGAL_AUTHORITY","SCREEN_INCONCLUSIVE","ESTABLISHED","LEGACY_RULE_PROVISION_EXACT","ca-on.cra.s9_3_d.judgment_mention_content","","INSTRUMENT_CLASS_CONFIRMATION; REGISTER_DISPOSITION_UNRESOLVED","LOCATOR_OR_EFFECTIVE_INFORMATION_NOT_RECORDED; PRIOR_REVIEW_RECORD_NOT_HELD_IN_THIS_WORKSPACE; FORMAL_EDITION_OR_HISTORICAL_VERSION_NOT_RECORDED","UNRESOLVED","BLOCKED_MISSING_EVIDENCE","a durable per-ID corrected-logic rescreen disposition for CRP-LSRC-0365 - no register section, work-order ledger, catalogue field or SOURCE_CAPTURES evidence package in this workspace records one","ADMINISTRATIVE_RECONCILIATION; REPORT_FORMAT_AND_APPLICATION_DEPENDENCIES; READINESS_FOR_DETERMINISTIC_EVALUATION","NO"
"CRP-LSRC-0366","CONTENT_RULE","F1","LIMITATION_OR_RETENTION","same","s. 9(3)(e)","CA-ON","EXACT","CA","CA-ON","OWNER_ACCEPTED_LEGAL_AUTHORITY","SCREEN_INCONCLUSIVE","ESTABLISHED","LEGACY_RULE_PROVISION_EXACT","ca-on.cra.s9_3_e.bankruptcy_retention_7y","","INSTRUMENT_CLASS_CONFIRMATION; REGISTER_DISPOSITION_UNRESOLVED","LOCATOR_OR_EFFECTIVE_INFORMATION_NOT_RECORDED; PRIOR_REVIEW_RECORD_NOT_HELD_IN_THIS_WORKSPACE; FORMAL_EDITION_OR_HISTORICAL_VERSION_NOT_RECORDED","UNRESOLVED","BLOCKED_MISSING_EVIDENCE","a durable per-ID corrected-logic rescreen disposition for CRP-LSRC-0366 - no register section, work-order ledger, catalogue field or SOURCE_CAPTURES evidence package in this workspace records one","ADMINISTRATIVE_RECONCILIATION; REPORT_FORMAT_AND_APPLICATION_DEPENDENCIES; READINESS_FOR_DETERMINISTIC_EVALUATION","NO"
"CRP-LSRC-0367","CONTENT_RULE","F1","LIMITATION_OR_RETENTION","same","s. 9(3)(f)","CA-ON","EXACT","CA","CA-ON","OWNER_ACCEPTED_LEGAL_AUTHORITY","SCREEN_INCONCLUSIVE","ESTABLISHED","LEGACY_RULE_PROVISION_EXACT","ca-on.cra.s9_3_f.debt_or_collection_7y","","INSTRUMENT_CLASS_CONFIRMATION; REGISTER_DISPOSITION_UNRESOLVED","LOCATOR_OR_EFFECTIVE_INFORMATION_NOT_RECORDED; PRIOR_REVIEW_RECORD_NOT_HELD_IN_THIS_WORKSPACE; FORMAL_EDITION_OR_HISTORICAL_VERSION_NOT_RECORDED","UNRESOLVED","BLOCKED_MISSING_EVIDENCE","a durable per-ID corrected-logic rescreen disposition for CRP-LSRC-0367 - no register section, work-order ledger, catalogue field or SOURCE_CAPTURES evidence package in this workspace records one","ADMINISTRATIVE_RECONCILIATION; REPORT_FORMAT_AND_APPLICATION_DEPENDENCIES; READINESS_FOR_DETERMINISTIC_EVALUATION","NO"
"CRP-LSRC-0368","CONTENT_RULE","F7","PUBLIC_RECORD_OR_JUDGMENT","same","s. 9(3)(i)","CA-ON","EXACT","CA","CA-ON","OWNER_ACCEPTED_LEGAL_AUTHORITY","SCREEN_INCONCLUSIVE","ESTABLISHED","LEGACY_RULE_PROVISION_EXACT","ca-on.cra.s9_3_i.writs_actions_7y_12m","","INSTRUMENT_CLASS_CONFIRMATION; REGISTER_DISPOSITION_UNRESOLVED","LOCATOR_OR_EFFECTIVE_INFORMATION_NOT_RECORDED; PRIOR_REVIEW_RECORD_NOT_HELD_IN_THIS_WORKSPACE; FORMAL_EDITION_OR_HISTORICAL_VERSION_NOT_RECORDED","UNRESOLVED","BLOCKED_MISSING_EVIDENCE","a durable per-ID corrected-logic rescreen disposition for CRP-LSRC-0368 - no register section, work-order ledger, catalogue field or SOURCE_CAPTURES evidence package in this workspace records one","ADMINISTRATIVE_RECONCILIATION; REPORT_FORMAT_AND_APPLICATION_DEPENDENCIES; READINESS_FOR_DETERMINISTIC_EVALUATION","NO"
"CRP-LSRC-0369","CONTENT_RULE","F7","PUBLIC_RECORD_OR_JUDGMENT","same","s. 9(3)(j)","CA-ON","EXACT","CA","CA-ON","OWNER_ACCEPTED_LEGAL_AUTHORITY","SCREEN_INCONCLUSIVE","ESTABLISHED","LEGACY_RULE_PROVISION_EXACT","ca-on.cra.s9_3_j.dismissed_charge_content","","INSTRUMENT_CLASS_CONFIRMATION; REGISTER_DISPOSITION_UNRESOLVED","LOCATOR_OR_EFFECTIVE_INFORMATION_NOT_RECORDED; PRIOR_REVIEW_RECORD_NOT_HELD_IN_THIS_WORKSPACE; FORMAL_EDITION_OR_HISTORICAL_VERSION_NOT_RECORDED","UNRESOLVED","BLOCKED_MISSING_EVIDENCE","a durable per-ID corrected-logic rescreen disposition for CRP-LSRC-0369 - no register section, work-order ledger, catalogue field or SOURCE_CAPTURES evidence package in this workspace records one","ADMINISTRATIVE_RECONCILIATION; REPORT_FORMAT_AND_APPLICATION_DEPENDENCIES; READINESS_FOR_DETERMINISTIC_EVALUATION","NO"
"CRP-LSRC-0370","CONTENT_RULE","F1","LIMITATION_OR_RETENTION","same","s. 9(3)(k)","CA-ON","EXACT","CA","CA-ON","OWNER_ACCEPTED_LEGAL_AUTHORITY","SCREEN_INCONCLUSIVE","ESTABLISHED","LEGACY_RULE_PROVISION_EXACT","ca-on.cra.s9_3_k.adverse_item_7y","","INSTRUMENT_CLASS_CONFIRMATION; REGISTER_DISPOSITION_UNRESOLVED","LOCATOR_OR_EFFECTIVE_INFORMATION_NOT_RECORDED; PRIOR_REVIEW_RECORD_NOT_HELD_IN_THIS_WORKSPACE; FORMAL_EDITION_OR_HISTORICAL_VERSION_NOT_RECORDED","UNRESOLVED","BLOCKED_MISSING_EVIDENCE","a durable per-ID corrected-logic rescreen disposition for CRP-LSRC-0370 - no register section, work-order ledger, catalogue field or SOURCE_CAPTURES evidence package in this workspace records one","ADMINISTRATIVE_RECONCILIATION; REPORT_FORMAT_AND_APPLICATION_DEPENDENCIES; READINESS_FOR_DETERMINISTIC_EVALUATION","NO"
"CRP-LSRC-0371","CONTENT_RULE","F10","UNCLASSIFIED_SOURCE_FAMILY","same","s. 9(3)(l)","CA-ON","EXACT","CA","CA-ON","OWNER_ACCEPTED_LEGAL_AUTHORITY","SCREEN_INCONCLUSIVE","ESTABLISHED","LEGACY_RULE_PROVISION_EXACT","ca-on.cra.s9_3_l.prohibited_characteristics","","INSTRUMENT_CLASS_CONFIRMATION; REGISTER_DISPOSITION_UNRESOLVED","LOCATOR_OR_EFFECTIVE_INFORMATION_NOT_RECORDED; PRIOR_REVIEW_RECORD_NOT_HELD_IN_THIS_WORKSPACE; FORMAL_EDITION_OR_HISTORICAL_VERSION_NOT_RECORDED","UNRESOLVED","BLOCKED_MISSING_EVIDENCE","a durable per-ID corrected-logic rescreen disposition for CRP-LSRC-0371 - no register section, work-order ledger, catalogue field or SOURCE_CAPTURES evidence package in this workspace records one","ADMINISTRATIVE_RECONCILIATION; REPORT_FORMAT_AND_APPLICATION_DEPENDENCIES; READINESS_FOR_DETERMINISTIC_EVALUATION","NO"
"CRP-LSRC-0372","CONTENT_RULE","F10","UNCLASSIFIED_SOURCE_FAMILY","same","s. 9(3)(m)","CA-ON","EXACT","CA","CA-ON","OWNER_ACCEPTED_LEGAL_AUTHORITY","SCREEN_INCONCLUSIVE","ESTABLISHED","LEGACY_RULE_PROVISION_EXACT","ca-on.cra.s9_3_m.oral_report_recording","","INSTRUMENT_CLASS_CONFIRMATION; REGISTER_DISPOSITION_UNRESOLVED","LOCATOR_OR_EFFECTIVE_INFORMATION_NOT_RECORDED; PRIOR_REVIEW_RECORD_NOT_HELD_IN_THIS_WORKSPACE; FORMAL_EDITION_OR_HISTORICAL_VERSION_NOT_RECORDED","UNRESOLVED","BLOCKED_MISSING_EVIDENCE","a durable per-ID corrected-logic rescreen disposition for CRP-LSRC-0372 - no register section, work-order ledger, catalogue field or SOURCE_CAPTURES evidence package in this workspace records one","ADMINISTRATIVE_RECONCILIATION; REPORT_FORMAT_AND_APPLICATION_DEPENDENCIES; READINESS_FOR_DETERMINISTIC_EVALUATION","NO"
"CRP-LSRC-0373","CITATION_RECORD","F10","UNCLASSIFIED_SOURCE_FAMILY","Consumer Protection Act (Alberta)","R.S.A. 2000, c. C-26.3, s. [VERIFY]","AB","EXACT","CA","CA-AB","OWNER_ACCEPTED_LEGAL_AUTHORITY","STATUTE_OR_REGULATION","ESTABLISHED_MULTIPLE_RECORDED_ROWS","LEGACY_CITATION_REGISTRY_CITATION_EXACT","CA-ACC-001; CA-ACC-002; CA-ACC-003; CA-ACC-004; CA-ACC-005; CA-ACC-006; CA-CHR-001; CA-CHR-002; CA-CHR-003; CA-COMP-001; CA-COMP-002; CA-COMP-003; CA-COMP-004; CA-COMP-005; CA-COMP-006; CA-COMP-007; CA-COMP-008; CA-COMP-009; CA-DUP-001; CA-DUP-002; CA-DUP-003; CA-JUR-001; CA-LIM-003; CA-SEQ-001; CA-SEQ-002; CA-SEQ-003; CA-SEQ-004; CA-STAT-001; CA-STAT-002; CA-UTIL-001","","SECTION_NOT_VERIFIED_IN_THE_LEGACY_REGISTRY; REGISTER_DISPOSITION_UNRESOLVED","LOCATOR_OR_EFFECTIVE_INFORMATION_NOT_RECORDED; PRIOR_REVIEW_RECORD_NOT_HELD_IN_THIS_WORKSPACE; FORMAL_EDITION_OR_HISTORICAL_VERSION_NOT_RECORDED","UNRESOLVED","BLOCKED_MISSING_EVIDENCE","a durable per-ID corrected-logic rescreen disposition for CRP-LSRC-0373 - no register section, work-order ledger, catalogue field or SOURCE_CAPTURES evidence package in this workspace records one","ADMINISTRATIVE_RECONCILIATION; REPORT_FORMAT_AND_APPLICATION_DEPENDENCIES; READINESS_FOR_DETERMINISTIC_EVALUATION","NO"
"CRP-LSRC-0374","CITATION_RECORD","F1","LIMITATION_OR_RETENTION","Limitations Act (Alberta)","R.S.A. 2000, c. L-12, s. [VERIFY]","AB","EXACT","CA","CA-AB","OWNER_ACCEPTED_LEGAL_AUTHORITY","STATUTE_OR_REGULATION","ESTABLISHED_MULTIPLE_RECORDED_ROWS","LEGACY_CITATION_REGISTRY_CITATION_EXACT","CA-LIM-001; CA-LIM-002","","SECTION_NOT_VERIFIED_IN_THE_LEGACY_REGISTRY; REGISTER_DISPOSITION_UNRESOLVED","LOCATOR_OR_EFFECTIVE_INFORMATION_NOT_RECORDED; PRIOR_REVIEW_RECORD_NOT_HELD_IN_THIS_WORKSPACE; FORMAL_EDITION_OR_HISTORICAL_VERSION_NOT_RECORDED","UNRESOLVED","BLOCKED_MISSING_EVIDENCE","a durable per-ID corrected-logic rescreen disposition for CRP-LSRC-0374 - no register section, work-order ledger, catalogue field or SOURCE_CAPTURES evidence package in this workspace records one","ADMINISTRATIVE_RECONCILIATION; REPORT_FORMAT_AND_APPLICATION_DEPENDENCIES; READINESS_FOR_DETERMINISTIC_EVALUATION","NO"
"CRP-LSRC-0375","CITATION_RECORD","F2","CONSUMER_CREDIT_REGISTRY","Business Practices and Consumer Protection Act (BC)","S.B.C. 2004, c. 2, s. [VERIFY]","BC","EXACT","CA","CA-BC","OWNER_ACCEPTED_LEGAL_AUTHORITY","STATUTE_OR_REGULATION","ESTABLISHED_MULTIPLE_RECORDED_ROWS","LEGACY_CITATION_REGISTRY_CITATION_EXACT","CA-ACC-001; CA-ACC-002; CA-ACC-003; CA-ACC-004; CA-ACC-005; CA-ACC-006; CA-CHR-001; CA-CHR-002; CA-CHR-003; CA-COMP-001; CA-COMP-002; CA-COMP-003; CA-COMP-004; CA-COMP-005; CA-COMP-006; CA-COMP-007; CA-COMP-008; CA-COMP-009; CA-DUP-001; CA-DUP-002; CA-DUP-003; CA-JUR-001; CA-LIM-003; CA-SEQ-001; CA-SEQ-002; CA-SEQ-003; CA-SEQ-004; CA-STAT-001; CA-STAT-002; CA-UTIL-001","","SECTION_NOT_VERIFIED_IN_THE_LEGACY_REGISTRY; REGISTER_DISPOSITION_UNRESOLVED","LOCATOR_OR_EFFECTIVE_INFORMATION_NOT_RECORDED; PRIOR_REVIEW_RECORD_NOT_HELD_IN_THIS_WORKSPACE; FORMAL_EDITION_OR_HISTORICAL_VERSION_NOT_RECORDED","UNRESOLVED","BLOCKED_MISSING_EVIDENCE","a durable per-ID corrected-logic rescreen disposition for CRP-LSRC-0375 - no register section, work-order ledger, catalogue field or SOURCE_CAPTURES evidence package in this workspace records one","ADMINISTRATIVE_RECONCILIATION; REPORT_FORMAT_AND_APPLICATION_DEPENDENCIES; READINESS_FOR_DETERMINISTIC_EVALUATION","NO"
"CRP-LSRC-0376","CITATION_RECORD","F1","LIMITATION_OR_RETENTION","Limitation Act (British Columbia)","S.B.C. 2012, c. 13, s. [VERIFY]","BC","EXACT","CA","CA-BC","OWNER_ACCEPTED_LEGAL_AUTHORITY","STATUTE_OR_REGULATION","ESTABLISHED_MULTIPLE_RECORDED_ROWS","LEGACY_CITATION_REGISTRY_CITATION_EXACT","CA-LIM-001; CA-LIM-002","","SECTION_NOT_VERIFIED_IN_THE_LEGACY_REGISTRY; REGISTER_DISPOSITION_UNRESOLVED","LOCATOR_OR_EFFECTIVE_INFORMATION_NOT_RECORDED; PRIOR_REVIEW_RECORD_NOT_HELD_IN_THIS_WORKSPACE; FORMAL_EDITION_OR_HISTORICAL_VERSION_NOT_RECORDED","UNRESOLVED","BLOCKED_MISSING_EVIDENCE","a durable per-ID corrected-logic rescreen disposition for CRP-LSRC-0376 - no register section, work-order ledger, catalogue field or SOURCE_CAPTURES evidence package in this workspace records one","ADMINISTRATIVE_RECONCILIATION; REPORT_FORMAT_AND_APPLICATION_DEPENDENCIES; READINESS_FOR_DETERMINISTIC_EVALUATION","NO"
"CRP-LSRC-0377","CITATION_RECORD","F2","CONSUMER_CREDIT_REGISTRY","The Personal Investigations Act (Manitoba)","C.C.S.M. c. P34, s. [VERIFY]","MB","EXACT","CA","CA-MB","OWNER_ACCEPTED_LEGAL_AUTHORITY","STATUTE_OR_REGULATION","ESTABLISHED_MULTIPLE_RECORDED_ROWS","LEGACY_CITATION_REGISTRY_CITATION_EXACT","CA-ACC-001; CA-ACC-002; CA-ACC-003; CA-ACC-004; CA-ACC-005; CA-ACC-006; CA-CHR-001; CA-CHR-002; CA-CHR-003; CA-COMP-001; CA-COMP-002; CA-COMP-003; CA-COMP-004; CA-COMP-005; CA-COMP-006; CA-COMP-007; CA-COMP-008; CA-COMP-009; CA-DUP-001; CA-DUP-002; CA-DUP-003; CA-JUR-001; CA-LIM-003; CA-SEQ-001; CA-SEQ-002; CA-SEQ-003; CA-SEQ-004; CA-STAT-001; CA-STAT-002; CA-UTIL-001","","SECTION_NOT_VERIFIED_IN_THE_LEGACY_REGISTRY; REGISTER_DISPOSITION_UNRESOLVED","LOCATOR_OR_EFFECTIVE_INFORMATION_NOT_RECORDED; PRIOR_REVIEW_RECORD_NOT_HELD_IN_THIS_WORKSPACE; FORMAL_EDITION_OR_HISTORICAL_VERSION_NOT_RECORDED","UNRESOLVED","BLOCKED_MISSING_EVIDENCE","a durable per-ID corrected-logic rescreen disposition for CRP-LSRC-0377 - no register section, work-order ledger, catalogue field or SOURCE_CAPTURES evidence package in this workspace records one","ADMINISTRATIVE_RECONCILIATION; REPORT_FORMAT_AND_APPLICATION_DEPENDENCIES; READINESS_FOR_DETERMINISTIC_EVALUATION","NO"
"CRP-LSRC-0378","CITATION_RECORD","F1","LIMITATION_OR_RETENTION","Limitations Act (Manitoba)","C.C.S.M. c. L150, s. [VERIFY]","MB","EXACT","CA","CA-MB","OWNER_ACCEPTED_LEGAL_AUTHORITY","STATUTE_OR_REGULATION","ESTABLISHED_MULTIPLE_RECORDED_ROWS","LEGACY_CITATION_REGISTRY_CITATION_EXACT","CA-LIM-001; CA-LIM-002","","SECTION_NOT_VERIFIED_IN_THE_LEGACY_REGISTRY; REGISTER_DISPOSITION_UNRESOLVED","LOCATOR_OR_EFFECTIVE_INFORMATION_NOT_RECORDED; PRIOR_REVIEW_RECORD_NOT_HELD_IN_THIS_WORKSPACE; FORMAL_EDITION_OR_HISTORICAL_VERSION_NOT_RECORDED","UNRESOLVED","BLOCKED_MISSING_EVIDENCE","a durable per-ID corrected-logic rescreen disposition for CRP-LSRC-0378 - no register section, work-order ledger, catalogue field or SOURCE_CAPTURES evidence package in this workspace records one","ADMINISTRATIVE_RECONCILIATION; REPORT_FORMAT_AND_APPLICATION_DEPENDENCIES; READINESS_FOR_DETERMINISTIC_EVALUATION","NO"
"CRP-LSRC-0379","CITATION_RECORD","F2","CONSUMER_CREDIT_REGISTRY","Credit Reporting Services Act (New Brunswick)","S.N.B. 2017, c. 27, s. [VERIFY]","NB","EXACT","CA","CA-NB","OWNER_ACCEPTED_LEGAL_AUTHORITY","STATUTE_OR_REGULATION","ESTABLISHED_MULTIPLE_RECORDED_ROWS","LEGACY_CITATION_REGISTRY_CITATION_EXACT","CA-ACC-001; CA-ACC-002; CA-ACC-003; CA-ACC-004; CA-ACC-005; CA-ACC-006; CA-CHR-001; CA-CHR-002; CA-CHR-003; CA-COMP-001; CA-COMP-002; CA-COMP-003; CA-COMP-004; CA-COMP-005; CA-COMP-006; CA-COMP-007; CA-COMP-008; CA-COMP-009; CA-DUP-001; CA-DUP-002; CA-DUP-003; CA-JUR-001; CA-LIM-003; CA-SEQ-001; CA-SEQ-002; CA-SEQ-003; CA-SEQ-004; CA-STAT-001; CA-STAT-002; CA-UTIL-001","","SECTION_NOT_VERIFIED_IN_THE_LEGACY_REGISTRY; REGISTER_DISPOSITION_UNRESOLVED","LOCATOR_OR_EFFECTIVE_INFORMATION_NOT_RECORDED; PRIOR_REVIEW_RECORD_NOT_HELD_IN_THIS_WORKSPACE; FORMAL_EDITION_OR_HISTORICAL_VERSION_NOT_RECORDED","UNRESOLVED","BLOCKED_MISSING_EVIDENCE","a durable per-ID corrected-logic rescreen disposition for CRP-LSRC-0379 - no register section, work-order ledger, catalogue field or SOURCE_CAPTURES evidence package in this workspace records one","ADMINISTRATIVE_RECONCILIATION; REPORT_FORMAT_AND_APPLICATION_DEPENDENCIES; READINESS_FOR_DETERMINISTIC_EVALUATION","NO"
"CRP-LSRC-0380","CITATION_RECORD","F1","LIMITATION_OR_RETENTION","Limitation of Actions Act (New Brunswick)","S.N.B. 2009, c. L-8.5, s. [VERIFY]","NB","EXACT","CA","CA-NB","OWNER_ACCEPTED_LEGAL_AUTHORITY","STATUTE_OR_REGULATION","ESTABLISHED_MULTIPLE_RECORDED_ROWS","LEGACY_CITATION_REGISTRY_CITATION_EXACT","CA-LIM-001; CA-LIM-002","","SECTION_NOT_VERIFIED_IN_THE_LEGACY_REGISTRY; REGISTER_DISPOSITION_UNRESOLVED","LOCATOR_OR_EFFECTIVE_INFORMATION_NOT_RECORDED; PRIOR_REVIEW_RECORD_NOT_HELD_IN_THIS_WORKSPACE; FORMAL_EDITION_OR_HISTORICAL_VERSION_NOT_RECORDED","UNRESOLVED","BLOCKED_MISSING_EVIDENCE","a durable per-ID corrected-logic rescreen disposition for CRP-LSRC-0380 - no register section, work-order ledger, catalogue field or SOURCE_CAPTURES evidence package in this workspace records one","ADMINISTRATIVE_RECONCILIATION; REPORT_FORMAT_AND_APPLICATION_DEPENDENCIES; READINESS_FOR_DETERMINISTIC_EVALUATION","NO"
"CRP-LSRC-0381","CITATION_RECORD","F2","CONSUMER_CREDIT_REGISTRY","Consumer Reporting Act (Newfoundland and Labrador)","R.S.N.L. 1990, c. C-33, s. [VERIFY]","NL","EXACT","CA","CA-NL","OWNER_ACCEPTED_LEGAL_AUTHORITY","STATUTE_OR_REGULATION","ESTABLISHED_MULTIPLE_RECORDED_ROWS","LEGACY_CITATION_REGISTRY_CITATION_EXACT","CA-ACC-001; CA-ACC-002; CA-ACC-003; CA-ACC-004; CA-ACC-005; CA-ACC-006; CA-CHR-001; CA-CHR-002; CA-CHR-003; CA-COMP-001; CA-COMP-002; CA-COMP-003; CA-COMP-004; CA-COMP-005; CA-COMP-006; CA-COMP-007; CA-COMP-008; CA-COMP-009; CA-DUP-001; CA-DUP-002; CA-DUP-003; CA-JUR-001; CA-LIM-003; CA-SEQ-001; CA-SEQ-002; CA-SEQ-003; CA-SEQ-004; CA-STAT-001; CA-STAT-002; CA-UTIL-001","","SECTION_NOT_VERIFIED_IN_THE_LEGACY_REGISTRY; REGISTER_DISPOSITION_UNRESOLVED","LOCATOR_OR_EFFECTIVE_INFORMATION_NOT_RECORDED; PRIOR_REVIEW_RECORD_NOT_HELD_IN_THIS_WORKSPACE; FORMAL_EDITION_OR_HISTORICAL_VERSION_NOT_RECORDED","UNRESOLVED","BLOCKED_MISSING_EVIDENCE","a durable per-ID corrected-logic rescreen disposition for CRP-LSRC-0381 - no register section, work-order ledger, catalogue field or SOURCE_CAPTURES evidence package in this workspace records one","ADMINISTRATIVE_RECONCILIATION; REPORT_FORMAT_AND_APPLICATION_DEPENDENCIES; READINESS_FOR_DETERMINISTIC_EVALUATION","NO"
"CRP-LSRC-0382","CITATION_RECORD","F1","LIMITATION_OR_RETENTION","Limitations Act (Newfoundland and Labrador)","S.N.L. 1995, c. L-16.1, s. [VERIFY]","NL","EXACT","CA","CA-NL","OWNER_ACCEPTED_LEGAL_AUTHORITY","STATUTE_OR_REGULATION","ESTABLISHED_MULTIPLE_RECORDED_ROWS","LEGACY_CITATION_REGISTRY_CITATION_EXACT","CA-LIM-001; CA-LIM-002","","SECTION_NOT_VERIFIED_IN_THE_LEGACY_REGISTRY; REGISTER_DISPOSITION_UNRESOLVED","LOCATOR_OR_EFFECTIVE_INFORMATION_NOT_RECORDED; PRIOR_REVIEW_RECORD_NOT_HELD_IN_THIS_WORKSPACE; FORMAL_EDITION_OR_HISTORICAL_VERSION_NOT_RECORDED","UNRESOLVED","BLOCKED_MISSING_EVIDENCE","a durable per-ID corrected-logic rescreen disposition for CRP-LSRC-0382 - no register section, work-order ledger, catalogue field or SOURCE_CAPTURES evidence package in this workspace records one","ADMINISTRATIVE_RECONCILIATION; REPORT_FORMAT_AND_APPLICATION_DEPENDENCIES; READINESS_FOR_DETERMINISTIC_EVALUATION","NO"
"CRP-LSRC-0383","CITATION_RECORD","F2","CONSUMER_CREDIT_REGISTRY","Consumer Reporting Act (Nova Scotia)","R.S.N.S. 1989, c. 93, s. [VERIFY]","NS","EXACT","CA","CA-NS","OWNER_ACCEPTED_LEGAL_AUTHORITY","STATUTE_OR_REGULATION","ESTABLISHED_MULTIPLE_RECORDED_ROWS","LEGACY_CITATION_REGISTRY_CITATION_EXACT","CA-ACC-001; CA-ACC-002; CA-ACC-003; CA-ACC-004; CA-ACC-005; CA-ACC-006; CA-CHR-001; CA-CHR-002; CA-CHR-003; CA-COMP-001; CA-COMP-002; CA-COMP-003; CA-COMP-004; CA-COMP-005; CA-COMP-006; CA-COMP-007; CA-COMP-008; CA-COMP-009; CA-DUP-001; CA-DUP-002; CA-DUP-003; CA-JUR-001; CA-LIM-003; CA-SEQ-001; CA-SEQ-002; CA-SEQ-003; CA-SEQ-004; CA-STAT-001; CA-STAT-002; CA-UTIL-001","","SECTION_NOT_VERIFIED_IN_THE_LEGACY_REGISTRY; REGISTER_DISPOSITION_UNRESOLVED","LOCATOR_OR_EFFECTIVE_INFORMATION_NOT_RECORDED; PRIOR_REVIEW_RECORD_NOT_HELD_IN_THIS_WORKSPACE; FORMAL_EDITION_OR_HISTORICAL_VERSION_NOT_RECORDED","UNRESOLVED","BLOCKED_MISSING_EVIDENCE","a durable per-ID corrected-logic rescreen disposition for CRP-LSRC-0383 - no register section, work-order ledger, catalogue field or SOURCE_CAPTURES evidence package in this workspace records one","ADMINISTRATIVE_RECONCILIATION; REPORT_FORMAT_AND_APPLICATION_DEPENDENCIES; READINESS_FOR_DETERMINISTIC_EVALUATION","NO"
"CRP-LSRC-0384","CITATION_RECORD","F1","LIMITATION_OR_RETENTION","Limitation of Actions Act (Nova Scotia)","S.N.S. 2014, c. 35, s. [VERIFY]","NS","EXACT","CA","CA-NS","OWNER_ACCEPTED_LEGAL_AUTHORITY","STATUTE_OR_REGULATION","ESTABLISHED_MULTIPLE_RECORDED_ROWS","LEGACY_CITATION_REGISTRY_CITATION_EXACT","CA-LIM-001; CA-LIM-002","","SECTION_NOT_VERIFIED_IN_THE_LEGACY_REGISTRY; REGISTER_DISPOSITION_UNRESOLVED","LOCATOR_OR_EFFECTIVE_INFORMATION_NOT_RECORDED; PRIOR_REVIEW_RECORD_NOT_HELD_IN_THIS_WORKSPACE; FORMAL_EDITION_OR_HISTORICAL_VERSION_NOT_RECORDED","UNRESOLVED","BLOCKED_MISSING_EVIDENCE","a durable per-ID corrected-logic rescreen disposition for CRP-LSRC-0384 - no register section, work-order ledger, catalogue field or SOURCE_CAPTURES evidence package in this workspace records one","ADMINISTRATIVE_RECONCILIATION; REPORT_FORMAT_AND_APPLICATION_DEPENDENCIES; READINESS_FOR_DETERMINISTIC_EVALUATION","NO"
"CRP-LSRC-0385","CITATION_RECORD","F1","LIMITATION_OR_RETENTION","Limitation of Actions Act (NT)","Limitation of Actions Act (NT), [chapter VERIFY], s. [VERIFY]","NT","EXACT","CA","CA-NT","OWNER_ACCEPTED_LEGAL_AUTHORITY","STATUTE_OR_REGULATION","ESTABLISHED_MULTIPLE_RECORDED_ROWS","LEGACY_CITATION_REGISTRY_CITATION_EXACT","CA-LIM-001; CA-LIM-002","","SECTION_NOT_VERIFIED_IN_THE_LEGACY_REGISTRY; REGISTER_DISPOSITION_UNRESOLVED","LOCATOR_OR_EFFECTIVE_INFORMATION_NOT_RECORDED; PRIOR_REVIEW_RECORD_NOT_HELD_IN_THIS_WORKSPACE; FORMAL_EDITION_OR_HISTORICAL_VERSION_NOT_RECORDED","UNRESOLVED","BLOCKED_MISSING_EVIDENCE","a durable per-ID corrected-logic rescreen disposition for CRP-LSRC-0385 - no register section, work-order ledger, catalogue field or SOURCE_CAPTURES evidence package in this workspace records one","ADMINISTRATIVE_RECONCILIATION; REPORT_FORMAT_AND_APPLICATION_DEPENDENCIES; READINESS_FOR_DETERMINISTIC_EVALUATION","NO"
"CRP-LSRC-0386","CITATION_RECORD","F1","LIMITATION_OR_RETENTION","Limitation of Actions Act (NU)","Limitation of Actions Act (NU), [chapter VERIFY], s. [VERIFY]","NU","EXACT","CA","CA-NU","OWNER_ACCEPTED_LEGAL_AUTHORITY","STATUTE_OR_REGULATION","ESTABLISHED_MULTIPLE_RECORDED_ROWS","LEGACY_CITATION_REGISTRY_CITATION_EXACT","CA-LIM-001; CA-LIM-002","","SECTION_NOT_VERIFIED_IN_THE_LEGACY_REGISTRY; REGISTER_DISPOSITION_UNRESOLVED","LOCATOR_OR_EFFECTIVE_INFORMATION_NOT_RECORDED; PRIOR_REVIEW_RECORD_NOT_HELD_IN_THIS_WORKSPACE; FORMAL_EDITION_OR_HISTORICAL_VERSION_NOT_RECORDED","UNRESOLVED","BLOCKED_MISSING_EVIDENCE","a durable per-ID corrected-logic rescreen disposition for CRP-LSRC-0386 - no register section, work-order ledger, catalogue field or SOURCE_CAPTURES evidence package in this workspace records one","ADMINISTRATIVE_RECONCILIATION; REPORT_FORMAT_AND_APPLICATION_DEPENDENCIES; READINESS_FOR_DETERMINISTIC_EVALUATION","NO"
"CRP-LSRC-0387","CITATION_RECORD","F2","CONSUMER_CREDIT_REGISTRY","Consumer Reporting Act (Ontario)","R.S.O. 1990, c. C.33, s. [VERIFY]","ON","EXACT","CA","CA-ON","OWNER_ACCEPTED_LEGAL_AUTHORITY","STATUTE_OR_REGULATION","ESTABLISHED_MULTIPLE_RECORDED_ROWS","LEGACY_CITATION_REGISTRY_CITATION_EXACT","CA-ACC-001; CA-ACC-002; CA-ACC-003; CA-ACC-004; CA-ACC-005; CA-ACC-006; CA-CHR-001; CA-CHR-002; CA-CHR-003; CA-COMP-001; CA-COMP-002; CA-COMP-003; CA-COMP-004; CA-COMP-005; CA-COMP-006; CA-COMP-007; CA-COMP-008; CA-COMP-009; CA-DUP-001; CA-DUP-002; CA-DUP-003; CA-JUR-001; CA-LIM-003; CA-SEQ-001; CA-SEQ-002; CA-SEQ-003; CA-SEQ-004; CA-STAT-001; CA-STAT-002; CA-UTIL-001","","SECTION_NOT_VERIFIED_IN_THE_LEGACY_REGISTRY; REGISTER_DISPOSITION_UNRESOLVED","LOCATOR_OR_EFFECTIVE_INFORMATION_NOT_RECORDED; PRIOR_REVIEW_RECORD_NOT_HELD_IN_THIS_WORKSPACE; FORMAL_EDITION_OR_HISTORICAL_VERSION_NOT_RECORDED","UNRESOLVED","BLOCKED_MISSING_EVIDENCE","a durable per-ID corrected-logic rescreen disposition for CRP-LSRC-0387 - no register section, work-order ledger, catalogue field or SOURCE_CAPTURES evidence package in this workspace records one","ADMINISTRATIVE_RECONCILIATION; REPORT_FORMAT_AND_APPLICATION_DEPENDENCIES; READINESS_FOR_DETERMINISTIC_EVALUATION","NO"
"CRP-LSRC-0388","CITATION_RECORD","F1","LIMITATION_OR_RETENTION","Limitations Act, 2002 (Ontario)","S.O. 2002, c. 24, Sch. B, s. [VERIFY]","ON","EXACT","CA","CA-ON","OWNER_ACCEPTED_LEGAL_AUTHORITY","STATUTE_OR_REGULATION","ESTABLISHED_MULTIPLE_RECORDED_ROWS","LEGACY_CITATION_REGISTRY_CITATION_EXACT","CA-LIM-001; CA-LIM-002","","SECTION_NOT_VERIFIED_IN_THE_LEGACY_REGISTRY; REGISTER_DISPOSITION_UNRESOLVED","LOCATOR_OR_EFFECTIVE_INFORMATION_NOT_RECORDED; PRIOR_REVIEW_RECORD_NOT_HELD_IN_THIS_WORKSPACE; FORMAL_EDITION_OR_HISTORICAL_VERSION_NOT_RECORDED","UNRESOLVED","BLOCKED_MISSING_EVIDENCE","a durable per-ID corrected-logic rescreen disposition for CRP-LSRC-0388 - no register section, work-order ledger, catalogue field or SOURCE_CAPTURES evidence package in this workspace records one","ADMINISTRATIVE_RECONCILIATION; REPORT_FORMAT_AND_APPLICATION_DEPENDENCIES; READINESS_FOR_DETERMINISTIC_EVALUATION","NO"
"CRP-LSRC-0389","CITATION_RECORD","F2","CONSUMER_CREDIT_REGISTRY","Consumer Reporting Act (Prince Edward Island)","R.S.P.E.I. 1988, c. C-19, s. [VERIFY]","PE","EXACT","CA","CA-PE","OWNER_ACCEPTED_LEGAL_AUTHORITY","STATUTE_OR_REGULATION","ESTABLISHED_MULTIPLE_RECORDED_ROWS","LEGACY_CITATION_REGISTRY_CITATION_EXACT","CA-ACC-001; CA-ACC-002; CA-ACC-003; CA-ACC-004; CA-ACC-005; CA-ACC-006; CA-CHR-001; CA-CHR-002; CA-CHR-003; CA-COMP-001; CA-COMP-002; CA-COMP-003; CA-COMP-004; CA-COMP-005; CA-COMP-006; CA-COMP-007; CA-COMP-008; CA-COMP-009; CA-DUP-001; CA-DUP-002; CA-DUP-003; CA-JUR-001; CA-LIM-003; CA-SEQ-001; CA-SEQ-002; CA-SEQ-003; CA-SEQ-004; CA-STAT-001; CA-STAT-002; CA-UTIL-001","","SECTION_NOT_VERIFIED_IN_THE_LEGACY_REGISTRY; REGISTER_DISPOSITION_UNRESOLVED","LOCATOR_OR_EFFECTIVE_INFORMATION_NOT_RECORDED; PRIOR_REVIEW_RECORD_NOT_HELD_IN_THIS_WORKSPACE; FORMAL_EDITION_OR_HISTORICAL_VERSION_NOT_RECORDED","UNRESOLVED","BLOCKED_MISSING_EVIDENCE","a durable per-ID corrected-logic rescreen disposition for CRP-LSRC-0389 - no register section, work-order ledger, catalogue field or SOURCE_CAPTURES evidence package in this workspace records one","ADMINISTRATIVE_RECONCILIATION; REPORT_FORMAT_AND_APPLICATION_DEPENDENCIES; READINESS_FOR_DETERMINISTIC_EVALUATION","NO"
"CRP-LSRC-0390","CITATION_RECORD","F1","LIMITATION_OR_RETENTION","Statute of Limitations (PEI)","R.S.P.E.I. 1988, c. S-7, s. [VERIFY]","PE","EXACT","CA","CA-PE","OWNER_ACCEPTED_LEGAL_AUTHORITY","STATUTE_OR_REGULATION","ESTABLISHED_MULTIPLE_RECORDED_ROWS","LEGACY_CITATION_REGISTRY_CITATION_EXACT","CA-LIM-001; CA-LIM-002","","SECTION_NOT_VERIFIED_IN_THE_LEGACY_REGISTRY; REGISTER_DISPOSITION_UNRESOLVED","LOCATOR_OR_EFFECTIVE_INFORMATION_NOT_RECORDED; PRIOR_REVIEW_RECORD_NOT_HELD_IN_THIS_WORKSPACE; FORMAL_EDITION_OR_HISTORICAL_VERSION_NOT_RECORDED","UNRESOLVED","BLOCKED_MISSING_EVIDENCE","a durable per-ID corrected-logic rescreen disposition for CRP-LSRC-0390 - no register section, work-order ledger, catalogue field or SOURCE_CAPTURES evidence package in this workspace records one","ADMINISTRATIVE_RECONCILIATION; REPORT_FORMAT_AND_APPLICATION_DEPENDENCIES; READINESS_FOR_DETERMINISTIC_EVALUATION","NO"
"CRP-LSRC-0391","CITATION_RECORD","F10","UNCLASSIFIED_SOURCE_FAMILY","Civil Code of Québec","C.C.Q. art. [VERIFY]","QC","EXACT","CA","CA-QC","OWNER_ACCEPTED_LEGAL_AUTHORITY","SUBORDINATE_CODE_OR_RULE","ESTABLISHED_MULTIPLE_RECORDED_ROWS","LEGACY_CITATION_REGISTRY_CITATION_EXACT","CA-ACC-001; CA-ACC-002; CA-ACC-003; CA-ACC-004; CA-ACC-005; CA-ACC-006; CA-CHR-001; CA-CHR-002; CA-CHR-003; CA-COMP-001; CA-COMP-002; CA-COMP-003; CA-COMP-004; CA-COMP-005; CA-COMP-006; CA-COMP-007; CA-COMP-008; CA-COMP-009; CA-DUP-001; CA-DUP-002; CA-DUP-003; CA-JUR-001; CA-LIM-001; CA-LIM-002; CA-LIM-003; CA-SEQ-001; CA-SEQ-002; CA-SEQ-003; CA-SEQ-004; CA-STAT-001; CA-STAT-002; CA-UTIL-001","","INSTRUMENT_CLASS_CONFIRMATION; SECTION_NOT_VERIFIED_IN_THE_LEGACY_REGISTRY; REGISTER_DISPOSITION_UNRESOLVED","LOCATOR_OR_EFFECTIVE_INFORMATION_NOT_RECORDED; PRIOR_REVIEW_RECORD_NOT_HELD_IN_THIS_WORKSPACE; FORMAL_EDITION_OR_HISTORICAL_VERSION_NOT_RECORDED","UNRESOLVED","BLOCKED_MISSING_EVIDENCE","a durable per-ID corrected-logic rescreen disposition for CRP-LSRC-0391 - no register section, work-order ledger, catalogue field or SOURCE_CAPTURES evidence package in this workspace records one","ADMINISTRATIVE_RECONCILIATION; REPORT_FORMAT_AND_APPLICATION_DEPENDENCIES; READINESS_FOR_DETERMINISTIC_EVALUATION","NO"
"CRP-LSRC-0392","CITATION_RECORD","F2","CONSUMER_CREDIT_REGISTRY","The Credit Reporting Act (Saskatchewan)","S.S. 2004, c. C-43.2, s. [VERIFY]","SK","EXACT","CA","CA-SK","OWNER_ACCEPTED_LEGAL_AUTHORITY","STATUTE_OR_REGULATION","ESTABLISHED_MULTIPLE_RECORDED_ROWS","LEGACY_CITATION_REGISTRY_CITATION_EXACT","CA-ACC-001; CA-ACC-002; CA-ACC-003; CA-ACC-004; CA-ACC-005; CA-ACC-006; CA-CHR-001; CA-CHR-002; CA-CHR-003; CA-COMP-001; CA-COMP-002; CA-COMP-003; CA-COMP-004; CA-COMP-005; CA-COMP-006; CA-COMP-007; CA-COMP-008; CA-COMP-009; CA-DUP-001; CA-DUP-002; CA-DUP-003; CA-JUR-001; CA-LIM-003; CA-SEQ-001; CA-SEQ-002; CA-SEQ-003; CA-SEQ-004; CA-STAT-001; CA-STAT-002; CA-UTIL-001","","SECTION_NOT_VERIFIED_IN_THE_LEGACY_REGISTRY; REGISTER_DISPOSITION_UNRESOLVED","LOCATOR_OR_EFFECTIVE_INFORMATION_NOT_RECORDED; PRIOR_REVIEW_RECORD_NOT_HELD_IN_THIS_WORKSPACE; FORMAL_EDITION_OR_HISTORICAL_VERSION_NOT_RECORDED","UNRESOLVED","BLOCKED_MISSING_EVIDENCE","a durable per-ID corrected-logic rescreen disposition for CRP-LSRC-0392 - no register section, work-order ledger, catalogue field or SOURCE_CAPTURES evidence package in this workspace records one","ADMINISTRATIVE_RECONCILIATION; REPORT_FORMAT_AND_APPLICATION_DEPENDENCIES; READINESS_FOR_DETERMINISTIC_EVALUATION","NO"
"CRP-LSRC-0393","CITATION_RECORD","F1","LIMITATION_OR_RETENTION","Limitations Act (Saskatchewan)","S.S. 2004, c. L-16.1, s. [VERIFY]","SK","EXACT","CA","CA-SK","OWNER_ACCEPTED_LEGAL_AUTHORITY","STATUTE_OR_REGULATION","ESTABLISHED_MULTIPLE_RECORDED_ROWS","LEGACY_CITATION_REGISTRY_CITATION_EXACT","CA-LIM-001; CA-LIM-002","","SECTION_NOT_VERIFIED_IN_THE_LEGACY_REGISTRY; REGISTER_DISPOSITION_UNRESOLVED","LOCATOR_OR_EFFECTIVE_INFORMATION_NOT_RECORDED; PRIOR_REVIEW_RECORD_NOT_HELD_IN_THIS_WORKSPACE; FORMAL_EDITION_OR_HISTORICAL_VERSION_NOT_RECORDED","UNRESOLVED","BLOCKED_MISSING_EVIDENCE","a durable per-ID corrected-logic rescreen disposition for CRP-LSRC-0393 - no register section, work-order ledger, catalogue field or SOURCE_CAPTURES evidence package in this workspace records one","ADMINISTRATIVE_RECONCILIATION; REPORT_FORMAT_AND_APPLICATION_DEPENDENCIES; READINESS_FOR_DETERMINISTIC_EVALUATION","NO"
"CRP-LSRC-0394","CITATION_RECORD","F1","LIMITATION_OR_RETENTION","Limitation of Actions Act (Yukon)","R.S.Y. 2002, c. 139, s. [VERIFY]","YT","EXACT","CA","CA-YT","OWNER_ACCEPTED_LEGAL_AUTHORITY","STATUTE_OR_REGULATION","ESTABLISHED_MULTIPLE_RECORDED_ROWS","LEGACY_CITATION_REGISTRY_CITATION_EXACT","CA-LIM-001; CA-LIM-002","","SECTION_NOT_VERIFIED_IN_THE_LEGACY_REGISTRY; REGISTER_DISPOSITION_UNRESOLVED","LOCATOR_OR_EFFECTIVE_INFORMATION_NOT_RECORDED; PRIOR_REVIEW_RECORD_NOT_HELD_IN_THIS_WORKSPACE; FORMAL_EDITION_OR_HISTORICAL_VERSION_NOT_RECORDED","UNRESOLVED","BLOCKED_MISSING_EVIDENCE","a durable per-ID corrected-logic rescreen disposition for CRP-LSRC-0394 - no register section, work-order ledger, catalogue field or SOURCE_CAPTURES evidence package in this workspace records one","ADMINISTRATIVE_RECONCILIATION; REPORT_FORMAT_AND_APPLICATION_DEPENDENCIES; READINESS_FOR_DETERMINISTIC_EVALUATION","NO"
"CRP-LSRC-0395","REFUSAL","F1","LIMITATION_OR_RETENTION","Limitation of Actions Act, S.N.S. 2014, c. 35 — Provision is read and represented by the governed corpus; no period is applied — the unit fails closed — PHASE5-001C owner amendment (refusal retained; citations, dates and rationale recorded; see CRP_GAP_REFUSAL_RESOLUTION_REGISTER.md): the owner document supplies s. 12 (ultimate limitation period) of the Limitation of Actions Act, S.N.S. 2014, c. 35, in force since 2015-06-01, and records the rationale that this unit fails closed because s. 12 establishes an absolute ultimate ceiling measured from the act or omission rather than from discovery or acknowledgment. The recorded refusal is retained: no limitation period is applied from report content, and this amendment creates no operational collection or reporting block and no finding authority","s. 12 (ultimate limitation period) — owner-supplied identification; not retrieved in this work order","CA-NS","RECORDED_REFUSAL","CA","CA-NS","NOT_ACCEPTED_NO_STATUTE_RECORDED","STATUTE_OR_REGULATION","NOT_ESTABLISHED","NOT_ESTABLISHED","","","REFUSAL_RETAINED; LEGACY_OPERATIONAL_MAPPING_NOT_ESTABLISHED","SOURCE_DISCOVERY_PROVENANCE_INCOMPLETE; NO_LEGAL_INSTRUMENT_RECORDED_FOR_THIS_SCOPE; PRIOR_REVIEW_RECORD_NOT_HELD_IN_THIS_WORKSPACE; FORMAL_EDITION_OR_HISTORICAL_VERSION_NOT_RECORDED","REFUSAL","RECORDED_DURABLE","register §5 item 12: the refusal is retained; no citation was retrieved and the rationale is owner-supplied limitation analysis only","ADMINISTRATIVE_RECONCILIATION","NO"
"CRP-LSRC-0396","REFUSAL","F1","LIMITATION_OR_RETENTION","Limitations Act, 2002 (Ontario) (discovery start) — Discovery-based start; recorded owner direction 2026-09-17 — refusal retained — PHASE5-001C owner amendment (refusal retained; citations, dates and rationale recorded; see CRP_GAP_REFUSAL_RESOLUTION_REGISTER.md): the owner document supplies s. 5 (discovery) and s. 15 (ultimate limitation period) of the Limitations Act, 2002, S.O. 2002, c. 24, Sched. B, in force since 2004-01-01, and records that this refusal is retained per the recorded owner direction dated 2026-09-17. Rationale as supplied: the two-year clock is described as running from discovery rather than as a flat period, with s. 15 as the ultimate ceiling. The recorded refusal is retained: no limitation period is applied from report content, and this amendment creates no operational collection or reporting block and no finding authority","s. 5 (discovery) and s. 15 (ultimate limitation period) — owner-supplied identification; not retrieved in this work order","CA-ON","RECORDED_REFUSAL","CA","CA-ON","NOT_ACCEPTED_NO_STATUTE_RECORDED","STATUTE_OR_REGULATION","NOT_ESTABLISHED","NOT_ESTABLISHED","","","REFUSAL_RETAINED; LEGACY_OPERATIONAL_MAPPING_NOT_ESTABLISHED","SOURCE_DISCOVERY_PROVENANCE_INCOMPLETE; NO_LEGAL_INSTRUMENT_RECORDED_FOR_THIS_SCOPE; PRIOR_REVIEW_RECORD_NOT_HELD_IN_THIS_WORKSPACE; FORMAL_EDITION_OR_HISTORICAL_VERSION_NOT_RECORDED","REFUSAL","RECORDED_DURABLE","register §5 item 12: the refusal is retained; no citation was retrieved and the rationale is owner-supplied limitation analysis only","ADMINISTRATIVE_RECONCILIATION","NO"
"CRP-LSRC-0397","REFUSAL","F1","LIMITATION_OR_RETENTION","Civil Code of Québec — Interruption analysis required, not a payment reset — recorded refusal — PHASE5-001C owner amendment (refusal retained; citations, dates and rationale recorded; see CRP_GAP_REFUSAL_RESOLUTION_REGISTER.md): the owner document supplies art. 2898 (acknowledgment of a right) and art. 2925 (general extinctive prescription) of the Civil Code of Québec, CQLR c CCQ-1991, in force since 1994-01-01, and records that interruption analysis is required and that a partial payment alone does not automatically reset the three-year prescription without a clear and unambiguous acknowledgment of the debt obligation. The recorded refusal is retained: no limitation period is applied from report content, and this amendment creates no operational collection or reporting block and no finding authority","art. 2898 (acknowledgment of a right) and art. 2925 (general extinctive prescription) — owner-supplied identification; not retrieved in this work order","CA-QC","RECORDED_REFUSAL","CA","CA-QC","NOT_ACCEPTED_NO_STATUTE_RECORDED","SUBORDINATE_CODE_OR_RULE","NOT_ESTABLISHED","NOT_ESTABLISHED","","","REFUSAL_RETAINED; LEGACY_OPERATIONAL_MAPPING_NOT_ESTABLISHED; INSTRUMENT_CLASS_CONFIRMATION","SOURCE_DISCOVERY_PROVENANCE_INCOMPLETE; NO_LEGAL_INSTRUMENT_RECORDED_FOR_THIS_SCOPE; PRIOR_REVIEW_RECORD_NOT_HELD_IN_THIS_WORKSPACE; FORMAL_EDITION_OR_HISTORICAL_VERSION_NOT_RECORDED","REFUSAL","RECORDED_DURABLE","register §5 item 12: the refusal is retained; no citation was retrieved and the rationale is owner-supplied limitation analysis only","ADMINISTRATIVE_RECONCILIATION","NO"
"CRP-LSRC-0398","GAP","F1","LIMITATION_OR_RETENTION","Prince Edward Island Statute of Limitations — Recorded `UNVERIFIED_GAPS` entry: the s. 2(1)(g) catch-all is read and refused, decided — no rule entered — PHASE5-001C owner amendment (catch-all recorded and closed as a relationship decision; no duplicate rule created; see CRP_GAP_REFUSAL_RESOLUTION_REGISTER.md): the owner document supplies the Prince Edward Island catch-all as the Limitation of Actions Act, R.S.P.E.I. 1988, c. L-15, s. 2(1)(g) (actions not otherwise provided for, six years from the time the cause of action arose) and records that it was read and deliberately not turned into a rule because consumer debts are already covered by the specific provision s. 2(1)(e) of the same Act (six-year limit for actions on account or debt grounded on a lending contract), which controls. The citation and relationship are recorded as owner-supplied; the specific provision is recorded as the controlling one, and no duplicate catch-all rule and no overlapping rule is created","s. 2(1)(g) (actions not otherwise provided for; six years; deliberately not entered as a rule) with the controlling specific provision s. 2(1)(e) (six-year limit for actions on account or debt grounded on a lending contract) — owner-supplied identification, not retrieved in this work order","PE (country-scope entry)","GAP","CA","CA-PE","NOT_ACCEPTED_NO_STATUTE_RECORDED","STATUTE_OR_REGULATION","NOT_ESTABLISHED","NOT_ESTABLISHED","","","GAP_REMAINS_OPEN; LEGACY_OPERATIONAL_MAPPING_NOT_ESTABLISHED","LOCATOR_OR_EFFECTIVE_INFORMATION_NOT_RECORDED; SOURCE_DISCOVERY_PROVENANCE_INCOMPLETE; NO_LEGAL_INSTRUMENT_RECORDED_FOR_THIS_SCOPE; PRIOR_REVIEW_RECORD_NOT_HELD_IN_THIS_WORKSPACE; FORMAL_EDITION_OR_HISTORICAL_VERSION_NOT_RECORDED","GAP","RECORDED_DURABLE","NONE_RECORDED - the register lists no open item for this ID","ADMINISTRATIVE_RECONCILIATION","NO"
"CRP-LSRC-0399","LIMITATION_RECORD","F1","LIMITATION_OR_RETENTION","Limitation Act 1980 (c. 58)","s. 5 (time limit for actions founded on simple contract)","UK-ENG","UK_TO_GB_RECONCILIATION_REQUIRED","GB","GB-ENG","OWNER_ACCEPTED_LEGAL_AUTHORITY","STATUTE_OR_REGULATION","ESTABLISHED_MULTIPLE_RECORDED_ROWS","LEGACY_SOL_SECTION_EXACT","","","REGISTER_DISPOSITION_UNRESOLVED","PRIOR_REVIEW_RECORD_NOT_HELD_IN_THIS_WORKSPACE; FORMAL_EDITION_OR_HISTORICAL_VERSION_NOT_RECORDED","UNRESOLVED","BLOCKED_MISSING_EVIDENCE","a durable per-ID corrected-logic rescreen disposition for CRP-LSRC-0399 - no register section, work-order ledger, catalogue field or SOURCE_CAPTURES evidence package in this workspace records one","REPORT_FORMAT_AND_APPLICATION_DEPENDENCIES; READINESS_FOR_DETERMINISTIC_EVALUATION","NO"
"CRP-LSRC-0400","LIMITATION_RECORD","F1","LIMITATION_OR_RETENTION","Limitation Act 1980 (c. 58)","s. 5 (time limit for actions founded on simple contract)","UK-WLS","UK_TO_GB_RECONCILIATION_REQUIRED","GB","GB-WLS","OWNER_ACCEPTED_LEGAL_AUTHORITY","STATUTE_OR_REGULATION","ESTABLISHED_MULTIPLE_RECORDED_ROWS","LEGACY_SOL_SECTION_EXACT","","","REGISTER_DISPOSITION_UNRESOLVED","PRIOR_REVIEW_RECORD_NOT_HELD_IN_THIS_WORKSPACE; FORMAL_EDITION_OR_HISTORICAL_VERSION_NOT_RECORDED","UNRESOLVED","BLOCKED_MISSING_EVIDENCE","a durable per-ID corrected-logic rescreen disposition for CRP-LSRC-0400 - no register section, work-order ledger, catalogue field or SOURCE_CAPTURES evidence package in this workspace records one","REPORT_FORMAT_AND_APPLICATION_DEPENDENCIES; READINESS_FOR_DETERMINISTIC_EVALUATION","NO"
"CRP-LSRC-0401","LIMITATION_RECORD","F1","LIMITATION_OR_RETENTION","Limitation Act 1980 (c. 58)","s. 24(1) (time limit for actions to enforce judgments)","UK-ENG","UK_TO_GB_RECONCILIATION_REQUIRED","GB","GB-ENG","OWNER_ACCEPTED_LEGAL_AUTHORITY","STATUTE_OR_REGULATION","ESTABLISHED","LEGACY_SECTION_NUMERIC_CORE_WITH_JURISDICTION_AGREEMENT","","","REGISTER_DISPOSITION_UNRESOLVED","PRIOR_REVIEW_RECORD_NOT_HELD_IN_THIS_WORKSPACE; FORMAL_EDITION_OR_HISTORICAL_VERSION_NOT_RECORDED","UNRESOLVED","BLOCKED_MISSING_EVIDENCE","a durable per-ID corrected-logic rescreen disposition for CRP-LSRC-0401 - no register section, work-order ledger, catalogue field or SOURCE_CAPTURES evidence package in this workspace records one","REPORT_FORMAT_AND_APPLICATION_DEPENDENCIES; READINESS_FOR_DETERMINISTIC_EVALUATION","NO"
"CRP-LSRC-0402","LIMITATION_RECORD","F1","LIMITATION_OR_RETENTION","Limitation Act 1980 (c. 58)","s. 24(1) (time limit for actions to enforce judgments)","UK-WLS","UK_TO_GB_RECONCILIATION_REQUIRED","GB","GB-WLS","OWNER_ACCEPTED_LEGAL_AUTHORITY","STATUTE_OR_REGULATION","ESTABLISHED","LEGACY_SECTION_NUMERIC_CORE_WITH_JURISDICTION_AGREEMENT","","","REGISTER_DISPOSITION_UNRESOLVED","PRIOR_REVIEW_RECORD_NOT_HELD_IN_THIS_WORKSPACE; FORMAL_EDITION_OR_HISTORICAL_VERSION_NOT_RECORDED","UNRESOLVED","BLOCKED_MISSING_EVIDENCE","a durable per-ID corrected-logic rescreen disposition for CRP-LSRC-0402 - no register section, work-order ledger, catalogue field or SOURCE_CAPTURES evidence package in this workspace records one","REPORT_FORMAT_AND_APPLICATION_DEPENDENCIES; READINESS_FOR_DETERMINISTIC_EVALUATION","NO"
"CRP-LSRC-0403","LIMITATION_RECORD","F1","LIMITATION_OR_RETENTION","Prescription and Limitation (Scotland) Act 1973 (c. 52)","s. 6 (extinction of obligations by prescriptive periods of five years)","UK-SCT","UK_TO_GB_RECONCILIATION_REQUIRED","GB","GB-SCT","OWNER_ACCEPTED_LEGAL_AUTHORITY","STATUTE_OR_REGULATION","ESTABLISHED","LEGACY_SOL_SECTION_EXACT","","","REGISTER_DISPOSITION_UNRESOLVED","LOCATOR_OR_EFFECTIVE_INFORMATION_NOT_RECORDED; PRIOR_REVIEW_RECORD_NOT_HELD_IN_THIS_WORKSPACE; FORMAL_EDITION_OR_HISTORICAL_VERSION_NOT_RECORDED","UNRESOLVED","BLOCKED_MISSING_EVIDENCE","a durable per-ID corrected-logic rescreen disposition for CRP-LSRC-0403 - no register section, work-order ledger, catalogue field or SOURCE_CAPTURES evidence package in this workspace records one","REPORT_FORMAT_AND_APPLICATION_DEPENDENCIES; READINESS_FOR_DETERMINISTIC_EVALUATION","NO"
"CRP-LSRC-0404","LIMITATION_RECORD","F1","LIMITATION_OR_RETENTION","Limitation (Northern Ireland) Order 1989 (No. 1339 (NI. 11))","NOT RECORDED (recorded source locator is article 4)","UK-NIR","UK_TO_GB_RECONCILIATION_REQUIRED","GB","GB-NIR","OWNER_ACCEPTED_LEGAL_AUTHORITY","SCREEN_INCONCLUSIVE","NOT_ESTABLISHED","NOT_ESTABLISHED","","","LEGACY_OPERATIONAL_MAPPING_NOT_ESTABLISHED; INSTRUMENT_CLASS_CONFIRMATION; REGISTER_DISPOSITION_UNRESOLVED","LOCATOR_OR_EFFECTIVE_INFORMATION_NOT_RECORDED; PRIOR_REVIEW_RECORD_NOT_HELD_IN_THIS_WORKSPACE; FORMAL_EDITION_OR_HISTORICAL_VERSION_NOT_RECORDED","UNRESOLVED","BLOCKED_MISSING_EVIDENCE","a durable per-ID corrected-logic rescreen disposition for CRP-LSRC-0404 - no register section, work-order ledger, catalogue field or SOURCE_CAPTURES evidence package in this workspace records one","ADMINISTRATIVE_RECONCILIATION; REPORT_FORMAT_AND_APPLICATION_DEPENDENCIES; READINESS_FOR_DETERMINISTIC_EVALUATION","NO"
"CRP-LSRC-0405","CONTENT_RULE","F7","PUBLIC_RECORD_OR_JUDGMENT","Credit Reference Agency Information Notice (CRAIN) retention table","Judgment data (6 years live use; 11 years including profiling)","UK","UK_TO_GB_RECONCILIATION_REQUIRED","","","ACCEPTED_AS_RECORDED_MATERIAL_NOT_AS_A_STATUTE","GUIDANCE_OR_POLICY_SUMMARY","ESTABLISHED","LEGACY_RULE_TABLE_SECTION_CONTAINS_RECORDED_PROVISION","uk.judgment.6y","","REGISTER_DISPOSITION_UNRESOLVED","PRIOR_REVIEW_RECORD_NOT_HELD_IN_THIS_WORKSPACE; FORMAL_EDITION_OR_HISTORICAL_VERSION_NOT_RECORDED","UNRESOLVED","BLOCKED_MISSING_EVIDENCE","a durable per-ID corrected-logic rescreen disposition for CRP-LSRC-0405 - no register section, work-order ledger, catalogue field or SOURCE_CAPTURES evidence package in this workspace records one","REPORT_FORMAT_AND_APPLICATION_DEPENDENCIES; READINESS_FOR_DETERMINISTIC_EVALUATION","NO"
"CRP-LSRC-0406","CONTENT_RULE","F1","LIMITATION_OR_RETENTION","Credit Reference Agency Information Notice (CRAIN) retention table","Insolvency data (6 years from the start date, or until the stated end date if later)","UK","UK_TO_GB_RECONCILIATION_REQUIRED","","","ACCEPTED_AS_RECORDED_MATERIAL_NOT_AS_A_STATUTE","GUIDANCE_OR_POLICY_SUMMARY","ESTABLISHED","LEGACY_RULE_TABLE_SECTION_CONTAINS_RECORDED_PROVISION","uk.insolvency.6y","","REGISTER_DISPOSITION_UNRESOLVED","PRIOR_REVIEW_RECORD_NOT_HELD_IN_THIS_WORKSPACE; FORMAL_EDITION_OR_HISTORICAL_VERSION_NOT_RECORDED","UNRESOLVED","BLOCKED_MISSING_EVIDENCE","a durable per-ID corrected-logic rescreen disposition for CRP-LSRC-0406 - no register section, work-order ledger, catalogue field or SOURCE_CAPTURES evidence package in this workspace records one","REPORT_FORMAT_AND_APPLICATION_DEPENDENCIES; READINESS_FOR_DETERMINISTIC_EVALUATION","NO"
"CRP-LSRC-0407","CONTENT_RULE","F4","REPORT_ACCURACY_OR_COMPLETENESS","UK GDPR / Data Protection Act 2018","UK GDPR Articles 5(1)(d) and 16 (accuracy; right to rectification)","UK","UK_TO_GB_RECONCILIATION_REQUIRED","","","OWNER_ACCEPTED_LEGAL_AUTHORITY","STATUTE_OR_REGULATION","ESTABLISHED","LEGACY_RULE_TABLE_SECTION_CONTAINS_RECORDED_PROVISION","uk.accuracy_duty.gdpr5","","REGISTER_DISPOSITION_UNRESOLVED","LOCATOR_OR_EFFECTIVE_INFORMATION_NOT_RECORDED; PRIOR_REVIEW_RECORD_NOT_HELD_IN_THIS_WORKSPACE; FORMAL_EDITION_OR_HISTORICAL_VERSION_NOT_RECORDED","UNRESOLVED","BLOCKED_MISSING_EVIDENCE","a durable per-ID corrected-logic rescreen disposition for CRP-LSRC-0407 - no register section, work-order ledger, catalogue field or SOURCE_CAPTURES evidence package in this workspace records one","REPORT_FORMAT_AND_APPLICATION_DEPENDENCIES; READINESS_FOR_DETERMINISTIC_EVALUATION","NO"
"CRP-LSRC-0408","CONTENT_RULE","F1","LIMITATION_OR_RETENTION","Credit Reference Agency Information Notice (CRAIN) retention table","`Credit account performance data — 6 years for live decision-making (the tables retain longe…` (recorded label)","UK","UK_TO_GB_RECONCILIATION_REQUIRED","","","ACCEPTED_AS_RECORDED_MATERIAL_NOT_AS_A_STATUTE","GUIDANCE_OR_POLICY_SUMMARY","NOT_ESTABLISHED","NOT_ESTABLISHED","","","LEGACY_OPERATIONAL_MAPPING_NOT_ESTABLISHED; REGISTER_DISPOSITION_UNRESOLVED","PRIOR_REVIEW_RECORD_NOT_HELD_IN_THIS_WORKSPACE; FORMAL_EDITION_OR_HISTORICAL_VERSION_NOT_RECORDED","UNRESOLVED","BLOCKED_MISSING_EVIDENCE","a durable per-ID corrected-logic rescreen disposition for CRP-LSRC-0408 - no register section, work-order ledger, catalogue field or SOURCE_CAPTURES evidence package in this workspace records one","ADMINISTRATIVE_RECONCILIATION; REPORT_FORMAT_AND_APPLICATION_DEPENDENCIES; READINESS_FOR_DETERMINISTIC_EVALUATION","NO"
"CRP-LSRC-0409","CONTENT_RULE","F1","LIMITATION_OR_RETENTION","Credit Reference Agency Information Notice (CRAIN) retention table","`Credit account performance data — 6 years for live decision-making from the date the accoun…` (recorded label)","UK","UK_TO_GB_RECONCILIATION_REQUIRED","","","ACCEPTED_AS_RECORDED_MATERIAL_NOT_AS_A_STATUTE","GUIDANCE_OR_POLICY_SUMMARY","NOT_ESTABLISHED","NOT_ESTABLISHED","","","LEGACY_OPERATIONAL_MAPPING_NOT_ESTABLISHED; REGISTER_DISPOSITION_UNRESOLVED; DUPLICATE_IDENTITY_BOOKKEEPING","PRIOR_REVIEW_RECORD_NOT_HELD_IN_THIS_WORKSPACE; FORMAL_EDITION_OR_HISTORICAL_VERSION_NOT_RECORDED","UNRESOLVED","BLOCKED_MISSING_EVIDENCE","a durable per-ID corrected-logic rescreen disposition for CRP-LSRC-0409 - no register section, work-order ledger, catalogue field or SOURCE_CAPTURES evidence package in this workspace records one","ADMINISTRATIVE_RECONCILIATION; REPORT_FORMAT_AND_APPLICATION_DEPENDENCIES; READINESS_FOR_DETERMINISTIC_EVALUATION","NO"
"CRP-LSRC-0410","CONTENT_RULE","F1","LIMITATION_OR_RETENTION","Credit Reference Agency Information Notice (CRAIN) retention table","NOT RECORDED (`section: null`)","UK","UK_TO_GB_RECONCILIATION_REQUIRED","","","ACCEPTED_AS_RECORDED_MATERIAL_NOT_AS_A_STATUTE","GUIDANCE_OR_POLICY_SUMMARY","ESTABLISHED_MULTIPLE_RECORDED_ROWS","LEGACY_RULE_TABLE_SECTION_CONTAINS_RECORDED_PROVISION","ca.late_payment.6y; ca.credit_enquiry.3y; ca.bankruptcy.6y; ca.consumer_proposal.3y; ca.debt_management_plan.2y; ca.judgment.6y; uk.search.12m","","LEGACY_OPERATIONAL_MAPPING_AMBIGUOUS:MULTIPLE_RECORDED_MATCHES; REGISTER_DISPOSITION_UNRESOLVED","PRIOR_REVIEW_RECORD_NOT_HELD_IN_THIS_WORKSPACE; FORMAL_EDITION_OR_HISTORICAL_VERSION_NOT_RECORDED","UNRESOLVED","BLOCKED_MISSING_EVIDENCE","a durable per-ID corrected-logic rescreen disposition for CRP-LSRC-0410 - no register section, work-order ledger, catalogue field or SOURCE_CAPTURES evidence package in this workspace records one","ADMINISTRATIVE_RECONCILIATION; REPORT_FORMAT_AND_APPLICATION_DEPENDENCIES; READINESS_FOR_DETERMINISTIC_EVALUATION","NO"
"CRP-LSRC-0411","CONTENT_RULE","F1","LIMITATION_OR_RETENTION","Credit Reference Agency Information Notice (CRAIN) retention table","`Credit account performance data — 6 years for live decision-making from the date the accoun…` (recorded label)","UK","UK_TO_GB_RECONCILIATION_REQUIRED","","","ACCEPTED_AS_RECORDED_MATERIAL_NOT_AS_A_STATUTE","GUIDANCE_OR_POLICY_SUMMARY","NOT_ESTABLISHED","NOT_ESTABLISHED","","","LEGACY_OPERATIONAL_MAPPING_NOT_ESTABLISHED; REGISTER_DISPOSITION_UNRESOLVED; DUPLICATE_IDENTITY_BOOKKEEPING","PRIOR_REVIEW_RECORD_NOT_HELD_IN_THIS_WORKSPACE; FORMAL_EDITION_OR_HISTORICAL_VERSION_NOT_RECORDED","UNRESOLVED","BLOCKED_MISSING_EVIDENCE","a durable per-ID corrected-logic rescreen disposition for CRP-LSRC-0411 - no register section, work-order ledger, catalogue field or SOURCE_CAPTURES evidence package in this workspace records one","ADMINISTRATIVE_RECONCILIATION; REPORT_FORMAT_AND_APPLICATION_DEPENDENCIES; READINESS_FOR_DETERMINISTIC_EVALUATION","NO"
"CRP-LSRC-0412","GAP","F1","LIMITATION_OR_RETENTION","Limitation Act 1980 / Prescription and Limitation (Scotland) Act 1973 / Limitation (Northern Ireland) Order 1989 — Recorded `SOL_GAPS` entry: all four constituent nations are read and they differ; a bare UK token still does not identify the nation, so it remains unanswerable at country level — PHASE5-001C owner amendment (bare UK token preserved; this gap is NOT closed; the supplied mapping is held separately in the register; see CRP_GAP_REFUSAL_RESOLUTION_REGISTER.md): the owner document supplies the following exact-nation limitation mapping, recorded separately from this unresolved country-level entry — England and Wales 6 years (Limitation Act 1980, c. 58, s. 5: procedural bar only); Scotland 5 years (Prescription and Limitation (Scotland) Act 1973, c. 52, s. 6: extinctive prescription); Northern Ireland 6 years (Limitation (Northern Ireland) Order 1989, S.I. 1989/1339, art. 4: procedural bar only). The mapping is recorded as owner-supplied, is not retrieved in this work order and is not applied by this amendment; Wales is not identified separately from England and Wales. A bare UK token still identifies no single nation, so this entry remains unanswerable at country level. The owner document also proposes resolving the token from the locked session nation or the account profile; that off-report route is NOT adopted","NOT RECORDED","`UK` (bare country token)","UK_TO_GB_RECONCILIATION_REQUIRED","","","NOT_ACCEPTED_NO_STATUTE_RECORDED","STATUTE_OR_REGULATION","NOT_ESTABLISHED","NOT_ESTABLISHED","","","GAP_REMAINS_OPEN; LEGACY_OPERATIONAL_MAPPING_NOT_ESTABLISHED","LOCATOR_OR_EFFECTIVE_INFORMATION_NOT_RECORDED; SOURCE_DISCOVERY_PROVENANCE_INCOMPLETE; NO_LEGAL_INSTRUMENT_RECORDED_FOR_THIS_SCOPE; PRIOR_REVIEW_RECORD_NOT_HELD_IN_THIS_WORKSPACE; FORMAL_EDITION_OR_HISTORICAL_VERSION_NOT_RECORDED","GAP","RECORDED_DURABLE","register §5 item 8: the bare `UK` token still identifies no single nation, and Wales is not separately identified","ADMINISTRATIVE_RECONCILIATION","NO"
"CRP-LSRC-0413","GAP","F1","LIMITATION_OR_RETENTION","`Credit Reference Agency Information Notice (CRAIN)` — the searches row only — Recorded `UNVERIFIED_GAPS` entry: the SEARCHES row only remains unverified; the other three were closed by owner approval 2026-09-17 — PHASE5-001C owner amendment (search distinctions recorded as owner-authorised source information; the SEARCHES row is NOT verified and this gap is NOT closed; see CRP_GAP_REFUSAL_RESOLUTION_REGISTER.md): the owner document supplies the CRAIN search distinctions — a hard search (credit application) is stated to be retained and visible to other lenders for twelve months from the date of the search; a soft search (quotation, eligibility, audit) is stated to be visible only to the consumer and the bureau, invisible to third-party lenders, decoupled from credit scoring and typically purged or archived after twelve to twenty-four months depending on the specific bureau system architecture, without affecting risk metrics. The owner document cites UK GDPR Article 5(1)(c) (data minimisation) and Article 5(1)(e) (storage limitation) as interpreted by the official CRAIN Section 5 framework. These statements are recorded as owner-supplied only: the twelve-month figure is a CRAIN framework retention statement and is NOT recorded as a specific statutory twelve-month rule, CRAIN is an industry notice rather than primary legislation and remains outside the primary-authority scope, and a search row cannot support a report-content finding","NOT RECORDED","country-scope entry","GAP","","","NOT_ACCEPTED_NO_STATUTE_RECORDED","GUIDANCE_OR_POLICY_SUMMARY","NOT_ESTABLISHED","NOT_ESTABLISHED","","","GAP_REMAINS_OPEN; LEGACY_OPERATIONAL_MAPPING_NOT_ESTABLISHED","LOCATOR_OR_EFFECTIVE_INFORMATION_NOT_RECORDED; SOURCE_DISCOVERY_PROVENANCE_INCOMPLETE; NO_LEGAL_INSTRUMENT_RECORDED_FOR_THIS_SCOPE; PRIOR_REVIEW_RECORD_NOT_HELD_IN_THIS_WORKSPACE; FORMAL_EDITION_OR_HISTORICAL_VERSION_NOT_RECORDED","GAP","RECORDED_DURABLE","register §5 item 9: the `SEARCHES` row stays unverified; neither CRAIN nor the cited UK GDPR provisions were retrieved","ADMINISTRATIVE_RECONCILIATION","NO"
"CRP-LSRC-0414","LIMITATION_RECORD","F1","LIMITATION_OR_RETENTION","Limitation Act 1985 (ACT)","NOT RECORDED","AU-ACT","EXACT","AU","AU-ACT","OWNER_ACCEPTED_LEGAL_AUTHORITY","STATUTE_OR_REGULATION","NOT_ESTABLISHED","NOT_ESTABLISHED","","","LEGACY_OPERATIONAL_MAPPING_NOT_ESTABLISHED; REGISTER_DISPOSITION_UNRESOLVED","LOCATOR_OR_EFFECTIVE_INFORMATION_NOT_RECORDED; PRIOR_REVIEW_RECORD_NOT_HELD_IN_THIS_WORKSPACE; FORMAL_EDITION_OR_HISTORICAL_VERSION_NOT_RECORDED","UNRESOLVED","BLOCKED_MISSING_EVIDENCE","a durable per-ID corrected-logic rescreen disposition for CRP-LSRC-0414 - no register section, work-order ledger, catalogue field or SOURCE_CAPTURES evidence package in this workspace records one","ADMINISTRATIVE_RECONCILIATION; REPORT_FORMAT_AND_APPLICATION_DEPENDENCIES; READINESS_FOR_DETERMINISTIC_EVALUATION","NO"
"CRP-LSRC-0415","LIMITATION_RECORD","F1","LIMITATION_OR_RETENTION","Limitation Act 1981 (NT)","NOT RECORDED","AU-NT","EXACT","AU","AU-NT","OWNER_ACCEPTED_LEGAL_AUTHORITY","STATUTE_OR_REGULATION","NOT_ESTABLISHED","NOT_ESTABLISHED","","","LEGACY_OPERATIONAL_MAPPING_NOT_ESTABLISHED; REGISTER_DISPOSITION_UNRESOLVED","LOCATOR_OR_EFFECTIVE_INFORMATION_NOT_RECORDED; PRIOR_REVIEW_RECORD_NOT_HELD_IN_THIS_WORKSPACE; FORMAL_EDITION_OR_HISTORICAL_VERSION_NOT_RECORDED","UNRESOLVED","BLOCKED_MISSING_EVIDENCE","a durable per-ID corrected-logic rescreen disposition for CRP-LSRC-0415 - no register section, work-order ledger, catalogue field or SOURCE_CAPTURES evidence package in this workspace records one","ADMINISTRATIVE_RECONCILIATION; REPORT_FORMAT_AND_APPLICATION_DEPENDENCIES; READINESS_FOR_DETERMINISTIC_EVALUATION","NO"
"CRP-LSRC-0416","LIMITATION_RECORD","F1","LIMITATION_OR_RETENTION","Limitation of Actions Act 1974 (Qld)","NOT RECORDED","AU-QLD","EXACT","AU","AU-QLD","OWNER_ACCEPTED_LEGAL_AUTHORITY","STATUTE_OR_REGULATION","NOT_ESTABLISHED","NOT_ESTABLISHED","","","LEGACY_OPERATIONAL_MAPPING_NOT_ESTABLISHED; REGISTER_DISPOSITION_UNRESOLVED","LOCATOR_OR_EFFECTIVE_INFORMATION_NOT_RECORDED; PRIOR_REVIEW_RECORD_NOT_HELD_IN_THIS_WORKSPACE; FORMAL_EDITION_OR_HISTORICAL_VERSION_NOT_RECORDED","UNRESOLVED","BLOCKED_MISSING_EVIDENCE","a durable per-ID corrected-logic rescreen disposition for CRP-LSRC-0416 - no register section, work-order ledger, catalogue field or SOURCE_CAPTURES evidence package in this workspace records one","ADMINISTRATIVE_RECONCILIATION; REPORT_FORMAT_AND_APPLICATION_DEPENDENCIES; READINESS_FOR_DETERMINISTIC_EVALUATION","NO"
"CRP-LSRC-0417","LIMITATION_RECORD","F1","LIMITATION_OR_RETENTION","Limitation Act 1974 (Tas)","NOT RECORDED","AU-TAS","EXACT","AU","AU-TAS","OWNER_ACCEPTED_LEGAL_AUTHORITY","STATUTE_OR_REGULATION","NOT_ESTABLISHED","NOT_ESTABLISHED","","","LEGACY_OPERATIONAL_MAPPING_NOT_ESTABLISHED; REGISTER_DISPOSITION_UNRESOLVED","LOCATOR_OR_EFFECTIVE_INFORMATION_NOT_RECORDED; PRIOR_REVIEW_RECORD_NOT_HELD_IN_THIS_WORKSPACE; FORMAL_EDITION_OR_HISTORICAL_VERSION_NOT_RECORDED","UNRESOLVED","BLOCKED_MISSING_EVIDENCE","a durable per-ID corrected-logic rescreen disposition for CRP-LSRC-0417 - no register section, work-order ledger, catalogue field or SOURCE_CAPTURES evidence package in this workspace records one","ADMINISTRATIVE_RECONCILIATION; REPORT_FORMAT_AND_APPLICATION_DEPENDENCIES; READINESS_FOR_DETERMINISTIC_EVALUATION","NO"
"CRP-LSRC-0418","LIMITATION_RECORD","F1","LIMITATION_OR_RETENTION","Limitation of Actions Act 1958 (Vic)","NOT RECORDED","AU-VIC","EXACT","AU","AU-VIC","OWNER_ACCEPTED_LEGAL_AUTHORITY","STATUTE_OR_REGULATION","NOT_ESTABLISHED","NOT_ESTABLISHED","","","LEGACY_OPERATIONAL_MAPPING_NOT_ESTABLISHED; REGISTER_DISPOSITION_UNRESOLVED","LOCATOR_OR_EFFECTIVE_INFORMATION_NOT_RECORDED; PRIOR_REVIEW_RECORD_NOT_HELD_IN_THIS_WORKSPACE; FORMAL_EDITION_OR_HISTORICAL_VERSION_NOT_RECORDED","UNRESOLVED","BLOCKED_MISSING_EVIDENCE","a durable per-ID corrected-logic rescreen disposition for CRP-LSRC-0418 - no register section, work-order ledger, catalogue field or SOURCE_CAPTURES evidence package in this workspace records one","ADMINISTRATIVE_RECONCILIATION; REPORT_FORMAT_AND_APPLICATION_DEPENDENCIES; READINESS_FOR_DETERMINISTIC_EVALUATION","NO"
"CRP-LSRC-0419","LIMITATION_RECORD","F1","LIMITATION_OR_RETENTION","Limitation Act 1969 No 31 (NSW)","NOT RECORDED","AU-NSW","EXACT","AU","AU-NSW","OWNER_ACCEPTED_LEGAL_AUTHORITY","STATUTE_OR_REGULATION","NOT_ESTABLISHED","NOT_ESTABLISHED","","","LEGACY_OPERATIONAL_MAPPING_NOT_ESTABLISHED; REGISTER_DISPOSITION_UNRESOLVED","LOCATOR_OR_EFFECTIVE_INFORMATION_NOT_RECORDED; PRIOR_REVIEW_RECORD_NOT_HELD_IN_THIS_WORKSPACE; FORMAL_EDITION_OR_HISTORICAL_VERSION_NOT_RECORDED","UNRESOLVED","BLOCKED_MISSING_EVIDENCE","a durable per-ID corrected-logic rescreen disposition for CRP-LSRC-0419 - no register section, work-order ledger, catalogue field or SOURCE_CAPTURES evidence package in this workspace records one","ADMINISTRATIVE_RECONCILIATION; REPORT_FORMAT_AND_APPLICATION_DEPENDENCIES; READINESS_FOR_DETERMINISTIC_EVALUATION","NO"
"CRP-LSRC-0420","LIMITATION_RECORD","F1","LIMITATION_OR_RETENTION","Limitation of Actions Act 1936 (SA)","NOT RECORDED","AU-SA","EXACT","AU","AU-SA","OWNER_ACCEPTED_LEGAL_AUTHORITY","STATUTE_OR_REGULATION","NOT_ESTABLISHED","NOT_ESTABLISHED","","","LEGACY_OPERATIONAL_MAPPING_NOT_ESTABLISHED; REGISTER_DISPOSITION_UNRESOLVED","LOCATOR_OR_EFFECTIVE_INFORMATION_NOT_RECORDED; PRIOR_REVIEW_RECORD_NOT_HELD_IN_THIS_WORKSPACE; FORMAL_EDITION_OR_HISTORICAL_VERSION_NOT_RECORDED","UNRESOLVED","BLOCKED_MISSING_EVIDENCE","a durable per-ID corrected-logic rescreen disposition for CRP-LSRC-0420 - no register section, work-order ledger, catalogue field or SOURCE_CAPTURES evidence package in this workspace records one","ADMINISTRATIVE_RECONCILIATION; REPORT_FORMAT_AND_APPLICATION_DEPENDENCIES; READINESS_FOR_DETERMINISTIC_EVALUATION","NO"
"CRP-LSRC-0421","LIMITATION_RECORD","F1","LIMITATION_OR_RETENTION","Limitation Act 2005 (WA)","NOT RECORDED","AU-WA","EXACT","AU","AU-WA","OWNER_ACCEPTED_LEGAL_AUTHORITY","STATUTE_OR_REGULATION","NOT_ESTABLISHED","NOT_ESTABLISHED","","","LEGACY_OPERATIONAL_MAPPING_NOT_ESTABLISHED; REGISTER_DISPOSITION_UNRESOLVED","LOCATOR_OR_EFFECTIVE_INFORMATION_NOT_RECORDED; PRIOR_REVIEW_RECORD_NOT_HELD_IN_THIS_WORKSPACE; FORMAL_EDITION_OR_HISTORICAL_VERSION_NOT_RECORDED","UNRESOLVED","BLOCKED_MISSING_EVIDENCE","a durable per-ID corrected-logic rescreen disposition for CRP-LSRC-0421 - no register section, work-order ledger, catalogue field or SOURCE_CAPTURES evidence package in this workspace records one","ADMINISTRATIVE_RECONCILIATION; REPORT_FORMAT_AND_APPLICATION_DEPENDENCIES; READINESS_FOR_DETERMINISTIC_EVALUATION","NO"
"CRP-LSRC-0422","CONTENT_RULE","F1","LIMITATION_OR_RETENTION","Privacy Act 1988 (Cth)","s. 20W table, item 3 (information of a kind referred to in s. 6N(d) or (e))","AU","COUNTRY_WIDE_SOURCE","","","OWNER_ACCEPTED_LEGAL_AUTHORITY","STATUTE_OR_REGULATION","ESTABLISHED","LEGACY_SECTION_TOKEN_NAMED_BY_CATALOGUE_NOTE","au.credit_enquiry.5y","","COUNTRY_WIDE_TO_SELECTED_REGION_RELATION_REQUIRED; REGISTER_DISPOSITION_UNRESOLVED","PRIOR_REVIEW_RECORD_NOT_HELD_IN_THIS_WORKSPACE; FORMAL_EDITION_OR_HISTORICAL_VERSION_NOT_RECORDED","UNRESOLVED","BLOCKED_MISSING_EVIDENCE","exact report representation and field mapping for Privacy Act 1988 (Cth) s 20W inquiry-retention limb - explicit report identification of the inquiry with the exact date the information request was made","ADMINISTRATIVE_RECONCILIATION; REPORT_FORMAT_AND_APPLICATION_DEPENDENCIES; READINESS_FOR_DETERMINISTIC_EVALUATION","NO"
"CRP-LSRC-0423","CONTENT_RULE","F1","LIMITATION_OR_RETENTION","Privacy Act 1988 (Cth)","s. 20W table, item 4 (default information)","AU","COUNTRY_WIDE_SOURCE","","","OWNER_ACCEPTED_LEGAL_AUTHORITY","STATUTE_OR_REGULATION","ESTABLISHED","LEGACY_RULE_TABLE_SECTION_CONTAINS_RECORDED_PROVISION","au.default.5y","","COUNTRY_WIDE_TO_SELECTED_REGION_RELATION_REQUIRED; REGISTER_DISPOSITION_UNRESOLVED","PRIOR_REVIEW_RECORD_NOT_HELD_IN_THIS_WORKSPACE; FORMAL_EDITION_OR_HISTORICAL_VERSION_NOT_RECORDED","UNRESOLVED","BLOCKED_MISSING_EVIDENCE","exact report representation and field mapping for Privacy Act 1988 (Cth) s 20W item 4 - explicit representation of the bureau's collection of the information","ADMINISTRATIVE_RECONCILIATION; REPORT_FORMAT_AND_APPLICATION_DEPENDENCIES; READINESS_FOR_DETERMINISTIC_EVALUATION","NO"
"CRP-LSRC-0424","CONTENT_RULE","F1","LIMITATION_OR_RETENTION","Privacy Act 1988 (Cth)","s. 20W table, item 5 (payment information)","AU","COUNTRY_WIDE_SOURCE","","","OWNER_ACCEPTED_LEGAL_AUTHORITY","STATUTE_OR_REGULATION","ESTABLISHED","LEGACY_RULE_TABLE_SECTION_CONTAINS_RECORDED_PROVISION","au.payment_info.5y","","COUNTRY_WIDE_TO_SELECTED_REGION_RELATION_REQUIRED; REGISTER_DISPOSITION_UNRESOLVED","PRIOR_REVIEW_RECORD_NOT_HELD_IN_THIS_WORKSPACE; FORMAL_EDITION_OR_HISTORICAL_VERSION_NOT_RECORDED","UNRESOLVED","BLOCKED_MISSING_EVIDENCE","exact report representation and field mapping for Privacy Act 1988 (Cth) s 20W item 5 - explicit representation of the bureau's collection of the information","ADMINISTRATIVE_RECONCILIATION; REPORT_FORMAT_AND_APPLICATION_DEPENDENCIES; READINESS_FOR_DETERMINISTIC_EVALUATION","NO"
"CRP-LSRC-0425","CONTENT_RULE","F1","LIMITATION_OR_RETENTION","Privacy Act 1988 (Cth)","s. 20W table, items 6 and 7 (new arrangement information, s. 6S)","AU","COUNTRY_WIDE_SOURCE","","","OWNER_ACCEPTED_LEGAL_AUTHORITY","STATUTE_OR_REGULATION","ESTABLISHED","LEGACY_SECTION_TOKEN_NAMED_BY_CATALOGUE_NOTE","au.new_arrangement.2y","","COUNTRY_WIDE_TO_SELECTED_REGION_RELATION_REQUIRED; REGISTER_DISPOSITION_UNRESOLVED","PRIOR_REVIEW_RECORD_NOT_HELD_IN_THIS_WORKSPACE; FORMAL_EDITION_OR_HISTORICAL_VERSION_NOT_RECORDED","UNRESOLVED","BLOCKED_MISSING_EVIDENCE","exact report representation and field mapping for Privacy Act 1988 (Cth) s 20W item 6 - explicit representation of the bureau's collection of the information","ADMINISTRATIVE_RECONCILIATION; REPORT_FORMAT_AND_APPLICATION_DEPENDENCIES; READINESS_FOR_DETERMINISTIC_EVALUATION","NO"
"CRP-LSRC-0426","CONTENT_RULE","F7","PUBLIC_RECORD_OR_JUDGMENT","Privacy Act 1988 (Cth)","s. 20W table, item 8 (court proceedings information)","AU","COUNTRY_WIDE_SOURCE","","","OWNER_ACCEPTED_LEGAL_AUTHORITY","STATUTE_OR_REGULATION","ESTABLISHED","LEGACY_RULE_TABLE_SECTION_CONTAINS_RECORDED_PROVISION","au.court_proceedings.5y","","COUNTRY_WIDE_TO_SELECTED_REGION_RELATION_REQUIRED; REGISTER_DISPOSITION_UNRESOLVED","PRIOR_REVIEW_RECORD_NOT_HELD_IN_THIS_WORKSPACE; FORMAL_EDITION_OR_HISTORICAL_VERSION_NOT_RECORDED","UNRESOLVED","BLOCKED_MISSING_EVIDENCE","a durable per-ID corrected-logic rescreen disposition for CRP-LSRC-0426 - no register section, work-order ledger, catalogue field or SOURCE_CAPTURES evidence package in this workspace records one","ADMINISTRATIVE_RECONCILIATION; REPORT_FORMAT_AND_APPLICATION_DEPENDENCIES; READINESS_FOR_DETERMINISTIC_EVALUATION","NO"
"CRP-LSRC-0427","CONTENT_RULE","F10","UNCLASSIFIED_SOURCE_FAMILY","Privacy Act 1988 (Cth)","s. 20W table, item 9 (information of a kind referred to in s. 6N(l))","AU","COUNTRY_WIDE_SOURCE","","","OWNER_ACCEPTED_LEGAL_AUTHORITY","STATUTE_OR_REGULATION","ESTABLISHED","LEGACY_SECTION_TOKEN_NAMED_BY_CATALOGUE_NOTE","au.serious_credit_infringement.7y","","COUNTRY_WIDE_TO_SELECTED_REGION_RELATION_REQUIRED; REGISTER_DISPOSITION_UNRESOLVED","PRIOR_REVIEW_RECORD_NOT_HELD_IN_THIS_WORKSPACE; FORMAL_EDITION_OR_HISTORICAL_VERSION_NOT_RECORDED","UNRESOLVED","BLOCKED_MISSING_EVIDENCE","exact report representation and field mapping for Privacy Act 1988 (Cth) s 20W item 9 - explicit representation of the bureau's collection of the information","ADMINISTRATIVE_RECONCILIATION; REPORT_FORMAT_AND_APPLICATION_DEPENDENCIES; READINESS_FOR_DETERMINISTIC_EVALUATION","NO"
"CRP-LSRC-0428","CONTENT_RULE","F1","LIMITATION_OR_RETENTION","Privacy Act 1988 (Cth)","s. 20W table, item 1 (consumer credit liability information)","AU","COUNTRY_WIDE_SOURCE","","","OWNER_ACCEPTED_LEGAL_AUTHORITY","STATUTE_OR_REGULATION","ESTABLISHED","LEGACY_RULE_TABLE_SECTION_CONTAINS_RECORDED_PROVISION","au.consumer_credit_liability.2y","","COUNTRY_WIDE_TO_SELECTED_REGION_RELATION_REQUIRED; REGISTER_DISPOSITION_UNRESOLVED","PRIOR_REVIEW_RECORD_NOT_HELD_IN_THIS_WORKSPACE; FORMAL_EDITION_OR_HISTORICAL_VERSION_NOT_RECORDED","UNRESOLVED","BLOCKED_MISSING_EVIDENCE","a durable per-ID corrected-logic rescreen disposition for CRP-LSRC-0428 - no register section, work-order ledger, catalogue field or SOURCE_CAPTURES evidence package in this workspace records one","ADMINISTRATIVE_RECONCILIATION; REPORT_FORMAT_AND_APPLICATION_DEPENDENCIES; READINESS_FOR_DETERMINISTIC_EVALUATION","NO"
"CRP-LSRC-0429","CONTENT_RULE","F1","LIMITATION_OR_RETENTION","Privacy Act 1988 (Cth)","s. 20W table, item 2 (repayment history information)","AU","COUNTRY_WIDE_SOURCE","","","OWNER_ACCEPTED_LEGAL_AUTHORITY","STATUTE_OR_REGULATION","ESTABLISHED","LEGACY_RULE_TABLE_SECTION_CONTAINS_RECORDED_PROVISION","au.repayment_history.2y","","COUNTRY_WIDE_TO_SELECTED_REGION_RELATION_REQUIRED; REGISTER_DISPOSITION_UNRESOLVED","PRIOR_REVIEW_RECORD_NOT_HELD_IN_THIS_WORKSPACE; FORMAL_EDITION_OR_HISTORICAL_VERSION_NOT_RECORDED","UNRESOLVED","BLOCKED_MISSING_EVIDENCE","a durable per-ID corrected-logic rescreen disposition for CRP-LSRC-0429 - no register section, work-order ledger, catalogue field or SOURCE_CAPTURES evidence package in this workspace records one","ADMINISTRATIVE_RECONCILIATION; REPORT_FORMAT_AND_APPLICATION_DEPENDENCIES; READINESS_FOR_DETERMINISTIC_EVALUATION","NO"
"CRP-LSRC-0430","CONTENT_RULE","F1","LIMITATION_OR_RETENTION","Privacy Act 1988 (Cth)","s. 20X table, item 1 (personal insolvency information — bankruptcy)","AU","COUNTRY_WIDE_SOURCE","","","OWNER_ACCEPTED_LEGAL_AUTHORITY","STATUTE_OR_REGULATION","ESTABLISHED","LEGACY_RULE_TABLE_SECTION_CONTAINS_RECORDED_PROVISION","au.bankruptcy.5y","","COUNTRY_WIDE_TO_SELECTED_REGION_RELATION_REQUIRED; REGISTER_DISPOSITION_UNRESOLVED","PRIOR_REVIEW_RECORD_NOT_HELD_IN_THIS_WORKSPACE; FORMAL_EDITION_OR_HISTORICAL_VERSION_NOT_RECORDED","UNRESOLVED","BLOCKED_MISSING_EVIDENCE","a durable per-ID corrected-logic rescreen disposition for CRP-LSRC-0430 - no register section, work-order ledger, catalogue field or SOURCE_CAPTURES evidence package in this workspace records one","ADMINISTRATIVE_RECONCILIATION; REPORT_FORMAT_AND_APPLICATION_DEPENDENCIES; READINESS_FOR_DETERMINISTIC_EVALUATION","NO"
"CRP-LSRC-0431","CONTENT_RULE","F1","LIMITATION_OR_RETENTION","Privacy Act 1988 (Cth)","s. 20X table, items 2 and 3 (personal insolvency agreement)","AU","COUNTRY_WIDE_SOURCE","","","OWNER_ACCEPTED_LEGAL_AUTHORITY","STATUTE_OR_REGULATION","ESTABLISHED","LEGACY_RULE_TABLE_SECTION_CONTAINS_RECORDED_PROVISION","au.personal_insolvency_agreement.5y","","COUNTRY_WIDE_TO_SELECTED_REGION_RELATION_REQUIRED; REGISTER_DISPOSITION_UNRESOLVED","PRIOR_REVIEW_RECORD_NOT_HELD_IN_THIS_WORKSPACE; FORMAL_EDITION_OR_HISTORICAL_VERSION_NOT_RECORDED","UNRESOLVED","BLOCKED_MISSING_EVIDENCE","a durable per-ID corrected-logic rescreen disposition for CRP-LSRC-0431 - no register section, work-order ledger, catalogue field or SOURCE_CAPTURES evidence package in this workspace records one","ADMINISTRATIVE_RECONCILIATION; REPORT_FORMAT_AND_APPLICATION_DEPENDENCIES; READINESS_FOR_DETERMINISTIC_EVALUATION","NO"
"CRP-LSRC-0432","CONTENT_RULE","F1","LIMITATION_OR_RETENTION","Privacy Act 1988 (Cth)","s. 20X table, items 4 and 5 (debt agreement)","AU","COUNTRY_WIDE_SOURCE","","","OWNER_ACCEPTED_LEGAL_AUTHORITY","STATUTE_OR_REGULATION","ESTABLISHED","LEGACY_RULE_TABLE_SECTION_CONTAINS_RECORDED_PROVISION","au.debt_agreement.5y","","COUNTRY_WIDE_TO_SELECTED_REGION_RELATION_REQUIRED; REGISTER_DISPOSITION_UNRESOLVED","PRIOR_REVIEW_RECORD_NOT_HELD_IN_THIS_WORKSPACE; FORMAL_EDITION_OR_HISTORICAL_VERSION_NOT_RECORDED","UNRESOLVED","BLOCKED_MISSING_EVIDENCE","a durable per-ID corrected-logic rescreen disposition for CRP-LSRC-0432 - no register section, work-order ledger, catalogue field or SOURCE_CAPTURES evidence package in this workspace records one","ADMINISTRATIVE_RECONCILIATION; REPORT_FORMAT_AND_APPLICATION_DEPENDENCIES; READINESS_FOR_DETERMINISTIC_EVALUATION","NO"
"CRP-LSRC-0433","CONTENT_RULE","F1","LIMITATION_OR_RETENTION","Privacy Act 1988 (Cth)","s. 20Z","AU","COUNTRY_WIDE_SOURCE","","","OWNER_ACCEPTED_LEGAL_AUTHORITY","STATUTE_OR_REGULATION","ESTABLISHED","LEGACY_SECTION_TOKEN_NAMED_BY_CATALOGUE_NOTE","au.retention_past_period.20z","","COUNTRY_WIDE_TO_SELECTED_REGION_RELATION_REQUIRED; REGISTER_DISPOSITION_UNRESOLVED","LOCATOR_OR_EFFECTIVE_INFORMATION_NOT_RECORDED; PRIOR_REVIEW_RECORD_NOT_HELD_IN_THIS_WORKSPACE; FORMAL_EDITION_OR_HISTORICAL_VERSION_NOT_RECORDED","UNRESOLVED","BLOCKED_MISSING_EVIDENCE","a durable per-ID corrected-logic rescreen disposition for CRP-LSRC-0433 - no register section, work-order ledger, catalogue field or SOURCE_CAPTURES evidence package in this workspace records one","ADMINISTRATIVE_RECONCILIATION; REPORT_FORMAT_AND_APPLICATION_DEPENDENCIES; READINESS_FOR_DETERMINISTIC_EVALUATION","NO"
"CRP-LSRC-0434","CONTENT_RULE","F4","REPORT_ACCURACY_OR_COMPLETENESS","Privacy Act 1988 (Cth)","Schedule 1, Australian Privacy Principles 10 (quality) and 13 (correction)","AU","COUNTRY_WIDE_SOURCE","","","OWNER_ACCEPTED_LEGAL_AUTHORITY","STATUTE_OR_REGULATION","ESTABLISHED","LEGACY_RULE_TABLE_SECTION_CONTAINS_RECORDED_PROVISION","au.data_quality.app10_13","","COUNTRY_WIDE_TO_SELECTED_REGION_RELATION_REQUIRED; REGISTER_DISPOSITION_UNRESOLVED","LOCATOR_OR_EFFECTIVE_INFORMATION_NOT_RECORDED; PRIOR_REVIEW_RECORD_NOT_HELD_IN_THIS_WORKSPACE; FORMAL_EDITION_OR_HISTORICAL_VERSION_NOT_RECORDED","UNRESOLVED","BLOCKED_MISSING_EVIDENCE","a durable per-ID corrected-logic rescreen disposition for CRP-LSRC-0434 - no register section, work-order ledger, catalogue field or SOURCE_CAPTURES evidence package in this workspace records one","ADMINISTRATIVE_RECONCILIATION; REPORT_FORMAT_AND_APPLICATION_DEPENDENCIES; READINESS_FOR_DETERMINISTIC_EVALUATION","NO"
"CRP-LSRC-0435","GAP","F1","LIMITATION_OR_RETENTION","state/territory Limitation Acts — Recorded `SOL_GAPS` entry: state/territory law; no Australian national period exists (the wildcard token identifies no single unit) — PHASE5-001C owner amendment (wildcard preserved; this gap is NOT closed; the supplied mapping is held separately in the register; see CRP_GAP_REFUSAL_RESOLUTION_REGISTER.md): the owner document supplies the following exact-jurisdiction limitation mapping, recorded separately from this unresolved wildcard — New South Wales 6 years (Limitation Act 1969 (NSW), s. 14(1)(a)); Victoria 6 years (Limitation of Actions Act 1958 (Vic), s. 5(1)(a)); Queensland 6 years (Limitation of Actions Act 1974 (Qld), s. 10(1)(a)); Western Australia 6 years (Limitation Act 2005 (WA), s. 13 and s. 84, with the debt recorded as extinguished); South Australia 6 years (Limitation of Actions Act 1936 (SA), s. 35); Tasmania 6 years (Limitation Act 1974 (Tas), s. 4(1)(a)); Northern Territory 3 years (Limitation Act 1981 (NT), s. 12(1)(a)); Australian Capital Territory 6 years (Limitation Act 1985 (ACT), s. 11(1)(a)). The mapping is recorded as owner-supplied, is not retrieved in this work order and is not applied by this amendment; AU-* still identifies no single state or territory, so the wildcard remains unresolved. The owner document also proposes resolving the wildcard from the locked session state or the account profile; that off-report route is NOT adopted","NOT RECORDED","AU-*","GAP","","","NOT_ACCEPTED_NO_STATUTE_RECORDED","STATUTE_OR_REGULATION","NOT_ESTABLISHED","NOT_ESTABLISHED","","","GAP_REMAINS_OPEN; LEGACY_OPERATIONAL_MAPPING_NOT_ESTABLISHED","LOCATOR_OR_EFFECTIVE_INFORMATION_NOT_RECORDED; SOURCE_DISCOVERY_PROVENANCE_INCOMPLETE; NO_LEGAL_INSTRUMENT_RECORDED_FOR_THIS_SCOPE; PRIOR_REVIEW_RECORD_NOT_HELD_IN_THIS_WORKSPACE; FORMAL_EDITION_OR_HISTORICAL_VERSION_NOT_RECORDED","GAP","RECORDED_DURABLE","register §5 item 10: `AU-*` is unresolved; the remedy-barred and extinguishment labels are owner-supplied and unverified","ADMINISTRATIVE_RECONCILIATION","NO"
"CRP-LSRC-0436","GAP","F4","REPORT_ACCURACY_OR_COMPLETENESS","Privacy Act 1988 (Cth) — APPs 10 and 13 — Recorded `UNVERIFIED_GAPS` entry: the data-quality and correction rows are verified from the OAIC publication; the gap concerns the underlying Act text (locator recorded in the entry: `https://www.legislation.gov.au/C2004A03712/latest`) — PHASE5-001C owner amendment (APP 10 and APP 13 identified and the qualification recorded; the text gap is NOT closed; see CRP_GAP_REFUSAL_RESOLUTION_REGISTER.md): the owner document supplies APP 10 (quality of personal information: reasonable steps in the circumstances so that personal information collected is accurate, up-to-date and complete and, having regard to the purpose of the use or disclosure, accurate, up-to-date, complete and relevant) and APP 13 (correction of personal information: correction where the entity is satisfied the information is inaccurate, out-of-date, incomplete, irrelevant or misleading, or where the individual requests correction), both in Schedule 1 to the Privacy Act 1988 (Cth). Owner-supplied qualification: correction is described as due within a reasonable timeframe, typically 30 days for credit reporting data. That 30-day figure is recorded as a qualified owner-supplied statement and NOT as an unconditional statutory deadline. The verbatim Act text and pinpoint locators remain to be retrieved, so the recorded text gap stays open; no correction request or dispute workflow is implemented and no credit provider or bureau conduct is inferred from report content","Privacy Act 1988 (Cth), Schedule 1, APP 10 and APP 13 — owner-supplied identification; verbatim text and pinpoint locators not retrieved in this work order","country-scope entry","COUNTRY_WIDE_SOURCE","","","NOT_ACCEPTED_NO_STATUTE_RECORDED","STATUTE_OR_REGULATION","NOT_ESTABLISHED","NOT_ESTABLISHED","","","GAP_REMAINS_OPEN; LEGACY_OPERATIONAL_MAPPING_NOT_ESTABLISHED; COUNTRY_WIDE_TO_SELECTED_REGION_RELATION_REQUIRED","LOCATOR_OR_EFFECTIVE_INFORMATION_NOT_RECORDED; NO_LEGAL_INSTRUMENT_RECORDED_FOR_THIS_SCOPE; PRIOR_REVIEW_RECORD_NOT_HELD_IN_THIS_WORKSPACE; FORMAL_EDITION_OR_HISTORICAL_VERSION_NOT_RECORDED","GAP","RECORDED_DURABLE","register §5 item 11: the recorded text gap stays open; the APP 10 / APP 13 criteria descriptions are owner-supplied descriptions","ADMINISTRATIVE_RECONCILIATION","NO"
"CRP-LSRC-0437","GAP","F2","CONSUMER_CREDIT_REGISTRY","Privacy (Credit Reporting) Code 2024 (and its recorded predecessors) — Recorded `UNVERIFIED_GAPS` entry: the current CR code is the 2024 Code; the table cites no CR code and the bureau-side candidates are recorded as gaps rather than entered — PHASE5-001C owner amendment (Code provisions identified; this gap is NOT closed; see CRP_GAP_REFUSAL_RESOLUTION_REGISTER.md): the owner document names the Privacy (Credit Reporting) Code 2024 provisions that this table should cite — s. 16 (data quality), s. 20 (correction timelines) and s. 21 (dispute flagging) — and refers to Office of the Australian Information Commissioner guidance on those requirements. The identification is recorded as owner-supplied; the Code text and pinpoint locators were not retrieved in this work order, so no Code provision is admitted, no Code rule is entered, and the recorded gap that the table cites no Code provisions remains open. The correction and dispute provisions are procedural duties that report content cannot establish, so they remain out of scope for report-only findings, and no dispute or request workflow is implemented","Privacy (Credit Reporting) Code 2024, s. 16 (data quality), s. 20 (correction timelines), s. 21 (dispute flagging) — owner-supplied identification; pinpoint text and locators not retrieved in this work order","country-scope entry","COUNTRY_WIDE_SOURCE","","","NOT_ACCEPTED_NO_STATUTE_RECORDED","GUIDANCE_OR_POLICY_SUMMARY","NOT_ESTABLISHED","NOT_ESTABLISHED","","","GAP_REMAINS_OPEN; LEGACY_OPERATIONAL_MAPPING_NOT_ESTABLISHED; COUNTRY_WIDE_TO_SELECTED_REGION_RELATION_REQUIRED","LOCATOR_OR_EFFECTIVE_INFORMATION_NOT_RECORDED; SOURCE_DISCOVERY_PROVENANCE_INCOMPLETE; NO_LEGAL_INSTRUMENT_RECORDED_FOR_THIS_SCOPE; PRIOR_REVIEW_RECORD_NOT_HELD_IN_THIS_WORKSPACE; FORMAL_EDITION_OR_HISTORICAL_VERSION_NOT_RECORDED","GAP","RECORDED_DURABLE","register §5 item 11: the recorded text gap stays open; the Privacy (Credit Reporting) Code 2024 text and pinpoint locators are unretrieved","ADMINISTRATIVE_RECONCILIATION","NO"
